#1 [internal] load build definition from Dockerfile
#1 sha256:89cd47f2627faa4a954c713dc668d84bc9fef0f232f4f2df55f3320c15ca6ea8
#1 transferring dockerfile: 38B done
#1 DONE 0.0s

#2 [internal] load .dockerignore
#2 sha256:81446061a71796e9b7a2fbc8fe7832cefc7a55680e468699b152d4c4fcac7a28
#2 transferring context: 2B done
#2 DONE 0.0s

#3 [internal] load metadata for docker.io/library/debian:trixie
#3 sha256:2879d54eccbfec7d9e80acbeb485694ba0e7e8329623df18f5d5b83ecc8918e0
#3 DONE 0.8s

#4 [ 1/17] FROM docker.io/library/debian:trixie@sha256:fac46bff2e02f51425b6e33b0e1169f55dfb053d83511ca28aa50c09fd5ed7a4
#4 sha256:238dccd8b85d03cc9bbdfc2585591df67deff4ce49ac86307423a39f391f09e9
#4 CACHED

#5 [ 2/17] RUN apt-get update -y
#5 sha256:e73e3a4813c026de9ec55b76cbedbcfecaac48b979fcdc0710d4532d8073f282
#5 0.720 Get:1 http://deb.debian.org/debian trixie InRelease [140 kB]
#5 0.863 Get:2 http://deb.debian.org/debian trixie-updates InRelease [47.3 kB]
#5 0.863 Get:3 http://deb.debian.org/debian-security trixie-security InRelease [43.4 kB]
#5 1.213 Get:4 http://deb.debian.org/debian trixie/main arm64 Packages [9607 kB]
#5 1.541 Get:5 http://deb.debian.org/debian trixie-updates/main arm64 Packages [4424 B]
#5 1.738 Get:6 http://deb.debian.org/debian-security trixie-security/main arm64 Packages [230 kB]
#5 5.945 Fetched 10.1 MB in 5s (1879 kB/s)
#5 5.945 Reading package lists...
#5 DONE 12.7s

#6 [ 3/17] RUN apt-get install -y devscripts debhelper-compat gnu-efi openssl libelf-dev gcc-14 dos2unix xxd libefivar-dev sbsigntool pesign efivar git wget
#6 sha256:2bc5bd46644a280fa8811fca3085fd799a943513423c2bfe9dcd469ec3d6bd05
#6 0.514 Reading package lists...
#6 7.538 Building dependency tree...
#6 8.703 Reading state information...
#6 10.22 The following additional packages will be installed:
#6 10.22   adduser appstream autoconf automake autopoint autotools-dev binutils
#6 10.22   binutils-aarch64-linux-gnu binutils-common bsdextrautils build-essential
#6 10.23   bzip2 ca-certificates coolkey cpp cpp-14 cpp-14-aarch64-linux-gnu
#6 10.23   cpp-aarch64-linux-gnu dbus dbus-bin dbus-daemon dbus-session-bus-common
#6 10.23   dbus-system-bus-common dbus-user-session dctrl-tools debian-keyring
#6 10.23   debian-tag2upload-keyring dh-autoreconf dh-strip-nondeterminism diffstat
#6 10.23   dirmngr distro-info-data dmsetup dpkg-dev dput dwz equivs fakeroot file g++
#6 10.23   g++-14 g++-14-aarch64-linux-gnu g++-aarch64-linux-gnu gcc
#6 10.23   gcc-14-aarch64-linux-gnu gcc-aarch64-linux-gnu gettext gettext-base git-man
#6 10.23   gnupg gnupg-l10n gnupg-utils gpg gpg-agent gpg-wks-client gpgconf gpgsm gpgv
#6 10.23   groff-base intltool-debian iso-codes krb5-locales less libabsl20240722
#6 10.23   libalgorithm-diff-perl libalgorithm-diff-xs-perl libalgorithm-merge-perl
#6 10.23   libaliased-perl libapparmor1 libappstream5 libapt-pkg-perl
#6 10.23   libarchive-cpio-perl libarchive-zip-perl libarchive13t64
#6 10.23   libarray-intspan-perl libasan8 libassuan9 libatomic1 libauthen-sasl-perl
#6 10.23   libb-hooks-endofscope-perl libb-hooks-op-check-perl libberkeleydb-perl
#6 10.23   libbinutils libbrotli1 libc-dev-bin libc6-dev libcapture-tiny-perl
#6 10.23   libcbor0.10 libcc1-0 libccid libcgi-fast-perl libcgi-pm-perl
#6 10.23   libckyapplet1t64 libclass-data-inheritable-perl libclass-inspector-perl
#6 10.23   libclass-method-modifiers-perl libclass-xsaccessor-perl libclone-perl
#6 10.23   libcom-err2 libcommon-sense-perl libconfig-tiny-perl libconst-fast-perl
#6 10.23   libcontextual-return-perl libconvert-binhex-perl libcpanel-json-xs-perl
#6 10.23   libcrypt-dev libcryptsetup12 libctf-nobfd0 libctf0 libcurl3t64-gnutls
#6 10.23   libdata-dpath-perl libdata-dump-perl libdata-messagepack-perl
#6 10.23   libdata-optlist-perl libdata-validate-domain-perl libdata-validate-ip-perl
#6 10.23   libdata-validate-uri-perl libdbus-1-3 libdebhelper-perl
#6 10.23   libdevel-callchecker-perl libdevel-size-perl libdevel-stacktrace-perl
#6 10.23   libdevmapper1.02.1 libdistro-info-perl libdpkg-perl libduktape207
#6 10.23   libdynaloader-functions-perl libeac3 libedit2 libefiboot1t64 libefisec1t64
#6 10.23   libefivar1t64 libelf1t64 libemail-address-xs-perl libencode-locale-perl
#6 10.23   liberror-perl libexception-class-perl libexpat1 libexporter-tiny-perl
#6 10.23   libfakeroot libfcgi-bin libfcgi-perl libfcgi0t64
#6 10.23   libfeature-compat-class-perl libfeature-compat-try-perl libffi8 libfido2-1
#6 10.23   libfile-basedir-perl libfile-chdir-perl libfile-dirlist-perl
#6 10.23   libfile-fcntllock-perl libfile-find-rule-perl libfile-homedir-perl
#6 10.23   libfile-listing-perl libfile-sharedir-perl libfile-stripnondeterminism-perl
#6 10.23   libfile-touch-perl libfile-which-perl libfont-afm-perl libfont-ttf-perl
#6 10.23   libfreezethaw-perl libgcc-14-dev libgcrypt20 libgdbm-compat4t64 libgdbm6t64
#6 10.23   libgit-wrapper-perl libgitlab-api-v4-perl libglib2.0-0t64 libglib2.0-data
#6 10.23   libgnutls30t64 libgomp1 libgpg-error-l10n libgpg-error0 libgpgme11t64
#6 10.23   libgpm2 libgprofng0 libgssapi-krb5-2 libhtml-form-perl libhtml-format-perl
#6 10.23   libhtml-html5-entities-perl libhtml-parser-perl libhtml-tagset-perl
#6 10.23   libhtml-tokeparser-simple-perl libhtml-tree-perl libhttp-cookies-perl
#6 10.23   libhttp-daemon-perl libhttp-date-perl libhttp-message-perl
#6 10.23   libhttp-negotiate-perl libhttp-tiny-multipart-perl libhwasan0 libidn2-0
#6 10.23   libimport-into-perl libindirect-perl libio-compress-brotli-perl
#6 10.23   libio-html-perl libio-interactive-perl libio-prompter-perl
#6 10.23   libio-sessiondata-perl libio-socket-ssl-perl libio-string-perl
#6 10.23   libio-stringy-perl libipc-run3-perl libipc-system-simple-perl libisl23
#6 10.23   libiterator-perl libiterator-util-perl libitm1 libjansson4 libjson-c5
#6 10.23   libjson-maybexs-perl libjson-perl libjson-xs-perl libk5crypto3 libkeyutils1
#6 10.23   libkmod2 libkrb5-3 libkrb5support0 libksba8 libldap-common libldap2
#6 10.23   liblist-compare-perl liblist-moreutils-perl liblist-moreutils-xs-perl
#6 10.23   liblist-someutils-perl liblist-someutils-xs-perl liblist-utilsby-perl
#6 10.23   liblocale-gettext-perl liblog-any-adapter-screen-perl liblog-any-perl
#6 10.23   liblsan0 libltdl-dev libltdl7 liblwp-mediatypes-perl
#6 10.23   liblwp-protocol-https-perl liblz1 liblzo2-2 libmagic-mgc libmagic1t64
#6 10.23   libmail-sendmail-perl libmailtools-perl libmarkdown2 libmatch-simple-perl
#6 10.23   libmatch-simple-xs-perl libmath-base85-perl libmime-tools-perl libmldbm-perl
#6 10.23   libmodule-implementation-perl libmodule-runtime-perl libmoo-perl
#6 10.23   libmoox-aliases-perl libmouse-perl libmpc3 libmpfr6 libnamespace-clean-perl
#6 10.23   libncursesw6 libnet-domain-tld-perl libnet-http-perl libnet-ipv6addr-perl
#6 10.23   libnet-netmask-perl libnet-smtp-ssl-perl libnet-ssleay-perl
#6 10.23   libnetaddr-ip-perl libnghttp2-14 libnghttp3-9 libngtcp2-16
#6 10.23   libngtcp2-crypto-gnutls8 libnpth0t64 libnspr4 libnss-systemd libnss3
#6 10.23   libnss3-tools libnumber-compare-perl libobject-pad-perl libp11-kit0
#6 10.23   libpackage-stash-perl libpackage-stash-xs-perl libpam-systemd
#6 10.23   libparams-classify-perl libparams-util-perl libpath-iterator-rule-perl
#6 10.23   libpath-tiny-perl libpcsclite1 libperl5.40 libperlio-gzip-perl
#6 10.23   libperlio-utf8-strict-perl libpipeline1 libpod-constants-perl
#6 10.23   libpod-parser-perl libpolkit-agent-1-0 libpolkit-gobject-1-0 libpopt0
#6 10.23   libproc-processtable-perl libproc2-0 libpsl5t64 libpython3-stdlib
#6 10.23   libpython3.13-minimal libpython3.13-stdlib libre-engine-re2-perl libre2-11
#6 10.23   libreadline8t64 libreadonly-perl libref-util-perl libref-util-xs-perl
#6 10.23   libregexp-pattern-license-perl libregexp-pattern-perl
#6 10.23   libregexp-wildcards-perl librole-tiny-perl librtmp1 libsasl2-2
#6 10.23   libsasl2-modules libsasl2-modules-db libsereal-decoder-perl
#6 10.23   libsereal-encoder-perl libset-intspan-perl libsframe1 libsoap-lite-perl
#6 10.23   libsocket6-perl libsort-versions-perl libssh2-1t64 libstdc++-14-dev
#6 10.23   libstemmer0d libstrictures-perl libstring-copyright-perl
#6 10.23   libstring-escape-perl libstring-license-perl libstring-shellquote-perl
#6 10.23   libsub-exporter-perl libsub-exporter-progressive-perl libsub-identify-perl
#6 10.23   libsub-infix-perl libsub-install-perl libsub-name-perl libsub-quote-perl
#6 10.23   libsyntax-keyword-try-perl libsys-cpuaffinity-perl libsys-hostname-long-perl
#6 10.23   libsystemd-shared libtask-weaken-perl libtasn1-6 libterm-readkey-perl
#6 10.23   libtext-charwidth-perl libtext-glob-perl libtext-levenshteinxs-perl
#6 10.23   libtext-markdown-discount-perl libtext-wrapi18n-perl libtext-xslate-perl
#6 10.23   libtime-duration-perl libtime-moment-perl libtimedate-perl libtool
#6 10.23   libtry-tiny-perl libtsan2 libtype-tiny-perl libtype-tiny-xs-perl
#6 10.23   libtypes-serialiser-perl libubsan1 libuchardet0 libunicode-utf8-perl
#6 10.23   libunistring5 liburi-perl libusb-1.0-0 libvariable-magic-perl libwant-perl
#6 10.23   libwww-mechanize-perl libwww-perl libwww-robotrules-perl libx11-6
#6 10.23   libx11-data libxau6 libxcb1 libxdelta2t64 libxdmcp6 libxext6
#6 10.23   libxml-libxml-perl libxml-namespacesupport-perl libxml-parser-perl
#6 10.23   libxml-sax-base-perl libxml-sax-expat-perl libxml-sax-perl libxml2 libxmlb2
#6 10.23   libxmlrpc-lite-perl libxmuu1 libxs-parse-keyword-perl
#6 10.23   libxs-parse-sublike-perl libxstring-perl libyaml-0-2 libyaml-libyaml-perl
#6 10.23   libzstd-dev licensecheck lintian linux-libc-dev linux-sysctl-defaults
#6 10.23   lsb-release lzip lzop m4 make man-db manpages manpages-dev media-types
#6 10.23   netbase opensc opensc-pkcs11 openssh-client patch patchutils pbzip2 pcscd
#6 10.23   perl perl-modules-5.40 perl-openssl-defaults pinentry-curses pixz plzip
#6 10.23   po-debconf polkitd pristine-tar procps psmisc publicsuffix python-apt-common
#6 10.23   python3 python3-apt python3-certifi python3-chardet
#6 10.23   python3-charset-normalizer python3-debian python3-gpg python3-idna
#6 10.23   python3-magic python3-minimal python3-requests python3-unidiff
#6 10.23   python3-urllib3 python3-xdg python3.13 python3.13-minimal readline-common
#6 10.23   rpcsvc-proto runit-helper sensible-utils sgml-base shared-mime-info sq
#6 10.23   strace systemd systemd-cryptsetup systemd-sysv systemd-timesyncd t1utils ucf
#6 10.23   unzip wdiff xauth xdelta xdelta3 xdg-user-dirs xml-core xz-utils zlib1g-dev
#6 10.25 Suggested packages:
#6 10.25   cron quota apt-config-icons autoconf-archive gnu-standards autoconf-doc
#6 10.25   binutils-doc gprofng-gui binutils-gold bzip2-doc cpp-doc gcc-14-locales
#6 10.25   cpp-14-doc debtags dh-make adequate at autopkgtest bls-standalone bsd-mailx
#6 10.25   | mailx check-all-the-things diffoscope disorderfs docker.io dose-extra duck
#6 10.25   elpa-devscripts faketime gnuplot how-can-i-help libdbd-pg-perl
#6 10.25   libterm-size-perl mmdebstrap mutt piuparts postgresql-client pristine-lfs
#6 10.25   python3-debianbts python3-pycurl quilt ratt reprotest svn-buildpackage w3m
#6 10.25   pinentry-gnome3 tor mini-dinstall rsync gcc-14-doc gcc-multilib flex bison
#6 10.25   gdb gcc-doc gdb-aarch64-linux-gnu gettext-doc libasprintf-dev
#6 10.25   libgettextpo-dev gnulib-l10n git-doc git-email git-gui gitk gitweb git-cvs
#6 10.25   git-mediawiki git-svn gpg-wks-server parcimonie xloadimage scdaemon
#6 10.25   tpm2daemon groff isoquery lrzip libdigest-hmac-perl libgssapi-perl
#6 10.25   libc-devtools glibc-doc pcmciautils bzr rng-tools gdbm-l10n
#6 10.25   low-memory-monitor gnutls-bin gpm krb5-doc krb5-user libtool-doc
#6 10.25   libcrypt-ssleay-perl libtss2-rc0t64 libscalar-number-perl
#6 10.25   libsasl2-modules-gssapi-mit | libsasl2-modules-gssapi-heimdal
#6 10.25   libsasl2-modules-ldap libsasl2-modules-otp libsasl2-modules-sql
#6 10.25   libapache2-mod-perl2 libmime-lite-perl libnet-jabber-perl libstdc++-14-doc
#6 10.25   libbareword-filehandles-perl libmultidimensional-perl libbpf1 libdw1t64
#6 10.25   libip4tc2 libpwquality1 libqrencode4 gfortran | fortran95-compiler gcj-jdk
#6 10.25   libdevel-lexalias-perl libbusiness-isbn-perl libmime-base32-perl
#6 10.25   libregexp-ipv6-perl libauthen-ntlm-perl libxml-sax-expatxs-perl
#6 10.25   bash-completion binutils-multiarch libtext-template-perl m4-doc make-doc
#6 10.25   apparmor www-browser keychain libpam-ssh monkeysphere ssh-askpass ed
#6 10.25   diffutils-doc perl-doc libterm-readline-gnu-perl
#6 10.25   | libterm-readline-perl-perl libtap-harness-archive-perl pinentry-doc
#6 10.25   libmail-box-perl python3-doc python3-tk python3-venv python-apt-doc
#6 10.25   python-charset-normalizer-doc zstd python3-cryptography python3-openssl
#6 10.25   python3-socks python-requests-doc python3-brotli python-pyxdg-doc
#6 10.25   python3.13-venv python3.13-doc binfmt-support readline-doc sgml-base-doc
#6 10.25   systemd-container systemd-homed systemd-userdbd systemd-boot
#6 10.25   systemd-resolved systemd-repart libtss2-tcti-device0 zip wdiff-doc
#6 10.25 Recommended packages:
#6 10.25   epiphany-extensions
#6 16.70 The following NEW packages will be installed:
#6 16.70   adduser appstream autoconf automake autopoint autotools-dev binutils
#6 16.70   binutils-aarch64-linux-gnu binutils-common bsdextrautils build-essential
#6 16.70   bzip2 ca-certificates coolkey cpp cpp-14 cpp-14-aarch64-linux-gnu
#6 16.70   cpp-aarch64-linux-gnu dbus dbus-bin dbus-daemon dbus-session-bus-common
#6 16.70   dbus-system-bus-common dbus-user-session dctrl-tools debhelper
#6 16.70   debian-keyring debian-tag2upload-keyring devscripts dh-autoreconf
#6 16.70   dh-strip-nondeterminism diffstat dirmngr distro-info-data dmsetup dos2unix
#6 16.70   dpkg-dev dput dwz efivar equivs fakeroot file g++ g++-14
#6 16.70   g++-14-aarch64-linux-gnu g++-aarch64-linux-gnu gcc gcc-14
#6 16.70   gcc-14-aarch64-linux-gnu gcc-aarch64-linux-gnu gettext gettext-base git
#6 16.70   git-man gnu-efi gnupg gnupg-l10n gnupg-utils gpg gpg-agent gpg-wks-client
#6 16.71   gpgconf gpgsm gpgv groff-base intltool-debian iso-codes krb5-locales less
#6 16.71   libabsl20240722 libalgorithm-diff-perl libalgorithm-diff-xs-perl
#6 16.71   libalgorithm-merge-perl libaliased-perl libapparmor1 libappstream5
#6 16.71   libapt-pkg-perl libarchive-cpio-perl libarchive-zip-perl libarchive13t64
#6 16.71   libarray-intspan-perl libasan8 libassuan9 libatomic1 libauthen-sasl-perl
#6 16.71   libb-hooks-endofscope-perl libb-hooks-op-check-perl libberkeleydb-perl
#6 16.71   libbinutils libbrotli1 libc-dev-bin libc6-dev libcapture-tiny-perl
#6 16.71   libcbor0.10 libcc1-0 libccid libcgi-fast-perl libcgi-pm-perl
#6 16.71   libckyapplet1t64 libclass-data-inheritable-perl libclass-inspector-perl
#6 16.71   libclass-method-modifiers-perl libclass-xsaccessor-perl libclone-perl
#6 16.71   libcom-err2 libcommon-sense-perl libconfig-tiny-perl libconst-fast-perl
#6 16.71   libcontextual-return-perl libconvert-binhex-perl libcpanel-json-xs-perl
#6 16.71   libcrypt-dev libcryptsetup12 libctf-nobfd0 libctf0 libcurl3t64-gnutls
#6 16.71   libdata-dpath-perl libdata-dump-perl libdata-messagepack-perl
#6 16.71   libdata-optlist-perl libdata-validate-domain-perl libdata-validate-ip-perl
#6 16.71   libdata-validate-uri-perl libdbus-1-3 libdebhelper-perl
#6 16.71   libdevel-callchecker-perl libdevel-size-perl libdevel-stacktrace-perl
#6 16.71   libdevmapper1.02.1 libdistro-info-perl libdpkg-perl libduktape207
#6 16.71   libdynaloader-functions-perl libeac3 libedit2 libefiboot1t64 libefisec1t64
#6 16.71   libefivar-dev libefivar1t64 libelf-dev libelf1t64 libemail-address-xs-perl
#6 16.71   libencode-locale-perl liberror-perl libexception-class-perl libexpat1
#6 16.71   libexporter-tiny-perl libfakeroot libfcgi-bin libfcgi-perl libfcgi0t64
#6 16.71   libfeature-compat-class-perl libfeature-compat-try-perl libffi8 libfido2-1
#6 16.71   libfile-basedir-perl libfile-chdir-perl libfile-dirlist-perl
#6 16.71   libfile-fcntllock-perl libfile-find-rule-perl libfile-homedir-perl
#6 16.71   libfile-listing-perl libfile-sharedir-perl libfile-stripnondeterminism-perl
#6 16.71   libfile-touch-perl libfile-which-perl libfont-afm-perl libfont-ttf-perl
#6 16.71   libfreezethaw-perl libgcc-14-dev libgcrypt20 libgdbm-compat4t64 libgdbm6t64
#6 16.71   libgit-wrapper-perl libgitlab-api-v4-perl libglib2.0-0t64 libglib2.0-data
#6 16.71   libgnutls30t64 libgomp1 libgpg-error-l10n libgpg-error0 libgpgme11t64
#6 16.71   libgpm2 libgprofng0 libgssapi-krb5-2 libhtml-form-perl libhtml-format-perl
#6 16.71   libhtml-html5-entities-perl libhtml-parser-perl libhtml-tagset-perl
#6 16.71   libhtml-tokeparser-simple-perl libhtml-tree-perl libhttp-cookies-perl
#6 16.71   libhttp-daemon-perl libhttp-date-perl libhttp-message-perl
#6 16.71   libhttp-negotiate-perl libhttp-tiny-multipart-perl libhwasan0 libidn2-0
#6 16.71   libimport-into-perl libindirect-perl libio-compress-brotli-perl
#6 16.71   libio-html-perl libio-interactive-perl libio-prompter-perl
#6 16.71   libio-sessiondata-perl libio-socket-ssl-perl libio-string-perl
#6 16.71   libio-stringy-perl libipc-run3-perl libipc-system-simple-perl libisl23
#6 16.71   libiterator-perl libiterator-util-perl libitm1 libjansson4 libjson-c5
#6 16.71   libjson-maybexs-perl libjson-perl libjson-xs-perl libk5crypto3 libkeyutils1
#6 16.71   libkmod2 libkrb5-3 libkrb5support0 libksba8 libldap-common libldap2
#6 16.71   liblist-compare-perl liblist-moreutils-perl liblist-moreutils-xs-perl
#6 16.71   liblist-someutils-perl liblist-someutils-xs-perl liblist-utilsby-perl
#6 16.71   liblocale-gettext-perl liblog-any-adapter-screen-perl liblog-any-perl
#6 16.71   liblsan0 libltdl-dev libltdl7 liblwp-mediatypes-perl
#6 16.71   liblwp-protocol-https-perl liblz1 liblzo2-2 libmagic-mgc libmagic1t64
#6 16.71   libmail-sendmail-perl libmailtools-perl libmarkdown2 libmatch-simple-perl
#6 16.71   libmatch-simple-xs-perl libmath-base85-perl libmime-tools-perl libmldbm-perl
#6 16.71   libmodule-implementation-perl libmodule-runtime-perl libmoo-perl
#6 16.71   libmoox-aliases-perl libmouse-perl libmpc3 libmpfr6 libnamespace-clean-perl
#6 16.71   libncursesw6 libnet-domain-tld-perl libnet-http-perl libnet-ipv6addr-perl
#6 16.71   libnet-netmask-perl libnet-smtp-ssl-perl libnet-ssleay-perl
#6 16.71   libnetaddr-ip-perl libnghttp2-14 libnghttp3-9 libngtcp2-16
#6 16.71   libngtcp2-crypto-gnutls8 libnpth0t64 libnspr4 libnss-systemd libnss3
#6 16.71   libnss3-tools libnumber-compare-perl libobject-pad-perl libp11-kit0
#6 16.71   libpackage-stash-perl libpackage-stash-xs-perl libpam-systemd
#6 16.71   libparams-classify-perl libparams-util-perl libpath-iterator-rule-perl
#6 16.71   libpath-tiny-perl libpcsclite1 libperl5.40 libperlio-gzip-perl
#6 16.71   libperlio-utf8-strict-perl libpipeline1 libpod-constants-perl
#6 16.71   libpod-parser-perl libpolkit-agent-1-0 libpolkit-gobject-1-0 libpopt0
#6 16.71   libproc-processtable-perl libproc2-0 libpsl5t64 libpython3-stdlib
#6 16.71   libpython3.13-minimal libpython3.13-stdlib libre-engine-re2-perl libre2-11
#6 16.71   libreadline8t64 libreadonly-perl libref-util-perl libref-util-xs-perl
#6 16.71   libregexp-pattern-license-perl libregexp-pattern-perl
#6 16.71   libregexp-wildcards-perl librole-tiny-perl librtmp1 libsasl2-2
#6 16.71   libsasl2-modules libsasl2-modules-db libsereal-decoder-perl
#6 16.71   libsereal-encoder-perl libset-intspan-perl libsframe1 libsoap-lite-perl
#6 16.71   libsocket6-perl libsort-versions-perl libssh2-1t64 libstdc++-14-dev
#6 16.71   libstemmer0d libstrictures-perl libstring-copyright-perl
#6 16.71   libstring-escape-perl libstring-license-perl libstring-shellquote-perl
#6 16.71   libsub-exporter-perl libsub-exporter-progressive-perl libsub-identify-perl
#6 16.71   libsub-infix-perl libsub-install-perl libsub-name-perl libsub-quote-perl
#6 16.71   libsyntax-keyword-try-perl libsys-cpuaffinity-perl libsys-hostname-long-perl
#6 16.71   libsystemd-shared libtask-weaken-perl libtasn1-6 libterm-readkey-perl
#6 16.71   libtext-charwidth-perl libtext-glob-perl libtext-levenshteinxs-perl
#6 16.71   libtext-markdown-discount-perl libtext-wrapi18n-perl libtext-xslate-perl
#6 16.71   libtime-duration-perl libtime-moment-perl libtimedate-perl libtool
#6 16.71   libtry-tiny-perl libtsan2 libtype-tiny-perl libtype-tiny-xs-perl
#6 16.71   libtypes-serialiser-perl libubsan1 libuchardet0 libunicode-utf8-perl
#6 16.71   libunistring5 liburi-perl libusb-1.0-0 libvariable-magic-perl libwant-perl
#6 16.71   libwww-mechanize-perl libwww-perl libwww-robotrules-perl libx11-6
#6 16.71   libx11-data libxau6 libxcb1 libxdelta2t64 libxdmcp6 libxext6
#6 16.71   libxml-libxml-perl libxml-namespacesupport-perl libxml-parser-perl
#6 16.71   libxml-sax-base-perl libxml-sax-expat-perl libxml-sax-perl libxml2 libxmlb2
#6 16.71   libxmlrpc-lite-perl libxmuu1 libxs-parse-keyword-perl
#6 16.71   libxs-parse-sublike-perl libxstring-perl libyaml-0-2 libyaml-libyaml-perl
#6 16.71   libzstd-dev licensecheck lintian linux-libc-dev linux-sysctl-defaults
#6 16.71   lsb-release lzip lzop m4 make man-db manpages manpages-dev media-types
#6 16.71   netbase opensc opensc-pkcs11 openssh-client openssl patch patchutils pbzip2
#6 16.71   pcscd perl perl-modules-5.40 perl-openssl-defaults pesign pinentry-curses
#6 16.71   pixz plzip po-debconf polkitd pristine-tar procps psmisc publicsuffix
#6 16.71   python-apt-common python3 python3-apt python3-certifi python3-chardet
#6 16.71   python3-charset-normalizer python3-debian python3-gpg python3-idna
#6 16.71   python3-magic python3-minimal python3-requests python3-unidiff
#6 16.71   python3-urllib3 python3-xdg python3.13 python3.13-minimal readline-common
#6 16.71   rpcsvc-proto runit-helper sbsigntool sensible-utils sgml-base
#6 16.71   shared-mime-info sq strace systemd systemd-cryptsetup systemd-sysv
#6 16.71   systemd-timesyncd t1utils ucf unzip wdiff wget xauth xdelta xdelta3
#6 16.71   xdg-user-dirs xml-core xxd xz-utils zlib1g-dev
#6 17.12 0 upgraded, 477 newly installed, 0 to remove and 0 not upgraded.
#6 17.12 Need to get 197 MB of archives.
#6 17.12 After this operation, 735 MB of additional disk space will be used.
#6 17.12 Get:1 http://deb.debian.org/debian trixie/main arm64 libsystemd-shared arm64 257.13-1~deb13u1 [1922 kB]
#6 17.19 Get:2 http://deb.debian.org/debian trixie/main arm64 libapparmor1 arm64 4.1.0-1 [42.9 kB]
#6 17.20 Get:3 http://deb.debian.org/debian trixie/main arm64 systemd arm64 257.13-1~deb13u1 [2921 kB]
#6 17.27 Get:4 http://deb.debian.org/debian trixie/main arm64 systemd-sysv arm64 257.13-1~deb13u1 [64.9 kB]
#6 17.27 Get:5 http://deb.debian.org/debian trixie/main arm64 libdbus-1-3 arm64 1.16.2-2 [169 kB]
#6 17.28 Get:6 http://deb.debian.org/debian trixie/main arm64 dbus-bin arm64 1.16.2-2 [78.8 kB]
#6 17.28 Get:7 http://deb.debian.org/debian trixie/main arm64 dbus-session-bus-common all 1.16.2-2 [52.3 kB]
#6 17.28 Get:8 http://deb.debian.org/debian-security trixie-security/main arm64 libexpat1 arm64 2.8.2-1~deb13u1 [108 kB]
#6 17.29 Get:9 http://deb.debian.org/debian trixie/main arm64 dbus-daemon arm64 1.16.2-2 [152 kB]
#6 17.29 Get:10 http://deb.debian.org/debian trixie/main arm64 adduser all 3.152 [191 kB]
#6 17.30 Get:11 http://deb.debian.org/debian trixie/main arm64 dbus-system-bus-common all 1.16.2-2 [53.5 kB]
#6 17.30 Get:12 http://deb.debian.org/debian trixie/main arm64 dbus arm64 1.16.2-2 [70.7 kB]
#6 17.30 Get:13 http://deb.debian.org/debian trixie/main arm64 liblocale-gettext-perl arm64 1.07-7+b1 [15.2 kB]
#6 17.31 Get:14 http://deb.debian.org/debian trixie/main arm64 libusb-1.0-0 arm64 2:1.0.28-1 [56.1 kB]
#6 17.31 Get:15 http://deb.debian.org/debian trixie/main arm64 libccid arm64 1.6.2-1 [71.7 kB]
#6 17.31 Get:16 http://deb.debian.org/debian trixie/main arm64 libatomic1 arm64 14.2.0-19 [10.1 kB]
#6 17.32 Get:17 http://deb.debian.org/debian trixie/main arm64 libffi8 arm64 3.4.8-2 [21.3 kB]
#6 17.32 Get:18 http://deb.debian.org/debian trixie/main arm64 libglib2.0-0t64 arm64 2.84.4-3~deb13u3 [1428 kB]
#6 17.35 Get:19 http://deb.debian.org/debian trixie/main arm64 libpolkit-gobject-1-0 arm64 126-2 [46.3 kB]
#6 17.35 Get:20 http://deb.debian.org/debian trixie/main arm64 runit-helper all 2.16.4 [7296 B]
#6 17.36 Get:21 http://deb.debian.org/debian trixie/main arm64 libpcsclite1 arm64 2.3.3-1 [55.0 kB]
#6 17.36 Get:22 http://deb.debian.org/debian trixie/main arm64 libpam-systemd arm64 257.13-1~deb13u1 [276 kB]
#6 17.37 Get:23 http://deb.debian.org/debian trixie/main arm64 sgml-base all 1.31+nmu1 [10.9 kB]
#6 17.37 Get:24 http://deb.debian.org/debian trixie/main arm64 xml-core all 0.19 [20.1 kB]
#6 17.37 Get:25 http://deb.debian.org/debian trixie/main arm64 libduktape207 arm64 2.7.0-2+b2 [127 kB]
#6 17.38 Get:26 http://deb.debian.org/debian trixie/main arm64 libpolkit-agent-1-0 arm64 126-2 [25.4 kB]
#6 17.38 Get:27 http://deb.debian.org/debian trixie/main arm64 polkitd arm64 126-2 [119 kB]
#6 17.39 Get:28 http://deb.debian.org/debian trixie/main arm64 pcscd arm64 2.3.3-1 [91.8 kB]
#6 17.39 Get:29 http://deb.debian.org/debian trixie-updates/main arm64 libpython3.13-minimal arm64 3.13.5-2+deb13u4 [856 kB]
#6 17.41 Get:30 http://deb.debian.org/debian trixie-updates/main arm64 python3.13-minimal arm64 3.13.5-2+deb13u4 [2003 kB]
#6 17.45 Get:31 http://deb.debian.org/debian trixie/main arm64 python3-minimal arm64 3.13.5-1 [27.2 kB]
#6 17.46 Get:32 http://deb.debian.org/debian trixie/main arm64 media-types all 13.0.0 [29.3 kB]
#6 17.46 Get:33 http://deb.debian.org/debian trixie/main arm64 netbase all 6.5 [12.4 kB]
#6 17.46 Get:34 http://deb.debian.org/debian trixie/main arm64 libncursesw6 arm64 6.5+20250216-2 [124 kB]
#6 17.46 Get:35 http://deb.debian.org/debian trixie/main arm64 readline-common all 8.2-6 [69.4 kB]
#6 17.47 Get:36 http://deb.debian.org/debian trixie/main arm64 libreadline8t64 arm64 8.2-6 [159 kB]
#6 17.47 Get:37 http://deb.debian.org/debian trixie-updates/main arm64 libpython3.13-stdlib arm64 3.13.5-2+deb13u4 [1895 kB]
#6 17.51 Get:38 http://deb.debian.org/debian trixie-updates/main arm64 python3.13 arm64 3.13.5-2+deb13u4 [757 kB]
#6 17.52 Get:39 http://deb.debian.org/debian trixie/main arm64 libpython3-stdlib arm64 3.13.5-1 [10.2 kB]
#6 17.52 Get:40 http://deb.debian.org/debian trixie/main arm64 python3 arm64 3.13.5-1 [28.2 kB]
#6 17.52 Get:41 http://deb.debian.org/debian trixie/main arm64 less arm64 668-1 [156 kB]
#6 17.53 Get:42 http://deb.debian.org/debian trixie/main arm64 linux-sysctl-defaults all 4.12.1 [5724 B]
#6 17.53 Get:43 http://deb.debian.org/debian trixie/main arm64 libproc2-0 arm64 2:4.0.4-9 [62.8 kB]
#6 17.53 Get:44 http://deb.debian.org/debian trixie/main arm64 procps arm64 2:4.0.4-9 [871 kB]
#6 17.55 Get:45 http://deb.debian.org/debian trixie/main arm64 sensible-utils all 0.0.25 [25.0 kB]
#6 17.55 Get:46 http://deb.debian.org/debian trixie/main arm64 bzip2 arm64 1.0.8-6 [39.5 kB]
#6 17.55 Get:47 http://deb.debian.org/debian trixie/main arm64 openssl arm64 3.5.6-1~deb13u2 [1467 kB]
#6 17.58 Get:48 http://deb.debian.org/debian trixie/main arm64 ca-certificates all 20250419 [162 kB]
#6 17.59 Get:49 http://deb.debian.org/debian trixie/main arm64 libmagic-mgc arm64 1:5.46-5 [338 kB]
#6 17.60 Get:50 http://deb.debian.org/debian trixie/main arm64 libmagic1t64 arm64 1:5.46-5 [103 kB]
#6 17.60 Get:51 http://deb.debian.org/debian trixie/main arm64 file arm64 1:5.46-5 [43.7 kB]
#6 17.60 Get:52 http://deb.debian.org/debian trixie/main arm64 gettext-base arm64 0.23.1-2 [241 kB]
#6 17.61 Get:53 http://deb.debian.org/debian trixie/main arm64 libuchardet0 arm64 0.0.8-1+b2 [69.2 kB]
#6 17.61 Get:54 http://deb.debian.org/debian trixie/main arm64 groff-base arm64 1.23.0-9 [1130 kB]
#6 17.63 Get:55 http://deb.debian.org/debian trixie/main arm64 krb5-locales all 1.21.3-5+deb13u1 [101 kB]
#6 17.63 Get:56 http://deb.debian.org/debian trixie/main arm64 libnss-systemd arm64 257.13-1~deb13u1 [204 kB]
#6 17.64 Get:57 http://deb.debian.org/debian trixie/main arm64 bsdextrautils arm64 2.41-5 [93.8 kB]
#6 17.64 Get:58 http://deb.debian.org/debian trixie/main arm64 libgdbm6t64 arm64 1.24-2 [74.0 kB]
#6 17.64 Get:59 http://deb.debian.org/debian trixie/main arm64 libpipeline1 arm64 1.5.8-1 [40.2 kB]
#6 17.64 Get:60 http://deb.debian.org/debian trixie/main arm64 man-db arm64 2.13.1-1 [1453 kB]
#6 17.67 Get:61 http://deb.debian.org/debian trixie/main arm64 manpages all 6.9.1-1 [1393 kB]
#6 17.70 Get:62 http://deb.debian.org/debian trixie/main arm64 libedit2 arm64 3.1-20250104-1 [89.3 kB]
#6 17.70 Get:63 http://deb.debian.org/debian trixie/main arm64 libcbor0.10 arm64 0.10.2-2 [27.4 kB]
#6 17.70 Get:64 http://deb.debian.org/debian trixie/main arm64 libfido2-1 arm64 1.15.0-1+b1 [74.3 kB]
#6 17.71 Get:65 http://deb.debian.org/debian trixie/main arm64 libkrb5support0 arm64 1.21.3-5+deb13u1 [32.5 kB]
#6 17.71 Get:66 http://deb.debian.org/debian trixie/main arm64 libcom-err2 arm64 1.47.2-3+b11 [24.9 kB]
#6 17.71 Get:67 http://deb.debian.org/debian trixie/main arm64 libk5crypto3 arm64 1.21.3-5+deb13u1 [81.4 kB]
#6 17.71 Get:68 http://deb.debian.org/debian trixie/main arm64 libkeyutils1 arm64 1.6.3-6 [9716 B]
#6 17.71 Get:69 http://deb.debian.org/debian trixie/main arm64 libkrb5-3 arm64 1.21.3-5+deb13u1 [308 kB]
#6 17.73 Get:70 http://deb.debian.org/debian trixie/main arm64 libgssapi-krb5-2 arm64 1.21.3-5+deb13u1 [128 kB]
#6 17.73 Get:71 http://deb.debian.org/debian trixie/main arm64 openssh-client arm64 1:10.0p1-7+deb13u4 [927 kB]
#6 17.74 Get:72 http://deb.debian.org/debian trixie/main arm64 perl-modules-5.40 all 5.40.1-6 [3019 kB]
#6 17.79 Get:73 http://deb.debian.org/debian trixie/main arm64 libgdbm-compat4t64 arm64 1.24-2 [50.3 kB]
#6 17.79 Get:74 http://deb.debian.org/debian trixie/main arm64 libperl5.40 arm64 5.40.1-6 [4142 kB]
#6 17.86 Get:75 http://deb.debian.org/debian trixie/main arm64 perl arm64 5.40.1-6 [267 kB]
#6 17.87 Get:76 http://deb.debian.org/debian trixie/main arm64 systemd-timesyncd arm64 257.13-1~deb13u1 [91.5 kB]
#6 17.87 Get:77 http://deb.debian.org/debian trixie/main arm64 libtext-charwidth-perl arm64 0.04-11+b4 [9652 B]
#6 17.87 Get:78 http://deb.debian.org/debian trixie/main arm64 libtext-wrapi18n-perl all 0.06-10 [8808 B]
#6 17.87 Get:79 http://deb.debian.org/debian trixie/main arm64 ucf all 3.0052 [43.3 kB]
#6 17.87 Get:80 http://deb.debian.org/debian trixie/main arm64 libunistring5 arm64 1.3-2 [453 kB]
#6 17.88 Get:81 http://deb.debian.org/debian trixie/main arm64 libidn2-0 arm64 2.3.8-2 [107 kB]
#6 17.89 Get:82 http://deb.debian.org/debian trixie/main arm64 libp11-kit0 arm64 0.25.5-3 [409 kB]
#6 17.90 Get:83 http://deb.debian.org/debian trixie/main arm64 libtasn1-6 arm64 4.20.0-2+deb13u1 [47.3 kB]
#6 17.90 Get:84 http://deb.debian.org/debian trixie/main arm64 libgnutls30t64 arm64 3.8.9-3+deb13u4 [1379 kB]
#6 17.93 Get:85 http://deb.debian.org/debian trixie/main arm64 libpsl5t64 arm64 0.21.2-1.1+b1 [57.1 kB]
#6 17.93 Get:86 http://deb.debian.org/debian trixie/main arm64 wget arm64 1.25.0-2 [970 kB]
#6 17.96 Get:87 http://deb.debian.org/debian trixie/main arm64 xz-utils arm64 5.8.1-1+deb13u1 [658 kB]
#6 17.97 Get:88 http://deb.debian.org/debian trixie/main arm64 libxml2 arm64 2.12.7+dfsg+really2.9.14-2.1+deb13u3 [631 kB]
#6 17.98 Get:89 http://deb.debian.org/debian trixie/main arm64 shared-mime-info arm64 2.4-5+b2 [756 kB]
#6 18.00 Get:90 http://deb.debian.org/debian trixie/main arm64 libbrotli1 arm64 1.1.0-2+b7 [308 kB]
#6 18.01 Get:91 http://deb.debian.org/debian trixie/main arm64 libsasl2-modules-db arm64 2.1.28+dfsg1-9 [20.1 kB]
#6 18.01 Get:92 http://deb.debian.org/debian trixie/main arm64 libsasl2-2 arm64 2.1.28+dfsg1-9 [55.6 kB]
#6 18.01 Get:93 http://deb.debian.org/debian trixie/main arm64 libldap2 arm64 2.6.10+dfsg-1 [179 kB]
#6 18.02 Get:94 http://deb.debian.org/debian trixie/main arm64 libnghttp2-14 arm64 1.64.0-1.1+deb13u1 [71.6 kB]
#6 18.02 Get:95 http://deb.debian.org/debian trixie/main arm64 libnghttp3-9 arm64 1.8.0-1 [63.2 kB]
#6 18.03 Get:96 http://deb.debian.org/debian trixie/main arm64 libngtcp2-16 arm64 1.11.0-1+deb13u1 [121 kB]
#6 18.03 Get:97 http://deb.debian.org/debian trixie/main arm64 libngtcp2-crypto-gnutls8 arm64 1.11.0-1+deb13u1 [28.4 kB]
#6 18.03 Get:98 http://deb.debian.org/debian trixie/main arm64 librtmp1 arm64 2.4+20151223.gitfa8646d.1-2+b5 [56.8 kB]
#6 18.04 Get:99 http://deb.debian.org/debian trixie/main arm64 libssh2-1t64 arm64 1.11.1-1+deb13u1 [236 kB]
#6 18.04 Get:100 http://deb.debian.org/debian trixie/main arm64 libcurl3t64-gnutls arm64 8.14.1-2+deb13u4 [354 kB]
#6 18.05 Get:101 http://deb.debian.org/debian trixie/main arm64 libstemmer0d arm64 2.2.0-4+b2 [111 kB]
#6 18.05 Get:102 http://deb.debian.org/debian trixie/main arm64 libxmlb2 arm64 0.3.22-1 [59.3 kB]
#6 18.05 Get:103 http://deb.debian.org/debian trixie/main arm64 libyaml-0-2 arm64 0.2.5-2 [49.2 kB]
#6 18.05 Get:104 http://deb.debian.org/debian trixie/main arm64 libappstream5 arm64 1.0.5-1 [210 kB]
#6 18.06 Get:105 http://deb.debian.org/debian trixie/main arm64 appstream arm64 1.0.5-1 [536 kB]
#6 18.07 Get:106 http://deb.debian.org/debian trixie/main arm64 m4 arm64 1.4.19-8 [285 kB]
#6 18.08 Get:107 http://deb.debian.org/debian trixie/main arm64 autoconf all 2.72-3.1 [494 kB]
#6 18.08 Get:108 http://deb.debian.org/debian trixie/main arm64 autotools-dev all 20240727.1 [60.2 kB]
#6 18.09 Get:109 http://deb.debian.org/debian trixie/main arm64 automake all 1:1.17-4 [862 kB]
#6 18.10 Get:110 http://deb.debian.org/debian trixie/main arm64 autopoint all 0.23.1-2 [770 kB]
#6 18.12 Get:111 http://deb.debian.org/debian trixie/main arm64 libsframe1 arm64 2.44-3 [77.8 kB]
#6 18.12 Get:112 http://deb.debian.org/debian trixie/main arm64 binutils-common arm64 2.44-3 [2509 kB]
#6 18.16 Get:113 http://deb.debian.org/debian trixie/main arm64 libbinutils arm64 2.44-3 [660 kB]
#6 18.18 Get:114 http://deb.debian.org/debian trixie/main arm64 libgprofng0 arm64 2.44-3 [668 kB]
#6 18.19 Get:115 http://deb.debian.org/debian trixie/main arm64 libctf-nobfd0 arm64 2.44-3 [152 kB]
#6 18.19 Get:116 http://deb.debian.org/debian trixie/main arm64 libctf0 arm64 2.44-3 [84.2 kB]
#6 18.19 Get:117 http://deb.debian.org/debian trixie/main arm64 libjansson4 arm64 2.14-2+b3 [39.2 kB]
#6 18.20 Get:118 http://deb.debian.org/debian trixie/main arm64 binutils-aarch64-linux-gnu arm64 2.44-3 [820 kB]
#6 18.21 Get:119 http://deb.debian.org/debian trixie/main arm64 binutils arm64 2.44-3 [262 kB]
#6 18.22 Get:120 http://deb.debian.org/debian trixie/main arm64 libc-dev-bin arm64 2.41-12+deb13u3 [59.0 kB]
#6 18.22 Get:121 http://deb.debian.org/debian-security trixie-security/main arm64 linux-libc-dev all 6.12.96-1 [2859 kB]
#6 18.26 Get:122 http://deb.debian.org/debian trixie/main arm64 libcrypt-dev arm64 1:4.4.38-1 [123 kB]
#6 18.26 Get:123 http://deb.debian.org/debian trixie/main arm64 rpcsvc-proto arm64 1.4.3-1+b1 [60.5 kB]
#6 18.26 Get:124 http://deb.debian.org/debian trixie/main arm64 libc6-dev arm64 2.41-12+deb13u3 [1626 kB]
#6 18.28 Get:125 http://deb.debian.org/debian trixie/main arm64 libisl23 arm64 0.27-1 [601 kB]
#6 18.29 Get:126 http://deb.debian.org/debian trixie/main arm64 libmpfr6 arm64 4.2.2-1 [685 kB]
#6 18.30 Get:127 http://deb.debian.org/debian trixie/main arm64 libmpc3 arm64 1.3.1-1+b3 [50.5 kB]
#6 18.31 Get:128 http://deb.debian.org/debian trixie/main arm64 cpp-14-aarch64-linux-gnu arm64 14.2.0-19 [9169 kB]
#6 18.49 Get:129 http://deb.debian.org/debian trixie/main arm64 cpp-14 arm64 14.2.0-19 [1276 B]
#6 18.49 Get:130 http://deb.debian.org/debian trixie/main arm64 cpp-aarch64-linux-gnu arm64 4:14.2.0-1 [4832 B]
#6 18.50 Get:131 http://deb.debian.org/debian trixie/main arm64 cpp arm64 4:14.2.0-1 [1568 B]
#6 18.50 Get:132 http://deb.debian.org/debian trixie/main arm64 libcc1-0 arm64 14.2.0-19 [42.2 kB]
#6 18.51 Get:133 http://deb.debian.org/debian trixie/main arm64 libgomp1 arm64 14.2.0-19 [124 kB]
#6 18.51 Get:134 http://deb.debian.org/debian trixie/main arm64 libitm1 arm64 14.2.0-19 [24.2 kB]
#6 18.51 Get:135 http://deb.debian.org/debian trixie/main arm64 libasan8 arm64 14.2.0-19 [2578 kB]
#6 18.56 Get:136 http://deb.debian.org/debian trixie/main arm64 liblsan0 arm64 14.2.0-19 [1161 kB]
#6 18.58 Get:137 http://deb.debian.org/debian trixie/main arm64 libtsan2 arm64 14.2.0-19 [2383 kB]
#6 18.62 Get:138 http://deb.debian.org/debian trixie/main arm64 libubsan1 arm64 14.2.0-19 [1039 kB]
#6 18.64 Get:139 http://deb.debian.org/debian trixie/main arm64 libhwasan0 arm64 14.2.0-19 [1442 kB]
#6 18.66 Get:140 http://deb.debian.org/debian trixie/main arm64 libgcc-14-dev arm64 14.2.0-19 [2359 kB]
#6 18.70 Get:141 http://deb.debian.org/debian trixie/main arm64 gcc-14-aarch64-linux-gnu arm64 14.2.0-19 [17.7 MB]
#6 18.96 Get:142 http://deb.debian.org/debian trixie/main arm64 gcc-14 arm64 14.2.0-19 [529 kB]
#6 18.97 Get:143 http://deb.debian.org/debian trixie/main arm64 gcc-aarch64-linux-gnu arm64 4:14.2.0-1 [1440 B]
#6 18.97 Get:144 http://deb.debian.org/debian trixie/main arm64 gcc arm64 4:14.2.0-1 [5136 B]
#6 18.98 Get:145 http://deb.debian.org/debian trixie/main arm64 libstdc++-14-dev arm64 14.2.0-19 [2295 kB]
#6 19.02 Get:146 http://deb.debian.org/debian trixie/main arm64 g++-14-aarch64-linux-gnu arm64 14.2.0-19 [10.1 MB]
#6 19.17 Get:147 http://deb.debian.org/debian trixie/main arm64 g++-14 arm64 14.2.0-19 [22.5 kB]
#6 19.17 Get:148 http://deb.debian.org/debian trixie/main arm64 g++-aarch64-linux-gnu arm64 4:14.2.0-1 [1200 B]
#6 19.18 Get:149 http://deb.debian.org/debian trixie/main arm64 g++ arm64 4:14.2.0-1 [1332 B]
#6 19.18 Get:150 http://deb.debian.org/debian trixie/main arm64 make arm64 4.4.1-2 [452 kB]
#6 19.19 Get:151 http://deb.debian.org/debian trixie/main arm64 libdpkg-perl all 1.22.22 [651 kB]
#6 19.21 Get:152 http://deb.debian.org/debian trixie/main arm64 patch arm64 2.8-2 [128 kB]
#6 19.21 Get:153 http://deb.debian.org/debian trixie/main arm64 dpkg-dev all 1.22.22 [1337 kB]
#6 19.23 Get:154 http://deb.debian.org/debian trixie/main arm64 build-essential arm64 12.12 [4624 B]
#6 19.23 Get:155 http://deb.debian.org/debian trixie/main arm64 libckyapplet1t64 arm64 1.1.0-16.1+b2 [21.7 kB]
#6 19.24 Get:156 http://deb.debian.org/debian trixie/main arm64 coolkey arm64 1.1.0-16.1+b2 [85.2 kB]
#6 19.24 Get:157 http://deb.debian.org/debian trixie/main arm64 dbus-user-session arm64 1.16.2-2 [52.1 kB]
#6 19.24 Get:158 http://deb.debian.org/debian trixie/main arm64 dctrl-tools arm64 2.24-3+b1 [125 kB]
#6 19.24 Get:159 http://deb.debian.org/debian trixie/main arm64 libdebhelper-perl all 13.24.2 [90.9 kB]
#6 19.25 Get:160 http://deb.debian.org/debian trixie/main arm64 libtool all 2.5.4-4 [539 kB]
#6 19.25 Get:161 http://deb.debian.org/debian trixie/main arm64 dh-autoreconf all 20 [17.1 kB]
#6 19.26 Get:162 http://deb.debian.org/debian trixie/main arm64 libarchive-zip-perl all 1.68-1 [104 kB]
#6 19.26 Get:163 http://deb.debian.org/debian trixie/main arm64 libfile-stripnondeterminism-perl all 1.14.1-2 [19.7 kB]
#6 19.26 Get:164 http://deb.debian.org/debian trixie/main arm64 dh-strip-nondeterminism all 1.14.1-2 [8620 B]
#6 19.27 Get:165 http://deb.debian.org/debian trixie/main arm64 libelf1t64 arm64 0.192-4 [189 kB]
#6 19.27 Get:166 http://deb.debian.org/debian trixie/main arm64 dwz arm64 0.15-1+b1 [102 kB]
#6 19.27 Get:167 http://deb.debian.org/debian trixie/main arm64 gettext arm64 0.23.1-2 [1611 kB]
#6 19.30 Get:168 http://deb.debian.org/debian trixie/main arm64 intltool-debian all 0.35.0+20060710.6 [22.9 kB]
#6 19.30 Get:169 http://deb.debian.org/debian trixie/main arm64 po-debconf all 1.0.21+nmu1 [248 kB]
#6 19.30 Get:170 http://deb.debian.org/debian trixie/main arm64 debhelper all 13.24.2 [919 kB]
#6 19.32 Get:171 http://deb.debian.org/debian trixie/main arm64 debian-keyring all 2025.07.26 [33.8 MB]
#6 19.85 Get:172 http://deb.debian.org/debian trixie/main arm64 debian-tag2upload-keyring all 1.1 [3892 B]
#6 19.85 Get:173 http://deb.debian.org/debian trixie/main arm64 libgpg-error0 arm64 1.51-4 [78.5 kB]
#6 19.85 Get:174 http://deb.debian.org/debian trixie/main arm64 libassuan9 arm64 3.0.2-2 [59.1 kB]
#6 19.86 Get:175 http://deb.debian.org/debian trixie/main arm64 libgcrypt20 arm64 1.11.0-7+deb13u1 [741 kB]
#6 19.87 Get:176 http://deb.debian.org/debian trixie/main arm64 gpgconf arm64 2.4.7-21+deb13u1+b4 [122 kB]
#6 19.87 Get:177 http://deb.debian.org/debian trixie/main arm64 libksba8 arm64 1.6.7-2+b1 [125 kB]
#6 19.87 Get:178 http://deb.debian.org/debian trixie/main arm64 libnpth0t64 arm64 1.8-3 [22.9 kB]
#6 19.88 Get:179 http://deb.debian.org/debian trixie/main arm64 gpg arm64 2.4.7-21+deb13u1+b4 [579 kB]
#6 19.89 Get:180 http://deb.debian.org/debian trixie/main arm64 pinentry-curses arm64 1.3.1-2 [83.5 kB]
#6 19.89 Get:181 http://deb.debian.org/debian trixie/main arm64 gpg-agent arm64 2.4.7-21+deb13u1+b4 [249 kB]
#6 19.90 Get:182 http://deb.debian.org/debian trixie/main arm64 libfile-dirlist-perl all 0.05-3 [7600 B]
#6 19.90 Get:183 http://deb.debian.org/debian trixie/main arm64 libfile-which-perl all 1.27-2 [15.1 kB]
#6 19.90 Get:184 http://deb.debian.org/debian trixie/main arm64 libfile-homedir-perl all 1.006-2 [42.4 kB]
#6 19.90 Get:185 http://deb.debian.org/debian trixie/main arm64 libfile-touch-perl all 0.12-2 [8816 B]
#6 19.90 Get:186 http://deb.debian.org/debian trixie/main arm64 libclass-method-modifiers-perl all 2.15-1 [18.0 kB]
#6 19.91 Get:187 http://deb.debian.org/debian trixie/main arm64 libclass-xsaccessor-perl arm64 1.19-4+b5 [34.9 kB]
#6 19.91 Get:188 http://deb.debian.org/debian trixie/main arm64 libb-hooks-op-check-perl arm64 0.22-3+b2 [10.6 kB]
#6 19.91 Get:189 http://deb.debian.org/debian trixie/main arm64 libdynaloader-functions-perl all 0.004-2 [12.2 kB]
#6 19.91 Get:190 http://deb.debian.org/debian trixie/main arm64 libdevel-callchecker-perl arm64 0.009-2 [15.7 kB]
#6 19.92 Get:191 http://deb.debian.org/debian trixie/main arm64 libparams-classify-perl arm64 0.015-2+b4 [22.3 kB]
#6 19.92 Get:192 http://deb.debian.org/debian trixie/main arm64 libmodule-runtime-perl all 0.018-1 [17.8 kB]
#6 19.92 Get:193 http://deb.debian.org/debian trixie/main arm64 libimport-into-perl all 1.002005-2 [11.3 kB]
#6 19.93 Get:194 http://deb.debian.org/debian trixie/main arm64 librole-tiny-perl all 2.002004-1 [21.4 kB]
#6 19.93 Get:195 http://deb.debian.org/debian trixie/main arm64 libsub-quote-perl all 2.006008-1 [21.8 kB]
#6 19.93 Get:196 http://deb.debian.org/debian trixie/main arm64 libmoo-perl all 2.005005-1 [58.0 kB]
#6 19.93 Get:197 http://deb.debian.org/debian trixie/main arm64 libencode-locale-perl all 1.05-3 [12.9 kB]
#6 19.93 Get:198 http://deb.debian.org/debian trixie/main arm64 libtimedate-perl all 2.3300-2 [39.3 kB]
#6 19.94 Get:199 http://deb.debian.org/debian trixie/main arm64 libhttp-date-perl all 6.06-1 [10.7 kB]
#6 19.94 Get:200 http://deb.debian.org/debian trixie/main arm64 libfile-listing-perl all 6.16-1 [12.4 kB]
#6 19.94 Get:201 http://deb.debian.org/debian trixie/main arm64 libhtml-tagset-perl all 3.24-1 [14.7 kB]
#6 19.94 Get:202 http://deb.debian.org/debian trixie/main arm64 liburi-perl all 5.30-1 [105 kB]
#6 19.94 Get:203 http://deb.debian.org/debian trixie/main arm64 libhtml-parser-perl arm64 3.83-2~deb13u1 [97.3 kB]
#6 19.95 Get:204 http://deb.debian.org/debian trixie/main arm64 libhtml-tree-perl all 5.07-3 [211 kB]
#6 19.95 Get:205 http://deb.debian.org/debian trixie/main arm64 libclone-perl arm64 0.47-1+b1 [13.7 kB]
#6 19.95 Get:206 http://deb.debian.org/debian trixie/main arm64 libio-html-perl all 1.004-3 [16.2 kB]
#6 19.95 Get:207 http://deb.debian.org/debian trixie/main arm64 liblwp-mediatypes-perl all 6.04-2 [20.2 kB]
#6 19.95 Get:208 http://deb.debian.org/debian trixie/main arm64 libhttp-message-perl all 7.00-2 [79.8 kB]
#6 19.96 Get:209 http://deb.debian.org/debian trixie/main arm64 libhttp-cookies-perl all 6.11-1 [19.1 kB]
#6 19.96 Get:210 http://deb.debian.org/debian trixie/main arm64 libhttp-negotiate-perl all 6.01-2 [13.1 kB]
#6 19.96 Get:211 http://deb.debian.org/debian trixie/main arm64 perl-openssl-defaults arm64 7+b2 [6712 B]
#6 19.96 Get:212 http://deb.debian.org/debian trixie/main arm64 libnet-ssleay-perl arm64 1.94-3 [323 kB]
#6 19.97 Get:213 http://deb.debian.org/debian trixie/main arm64 libio-socket-ssl-perl all 2.089-1 [223 kB]
#6 19.98 Get:214 http://deb.debian.org/debian trixie/main arm64 libnet-http-perl all 6.23-1 [23.9 kB]
#6 19.98 Get:215 http://deb.debian.org/debian trixie/main arm64 liblwp-protocol-https-perl all 6.14-1 [10.8 kB]
#6 19.98 Get:216 http://deb.debian.org/debian trixie/main arm64 libtry-tiny-perl all 0.32-1 [22.9 kB]
#6 19.98 Get:217 http://deb.debian.org/debian trixie/main arm64 libwww-robotrules-perl all 6.02-1 [12.9 kB]
#6 19.98 Get:218 http://deb.debian.org/debian trixie/main arm64 libwww-perl all 6.78-1 [183 kB]
#6 19.99 Get:219 http://deb.debian.org/debian trixie/main arm64 patchutils arm64 0.4.2-1+b1 [71.3 kB]
#6 19.99 Get:220 http://deb.debian.org/debian trixie/main arm64 gpgv arm64 2.4.7-21+deb13u1+b4 [221 kB]
#6 19.99 Get:221 http://deb.debian.org/debian trixie/main arm64 wdiff arm64 1.2.2-9 [122 kB]
#6 20.00 Get:222 http://deb.debian.org/debian trixie/main arm64 devscripts all 2.25.15+deb13u1 [1068 kB]
#6 20.02 Get:223 http://deb.debian.org/debian trixie/main arm64 diffstat arm64 1.67-1 [32.6 kB]
#6 20.02 Get:224 http://deb.debian.org/debian trixie/main arm64 dirmngr arm64 2.4.7-21+deb13u1+b4 [359 kB]
#6 20.03 Get:225 http://deb.debian.org/debian trixie/main arm64 distro-info-data all 0.66+deb13u2 [6792 B]
#6 20.03 Get:226 http://deb.debian.org/debian trixie/main arm64 libdevmapper1.02.1 arm64 2:1.02.205-2 [118 kB]
#6 20.03 Get:227 http://deb.debian.org/debian trixie/main arm64 dmsetup arm64 2:1.02.205-2 [76.1 kB]
#6 20.04 Get:228 http://deb.debian.org/debian trixie/main arm64 dos2unix arm64 7.5.2-1+b1 [516 kB]
#6 20.05 Get:229 http://deb.debian.org/debian trixie/main arm64 python3-charset-normalizer arm64 3.4.2-1 [120 kB]
#6 20.05 Get:230 http://deb.debian.org/debian trixie/main arm64 python3-debian all 1.0.1 [120 kB]
#6 20.05 Get:231 http://deb.debian.org/debian trixie/main arm64 gnupg-l10n all 2.4.7-21+deb13u1 [749 kB]
#6 20.07 Get:232 http://deb.debian.org/debian trixie/main arm64 gpgsm arm64 2.4.7-21+deb13u1+b4 [252 kB]
#6 20.07 Get:233 http://deb.debian.org/debian trixie/main arm64 gnupg all 2.4.7-21+deb13u1 [417 kB]
#6 20.08 Get:234 http://deb.debian.org/debian trixie/main arm64 libgpgme11t64 arm64 1.24.2-3 [329 kB]
#6 20.09 Get:235 http://deb.debian.org/debian trixie/main arm64 python3-gpg arm64 1.24.2-3 [395 kB]
#6 20.09 Get:236 http://deb.debian.org/debian trixie/main arm64 python3-xdg all 0.28-2 [40.5 kB]
#6 20.10 Get:237 http://deb.debian.org/debian trixie/main arm64 dput all 1.2.4 [45.2 kB]
#6 20.10 Get:238 http://deb.debian.org/debian trixie/main arm64 libefisec1t64 arm64 38-3.1+b1 [15.4 kB]
#6 20.10 Get:239 http://deb.debian.org/debian trixie/main arm64 libefivar1t64 arm64 38-3.1+b1 [51.7 kB]
#6 20.10 Get:240 http://deb.debian.org/debian trixie/main arm64 libefiboot1t64 arm64 38-3.1+b1 [40.4 kB]
#6 20.10 Get:241 http://deb.debian.org/debian trixie/main arm64 efivar arm64 38-3.1+b1 [28.7 kB]
#6 20.10 Get:242 http://deb.debian.org/debian trixie/main arm64 equivs all 2.3.2 [15.2 kB]
#6 20.11 Get:243 http://deb.debian.org/debian trixie/main arm64 libfakeroot arm64 1.37.1.1-1 [29.6 kB]
#6 20.11 Get:244 http://deb.debian.org/debian trixie/main arm64 fakeroot arm64 1.37.1.1-1 [75.4 kB]
#6 20.11 Get:245 http://deb.debian.org/debian trixie/main arm64 liberror-perl all 0.17030-1 [26.9 kB]
#6 20.11 Get:246 http://deb.debian.org/debian trixie/main arm64 git-man all 1:2.47.3-0+deb13u1 [2205 kB]
#6 20.15 Get:247 http://deb.debian.org/debian trixie/main arm64 git arm64 1:2.47.3-0+deb13u1 [8666 kB]
#6 20.30 Get:248 http://deb.debian.org/debian trixie/main arm64 gnu-efi arm64 3.0.18-1+deb13u1 [213 kB]
#6 20.31 Get:249 http://deb.debian.org/debian trixie/main arm64 gpg-wks-client arm64 2.4.7-21+deb13u1+b4 [102 kB]
#6 20.31 Get:250 http://deb.debian.org/debian trixie/main arm64 iso-codes all 4.18.0-1 [3125 kB]
#6 20.35 Get:251 http://deb.debian.org/debian trixie/main arm64 libabsl20240722 arm64 20240722.0-4 [452 kB]
#6 20.36 Get:252 http://deb.debian.org/debian trixie/main arm64 libalgorithm-diff-perl all 1.201-1 [43.3 kB]
#6 20.36 Get:253 http://deb.debian.org/debian trixie/main arm64 libalgorithm-diff-xs-perl arm64 0.04-9 [10.9 kB]
#6 20.36 Get:254 http://deb.debian.org/debian trixie/main arm64 libalgorithm-merge-perl all 0.08-5 [11.8 kB]
#6 20.37 Get:255 http://deb.debian.org/debian trixie/main arm64 libaliased-perl all 0.34-3 [13.5 kB]
#6 20.37 Get:256 http://deb.debian.org/debian trixie/main arm64 libapt-pkg-perl arm64 0.1.42 [64.3 kB]
#6 20.37 Get:257 http://deb.debian.org/debian trixie/main arm64 libarchive-cpio-perl all 0.10-3 [10.8 kB]
#6 20.37 Get:258 http://deb.debian.org/debian trixie/main arm64 libarchive13t64 arm64 3.7.4-4+deb13u1 [324 kB]
#6 20.38 Get:259 http://deb.debian.org/debian trixie/main arm64 libarray-intspan-perl all 2.004-2 [25.7 kB]
#6 20.38 Get:260 http://deb.debian.org/debian trixie/main arm64 libauthen-sasl-perl all 2.1700-1 [44.8 kB]
#6 20.38 Get:261 http://deb.debian.org/debian trixie/main arm64 libmodule-implementation-perl all 0.09-2 [12.6 kB]
#6 20.38 Get:262 http://deb.debian.org/debian trixie/main arm64 libsub-exporter-progressive-perl all 0.001013-3 [7496 B]
#6 20.38 Get:263 http://deb.debian.org/debian trixie/main arm64 libvariable-magic-perl arm64 0.64-1+b1 [43.9 kB]
#6 20.38 Get:264 http://deb.debian.org/debian trixie/main arm64 libb-hooks-endofscope-perl all 0.28-2 [17.6 kB]
#6 20.39 Get:265 http://deb.debian.org/debian trixie/main arm64 libberkeleydb-perl arm64 0.66-1 [115 kB]
#6 20.39 Get:266 http://deb.debian.org/debian trixie/main arm64 libcapture-tiny-perl all 0.50-1 [24.6 kB]
#6 20.40 Get:267 http://deb.debian.org/debian trixie/main arm64 libcgi-pm-perl all 4.68-1 [217 kB]
#6 20.40 Get:268 http://deb.debian.org/debian trixie/main arm64 libfcgi0t64 arm64 2.4.5-0.1 [25.0 kB]
#6 20.40 Get:269 http://deb.debian.org/debian trixie/main arm64 libfcgi-perl arm64 0.82+ds-3+b2 [24.4 kB]
#6 20.41 Get:270 http://deb.debian.org/debian trixie/main arm64 libcgi-fast-perl all 1:2.17-1 [11.8 kB]
#6 20.41 Get:271 http://deb.debian.org/debian trixie/main arm64 libclass-data-inheritable-perl all 0.10-1 [8632 B]
#6 20.41 Get:272 http://deb.debian.org/debian trixie/main arm64 libclass-inspector-perl all 1.36-3 [17.5 kB]
#6 20.41 Get:273 http://deb.debian.org/debian trixie/main arm64 libcommon-sense-perl arm64 3.75-3+b5 [22.9 kB]
#6 20.42 Get:274 http://deb.debian.org/debian trixie/main arm64 libconfig-tiny-perl all 2.30-1 [18.9 kB]
#6 20.42 Get:275 http://deb.debian.org/debian trixie/main arm64 libparams-util-perl arm64 1.102-3+b1 [23.7 kB]
#6 20.42 Get:276 http://deb.debian.org/debian trixie/main arm64 libsub-install-perl all 0.929-1 [10.5 kB]
#6 20.42 Get:277 http://deb.debian.org/debian trixie/main arm64 libdata-optlist-perl all 0.114-1 [10.6 kB]
#6 20.42 Get:278 http://deb.debian.org/debian trixie/main arm64 libsub-exporter-perl all 0.990-1 [50.6 kB]
#6 20.43 Get:279 http://deb.debian.org/debian trixie/main arm64 libconst-fast-perl all 0.014-2 [8792 B]
#6 20.43 Get:280 http://deb.debian.org/debian trixie/main arm64 libwant-perl arm64 0.29-2+b4 [27.3 kB]
#6 20.43 Get:281 http://deb.debian.org/debian trixie/main arm64 libcontextual-return-perl all 0.004014-4 [54.9 kB]
#6 20.43 Get:282 http://deb.debian.org/debian trixie/main arm64 libconvert-binhex-perl all 1.125-3 [27.4 kB]
#6 20.44 Get:283 http://deb.debian.org/debian trixie/main arm64 libcpanel-json-xs-perl arm64 4.39-2~deb13u1 [128 kB]
#6 20.44 Get:284 http://deb.debian.org/debian trixie/main arm64 libjson-c5 arm64 0.18+ds-1 [45.2 kB]
#6 20.45 Get:285 http://deb.debian.org/debian trixie/main arm64 libcryptsetup12 arm64 2:2.7.5-2 [232 kB]
#6 20.45 Get:286 http://deb.debian.org/debian trixie/main arm64 libdevel-stacktrace-perl all 2.0500-1 [26.4 kB]
#6 20.46 Get:287 http://deb.debian.org/debian trixie/main arm64 libexception-class-perl all 1.45-1 [34.6 kB]
#6 20.46 Get:288 http://deb.debian.org/debian trixie/main arm64 libiterator-perl all 0.03+ds1-2 [18.8 kB]
#6 20.46 Get:289 http://deb.debian.org/debian trixie/main arm64 libiterator-util-perl all 0.02+ds1-2 [14.0 kB]
#6 20.46 Get:290 http://deb.debian.org/debian trixie/main arm64 libdata-dpath-perl all 0.60-1 [41.8 kB]
#6 20.47 Get:291 http://deb.debian.org/debian trixie/main arm64 libdata-dump-perl all 1.25-1 [28.4 kB]
#6 20.47 Get:292 http://deb.debian.org/debian trixie/main arm64 libdata-messagepack-perl arm64 1.02-2 [31.0 kB]
#6 20.47 Get:293 http://deb.debian.org/debian trixie/main arm64 libnet-domain-tld-perl all 1.75-4 [31.5 kB]
#6 20.47 Get:294 http://deb.debian.org/debian trixie/main arm64 libdata-validate-domain-perl all 0.15-1 [11.9 kB]
#6 20.47 Get:295 http://deb.debian.org/debian trixie/main arm64 libnet-ipv6addr-perl all 1.02-1 [21.7 kB]
#6 20.48 Get:296 http://deb.debian.org/debian trixie/main arm64 libnet-netmask-perl all 2.0002-2 [28.6 kB]
#6 20.48 Get:297 http://deb.debian.org/debian trixie/main arm64 libnetaddr-ip-perl arm64 4.079+dfsg-2+b5 [97.7 kB]
#6 20.48 Get:298 http://deb.debian.org/debian trixie/main arm64 libdata-validate-ip-perl all 0.31-1 [20.6 kB]
#6 20.48 Get:299 http://deb.debian.org/debian trixie/main arm64 libdata-validate-uri-perl all 0.07-3 [11.0 kB]
#6 20.48 Get:300 http://deb.debian.org/debian trixie/main arm64 libdevel-size-perl arm64 0.84-1+b1 [24.1 kB]
#6 20.49 Get:301 http://deb.debian.org/debian trixie/main arm64 libdistro-info-perl all 1.13 [5800 B]
#6 20.49 Get:302 http://deb.debian.org/debian trixie/main arm64 libeac3 arm64 1.1.2+ds+git20220117+453c3d6b03a0-1.1+b3 [48.1 kB]
#6 20.49 Get:303 http://deb.debian.org/debian trixie/main arm64 libefivar-dev arm64 38-3.1+b1 [18.2 kB]
#6 20.49 Get:304 http://deb.debian.org/debian trixie/main arm64 zlib1g-dev arm64 1:1.3.dfsg+really1.3.1-1+b1 [917 kB]
#6 20.51 Get:305 http://deb.debian.org/debian trixie/main arm64 libzstd-dev arm64 1.5.7+dfsg-1 [335 kB]
#6 20.52 Get:306 http://deb.debian.org/debian trixie/main arm64 libelf-dev arm64 0.192-4 [94.9 kB]
#6 20.52 Get:307 http://deb.debian.org/debian trixie/main arm64 libemail-address-xs-perl arm64 1.05-1+b4 [28.2 kB]
#6 20.52 Get:308 http://deb.debian.org/debian trixie/main arm64 libexporter-tiny-perl all 1.006002-1 [38.7 kB]
#6 20.52 Get:309 http://deb.debian.org/debian trixie/main arm64 libfcgi-bin arm64 2.4.5-0.1 [11.9 kB]
#6 20.52 Get:310 http://deb.debian.org/debian trixie/main arm64 libfile-sharedir-perl all 1.118-3 [16.0 kB]
#6 20.52 Get:311 http://deb.debian.org/debian trixie/main arm64 libindirect-perl arm64 0.39-2+b4 [26.8 kB]
#6 20.53 Get:312 http://deb.debian.org/debian trixie/main arm64 libxs-parse-keyword-perl arm64 0.48-2 [64.3 kB]
#6 20.53 Get:313 http://deb.debian.org/debian trixie/main arm64 libxs-parse-sublike-perl arm64 0.37-1 [45.2 kB]
#6 20.53 Get:314 http://deb.debian.org/debian trixie/main arm64 libobject-pad-perl arm64 0.820-1 [135 kB]
#6 20.54 Get:315 http://deb.debian.org/debian trixie/main arm64 libfeature-compat-class-perl all 0.07-1 [11.5 kB]
#6 20.54 Get:316 http://deb.debian.org/debian trixie/main arm64 libsyntax-keyword-try-perl arm64 0.30-1+b1 [27.1 kB]
#6 20.55 Get:317 http://deb.debian.org/debian trixie/main arm64 libfeature-compat-try-perl all 0.05-1 [10.4 kB]
#6 20.55 Get:318 http://deb.debian.org/debian trixie/main arm64 libipc-system-simple-perl all 1.30-2 [26.8 kB]
#6 20.55 Get:319 http://deb.debian.org/debian trixie/main arm64 libfile-basedir-perl all 0.09-2 [15.1 kB]
#6 20.55 Get:320 http://deb.debian.org/debian trixie/main arm64 libfile-chdir-perl all 0.1008-1.2 [11.9 kB]
#6 20.56 Get:321 http://deb.debian.org/debian trixie/main arm64 libfile-fcntllock-perl arm64 0.22-4+b4 [34.6 kB]
#6 20.56 Get:322 http://deb.debian.org/debian trixie/main arm64 libnumber-compare-perl all 0.03-3 [6332 B]
#6 20.56 Get:323 http://deb.debian.org/debian trixie/main arm64 libtext-glob-perl all 0.11-3 [7676 B]
#6 20.56 Get:324 http://deb.debian.org/debian trixie/main arm64 libfile-find-rule-perl all 0.34-4 [25.6 kB]
#6 20.56 Get:325 http://deb.debian.org/debian trixie/main arm64 libfont-afm-perl all 1.20-4 [13.1 kB]
#6 20.56 Get:326 http://deb.debian.org/debian trixie/main arm64 libio-string-perl all 1.08-4 [12.1 kB]
#6 20.57 Get:327 http://deb.debian.org/debian trixie/main arm64 libfont-ttf-perl all 1.06-2 [318 kB]
#6 20.58 Get:328 http://deb.debian.org/debian trixie/main arm64 libfreezethaw-perl all 0.5001-3 [16.0 kB]
#6 20.58 Get:329 http://deb.debian.org/debian trixie/main arm64 libsort-versions-perl all 1.62-3 [8928 B]
#6 20.58 Get:330 http://deb.debian.org/debian trixie/main arm64 libgit-wrapper-perl all 0.048-2 [33.4 kB]
#6 20.58 Get:331 http://deb.debian.org/debian trixie/main arm64 libhttp-tiny-multipart-perl all 0.08-2 [9812 B]
#6 20.59 Get:332 http://deb.debian.org/debian trixie/main arm64 libsub-infix-perl all 0.004-4 [11.8 kB]
#6 20.59 Get:333 http://deb.debian.org/debian trixie/main arm64 libmatch-simple-perl all 0.012-1 [15.7 kB]
#6 20.59 Get:334 http://deb.debian.org/debian trixie/main arm64 libio-prompter-perl all 0.005002-1 [62.6 kB]
#6 20.59 Get:335 http://deb.debian.org/debian trixie/main arm64 libtypes-serialiser-perl all 1.01-1 [12.2 kB]
#6 20.60 Get:336 http://deb.debian.org/debian trixie/main arm64 libjson-xs-perl arm64 4.040-1~deb13u1 [89.4 kB]
#6 20.60 Get:337 http://deb.debian.org/debian trixie/main arm64 libjson-maybexs-perl all 1.004008-1 [12.9 kB]
#6 20.60 Get:338 http://deb.debian.org/debian trixie/main arm64 liblog-any-perl all 1.717-1 [78.9 kB]
#6 20.60 Get:339 http://deb.debian.org/debian trixie/main arm64 liblog-any-adapter-screen-perl all 0.141-1 [14.0 kB]
#6 20.61 Get:340 http://deb.debian.org/debian trixie/main arm64 libpackage-stash-perl all 0.40-1 [22.0 kB]
#6 20.61 Get:341 http://deb.debian.org/debian trixie/main arm64 libsub-identify-perl arm64 0.14-3+b3 [11.2 kB]
#6 20.61 Get:342 http://deb.debian.org/debian trixie/main arm64 libsub-name-perl arm64 0.28-1 [12.1 kB]
#6 20.61 Get:343 http://deb.debian.org/debian trixie/main arm64 libnamespace-clean-perl all 0.27-2 [17.8 kB]
#6 20.61 Get:344 http://deb.debian.org/debian trixie/main arm64 libpath-tiny-perl all 0.148-1 [56.7 kB]
#6 20.61 Get:345 http://deb.debian.org/debian trixie/main arm64 libstrictures-perl all 2.000006-1 [18.6 kB]
#6 20.62 Get:346 http://deb.debian.org/debian trixie/main arm64 libtype-tiny-perl all 2.004000-2 [343 kB]
#6 20.63 Get:347 http://deb.debian.org/debian trixie/main arm64 libgitlab-api-v4-perl all 0.27-1 [89.0 kB]
#6 20.63 Get:348 http://deb.debian.org/debian trixie/main arm64 libglib2.0-data all 2.84.4-3~deb13u3 [1287 kB]
#6 20.65 Get:349 http://deb.debian.org/debian trixie/main arm64 libgpg-error-l10n all 1.51-4 [114 kB]
#6 20.66 Get:350 http://deb.debian.org/debian trixie/main arm64 libgpm2 arm64 1.20.7-11+b2 [14.7 kB]
#6 20.66 Get:351 http://deb.debian.org/debian trixie/main arm64 libhtml-form-perl all 6.12-1 [32.3 kB]
#6 20.66 Get:352 http://deb.debian.org/debian trixie/main arm64 libhtml-format-perl all 2.16-2 [38.8 kB]
#6 20.66 Get:353 http://deb.debian.org/debian trixie/main arm64 libhtml-html5-entities-perl all 0.004-3 [21.0 kB]
#6 20.66 Get:354 http://deb.debian.org/debian trixie/main arm64 libhtml-tokeparser-simple-perl all 3.16-4 [39.1 kB]
#6 20.66 Get:355 http://deb.debian.org/debian trixie/main arm64 libhttp-daemon-perl all 6.16-1+deb13u1 [23.8 kB]
#6 20.67 Get:356 http://deb.debian.org/debian trixie/main arm64 libio-compress-brotli-perl arm64 0.004001-2+b3 [16.8 kB]
#6 20.67 Get:357 http://deb.debian.org/debian trixie/main arm64 libio-interactive-perl all 1.027-1 [11.8 kB]
#6 20.67 Get:358 http://deb.debian.org/debian trixie/main arm64 libio-sessiondata-perl all 1.03-3 [6316 B]
#6 20.67 Get:359 http://deb.debian.org/debian trixie/main arm64 libio-stringy-perl all 2.113-2 [48.3 kB]
#6 20.68 Get:360 http://deb.debian.org/debian trixie/main arm64 libipc-run3-perl all 0.049-1 [31.5 kB]
#6 20.68 Get:361 http://deb.debian.org/debian trixie/main arm64 libjson-perl all 4.10000-1 [87.5 kB]
#6 20.68 Get:362 http://deb.debian.org/debian trixie/main arm64 libkmod2 arm64 34.2-2 [59.7 kB]
#6 20.69 Get:363 http://deb.debian.org/debian trixie/main arm64 libldap-common all 2.6.10+dfsg-1 [35.1 kB]
#6 20.69 Get:364 http://deb.debian.org/debian trixie/main arm64 liblist-compare-perl all 0.55-2 [65.7 kB]
#6 20.69 Get:365 http://deb.debian.org/debian trixie/main arm64 liblist-moreutils-xs-perl arm64 0.430-4+b2 [37.7 kB]
#6 20.69 Get:366 http://deb.debian.org/debian trixie/main arm64 liblist-moreutils-perl all 0.430-2 [46.9 kB]
#6 20.70 Get:367 http://deb.debian.org/debian trixie/main arm64 liblist-someutils-perl all 0.59-1 [37.1 kB]
#6 20.70 Get:368 http://deb.debian.org/debian trixie/main arm64 liblist-someutils-xs-perl arm64 0.58-3+b3 [31.6 kB]
#6 20.70 Get:369 http://deb.debian.org/debian trixie/main arm64 liblist-utilsby-perl all 0.12-2 [15.5 kB]
#6 20.70 Get:370 http://deb.debian.org/debian trixie/main arm64 libltdl7 arm64 2.5.4-4 [415 kB]
#6 20.72 Get:371 http://deb.debian.org/debian trixie/main arm64 libltdl-dev arm64 2.5.4-4 [168 kB]
#6 20.72 Get:372 http://deb.debian.org/debian trixie/main arm64 liblz1 arm64 1.15-3 [37.8 kB]
#6 20.72 Get:373 http://deb.debian.org/debian trixie/main arm64 liblzo2-2 arm64 2.10-3+b1 [49.6 kB]
#6 20.73 Get:374 http://deb.debian.org/debian trixie/main arm64 libsys-hostname-long-perl all 1.5-3 [11.6 kB]
#6 20.73 Get:375 http://deb.debian.org/debian trixie/main arm64 libmail-sendmail-perl all 0.80-3 [24.3 kB]
#6 20.73 Get:376 http://deb.debian.org/debian trixie/main arm64 libnet-smtp-ssl-perl all 1.04-2 [6548 B]
#6 20.73 Get:377 http://deb.debian.org/debian trixie/main arm64 libmailtools-perl all 2.22-1 [88.8 kB]
#6 20.73 Get:378 http://deb.debian.org/debian trixie/main arm64 libmarkdown2 arm64 2.2.7-2.1 [33.1 kB]
#6 20.74 Get:379 http://deb.debian.org/debian trixie/main arm64 libmatch-simple-xs-perl arm64 0.002-1+b1 [10.8 kB]
#6 20.74 Get:380 http://deb.debian.org/debian trixie/main arm64 libmath-base85-perl all 0.5+dfsg-2 [6684 B]
#6 20.74 Get:381 http://deb.debian.org/debian trixie/main arm64 libmime-tools-perl all 5.515-1 [203 kB]
#6 20.75 Get:382 http://deb.debian.org/debian trixie/main arm64 libmldbm-perl all 2.05-4 [16.8 kB]
#6 20.75 Get:383 http://deb.debian.org/debian trixie/main arm64 libmoox-aliases-perl all 0.001006-2 [7156 B]
#6 20.75 Get:384 http://deb.debian.org/debian trixie/main arm64 libmouse-perl arm64 2.5.11-1+b1 [141 kB]
#6 20.76 Get:385 http://deb.debian.org/debian trixie/main arm64 libnspr4 arm64 2:4.36-1 [102 kB]
#6 20.76 Get:386 http://deb.debian.org/debian-security trixie-security/main arm64 libnss3 arm64 2:3.110-1+deb13u4 [1293 kB]
#6 20.79 Get:387 http://deb.debian.org/debian-security trixie-security/main arm64 libnss3-tools arm64 2:3.110-1+deb13u4 [1017 kB]
#6 20.82 Get:388 http://deb.debian.org/debian trixie/main arm64 libpackage-stash-xs-perl arm64 0.30-1+b4 [19.0 kB]
#6 20.82 Get:389 http://deb.debian.org/debian trixie/main arm64 libpath-iterator-rule-perl all 1.015-2 [41.7 kB]
#6 20.82 Get:390 http://deb.debian.org/debian trixie/main arm64 libperlio-gzip-perl arm64 0.20-1+b4 [17.4 kB]
#6 20.82 Get:391 http://deb.debian.org/debian trixie/main arm64 libperlio-utf8-strict-perl arm64 0.010-1+b3 [11.4 kB]
#6 20.82 Get:392 http://deb.debian.org/debian trixie/main arm64 libpod-parser-perl all 1.67-1 [94.1 kB]
#6 20.83 Get:393 http://deb.debian.org/debian trixie/main arm64 libpod-constants-perl all 0.19-2 [17.3 kB]
#6 20.83 Get:394 http://deb.debian.org/debian trixie/main arm64 libpopt0 arm64 1.19+dfsg-2 [42.8 kB]
#6 20.83 Get:395 http://deb.debian.org/debian trixie/main arm64 libproc-processtable-perl arm64 0.636-1+b3 [41.7 kB]
#6 20.84 Get:396 http://deb.debian.org/debian trixie/main arm64 libre2-11 arm64 20240702-3+b1 [149 kB]
#6 20.84 Get:397 http://deb.debian.org/debian trixie/main arm64 libre-engine-re2-perl arm64 0.18+ds-2 [18.4 kB]
#6 20.85 Get:398 http://deb.debian.org/debian trixie/main arm64 libreadonly-perl all 2.050-3 [23.1 kB]
#6 20.85 Get:399 http://deb.debian.org/debian trixie/main arm64 libref-util-perl all 0.204-2 [17.4 kB]
#6 20.85 Get:400 http://deb.debian.org/debian trixie/main arm64 libref-util-xs-perl arm64 0.117-2+b4 [13.9 kB]
#6 20.85 Get:401 http://deb.debian.org/debian trixie/main arm64 libregexp-pattern-license-perl all 3.11.2-1 [94.6 kB]
#6 20.86 Get:402 http://deb.debian.org/debian trixie/main arm64 libregexp-pattern-perl all 0.2.14-2 [18.7 kB]
#6 20.86 Get:403 http://deb.debian.org/debian trixie/main arm64 libregexp-wildcards-perl all 1.05-3 [14.1 kB]
#6 20.86 Get:404 http://deb.debian.org/debian trixie/main arm64 libsasl2-modules arm64 2.1.28+dfsg1-9 [62.9 kB]
#6 20.87 Get:405 http://deb.debian.org/debian trixie/main arm64 libsereal-decoder-perl arm64 5.004+ds-1+b3 [96.7 kB]
#6 20.87 Get:406 http://deb.debian.org/debian trixie/main arm64 libsereal-encoder-perl arm64 5.004+ds-1+b3 [99.0 kB]
#6 20.88 Get:407 http://deb.debian.org/debian trixie/main arm64 libset-intspan-perl all 1.19-3 [25.3 kB]
#6 20.88 Get:408 http://deb.debian.org/debian trixie/main arm64 libtask-weaken-perl all 1.06-2 [9364 B]
#6 20.88 Get:409 http://deb.debian.org/debian trixie/main arm64 libxml-parser-perl arm64 2.47-2~deb13u1 [196 kB]
#6 20.88 Get:410 http://deb.debian.org/debian trixie/main arm64 libsoap-lite-perl all 1.27-3 [239 kB]
#6 20.89 Get:411 http://deb.debian.org/debian trixie/main arm64 libsocket6-perl arm64 0.29-3+b4 [21.2 kB]
#6 20.89 Get:412 http://deb.debian.org/debian trixie/main arm64 libstring-copyright-perl all 0.003014-1 [23.4 kB]
#6 20.91 Get:413 http://deb.debian.org/debian trixie/main arm64 libstring-escape-perl all 2010.002-3 [18.7 kB]
#6 20.91 Get:414 http://deb.debian.org/debian trixie/main arm64 libstring-license-perl all 0.0.11-1 [34.7 kB]
#6 20.93 Get:415 http://deb.debian.org/debian trixie/main arm64 libstring-shellquote-perl all 1.04-3 [11.9 kB]
#6 20.93 Get:416 http://deb.debian.org/debian trixie/main arm64 libsys-cpuaffinity-perl arm64 1.13~03-2+b4 [32.4 kB]
#6 20.93 Get:417 http://deb.debian.org/debian trixie/main arm64 libterm-readkey-perl arm64 2.38-2+b4 [24.5 kB]
#6 20.93 Get:418 http://deb.debian.org/debian trixie/main arm64 libtext-levenshteinxs-perl arm64 0.03-5+b4 [8772 B]
#6 20.93 Get:419 http://deb.debian.org/debian trixie/main arm64 libtext-markdown-discount-perl arm64 0.18-1 [13.2 kB]
#6 20.94 Get:420 http://deb.debian.org/debian trixie/main arm64 libtext-xslate-perl arm64 3.5.9-2+b1 [172 kB]
#6 20.94 Get:421 http://deb.debian.org/debian trixie/main arm64 libtime-duration-perl all 1.21-2 [13.1 kB]
#6 20.94 Get:422 http://deb.debian.org/debian trixie/main arm64 libtime-moment-perl arm64 0.44-2+b4 [72.0 kB]
#6 20.95 Get:423 http://deb.debian.org/debian trixie/main arm64 libtype-tiny-xs-perl arm64 0.025-2+b1 [25.4 kB]
#6 20.95 Get:424 http://deb.debian.org/debian trixie/main arm64 libunicode-utf8-perl arm64 0.62-3 [19.9 kB]
#6 20.95 Get:425 http://deb.debian.org/debian trixie/main arm64 libwww-mechanize-perl all 2.19-1 [114 kB]
#6 20.95 Get:426 http://deb.debian.org/debian trixie/main arm64 libxau6 arm64 1:1.0.11-1 [20.6 kB]
#6 20.96 Get:427 http://deb.debian.org/debian trixie/main arm64 libxdmcp6 arm64 1:1.1.5-1 [27.8 kB]
#6 20.96 Get:428 http://deb.debian.org/debian trixie/main arm64 libxcb1 arm64 1.17.0-2+b1 [143 kB]
#6 20.96 Get:429 http://deb.debian.org/debian trixie/main arm64 libx11-data all 2:1.8.12-1 [343 kB]
#6 20.97 Get:430 http://deb.debian.org/debian trixie/main arm64 libx11-6 arm64 2:1.8.12-1 [795 kB]
#6 20.99 Get:431 http://deb.debian.org/debian trixie/main arm64 libxdelta2t64 arm64 1.1.3-10.7 [46.8 kB]
#6 20.99 Get:432 http://deb.debian.org/debian trixie/main arm64 libxext6 arm64 2:1.3.4-1+b3 [49.2 kB]
#6 20.99 Get:433 http://deb.debian.org/debian trixie/main arm64 libxml-namespacesupport-perl all 1.12-2 [15.1 kB]
#6 20.99 Get:434 http://deb.debian.org/debian trixie/main arm64 libxml-sax-base-perl all 1.09-3 [20.6 kB]
#6 21.00 Get:435 http://deb.debian.org/debian trixie/main arm64 libxml-sax-perl all 1.02+dfsg-4 [53.4 kB]
#6 21.00 Get:436 http://deb.debian.org/debian trixie/main arm64 libxml-libxml-perl arm64 2.0207+dfsg+really+2.0134-5+deb13u1 [299 kB]
#6 21.00 Get:437 http://deb.debian.org/debian trixie/main arm64 libxml-sax-expat-perl all 0.51-2 [11.1 kB]
#6 21.01 Get:438 http://deb.debian.org/debian trixie/main arm64 libxmlrpc-lite-perl all 0.717-5 [22.4 kB]
#6 21.01 Get:439 http://deb.debian.org/debian trixie/main arm64 libxmuu1 arm64 2:1.1.3-3+b4 [22.0 kB]
#6 21.01 Get:440 http://deb.debian.org/debian trixie/main arm64 libxstring-perl arm64 0.005-2+b4 [8104 B]
#6 21.01 Get:441 http://deb.debian.org/debian trixie/main arm64 libyaml-libyaml-perl arm64 0.903.0+ds-1 [33.7 kB]
#6 21.01 Get:442 http://deb.debian.org/debian trixie/main arm64 licensecheck all 3.3.9-1 [50.1 kB]
#6 21.01 Get:443 http://deb.debian.org/debian trixie/main arm64 plzip arm64 1.12-3 [60.0 kB]
#6 21.02 Get:444 http://deb.debian.org/debian trixie/main arm64 lzip arm64 1.25-3 [86.7 kB]
#6 21.02 Get:445 http://deb.debian.org/debian trixie/main arm64 lzop arm64 1.04-2+b1 [82.3 kB]
#6 21.02 Get:446 http://deb.debian.org/debian trixie/main arm64 t1utils arm64 1.41-4+b1 [57.6 kB]
#6 21.03 Get:447 http://deb.debian.org/debian trixie/main arm64 unzip arm64 6.0-29 [163 kB]
#6 21.04 Get:448 http://deb.debian.org/debian trixie/main arm64 lintian all 2.122.0 [1063 kB]
#6 21.05 Get:449 http://deb.debian.org/debian trixie/main arm64 lsb-release all 12.1-1 [5912 B]
#6 21.06 Get:450 http://deb.debian.org/debian trixie/main arm64 manpages-dev all 6.9.1-1 [2122 kB]
#6 21.09 Get:451 http://deb.debian.org/debian trixie/main arm64 opensc-pkcs11 arm64 0.26.1-2 [800 kB]
#6 21.11 Get:452 http://deb.debian.org/debian trixie/main arm64 opensc arm64 0.26.1-2 [394 kB]
#6 21.12 Get:453 http://deb.debian.org/debian trixie/main arm64 pbzip2 arm64 1.1.13-1+b1 [41.4 kB]
#6 21.12 Get:454 http://deb.debian.org/debian trixie/main arm64 pesign arm64 116-8.1 [113 kB]
#6 21.12 Get:455 http://deb.debian.org/debian trixie/main arm64 pixz arm64 1.0.7-4 [20.1 kB]
#6 21.13 Get:456 http://deb.debian.org/debian trixie/main arm64 xdelta arm64 1.1.3-10.7 [25.5 kB]
#6 21.13 Get:457 http://deb.debian.org/debian trixie/main arm64 xdelta3 arm64 3.0.11-dfsg-1.2+b1 [67.3 kB]
#6 21.13 Get:458 http://deb.debian.org/debian trixie/main arm64 pristine-tar arm64 1.50+nmu2+b1 [104 kB]
#6 21.14 Get:459 http://deb.debian.org/debian trixie/main arm64 psmisc arm64 23.7-2 [265 kB]
#6 21.15 Get:460 http://deb.debian.org/debian trixie/main arm64 publicsuffix all 20250328.1952-0.1 [296 kB]
#6 21.16 Get:461 http://deb.debian.org/debian trixie/main arm64 python-apt-common all 3.0.0 [68.2 kB]
#6 21.16 Get:462 http://deb.debian.org/debian trixie/main arm64 python3-apt arm64 3.0.0 [157 kB]
#6 21.17 Get:463 http://deb.debian.org/debian trixie/main arm64 python3-certifi all 2025.1.31+ds-1 [9652 B]
#6 21.17 Get:464 http://deb.debian.org/debian trixie/main arm64 python3-chardet all 5.2.0+dfsg-2 [108 kB]
#6 21.17 Get:465 http://deb.debian.org/debian trixie/main arm64 python3-idna all 3.10-1+deb13u1 [43.0 kB]
#6 21.17 Get:466 http://deb.debian.org/debian trixie/main arm64 python3-magic all 2:0.4.27-3 [14.6 kB]
#6 21.18 Get:467 http://deb.debian.org/debian trixie/main arm64 python3-urllib3 all 2.3.0-3+deb13u2 [115 kB]
#6 21.18 Get:468 http://deb.debian.org/debian trixie/main arm64 python3-requests all 2.32.3+dfsg-5+deb13u1 [72.2 kB]
#6 21.19 Get:469 http://deb.debian.org/debian trixie/main arm64 python3-unidiff all 0.7.5-2 [12.6 kB]
#6 21.19 Get:470 http://deb.debian.org/debian trixie/main arm64 sbsigntool arm64 0.9.4-3.2 [59.1 kB]
#6 21.19 Get:471 http://deb.debian.org/debian trixie/main arm64 sq arm64 1.3.1-2+b2 [4979 kB]
#6 21.32 Get:472 http://deb.debian.org/debian trixie/main arm64 strace arm64 6.13+ds-1 [1295 kB]
#6 21.35 Get:473 http://deb.debian.org/debian trixie/main arm64 systemd-cryptsetup arm64 257.13-1~deb13u1 [164 kB]
#6 21.35 Get:474 http://deb.debian.org/debian trixie/main arm64 xauth arm64 1:1.1.2-1.1 [35.4 kB]
#6 21.35 Get:475 http://deb.debian.org/debian trixie/main arm64 xdg-user-dirs arm64 0.18-2 [53.2 kB]
#6 21.36 Get:476 http://deb.debian.org/debian trixie/main arm64 xxd arm64 2:9.1.1230-2 [98.4 kB]
#6 21.36 Get:477 http://deb.debian.org/debian trixie/main arm64 gnupg-utils arm64 2.4.7-21+deb13u1+b4 [181 kB]
#6 23.27 debconf: unable to initialize frontend: Dialog
#6 23.27 debconf: (TERM is not set, so the dialog frontend is not usable.)
#6 23.27 debconf: falling back to frontend: Readline
#6 23.27 debconf: unable to initialize frontend: Readline
#6 23.27 debconf: (Can't locate Term/ReadLine.pm in @INC (you may need to install the Term::ReadLine module) (@INC entries checked: /etc/perl /usr/local/lib/aarch64-linux-gnu/perl/5.40.1 /usr/local/share/perl/5.40.1 /usr/lib/aarch64-linux-gnu/perl5/5.40 /usr/share/perl5 /usr/lib/aarch64-linux-gnu/perl-base /usr/lib/aarch64-linux-gnu/perl/5.40 /usr/share/perl/5.40 /usr/local/lib/site_perl) at /usr/share/perl5/Debconf/FrontEnd/Readline.pm line 8, <STDIN> line 477.)
#6 23.27 debconf: falling back to frontend: Teletype
#6 23.43 debconf: unable to initialize frontend: Teletype
#6 23.43 debconf: (This frontend requires a controlling tty.)
#6 23.43 debconf: falling back to frontend: Noninteractive
#6 132.3 Preconfiguring packages ...
#6 133.2 Fetched 197 MB in 5s (43.7 MB/s)
#6 133.4 Selecting previously unselected package libsystemd-shared:arm64.
#6 133.4 (Reading database ... (Reading database ... 5%(Reading database ... 10%(Reading database ... 15%(Reading database ... 20%(Reading database ... 25%(Reading database ... 30%(Reading database ... 35%(Reading database ... 40%(Reading database ... 45%(Reading database ... 50%(Reading database ... 55%(Reading database ... 60%(Reading database ... 65%(Reading database ... 70%(Reading database ... 75%(Reading database ... 80%(Reading database ... 85%(Reading database ... 90%(Reading database ... 95%(Reading database ... 100%(Reading database ... 4933 files and directories currently installed.)
#6 133.4 Preparing to unpack .../libsystemd-shared_257.13-1~deb13u1_arm64.deb ...
#6 133.5 Unpacking libsystemd-shared:arm64 (257.13-1~deb13u1) ...
#6 134.4 Selecting previously unselected package libapparmor1:arm64.
#6 134.4 Preparing to unpack .../libapparmor1_4.1.0-1_arm64.deb ...
#6 134.4 Unpacking libapparmor1:arm64 (4.1.0-1) ...
#6 134.6 Setting up libsystemd-shared:arm64 (257.13-1~deb13u1) ...
#6 134.9 Selecting previously unselected package systemd.
#6 134.9 (Reading database ... (Reading database ... 5%(Reading database ... 10%(Reading database ... 15%(Reading database ... 20%(Reading database ... 25%(Reading database ... 30%(Reading database ... 35%(Reading database ... 40%(Reading database ... 45%(Reading database ... 50%(Reading database ... 55%(Reading database ... 60%(Reading database ... 65%(Reading database ... 70%(Reading database ... 75%(Reading database ... 80%(Reading database ... 85%(Reading database ... 90%(Reading database ... 95%(Reading database ... 100%(Reading database ... 4946 files and directories currently installed.)
#6 134.9 Preparing to unpack .../systemd_257.13-1~deb13u1_arm64.deb ...
#6 135.2 Unpacking systemd (257.13-1~deb13u1) ...
#6 136.3 Setting up libapparmor1:arm64 (4.1.0-1) ...
#6 136.3 Setting up systemd (257.13-1~deb13u1) ...
#6 136.4 Created symlink '/etc/systemd/system/getty.target.wants/getty@tty1.service' → '/usr/lib/systemd/system/getty@.service'.
#6 136.5 Created symlink '/etc/systemd/system/multi-user.target.wants/remote-fs.target' → '/usr/lib/systemd/system/remote-fs.target'.
#6 136.6 Created symlink '/etc/systemd/system/sysinit.target.wants/systemd-pstore.service' → '/usr/lib/systemd/system/systemd-pstore.service'.
#6 136.7 Initializing machine ID from random generator.
#6 137.0 Creating group 'systemd-journal' with GID 999.
#6 137.0 Creating group 'systemd-network' with GID 998.
#6 137.0 Creating user 'systemd-network' (systemd Network Management) with UID 998 and GID 998.
#6 137.1 /usr/lib/tmpfiles.d/legacy.conf:14: Duplicate line for path "/run/lock", ignoring.
#6 137.6 Selecting previously unselected package systemd-sysv.
#6 137.7 (Reading database ... (Reading database ... 5%(Reading database ... 10%(Reading database ... 15%(Reading database ... 20%(Reading database ... 25%(Reading database ... 30%(Reading database ... 35%(Reading database ... 40%(Reading database ... 45%(Reading database ... 50%(Reading database ... 55%(Reading database ... 60%(Reading database ... 65%(Reading database ... 70%(Reading database ... 75%(Reading database ... 80%(Reading database ... 85%(Reading database ... 90%(Reading database ... 95%(Reading database ... 100%(Reading database ... 5883 files and directories currently installed.)
#6 137.7 Preparing to unpack .../0-systemd-sysv_257.13-1~deb13u1_arm64.deb ...
#6 137.7 Unpacking systemd-sysv (257.13-1~deb13u1) ...
#6 138.0 Selecting previously unselected package libdbus-1-3:arm64.
#6 138.0 Preparing to unpack .../1-libdbus-1-3_1.16.2-2_arm64.deb ...
#6 138.0 Unpacking libdbus-1-3:arm64 (1.16.2-2) ...
#6 138.4 Selecting previously unselected package dbus-bin.
#6 138.4 Preparing to unpack .../2-dbus-bin_1.16.2-2_arm64.deb ...
#6 138.4 Unpacking dbus-bin (1.16.2-2) ...
#6 138.7 Selecting previously unselected package dbus-session-bus-common.
#6 138.7 Preparing to unpack .../3-dbus-session-bus-common_1.16.2-2_all.deb ...
#6 138.8 Unpacking dbus-session-bus-common (1.16.2-2) ...
#6 139.1 Selecting previously unselected package libexpat1:arm64.
#6 139.1 Preparing to unpack .../4-libexpat1_2.8.2-1~deb13u1_arm64.deb ...
#6 139.1 Unpacking libexpat1:arm64 (2.8.2-1~deb13u1) ...
#6 139.4 Selecting previously unselected package dbus-daemon.
#6 139.4 Preparing to unpack .../5-dbus-daemon_1.16.2-2_arm64.deb ...
#6 139.4 Unpacking dbus-daemon (1.16.2-2) ...
#6 139.8 Selecting previously unselected package adduser.
#6 139.8 Preparing to unpack .../6-adduser_3.152_all.deb ...
#6 139.8 Unpacking adduser (3.152) ...
#6 140.1 Setting up adduser (3.152) ...
#6 140.4 Selecting previously unselected package dbus-system-bus-common.
#6 140.4 (Reading database ... (Reading database ... 5%(Reading database ... 10%(Reading database ... 15%(Reading database ... 20%(Reading database ... 25%(Reading database ... 30%(Reading database ... 35%(Reading database ... 40%(Reading database ... 45%(Reading database ... 50%(Reading database ... 55%(Reading database ... 60%(Reading database ... 65%(Reading database ... 70%(Reading database ... 75%(Reading database ... 80%(Reading database ... 85%(Reading database ... 90%(Reading database ... 95%(Reading database ... 100%(Reading database ... 6041 files and directories currently installed.)
#6 140.5 Preparing to unpack .../00-dbus-system-bus-common_1.16.2-2_all.deb ...
#6 140.5 Unpacking dbus-system-bus-common (1.16.2-2) ...
#6 140.8 Selecting previously unselected package dbus.
#6 140.8 Preparing to unpack .../01-dbus_1.16.2-2_arm64.deb ...
#6 140.8 Unpacking dbus (1.16.2-2) ...
#6 141.2 Selecting previously unselected package liblocale-gettext-perl.
#6 141.2 Preparing to unpack .../02-liblocale-gettext-perl_1.07-7+b1_arm64.deb ...
#6 141.2 Unpacking liblocale-gettext-perl (1.07-7+b1) ...
#6 141.5 Selecting previously unselected package libusb-1.0-0:arm64.
#6 141.5 Preparing to unpack .../03-libusb-1.0-0_2%3a1.0.28-1_arm64.deb ...
#6 141.5 Unpacking libusb-1.0-0:arm64 (2:1.0.28-1) ...
#6 141.8 Selecting previously unselected package libccid.
#6 141.8 Preparing to unpack .../04-libccid_1.6.2-1_arm64.deb ...
#6 141.8 Unpacking libccid (1.6.2-1) ...
#6 142.2 Selecting previously unselected package libatomic1:arm64.
#6 142.2 Preparing to unpack .../05-libatomic1_14.2.0-19_arm64.deb ...
#6 142.2 Unpacking libatomic1:arm64 (14.2.0-19) ...
#6 142.5 Selecting previously unselected package libffi8:arm64.
#6 142.5 Preparing to unpack .../06-libffi8_3.4.8-2_arm64.deb ...
#6 142.5 Unpacking libffi8:arm64 (3.4.8-2) ...
#6 142.8 Selecting previously unselected package libglib2.0-0t64:arm64.
#6 142.8 Preparing to unpack .../07-libglib2.0-0t64_2.84.4-3~deb13u3_arm64.deb ...
#6 143.0 Unpacking libglib2.0-0t64:arm64 (2.84.4-3~deb13u3) ...
#6 143.8 Selecting previously unselected package libpolkit-gobject-1-0:arm64.
#6 143.8 Preparing to unpack .../08-libpolkit-gobject-1-0_126-2_arm64.deb ...
#6 143.8 Unpacking libpolkit-gobject-1-0:arm64 (126-2) ...
#6 144.1 Selecting previously unselected package runit-helper.
#6 144.1 Preparing to unpack .../09-runit-helper_2.16.4_all.deb ...
#6 144.1 Unpacking runit-helper (2.16.4) ...
#6 144.4 Selecting previously unselected package libpcsclite1:arm64.
#6 144.4 Preparing to unpack .../10-libpcsclite1_2.3.3-1_arm64.deb ...
#6 144.4 Unpacking libpcsclite1:arm64 (2.3.3-1) ...
#6 144.7 Selecting previously unselected package libpam-systemd:arm64.
#6 144.7 Preparing to unpack .../11-libpam-systemd_257.13-1~deb13u1_arm64.deb ...
#6 144.7 Unpacking libpam-systemd:arm64 (257.13-1~deb13u1) ...
#6 145.1 Selecting previously unselected package sgml-base.
#6 145.1 Preparing to unpack .../12-sgml-base_1.31+nmu1_all.deb ...
#6 145.2 Unpacking sgml-base (1.31+nmu1) ...
#6 145.5 Selecting previously unselected package xml-core.
#6 145.5 Preparing to unpack .../13-xml-core_0.19_all.deb ...
#6 145.5 Unpacking xml-core (0.19) ...
#6 145.8 Selecting previously unselected package libduktape207:arm64.
#6 145.8 Preparing to unpack .../14-libduktape207_2.7.0-2+b2_arm64.deb ...
#6 145.8 Unpacking libduktape207:arm64 (2.7.0-2+b2) ...
#6 146.1 Selecting previously unselected package libpolkit-agent-1-0:arm64.
#6 146.1 Preparing to unpack .../15-libpolkit-agent-1-0_126-2_arm64.deb ...
#6 146.1 Unpacking libpolkit-agent-1-0:arm64 (126-2) ...
#6 146.5 Selecting previously unselected package polkitd.
#6 146.5 Preparing to unpack .../16-polkitd_126-2_arm64.deb ...
#6 147.7 Unpacking polkitd (126-2) ...
#6 148.0 Selecting previously unselected package pcscd.
#6 148.0 Preparing to unpack .../17-pcscd_2.3.3-1_arm64.deb ...
#6 148.2 Unpacking pcscd (2.3.3-1) ...
#6 148.5 Selecting previously unselected package libpython3.13-minimal:arm64.
#6 148.5 Preparing to unpack .../18-libpython3.13-minimal_3.13.5-2+deb13u4_arm64.deb ...
#6 148.5 Unpacking libpython3.13-minimal:arm64 (3.13.5-2+deb13u4) ...
#6 149.2 Selecting previously unselected package python3.13-minimal.
#6 149.2 Preparing to unpack .../19-python3.13-minimal_3.13.5-2+deb13u4_arm64.deb ...
#6 149.4 Unpacking python3.13-minimal (3.13.5-2+deb13u4) ...
#6 150.3 Setting up libpython3.13-minimal:arm64 (3.13.5-2+deb13u4) ...
#6 150.4 Setting up libexpat1:arm64 (2.8.2-1~deb13u1) ...
#6 150.4 Setting up python3.13-minimal (3.13.5-2+deb13u4) ...
#6 161.9 Selecting previously unselected package python3-minimal.
#6 162.0 (Reading database ... (Reading database ... 5%(Reading database ... 10%(Reading database ... 15%(Reading database ... 20%(Reading database ... 25%(Reading database ... 30%(Reading database ... 35%(Reading database ... 40%(Reading database ... 45%(Reading database ... 50%(Reading database ... 55%(Reading database ... 60%(Reading database ... 65%(Reading database ... 70%(Reading database ... 75%(Reading database ... 80%(Reading database ... 85%(Reading database ... 90%(Reading database ... 95%(Reading database ... 100%(Reading database ... 6670 files and directories currently installed.)
#6 162.0 Preparing to unpack .../0-python3-minimal_3.13.5-1_arm64.deb ...
#6 162.0 Unpacking python3-minimal (3.13.5-1) ...
#6 162.3 Selecting previously unselected package media-types.
#6 162.3 Preparing to unpack .../1-media-types_13.0.0_all.deb ...
#6 162.3 Unpacking media-types (13.0.0) ...
#6 162.6 Selecting previously unselected package netbase.
#6 162.6 Preparing to unpack .../2-netbase_6.5_all.deb ...
#6 162.6 Unpacking netbase (6.5) ...
#6 162.9 Selecting previously unselected package libncursesw6:arm64.
#6 162.9 Preparing to unpack .../3-libncursesw6_6.5+20250216-2_arm64.deb ...
#6 162.9 Unpacking libncursesw6:arm64 (6.5+20250216-2) ...
#6 163.3 Selecting previously unselected package readline-common.
#6 163.3 Preparing to unpack .../4-readline-common_8.2-6_all.deb ...
#6 163.3 Unpacking readline-common (8.2-6) ...
#6 163.6 Selecting previously unselected package libreadline8t64:arm64.
#6 163.6 Preparing to unpack .../5-libreadline8t64_8.2-6_arm64.deb ...
#6 163.7 Adding 'diversion of /lib/aarch64-linux-gnu/libhistory.so.8 to /lib/aarch64-linux-gnu/libhistory.so.8.usr-is-merged by libreadline8t64'
#6 163.8 Adding 'diversion of /lib/aarch64-linux-gnu/libhistory.so.8.2 to /lib/aarch64-linux-gnu/libhistory.so.8.2.usr-is-merged by libreadline8t64'
#6 163.9 Adding 'diversion of /lib/aarch64-linux-gnu/libreadline.so.8 to /lib/aarch64-linux-gnu/libreadline.so.8.usr-is-merged by libreadline8t64'
#6 164.0 Adding 'diversion of /lib/aarch64-linux-gnu/libreadline.so.8.2 to /lib/aarch64-linux-gnu/libreadline.so.8.2.usr-is-merged by libreadline8t64'
#6 164.0 Unpacking libreadline8t64:arm64 (8.2-6) ...
#6 164.3 Selecting previously unselected package libpython3.13-stdlib:arm64.
#6 164.3 Preparing to unpack .../6-libpython3.13-stdlib_3.13.5-2+deb13u4_arm64.deb ...
#6 164.3 Unpacking libpython3.13-stdlib:arm64 (3.13.5-2+deb13u4) ...
#6 165.2 Selecting previously unselected package python3.13.
#6 165.2 Preparing to unpack .../7-python3.13_3.13.5-2+deb13u4_arm64.deb ...
#6 165.2 Unpacking python3.13 (3.13.5-2+deb13u4) ...
#6 165.5 Selecting previously unselected package libpython3-stdlib:arm64.
#6 165.5 Preparing to unpack .../8-libpython3-stdlib_3.13.5-1_arm64.deb ...
#6 165.5 Unpacking libpython3-stdlib:arm64 (3.13.5-1) ...
#6 165.7 Setting up python3-minimal (3.13.5-1) ...
#6 168.5 Selecting previously unselected package python3.
#6 168.5 (Reading database ... (Reading database ... 5%(Reading database ... 10%(Reading database ... 15%(Reading database ... 20%(Reading database ... 25%(Reading database ... 30%(Reading database ... 35%(Reading database ... 40%(Reading database ... 45%(Reading database ... 50%(Reading database ... 55%(Reading database ... 60%(Reading database ... 65%(Reading database ... 70%(Reading database ... 75%(Reading database ... 80%(Reading database ... 85%(Reading database ... 90%(Reading database ... 95%(Reading database ... 100%(Reading database ... 7172 files and directories currently installed.)
#6 168.5 Preparing to unpack .../000-python3_3.13.5-1_arm64.deb ...
#6 168.6 Unpacking python3 (3.13.5-1) ...
#6 169.0 Selecting previously unselected package less.
#6 169.0 Preparing to unpack .../001-less_668-1_arm64.deb ...
#6 169.0 Unpacking less (668-1) ...
#6 169.4 Selecting previously unselected package linux-sysctl-defaults.
#6 169.4 Preparing to unpack .../002-linux-sysctl-defaults_4.12.1_all.deb ...
#6 169.4 Unpacking linux-sysctl-defaults (4.12.1) ...
#6 169.6 Selecting previously unselected package libproc2-0:arm64.
#6 169.6 Preparing to unpack .../003-libproc2-0_2%3a4.0.4-9_arm64.deb ...
#6 169.6 Unpacking libproc2-0:arm64 (2:4.0.4-9) ...
#6 170.0 Selecting previously unselected package procps.
#6 170.0 Preparing to unpack .../004-procps_2%3a4.0.4-9_arm64.deb ...
#6 170.2 Unpacking procps (2:4.0.4-9) ...
#6 170.8 Selecting previously unselected package sensible-utils.
#6 170.8 Preparing to unpack .../005-sensible-utils_0.0.25_all.deb ...
#6 170.8 Unpacking sensible-utils (0.0.25) ...
#6 171.0 Selecting previously unselected package bzip2.
#6 171.0 Preparing to unpack .../006-bzip2_1.0.8-6_arm64.deb ...
#6 171.0 Unpacking bzip2 (1.0.8-6) ...
#6 171.3 Selecting previously unselected package openssl.
#6 171.3 Preparing to unpack .../007-openssl_3.5.6-1~deb13u2_arm64.deb ...
#6 171.3 Unpacking openssl (3.5.6-1~deb13u2) ...
#6 172.0 Selecting previously unselected package ca-certificates.
#6 172.0 Preparing to unpack .../008-ca-certificates_20250419_all.deb ...
#6 172.0 Unpacking ca-certificates (20250419) ...
#6 172.3 Selecting previously unselected package libmagic-mgc.
#6 172.3 Preparing to unpack .../009-libmagic-mgc_1%3a5.46-5_arm64.deb ...
#6 172.3 Unpacking libmagic-mgc (1:5.46-5) ...
#6 172.8 Selecting previously unselected package libmagic1t64:arm64.
#6 172.8 Preparing to unpack .../010-libmagic1t64_1%3a5.46-5_arm64.deb ...
#6 172.8 Unpacking libmagic1t64:arm64 (1:5.46-5) ...
#6 173.1 Selecting previously unselected package file.
#6 173.1 Preparing to unpack .../011-file_1%3a5.46-5_arm64.deb ...
#6 173.1 Unpacking file (1:5.46-5) ...
#6 173.4 Selecting previously unselected package gettext-base.
#6 173.4 Preparing to unpack .../012-gettext-base_0.23.1-2_arm64.deb ...
#6 173.4 Unpacking gettext-base (0.23.1-2) ...
#6 173.8 Selecting previously unselected package libuchardet0:arm64.
#6 173.8 Preparing to unpack .../013-libuchardet0_0.0.8-1+b2_arm64.deb ...
#6 173.8 Unpacking libuchardet0:arm64 (0.0.8-1+b2) ...
#6 174.0 Selecting previously unselected package groff-base.
#6 174.0 Preparing to unpack .../014-groff-base_1.23.0-9_arm64.deb ...
#6 174.0 Unpacking groff-base (1.23.0-9) ...
#6 174.6 Selecting previously unselected package krb5-locales.
#6 174.7 Preparing to unpack .../015-krb5-locales_1.21.3-5+deb13u1_all.deb ...
#6 174.7 Unpacking krb5-locales (1.21.3-5+deb13u1) ...
#6 175.0 Selecting previously unselected package libnss-systemd:arm64.
#6 175.0 Preparing to unpack .../016-libnss-systemd_257.13-1~deb13u1_arm64.deb ...
#6 175.1 Unpacking libnss-systemd:arm64 (257.13-1~deb13u1) ...
#6 175.4 Selecting previously unselected package bsdextrautils.
#6 175.4 Preparing to unpack .../017-bsdextrautils_2.41-5_arm64.deb ...
#6 175.4 Unpacking bsdextrautils (2.41-5) ...
#6 175.8 Selecting previously unselected package libgdbm6t64:arm64.
#6 175.8 Preparing to unpack .../018-libgdbm6t64_1.24-2_arm64.deb ...
#6 175.8 Unpacking libgdbm6t64:arm64 (1.24-2) ...
#6 176.1 Selecting previously unselected package libpipeline1:arm64.
#6 176.1 Preparing to unpack .../019-libpipeline1_1.5.8-1_arm64.deb ...
#6 176.1 Unpacking libpipeline1:arm64 (1.5.8-1) ...
#6 176.4 Selecting previously unselected package man-db.
#6 176.4 Preparing to unpack .../020-man-db_2.13.1-1_arm64.deb ...
#6 176.4 Unpacking man-db (2.13.1-1) ...
#6 177.1 Selecting previously unselected package manpages.
#6 177.1 Preparing to unpack .../021-manpages_6.9.1-1_all.deb ...
#6 177.1 Unpacking manpages (6.9.1-1) ...
#6 177.7 Selecting previously unselected package libedit2:arm64.
#6 177.7 Preparing to unpack .../022-libedit2_3.1-20250104-1_arm64.deb ...
#6 177.7 Unpacking libedit2:arm64 (3.1-20250104-1) ...
#6 178.1 Selecting previously unselected package libcbor0.10:arm64.
#6 178.1 Preparing to unpack .../023-libcbor0.10_0.10.2-2_arm64.deb ...
#6 178.1 Unpacking libcbor0.10:arm64 (0.10.2-2) ...
#6 178.4 Selecting previously unselected package libfido2-1:arm64.
#6 178.4 Preparing to unpack .../024-libfido2-1_1.15.0-1+b1_arm64.deb ...
#6 178.4 Unpacking libfido2-1:arm64 (1.15.0-1+b1) ...
#6 178.7 Selecting previously unselected package libkrb5support0:arm64.
#6 178.7 Preparing to unpack .../025-libkrb5support0_1.21.3-5+deb13u1_arm64.deb ...
#6 178.7 Unpacking libkrb5support0:arm64 (1.21.3-5+deb13u1) ...
#6 179.0 Selecting previously unselected package libcom-err2:arm64.
#6 179.0 Preparing to unpack .../026-libcom-err2_1.47.2-3+b11_arm64.deb ...
#6 179.0 Unpacking libcom-err2:arm64 (1.47.2-3+b11) ...
#6 179.3 Selecting previously unselected package libk5crypto3:arm64.
#6 179.4 Preparing to unpack .../027-libk5crypto3_1.21.3-5+deb13u1_arm64.deb ...
#6 179.4 Unpacking libk5crypto3:arm64 (1.21.3-5+deb13u1) ...
#6 179.7 Selecting previously unselected package libkeyutils1:arm64.
#6 179.7 Preparing to unpack .../028-libkeyutils1_1.6.3-6_arm64.deb ...
#6 179.7 Unpacking libkeyutils1:arm64 (1.6.3-6) ...
#6 180.0 Selecting previously unselected package libkrb5-3:arm64.
#6 180.0 Preparing to unpack .../029-libkrb5-3_1.21.3-5+deb13u1_arm64.deb ...
#6 180.0 Unpacking libkrb5-3:arm64 (1.21.3-5+deb13u1) ...
#6 180.4 Selecting previously unselected package libgssapi-krb5-2:arm64.
#6 180.4 Preparing to unpack .../030-libgssapi-krb5-2_1.21.3-5+deb13u1_arm64.deb ...
#6 180.4 Unpacking libgssapi-krb5-2:arm64 (1.21.3-5+deb13u1) ...
#6 180.8 Selecting previously unselected package openssh-client.
#6 180.8 Preparing to unpack .../031-openssh-client_1%3a10.0p1-7+deb13u4_arm64.deb ...
#6 181.0 Unpacking openssh-client (1:10.0p1-7+deb13u4) ...
#6 181.5 Selecting previously unselected package perl-modules-5.40.
#6 181.5 Preparing to unpack .../032-perl-modules-5.40_5.40.1-6_all.deb ...
#6 181.5 Unpacking perl-modules-5.40 (5.40.1-6) ...
#6 182.9 Selecting previously unselected package libgdbm-compat4t64:arm64.
#6 182.9 Preparing to unpack .../033-libgdbm-compat4t64_1.24-2_arm64.deb ...
#6 182.9 Unpacking libgdbm-compat4t64:arm64 (1.24-2) ...
#6 183.2 Selecting previously unselected package libperl5.40:arm64.
#6 183.2 Preparing to unpack .../034-libperl5.40_5.40.1-6_arm64.deb ...
#6 183.2 Unpacking libperl5.40:arm64 (5.40.1-6) ...
#6 184.8 Selecting previously unselected package perl.
#6 184.8 Preparing to unpack .../035-perl_5.40.1-6_arm64.deb ...
#6 184.8 Unpacking perl (5.40.1-6) ...
#6 185.2 Selecting previously unselected package systemd-timesyncd.
#6 185.2 Preparing to unpack .../036-systemd-timesyncd_257.13-1~deb13u1_arm64.deb ...
#6 185.2 Unpacking systemd-timesyncd (257.13-1~deb13u1) ...
#6 185.5 Selecting previously unselected package libtext-charwidth-perl:arm64.
#6 185.5 Preparing to unpack .../037-libtext-charwidth-perl_0.04-11+b4_arm64.deb ...
#6 185.5 Unpacking libtext-charwidth-perl:arm64 (0.04-11+b4) ...
#6 185.8 Selecting previously unselected package libtext-wrapi18n-perl.
#6 185.8 Preparing to unpack .../038-libtext-wrapi18n-perl_0.06-10_all.deb ...
#6 185.8 Unpacking libtext-wrapi18n-perl (0.06-10) ...
#6 186.1 Selecting previously unselected package ucf.
#6 186.1 Preparing to unpack .../039-ucf_3.0052_all.deb ...
#6 186.2 Moving old data out of the way
#6 186.2 Unpacking ucf (3.0052) ...
#6 186.5 Selecting previously unselected package libunistring5:arm64.
#6 186.5 Preparing to unpack .../040-libunistring5_1.3-2_arm64.deb ...
#6 186.5 Unpacking libunistring5:arm64 (1.3-2) ...
#6 187.0 Selecting previously unselected package libidn2-0:arm64.
#6 187.0 Preparing to unpack .../041-libidn2-0_2.3.8-2_arm64.deb ...
#6 187.0 Unpacking libidn2-0:arm64 (2.3.8-2) ...
#6 187.3 Selecting previously unselected package libp11-kit0:arm64.
#6 187.3 Preparing to unpack .../042-libp11-kit0_0.25.5-3_arm64.deb ...
#6 187.3 Unpacking libp11-kit0:arm64 (0.25.5-3) ...
#6 187.7 Selecting previously unselected package libtasn1-6:arm64.
#6 187.7 Preparing to unpack .../043-libtasn1-6_4.20.0-2+deb13u1_arm64.deb ...
#6 187.7 Unpacking libtasn1-6:arm64 (4.20.0-2+deb13u1) ...
#6 188.0 Selecting previously unselected package libgnutls30t64:arm64.
#6 188.0 Preparing to unpack .../044-libgnutls30t64_3.8.9-3+deb13u4_arm64.deb ...
#6 188.0 Unpacking libgnutls30t64:arm64 (3.8.9-3+deb13u4) ...
#6 188.6 Selecting previously unselected package libpsl5t64:arm64.
#6 188.6 Preparing to unpack .../045-libpsl5t64_0.21.2-1.1+b1_arm64.deb ...
#6 188.6 Unpacking libpsl5t64:arm64 (0.21.2-1.1+b1) ...
#6 188.9 Selecting previously unselected package wget.
#6 188.9 Preparing to unpack .../046-wget_1.25.0-2_arm64.deb ...
#6 188.9 Unpacking wget (1.25.0-2) ...
#6 189.5 Selecting previously unselected package xz-utils.
#6 189.5 Preparing to unpack .../047-xz-utils_5.8.1-1+deb13u1_arm64.deb ...
#6 189.5 Unpacking xz-utils (5.8.1-1+deb13u1) ...
#6 190.0 Selecting previously unselected package libxml2:arm64.
#6 190.0 Preparing to unpack .../048-libxml2_2.12.7+dfsg+really2.9.14-2.1+deb13u3_arm64.deb ...
#6 190.0 Unpacking libxml2:arm64 (2.12.7+dfsg+really2.9.14-2.1+deb13u3) ...
#6 190.5 Selecting previously unselected package shared-mime-info.
#6 190.5 Preparing to unpack .../049-shared-mime-info_2.4-5+b2_arm64.deb ...
#6 190.5 Unpacking shared-mime-info (2.4-5+b2) ...
#6 191.0 Selecting previously unselected package libbrotli1:arm64.
#6 191.0 Preparing to unpack .../050-libbrotli1_1.1.0-2+b7_arm64.deb ...
#6 191.0 Unpacking libbrotli1:arm64 (1.1.0-2+b7) ...
#6 191.4 Selecting previously unselected package libsasl2-modules-db:arm64.
#6 191.4 Preparing to unpack .../051-libsasl2-modules-db_2.1.28+dfsg1-9_arm64.deb ...
#6 191.4 Unpacking libsasl2-modules-db:arm64 (2.1.28+dfsg1-9) ...
#6 191.7 Selecting previously unselected package libsasl2-2:arm64.
#6 191.7 Preparing to unpack .../052-libsasl2-2_2.1.28+dfsg1-9_arm64.deb ...
#6 191.7 Unpacking libsasl2-2:arm64 (2.1.28+dfsg1-9) ...
#6 192.0 Selecting previously unselected package libldap2:arm64.
#6 192.1 Preparing to unpack .../053-libldap2_2.6.10+dfsg-1_arm64.deb ...
#6 192.1 Unpacking libldap2:arm64 (2.6.10+dfsg-1) ...
#6 192.4 Selecting previously unselected package libnghttp2-14:arm64.
#6 192.4 Preparing to unpack .../054-libnghttp2-14_1.64.0-1.1+deb13u1_arm64.deb ...
#6 192.4 Unpacking libnghttp2-14:arm64 (1.64.0-1.1+deb13u1) ...
#6 192.8 Selecting previously unselected package libnghttp3-9:arm64.
#6 192.8 Preparing to unpack .../055-libnghttp3-9_1.8.0-1_arm64.deb ...
#6 192.8 Unpacking libnghttp3-9:arm64 (1.8.0-1) ...
#6 193.1 Selecting previously unselected package libngtcp2-16:arm64.
#6 193.1 Preparing to unpack .../056-libngtcp2-16_1.11.0-1+deb13u1_arm64.deb ...
#6 193.1 Unpacking libngtcp2-16:arm64 (1.11.0-1+deb13u1) ...
#6 193.4 Selecting previously unselected package libngtcp2-crypto-gnutls8:arm64.
#6 193.4 Preparing to unpack .../057-libngtcp2-crypto-gnutls8_1.11.0-1+deb13u1_arm64.deb ...
#6 193.4 Unpacking libngtcp2-crypto-gnutls8:arm64 (1.11.0-1+deb13u1) ...
#6 193.7 Selecting previously unselected package librtmp1:arm64.
#6 193.7 Preparing to unpack .../058-librtmp1_2.4+20151223.gitfa8646d.1-2+b5_arm64.deb ...
#6 193.7 Unpacking librtmp1:arm64 (2.4+20151223.gitfa8646d.1-2+b5) ...
#6 194.1 Selecting previously unselected package libssh2-1t64:arm64.
#6 194.1 Preparing to unpack .../059-libssh2-1t64_1.11.1-1+deb13u1_arm64.deb ...
#6 194.1 Unpacking libssh2-1t64:arm64 (1.11.1-1+deb13u1) ...
#6 194.4 Selecting previously unselected package libcurl3t64-gnutls:arm64.
#6 194.4 Preparing to unpack .../060-libcurl3t64-gnutls_8.14.1-2+deb13u4_arm64.deb ...
#6 194.4 Unpacking libcurl3t64-gnutls:arm64 (8.14.1-2+deb13u4) ...
#6 194.8 Selecting previously unselected package libstemmer0d:arm64.
#6 194.8 Preparing to unpack .../061-libstemmer0d_2.2.0-4+b2_arm64.deb ...
#6 194.8 Unpacking libstemmer0d:arm64 (2.2.0-4+b2) ...
#6 195.2 Selecting previously unselected package libxmlb2:arm64.
#6 195.2 Preparing to unpack .../062-libxmlb2_0.3.22-1_arm64.deb ...
#6 195.2 Unpacking libxmlb2:arm64 (0.3.22-1) ...
#6 195.5 Selecting previously unselected package libyaml-0-2:arm64.
#6 195.5 Preparing to unpack .../063-libyaml-0-2_0.2.5-2_arm64.deb ...
#6 195.5 Unpacking libyaml-0-2:arm64 (0.2.5-2) ...
#6 195.8 Selecting previously unselected package libappstream5:arm64.
#6 195.8 Preparing to unpack .../064-libappstream5_1.0.5-1_arm64.deb ...
#6 195.8 Unpacking libappstream5:arm64 (1.0.5-1) ...
#6 196.1 Selecting previously unselected package appstream.
#6 196.1 Preparing to unpack .../065-appstream_1.0.5-1_arm64.deb ...
#6 196.3 Unpacking appstream (1.0.5-1) ...
#6 196.8 Selecting previously unselected package m4.
#6 196.8 Preparing to unpack .../066-m4_1.4.19-8_arm64.deb ...
#6 196.8 Unpacking m4 (1.4.19-8) ...
#6 197.2 Selecting previously unselected package autoconf.
#6 197.2 Preparing to unpack .../067-autoconf_2.72-3.1_all.deb ...
#6 197.2 Unpacking autoconf (2.72-3.1) ...
#6 197.7 Selecting previously unselected package autotools-dev.
#6 197.7 Preparing to unpack .../068-autotools-dev_20240727.1_all.deb ...
#6 197.7 Unpacking autotools-dev (20240727.1) ...
#6 198.0 Selecting previously unselected package automake.
#6 198.0 Preparing to unpack .../069-automake_1%3a1.17-4_all.deb ...
#6 198.1 Unpacking automake (1:1.17-4) ...
#6 198.5 Selecting previously unselected package autopoint.
#6 198.5 Preparing to unpack .../070-autopoint_0.23.1-2_all.deb ...
#6 198.5 Unpacking autopoint (0.23.1-2) ...
#6 198.9 Selecting previously unselected package libsframe1:arm64.
#6 198.9 Preparing to unpack .../071-libsframe1_2.44-3_arm64.deb ...
#6 198.9 Unpacking libsframe1:arm64 (2.44-3) ...
#6 199.2 Selecting previously unselected package binutils-common:arm64.
#6 199.2 Preparing to unpack .../072-binutils-common_2.44-3_arm64.deb ...
#6 199.2 Unpacking binutils-common:arm64 (2.44-3) ...
#6 200.3 Selecting previously unselected package libbinutils:arm64.
#6 200.3 Preparing to unpack .../073-libbinutils_2.44-3_arm64.deb ...
#6 200.3 Unpacking libbinutils:arm64 (2.44-3) ...
#6 200.8 Selecting previously unselected package libgprofng0:arm64.
#6 200.8 Preparing to unpack .../074-libgprofng0_2.44-3_arm64.deb ...
#6 200.8 Unpacking libgprofng0:arm64 (2.44-3) ...
#6 201.4 Selecting previously unselected package libctf-nobfd0:arm64.
#6 201.4 Preparing to unpack .../075-libctf-nobfd0_2.44-3_arm64.deb ...
#6 201.4 Unpacking libctf-nobfd0:arm64 (2.44-3) ...
#6 201.7 Selecting previously unselected package libctf0:arm64.
#6 201.7 Preparing to unpack .../076-libctf0_2.44-3_arm64.deb ...
#6 201.7 Unpacking libctf0:arm64 (2.44-3) ...
#6 202.0 Selecting previously unselected package libjansson4:arm64.
#6 202.0 Preparing to unpack .../077-libjansson4_2.14-2+b3_arm64.deb ...
#6 202.0 Unpacking libjansson4:arm64 (2.14-2+b3) ...
#6 202.4 Selecting previously unselected package binutils-aarch64-linux-gnu.
#6 202.4 Preparing to unpack .../078-binutils-aarch64-linux-gnu_2.44-3_arm64.deb ...
#6 202.4 Unpacking binutils-aarch64-linux-gnu (2.44-3) ...
#6 203.0 Selecting previously unselected package binutils.
#6 203.0 Preparing to unpack .../079-binutils_2.44-3_arm64.deb ...
#6 203.1 Unpacking binutils (2.44-3) ...
#6 203.4 Selecting previously unselected package libc-dev-bin.
#6 203.5 Preparing to unpack .../080-libc-dev-bin_2.41-12+deb13u3_arm64.deb ...
#6 203.5 Unpacking libc-dev-bin (2.41-12+deb13u3) ...
#6 203.9 Selecting previously unselected package linux-libc-dev.
#6 203.9 Preparing to unpack .../081-linux-libc-dev_6.12.96-1_all.deb ...
#6 203.9 Unpacking linux-libc-dev (6.12.96-1) ...
#6 204.8 Selecting previously unselected package libcrypt-dev:arm64.
#6 204.8 Preparing to unpack .../082-libcrypt-dev_1%3a4.4.38-1_arm64.deb ...
#6 205.0 Unpacking libcrypt-dev:arm64 (1:4.4.38-1) ...
#6 205.3 Selecting previously unselected package rpcsvc-proto.
#6 205.3 Preparing to unpack .../083-rpcsvc-proto_1.4.3-1+b1_arm64.deb ...
#6 205.4 Unpacking rpcsvc-proto (1.4.3-1+b1) ...
#6 205.7 Selecting previously unselected package libc6-dev:arm64.
#6 205.7 Preparing to unpack .../084-libc6-dev_2.41-12+deb13u3_arm64.deb ...
#6 205.7 Unpacking libc6-dev:arm64 (2.41-12+deb13u3) ...
#6 206.7 Selecting previously unselected package libisl23:arm64.
#6 206.7 Preparing to unpack .../085-libisl23_0.27-1_arm64.deb ...
#6 206.7 Unpacking libisl23:arm64 (0.27-1) ...
#6 207.2 Selecting previously unselected package libmpfr6:arm64.
#6 207.2 Preparing to unpack .../086-libmpfr6_4.2.2-1_arm64.deb ...
#6 207.2 Unpacking libmpfr6:arm64 (4.2.2-1) ...
#6 207.7 Selecting previously unselected package libmpc3:arm64.
#6 207.7 Preparing to unpack .../087-libmpc3_1.3.1-1+b3_arm64.deb ...
#6 207.7 Unpacking libmpc3:arm64 (1.3.1-1+b3) ...
#6 208.0 Selecting previously unselected package cpp-14-aarch64-linux-gnu.
#6 208.0 Preparing to unpack .../088-cpp-14-aarch64-linux-gnu_14.2.0-19_arm64.deb ...
#6 208.0 Unpacking cpp-14-aarch64-linux-gnu (14.2.0-19) ...
#6 210.7 Selecting previously unselected package cpp-14.
#6 210.7 Preparing to unpack .../089-cpp-14_14.2.0-19_arm64.deb ...
#6 210.7 Unpacking cpp-14 (14.2.0-19) ...
#6 211.0 Selecting previously unselected package cpp-aarch64-linux-gnu.
#6 211.0 Preparing to unpack .../090-cpp-aarch64-linux-gnu_4%3a14.2.0-1_arm64.deb ...
#6 211.0 Unpacking cpp-aarch64-linux-gnu (4:14.2.0-1) ...
#6 211.3 Selecting previously unselected package cpp.
#6 211.3 Preparing to unpack .../091-cpp_4%3a14.2.0-1_arm64.deb ...
#6 211.5 Unpacking cpp (4:14.2.0-1) ...
#6 211.8 Selecting previously unselected package libcc1-0:arm64.
#6 211.8 Preparing to unpack .../092-libcc1-0_14.2.0-19_arm64.deb ...
#6 211.8 Unpacking libcc1-0:arm64 (14.2.0-19) ...
#6 212.1 Selecting previously unselected package libgomp1:arm64.
#6 212.1 Preparing to unpack .../093-libgomp1_14.2.0-19_arm64.deb ...
#6 212.1 Unpacking libgomp1:arm64 (14.2.0-19) ...
#6 212.5 Selecting previously unselected package libitm1:arm64.
#6 212.5 Preparing to unpack .../094-libitm1_14.2.0-19_arm64.deb ...
#6 212.5 Unpacking libitm1:arm64 (14.2.0-19) ...
#6 212.8 Selecting previously unselected package libasan8:arm64.
#6 212.8 Preparing to unpack .../095-libasan8_14.2.0-19_arm64.deb ...
#6 212.8 Unpacking libasan8:arm64 (14.2.0-19) ...
#6 213.9 Selecting previously unselected package liblsan0:arm64.
#6 213.9 Preparing to unpack .../096-liblsan0_14.2.0-19_arm64.deb ...
#6 213.9 Unpacking liblsan0:arm64 (14.2.0-19) ...
#6 214.6 Selecting previously unselected package libtsan2:arm64.
#6 214.6 Preparing to unpack .../097-libtsan2_14.2.0-19_arm64.deb ...
#6 214.6 Unpacking libtsan2:arm64 (14.2.0-19) ...
#6 215.9 Selecting previously unselected package libubsan1:arm64.
#6 215.9 Preparing to unpack .../098-libubsan1_14.2.0-19_arm64.deb ...
#6 215.9 Unpacking libubsan1:arm64 (14.2.0-19) ...
#6 216.6 Selecting previously unselected package libhwasan0:arm64.
#6 216.6 Preparing to unpack .../099-libhwasan0_14.2.0-19_arm64.deb ...
#6 216.6 Unpacking libhwasan0:arm64 (14.2.0-19) ...
#6 217.4 Selecting previously unselected package libgcc-14-dev:arm64.
#6 217.4 Preparing to unpack .../100-libgcc-14-dev_14.2.0-19_arm64.deb ...
#6 217.4 Unpacking libgcc-14-dev:arm64 (14.2.0-19) ...
#6 218.5 Selecting previously unselected package gcc-14-aarch64-linux-gnu.
#6 218.5 Preparing to unpack .../101-gcc-14-aarch64-linux-gnu_14.2.0-19_arm64.deb ...
#6 218.5 Unpacking gcc-14-aarch64-linux-gnu (14.2.0-19) ...
#6 222.1 Selecting previously unselected package gcc-14.
#6 222.1 Preparing to unpack .../102-gcc-14_14.2.0-19_arm64.deb ...
#6 222.1 Unpacking gcc-14 (14.2.0-19) ...
#6 222.5 Selecting previously unselected package gcc-aarch64-linux-gnu.
#6 222.5 Preparing to unpack .../103-gcc-aarch64-linux-gnu_4%3a14.2.0-1_arm64.deb ...
#6 222.5 Unpacking gcc-aarch64-linux-gnu (4:14.2.0-1) ...
#6 222.8 Selecting previously unselected package gcc.
#6 222.8 Preparing to unpack .../104-gcc_4%3a14.2.0-1_arm64.deb ...
#6 222.8 Unpacking gcc (4:14.2.0-1) ...
#6 223.2 Selecting previously unselected package libstdc++-14-dev:arm64.
#6 223.2 Preparing to unpack .../105-libstdc++-14-dev_14.2.0-19_arm64.deb ...
#6 223.2 Unpacking libstdc++-14-dev:arm64 (14.2.0-19) ...
#6 224.4 Selecting previously unselected package g++-14-aarch64-linux-gnu.
#6 224.4 Preparing to unpack .../106-g++-14-aarch64-linux-gnu_14.2.0-19_arm64.deb ...
#6 224.4 Unpacking g++-14-aarch64-linux-gnu (14.2.0-19) ...
#6 227.7 Selecting previously unselected package g++-14.
#6 227.8 Preparing to unpack .../107-g++-14_14.2.0-19_arm64.deb ...
#6 227.8 Unpacking g++-14 (14.2.0-19) ...
#6 228.1 Selecting previously unselected package g++-aarch64-linux-gnu.
#6 228.1 Preparing to unpack .../108-g++-aarch64-linux-gnu_4%3a14.2.0-1_arm64.deb ...
#6 228.1 Unpacking g++-aarch64-linux-gnu (4:14.2.0-1) ...
#6 228.3 Selecting previously unselected package g++.
#6 228.3 Preparing to unpack .../109-g++_4%3a14.2.0-1_arm64.deb ...
#6 228.3 Unpacking g++ (4:14.2.0-1) ...
#6 228.6 Selecting previously unselected package make.
#6 228.6 Preparing to unpack .../110-make_4.4.1-2_arm64.deb ...
#6 228.6 Unpacking make (4.4.1-2) ...
#6 229.1 Selecting previously unselected package libdpkg-perl.
#6 229.1 Preparing to unpack .../111-libdpkg-perl_1.22.22_all.deb ...
#6 229.1 Unpacking libdpkg-perl (1.22.22) ...
#6 229.6 Selecting previously unselected package patch.
#6 229.6 Preparing to unpack .../112-patch_2.8-2_arm64.deb ...
#6 229.6 Unpacking patch (2.8-2) ...
#6 229.9 Selecting previously unselected package dpkg-dev.
#6 229.9 Preparing to unpack .../113-dpkg-dev_1.22.22_all.deb ...
#6 229.9 Unpacking dpkg-dev (1.22.22) ...
#6 230.7 Selecting previously unselected package build-essential.
#6 230.7 Preparing to unpack .../114-build-essential_12.12_arm64.deb ...
#6 230.7 Unpacking build-essential (12.12) ...
#6 231.0 Selecting previously unselected package libckyapplet1t64.
#6 231.0 Preparing to unpack .../115-libckyapplet1t64_1.1.0-16.1+b2_arm64.deb ...
#6 231.0 Unpacking libckyapplet1t64 (1.1.0-16.1+b2) ...
#6 231.3 Selecting previously unselected package coolkey.
#6 231.3 Preparing to unpack .../116-coolkey_1.1.0-16.1+b2_arm64.deb ...
#6 231.3 Unpacking coolkey (1.1.0-16.1+b2) ...
#6 231.6 Selecting previously unselected package dbus-user-session.
#6 231.6 Preparing to unpack .../117-dbus-user-session_1.16.2-2_arm64.deb ...
#6 231.6 Unpacking dbus-user-session (1.16.2-2) ...
#6 232.0 Selecting previously unselected package dctrl-tools.
#6 232.0 Preparing to unpack .../118-dctrl-tools_2.24-3+b1_arm64.deb ...
#6 232.1 Unpacking dctrl-tools (2.24-3+b1) ...
#6 232.4 Selecting previously unselected package libdebhelper-perl.
#6 232.4 Preparing to unpack .../119-libdebhelper-perl_13.24.2_all.deb ...
#6 232.5 Unpacking libdebhelper-perl (13.24.2) ...
#6 232.8 Selecting previously unselected package libtool.
#6 232.8 Preparing to unpack .../120-libtool_2.5.4-4_all.deb ...
#6 232.8 Unpacking libtool (2.5.4-4) ...
#6 233.2 Selecting previously unselected package dh-autoreconf.
#6 233.2 Preparing to unpack .../121-dh-autoreconf_20_all.deb ...
#6 233.2 Unpacking dh-autoreconf (20) ...
#6 233.5 Selecting previously unselected package libarchive-zip-perl.
#6 233.5 Preparing to unpack .../122-libarchive-zip-perl_1.68-1_all.deb ...
#6 233.5 Unpacking libarchive-zip-perl (1.68-1) ...
#6 233.8 Selecting previously unselected package libfile-stripnondeterminism-perl.
#6 233.8 Preparing to unpack .../123-libfile-stripnondeterminism-perl_1.14.1-2_all.deb ...
#6 233.8 Unpacking libfile-stripnondeterminism-perl (1.14.1-2) ...
#6 234.1 Selecting previously unselected package dh-strip-nondeterminism.
#6 234.1 Preparing to unpack .../124-dh-strip-nondeterminism_1.14.1-2_all.deb ...
#6 234.1 Unpacking dh-strip-nondeterminism (1.14.1-2) ...
#6 234.4 Selecting previously unselected package libelf1t64:arm64.
#6 234.4 Preparing to unpack .../125-libelf1t64_0.192-4_arm64.deb ...
#6 234.4 Unpacking libelf1t64:arm64 (0.192-4) ...
#6 234.8 Selecting previously unselected package dwz.
#6 234.8 Preparing to unpack .../126-dwz_0.15-1+b1_arm64.deb ...
#6 234.8 Unpacking dwz (0.15-1+b1) ...
#6 235.1 Selecting previously unselected package gettext.
#6 235.1 Preparing to unpack .../127-gettext_0.23.1-2_arm64.deb ...
#6 235.1 Unpacking gettext (0.23.1-2) ...
#6 235.9 Selecting previously unselected package intltool-debian.
#6 235.9 Preparing to unpack .../128-intltool-debian_0.35.0+20060710.6_all.deb ...
#6 235.9 Unpacking intltool-debian (0.35.0+20060710.6) ...
#6 236.2 Selecting previously unselected package po-debconf.
#6 236.2 Preparing to unpack .../129-po-debconf_1.0.21+nmu1_all.deb ...
#6 236.2 Unpacking po-debconf (1.0.21+nmu1) ...
#6 236.5 Selecting previously unselected package debhelper.
#6 236.6 Preparing to unpack .../130-debhelper_13.24.2_all.deb ...
#6 236.6 Unpacking debhelper (13.24.2) ...
#6 237.1 Selecting previously unselected package debian-keyring.
#6 237.1 Preparing to unpack .../131-debian-keyring_2025.07.26_all.deb ...
#6 237.1 Unpacking debian-keyring (2025.07.26) ...
#6 243.5 Selecting previously unselected package debian-tag2upload-keyring.
#6 243.5 Preparing to unpack .../132-debian-tag2upload-keyring_1.1_all.deb ...
#6 243.5 Unpacking debian-tag2upload-keyring (1.1) ...
#6 243.7 Selecting previously unselected package libgpg-error0:arm64.
#6 243.8 Preparing to unpack .../133-libgpg-error0_1.51-4_arm64.deb ...
#6 243.8 Unpacking libgpg-error0:arm64 (1.51-4) ...
#6 244.0 Selecting previously unselected package libassuan9:arm64.
#6 244.0 Preparing to unpack .../134-libassuan9_3.0.2-2_arm64.deb ...
#6 244.0 Unpacking libassuan9:arm64 (3.0.2-2) ...
#6 244.4 Selecting previously unselected package libgcrypt20:arm64.
#6 244.4 Preparing to unpack .../135-libgcrypt20_1.11.0-7+deb13u1_arm64.deb ...
#6 244.4 Unpacking libgcrypt20:arm64 (1.11.0-7+deb13u1) ...
#6 244.8 Selecting previously unselected package gpgconf.
#6 244.8 Preparing to unpack .../136-gpgconf_2.4.7-21+deb13u1+b4_arm64.deb ...
#6 244.8 Unpacking gpgconf (2.4.7-21+deb13u1+b4) ...
#6 245.2 Selecting previously unselected package libksba8:arm64.
#6 245.2 Preparing to unpack .../137-libksba8_1.6.7-2+b1_arm64.deb ...
#6 245.2 Unpacking libksba8:arm64 (1.6.7-2+b1) ...
#6 245.5 Selecting previously unselected package libnpth0t64:arm64.
#6 245.5 Preparing to unpack .../138-libnpth0t64_1.8-3_arm64.deb ...
#6 245.5 Unpacking libnpth0t64:arm64 (1.8-3) ...
#6 245.9 Selecting previously unselected package gpg.
#6 245.9 Preparing to unpack .../139-gpg_2.4.7-21+deb13u1+b4_arm64.deb ...
#6 245.9 Unpacking gpg (2.4.7-21+deb13u1+b4) ...
#6 246.4 Selecting previously unselected package pinentry-curses.
#6 246.4 Preparing to unpack .../140-pinentry-curses_1.3.1-2_arm64.deb ...
#6 246.4 Unpacking pinentry-curses (1.3.1-2) ...
#6 246.7 Selecting previously unselected package gpg-agent.
#6 246.7 Preparing to unpack .../141-gpg-agent_2.4.7-21+deb13u1+b4_arm64.deb ...
#6 246.7 Unpacking gpg-agent (2.4.7-21+deb13u1+b4) ...
#6 247.2 Selecting previously unselected package libfile-dirlist-perl.
#6 247.2 Preparing to unpack .../142-libfile-dirlist-perl_0.05-3_all.deb ...
#6 247.2 Unpacking libfile-dirlist-perl (0.05-3) ...
#6 247.4 Selecting previously unselected package libfile-which-perl.
#6 247.5 Preparing to unpack .../143-libfile-which-perl_1.27-2_all.deb ...
#6 247.5 Unpacking libfile-which-perl (1.27-2) ...
#6 247.7 Selecting previously unselected package libfile-homedir-perl.
#6 247.7 Preparing to unpack .../144-libfile-homedir-perl_1.006-2_all.deb ...
#6 247.7 Unpacking libfile-homedir-perl (1.006-2) ...
#6 248.0 Selecting previously unselected package libfile-touch-perl.
#6 248.1 Preparing to unpack .../145-libfile-touch-perl_0.12-2_all.deb ...
#6 248.1 Unpacking libfile-touch-perl (0.12-2) ...
#6 248.3 Selecting previously unselected package libclass-method-modifiers-perl.
#6 248.3 Preparing to unpack .../146-libclass-method-modifiers-perl_2.15-1_all.deb ...
#6 248.3 Unpacking libclass-method-modifiers-perl (2.15-1) ...
#6 248.6 Selecting previously unselected package libclass-xsaccessor-perl.
#6 248.6 Preparing to unpack .../147-libclass-xsaccessor-perl_1.19-4+b5_arm64.deb ...
#6 248.6 Unpacking libclass-xsaccessor-perl (1.19-4+b5) ...
#6 248.9 Selecting previously unselected package libb-hooks-op-check-perl:arm64.
#6 248.9 Preparing to unpack .../148-libb-hooks-op-check-perl_0.22-3+b2_arm64.deb ...
#6 248.9 Unpacking libb-hooks-op-check-perl:arm64 (0.22-3+b2) ...
#6 249.2 Selecting previously unselected package libdynaloader-functions-perl.
#6 249.2 Preparing to unpack .../149-libdynaloader-functions-perl_0.004-2_all.deb ...
#6 249.2 Unpacking libdynaloader-functions-perl (0.004-2) ...
#6 249.5 Selecting previously unselected package libdevel-callchecker-perl:arm64.
#6 249.5 Preparing to unpack .../150-libdevel-callchecker-perl_0.009-2_arm64.deb ...
#6 249.5 Unpacking libdevel-callchecker-perl:arm64 (0.009-2) ...
#6 249.7 Selecting previously unselected package libparams-classify-perl:arm64.
#6 249.8 Preparing to unpack .../151-libparams-classify-perl_0.015-2+b4_arm64.deb ...
#6 249.8 Unpacking libparams-classify-perl:arm64 (0.015-2+b4) ...
#6 250.1 Selecting previously unselected package libmodule-runtime-perl.
#6 250.1 Preparing to unpack .../152-libmodule-runtime-perl_0.018-1_all.deb ...
#6 250.1 Unpacking libmodule-runtime-perl (0.018-1) ...
#6 250.3 Selecting previously unselected package libimport-into-perl.
#6 250.3 Preparing to unpack .../153-libimport-into-perl_1.002005-2_all.deb ...
#6 250.3 Unpacking libimport-into-perl (1.002005-2) ...
#6 250.6 Selecting previously unselected package librole-tiny-perl.
#6 250.6 Preparing to unpack .../154-librole-tiny-perl_2.002004-1_all.deb ...
#6 250.6 Unpacking librole-tiny-perl (2.002004-1) ...
#6 250.9 Selecting previously unselected package libsub-quote-perl.
#6 250.9 Preparing to unpack .../155-libsub-quote-perl_2.006008-1_all.deb ...
#6 250.9 Unpacking libsub-quote-perl (2.006008-1) ...
#6 251.2 Selecting previously unselected package libmoo-perl.
#6 251.2 Preparing to unpack .../156-libmoo-perl_2.005005-1_all.deb ...
#6 251.2 Unpacking libmoo-perl (2.005005-1) ...
#6 251.6 Selecting previously unselected package libencode-locale-perl.
#6 251.6 Preparing to unpack .../157-libencode-locale-perl_1.05-3_all.deb ...
#6 251.6 Unpacking libencode-locale-perl (1.05-3) ...
#6 251.9 Selecting previously unselected package libtimedate-perl.
#6 251.9 Preparing to unpack .../158-libtimedate-perl_2.3300-2_all.deb ...
#6 251.9 Unpacking libtimedate-perl (2.3300-2) ...
#6 252.2 Selecting previously unselected package libhttp-date-perl.
#6 252.2 Preparing to unpack .../159-libhttp-date-perl_6.06-1_all.deb ...
#6 252.2 Unpacking libhttp-date-perl (6.06-1) ...
#6 252.5 Selecting previously unselected package libfile-listing-perl.
#6 252.5 Preparing to unpack .../160-libfile-listing-perl_6.16-1_all.deb ...
#6 252.5 Unpacking libfile-listing-perl (6.16-1) ...
#6 252.8 Selecting previously unselected package libhtml-tagset-perl.
#6 252.9 Preparing to unpack .../161-libhtml-tagset-perl_3.24-1_all.deb ...
#6 252.9 Unpacking libhtml-tagset-perl (3.24-1) ...
#6 253.2 Selecting previously unselected package liburi-perl.
#6 253.2 Preparing to unpack .../162-liburi-perl_5.30-1_all.deb ...
#6 253.2 Unpacking liburi-perl (5.30-1) ...
#6 253.5 Selecting previously unselected package libhtml-parser-perl:arm64.
#6 253.5 Preparing to unpack .../163-libhtml-parser-perl_3.83-2~deb13u1_arm64.deb ...
#6 253.5 Unpacking libhtml-parser-perl:arm64 (3.83-2~deb13u1) ...
#6 253.8 Selecting previously unselected package libhtml-tree-perl.
#6 253.8 Preparing to unpack .../164-libhtml-tree-perl_5.07-3_all.deb ...
#6 253.8 Unpacking libhtml-tree-perl (5.07-3) ...
#6 254.2 Selecting previously unselected package libclone-perl:arm64.
#6 254.2 Preparing to unpack .../165-libclone-perl_0.47-1+b1_arm64.deb ...
#6 254.2 Unpacking libclone-perl:arm64 (0.47-1+b1) ...
#6 254.4 Selecting previously unselected package libio-html-perl.
#6 254.4 Preparing to unpack .../166-libio-html-perl_1.004-3_all.deb ...
#6 254.4 Unpacking libio-html-perl (1.004-3) ...
#6 254.8 Selecting previously unselected package liblwp-mediatypes-perl.
#6 254.8 Preparing to unpack .../167-liblwp-mediatypes-perl_6.04-2_all.deb ...
#6 254.8 Unpacking liblwp-mediatypes-perl (6.04-2) ...
#6 255.1 Selecting previously unselected package libhttp-message-perl.
#6 255.1 Preparing to unpack .../168-libhttp-message-perl_7.00-2_all.deb ...
#6 255.1 Unpacking libhttp-message-perl (7.00-2) ...
#6 255.4 Selecting previously unselected package libhttp-cookies-perl.
#6 255.4 Preparing to unpack .../169-libhttp-cookies-perl_6.11-1_all.deb ...
#6 255.4 Unpacking libhttp-cookies-perl (6.11-1) ...
#6 255.7 Selecting previously unselected package libhttp-negotiate-perl.
#6 255.7 Preparing to unpack .../170-libhttp-negotiate-perl_6.01-2_all.deb ...
#6 255.7 Unpacking libhttp-negotiate-perl (6.01-2) ...
#6 256.0 Selecting previously unselected package perl-openssl-defaults:arm64.
#6 256.0 Preparing to unpack .../171-perl-openssl-defaults_7+b2_arm64.deb ...
#6 256.0 Unpacking perl-openssl-defaults:arm64 (7+b2) ...
#6 256.3 Selecting previously unselected package libnet-ssleay-perl:arm64.
#6 256.3 Preparing to unpack .../172-libnet-ssleay-perl_1.94-3_arm64.deb ...
#6 256.3 Unpacking libnet-ssleay-perl:arm64 (1.94-3) ...
#6 256.7 Selecting previously unselected package libio-socket-ssl-perl.
#6 256.7 Preparing to unpack .../173-libio-socket-ssl-perl_2.089-1_all.deb ...
#6 256.7 Unpacking libio-socket-ssl-perl (2.089-1) ...
#6 257.1 Selecting previously unselected package libnet-http-perl.
#6 257.1 Preparing to unpack .../174-libnet-http-perl_6.23-1_all.deb ...
#6 257.1 Unpacking libnet-http-perl (6.23-1) ...
#6 257.4 Selecting previously unselected package liblwp-protocol-https-perl.
#6 257.4 Preparing to unpack .../175-liblwp-protocol-https-perl_6.14-1_all.deb ...
#6 257.4 Unpacking liblwp-protocol-https-perl (6.14-1) ...
#6 257.7 Selecting previously unselected package libtry-tiny-perl.
#6 257.7 Preparing to unpack .../176-libtry-tiny-perl_0.32-1_all.deb ...
#6 257.7 Unpacking libtry-tiny-perl (0.32-1) ...
#6 258.0 Selecting previously unselected package libwww-robotrules-perl.
#6 258.0 Preparing to unpack .../177-libwww-robotrules-perl_6.02-1_all.deb ...
#6 258.0 Unpacking libwww-robotrules-perl (6.02-1) ...
#6 258.2 Selecting previously unselected package libwww-perl.
#6 258.3 Preparing to unpack .../178-libwww-perl_6.78-1_all.deb ...
#6 258.3 Unpacking libwww-perl (6.78-1) ...
#6 258.6 Selecting previously unselected package patchutils.
#6 258.6 Preparing to unpack .../179-patchutils_0.4.2-1+b1_arm64.deb ...
#6 258.6 Unpacking patchutils (0.4.2-1+b1) ...
#6 259.0 Selecting previously unselected package gpgv.
#6 259.0 Preparing to unpack .../180-gpgv_2.4.7-21+deb13u1+b4_arm64.deb ...
#6 259.0 Unpacking gpgv (2.4.7-21+deb13u1+b4) ...
#6 259.3 Selecting previously unselected package wdiff.
#6 259.3 Preparing to unpack .../181-wdiff_1.2.2-9_arm64.deb ...
#6 259.3 Unpacking wdiff (1.2.2-9) ...
#6 259.7 Selecting previously unselected package devscripts.
#6 259.7 Preparing to unpack .../182-devscripts_2.25.15+deb13u1_all.deb ...
#6 260.5 Unpacking devscripts (2.25.15+deb13u1) ...
#6 261.0 Selecting previously unselected package diffstat.
#6 261.1 Preparing to unpack .../183-diffstat_1.67-1_arm64.deb ...
#6 261.1 Unpacking diffstat (1.67-1) ...
#6 261.4 Selecting previously unselected package dirmngr.
#6 261.4 Preparing to unpack .../184-dirmngr_2.4.7-21+deb13u1+b4_arm64.deb ...
#6 261.9 Unpacking dirmngr (2.4.7-21+deb13u1+b4) ...
#6 262.2 Selecting previously unselected package distro-info-data.
#6 262.3 Preparing to unpack .../185-distro-info-data_0.66+deb13u2_all.deb ...
#6 262.3 Unpacking distro-info-data (0.66+deb13u2) ...
#6 262.5 Selecting previously unselected package libdevmapper1.02.1:arm64.
#6 262.5 Preparing to unpack .../186-libdevmapper1.02.1_2%3a1.02.205-2_arm64.deb ...
#6 262.5 Unpacking libdevmapper1.02.1:arm64 (2:1.02.205-2) ...
#6 262.9 Selecting previously unselected package dmsetup.
#6 262.9 Preparing to unpack .../187-dmsetup_2%3a1.02.205-2_arm64.deb ...
#6 262.9 Unpacking dmsetup (2:1.02.205-2) ...
#6 263.2 Selecting previously unselected package dos2unix.
#6 263.2 Preparing to unpack .../188-dos2unix_7.5.2-1+b1_arm64.deb ...
#6 263.2 Unpacking dos2unix (7.5.2-1+b1) ...
#6 263.6 Selecting previously unselected package python3-charset-normalizer.
#6 263.6 Preparing to unpack .../189-python3-charset-normalizer_3.4.2-1_arm64.deb ...
#6 263.6 Unpacking python3-charset-normalizer (3.4.2-1) ...
#6 264.0 Selecting previously unselected package python3-debian.
#6 264.0 Preparing to unpack .../190-python3-debian_1.0.1_all.deb ...
#6 264.0 Unpacking python3-debian (1.0.1) ...
#6 264.3 Selecting previously unselected package gnupg-l10n.
#6 264.3 Preparing to unpack .../191-gnupg-l10n_2.4.7-21+deb13u1_all.deb ...
#6 264.3 Unpacking gnupg-l10n (2.4.7-21+deb13u1) ...
#6 264.8 Selecting previously unselected package gpgsm.
#6 264.8 Preparing to unpack .../192-gpgsm_2.4.7-21+deb13u1+b4_arm64.deb ...
#6 264.8 Unpacking gpgsm (2.4.7-21+deb13u1+b4) ...
#6 265.2 Selecting previously unselected package gnupg.
#6 265.2 Preparing to unpack .../193-gnupg_2.4.7-21+deb13u1_all.deb ...
#6 265.2 Unpacking gnupg (2.4.7-21+deb13u1) ...
#6 265.6 Selecting previously unselected package libgpgme11t64:arm64.
#6 265.6 Preparing to unpack .../194-libgpgme11t64_1.24.2-3_arm64.deb ...
#6 265.6 Unpacking libgpgme11t64:arm64 (1.24.2-3) ...
#6 265.9 Selecting previously unselected package python3-gpg.
#6 266.0 Preparing to unpack .../195-python3-gpg_1.24.2-3_arm64.deb ...
#6 266.0 Unpacking python3-gpg (1.24.2-3) ...
#6 266.3 Selecting previously unselected package python3-xdg.
#6 266.3 Preparing to unpack .../196-python3-xdg_0.28-2_all.deb ...
#6 266.3 Unpacking python3-xdg (0.28-2) ...
#6 266.7 Selecting previously unselected package dput.
#6 266.7 Preparing to unpack .../197-dput_1.2.4_all.deb ...
#6 266.9 Unpacking dput (1.2.4) ...
#6 267.2 Selecting previously unselected package libefisec1t64:arm64.
#6 267.2 Preparing to unpack .../198-libefisec1t64_38-3.1+b1_arm64.deb ...
#6 267.2 Unpacking libefisec1t64:arm64 (38-3.1+b1) ...
#6 267.5 Selecting previously unselected package libefivar1t64:arm64.
#6 267.5 Preparing to unpack .../199-libefivar1t64_38-3.1+b1_arm64.deb ...
#6 267.5 Unpacking libefivar1t64:arm64 (38-3.1+b1) ...
#6 267.8 Selecting previously unselected package libefiboot1t64:arm64.
#6 267.8 Preparing to unpack .../200-libefiboot1t64_38-3.1+b1_arm64.deb ...
#6 267.8 Unpacking libefiboot1t64:arm64 (38-3.1+b1) ...
#6 268.1 Selecting previously unselected package efivar.
#6 268.1 Preparing to unpack .../201-efivar_38-3.1+b1_arm64.deb ...
#6 268.1 Unpacking efivar (38-3.1+b1) ...
#6 268.4 Selecting previously unselected package equivs.
#6 268.4 Preparing to unpack .../202-equivs_2.3.2_all.deb ...
#6 268.4 Unpacking equivs (2.3.2) ...
#6 268.7 Selecting previously unselected package libfakeroot:arm64.
#6 268.7 Preparing to unpack .../203-libfakeroot_1.37.1.1-1_arm64.deb ...
#6 268.7 Unpacking libfakeroot:arm64 (1.37.1.1-1) ...
#6 268.9 Selecting previously unselected package fakeroot.
#6 269.0 Preparing to unpack .../204-fakeroot_1.37.1.1-1_arm64.deb ...
#6 269.0 Unpacking fakeroot (1.37.1.1-1) ...
#6 269.2 Selecting previously unselected package liberror-perl.
#6 269.2 Preparing to unpack .../205-liberror-perl_0.17030-1_all.deb ...
#6 269.3 Unpacking liberror-perl (0.17030-1) ...
#6 269.5 Selecting previously unselected package git-man.
#6 269.5 Preparing to unpack .../206-git-man_1%3a2.47.3-0+deb13u1_all.deb ...
#6 269.5 Unpacking git-man (1:2.47.3-0+deb13u1) ...
#6 270.2 Selecting previously unselected package git.
#6 270.2 Preparing to unpack .../207-git_1%3a2.47.3-0+deb13u1_arm64.deb ...
#6 270.3 Unpacking git (1:2.47.3-0+deb13u1) ...
#6 272.3 Selecting previously unselected package gnu-efi.
#6 272.3 Preparing to unpack .../208-gnu-efi_3.0.18-1+deb13u1_arm64.deb ...
#6 272.3 Unpacking gnu-efi (3.0.18-1+deb13u1) ...
#6 272.6 Selecting previously unselected package gpg-wks-client.
#6 272.6 Preparing to unpack .../209-gpg-wks-client_2.4.7-21+deb13u1+b4_arm64.deb ...
#6 272.6 Unpacking gpg-wks-client (2.4.7-21+deb13u1+b4) ...
#6 273.0 Selecting previously unselected package iso-codes.
#6 273.0 Preparing to unpack .../210-iso-codes_4.18.0-1_all.deb ...
#6 273.0 Unpacking iso-codes (4.18.0-1) ...
#6 274.5 Selecting previously unselected package libabsl20240722:arm64.
#6 274.6 Preparing to unpack .../211-libabsl20240722_20240722.0-4_arm64.deb ...
#6 274.6 Unpacking libabsl20240722:arm64 (20240722.0-4) ...
#6 275.0 Selecting previously unselected package libalgorithm-diff-perl.
#6 275.0 Preparing to unpack .../212-libalgorithm-diff-perl_1.201-1_all.deb ...
#6 275.0 Unpacking libalgorithm-diff-perl (1.201-1) ...
#6 275.4 Selecting previously unselected package libalgorithm-diff-xs-perl.
#6 275.4 Preparing to unpack .../213-libalgorithm-diff-xs-perl_0.04-9_arm64.deb ...
#6 275.4 Unpacking libalgorithm-diff-xs-perl (0.04-9) ...
#6 275.6 Selecting previously unselected package libalgorithm-merge-perl.
#6 275.6 Preparing to unpack .../214-libalgorithm-merge-perl_0.08-5_all.deb ...
#6 275.6 Unpacking libalgorithm-merge-perl (0.08-5) ...
#6 275.9 Selecting previously unselected package libaliased-perl.
#6 275.9 Preparing to unpack .../215-libaliased-perl_0.34-3_all.deb ...
#6 275.9 Unpacking libaliased-perl (0.34-3) ...
#6 276.2 Selecting previously unselected package libapt-pkg-perl.
#6 276.2 Preparing to unpack .../216-libapt-pkg-perl_0.1.42_arm64.deb ...
#6 276.2 Unpacking libapt-pkg-perl (0.1.42) ...
#6 276.5 Selecting previously unselected package libarchive-cpio-perl.
#6 276.5 Preparing to unpack .../217-libarchive-cpio-perl_0.10-3_all.deb ...
#6 276.5 Unpacking libarchive-cpio-perl (0.10-3) ...
#6 276.8 Selecting previously unselected package libarchive13t64:arm64.
#6 276.8 Preparing to unpack .../218-libarchive13t64_3.7.4-4+deb13u1_arm64.deb ...
#6 276.8 Unpacking libarchive13t64:arm64 (3.7.4-4+deb13u1) ...
#6 277.2 Selecting previously unselected package libarray-intspan-perl.
#6 277.2 Preparing to unpack .../219-libarray-intspan-perl_2.004-2_all.deb ...
#6 277.2 Unpacking libarray-intspan-perl (2.004-2) ...
#6 277.4 Selecting previously unselected package libauthen-sasl-perl.
#6 277.4 Preparing to unpack .../220-libauthen-sasl-perl_2.1700-1_all.deb ...
#6 277.5 Unpacking libauthen-sasl-perl (2.1700-1) ...
#6 277.8 Selecting previously unselected package libmodule-implementation-perl.
#6 277.8 Preparing to unpack .../221-libmodule-implementation-perl_0.09-2_all.deb ...
#6 277.8 Unpacking libmodule-implementation-perl (0.09-2) ...
#6 278.1 Selecting previously unselected package libsub-exporter-progressive-perl.
#6 278.1 Preparing to unpack .../222-libsub-exporter-progressive-perl_0.001013-3_all.deb ...
#6 278.1 Unpacking libsub-exporter-progressive-perl (0.001013-3) ...
#6 278.3 Selecting previously unselected package libvariable-magic-perl.
#6 278.3 Preparing to unpack .../223-libvariable-magic-perl_0.64-1+b1_arm64.deb ...
#6 278.4 Unpacking libvariable-magic-perl (0.64-1+b1) ...
#6 278.6 Selecting previously unselected package libb-hooks-endofscope-perl.
#6 278.6 Preparing to unpack .../224-libb-hooks-endofscope-perl_0.28-2_all.deb ...
#6 278.6 Unpacking libb-hooks-endofscope-perl (0.28-2) ...
#6 278.9 Selecting previously unselected package libberkeleydb-perl:arm64.
#6 278.9 Preparing to unpack .../225-libberkeleydb-perl_0.66-1_arm64.deb ...
#6 278.9 Unpacking libberkeleydb-perl:arm64 (0.66-1) ...
#6 279.2 Selecting previously unselected package libcapture-tiny-perl.
#6 279.3 Preparing to unpack .../226-libcapture-tiny-perl_0.50-1_all.deb ...
#6 279.3 Unpacking libcapture-tiny-perl (0.50-1) ...
#6 279.6 Selecting previously unselected package libcgi-pm-perl.
#6 279.6 Preparing to unpack .../227-libcgi-pm-perl_4.68-1_all.deb ...
#6 279.6 Unpacking libcgi-pm-perl (4.68-1) ...
#6 279.9 Selecting previously unselected package libfcgi0t64:arm64.
#6 279.9 Preparing to unpack .../228-libfcgi0t64_2.4.5-0.1_arm64.deb ...
#6 279.9 Unpacking libfcgi0t64:arm64 (2.4.5-0.1) ...
#6 280.2 Selecting previously unselected package libfcgi-perl.
#6 280.2 Preparing to unpack .../229-libfcgi-perl_0.82+ds-3+b2_arm64.deb ...
#6 280.2 Unpacking libfcgi-perl (0.82+ds-3+b2) ...
#6 280.5 Selecting previously unselected package libcgi-fast-perl.
#6 280.5 Preparing to unpack .../230-libcgi-fast-perl_1%3a2.17-1_all.deb ...
#6 280.5 Unpacking libcgi-fast-perl (1:2.17-1) ...
#6 280.8 Selecting previously unselected package libclass-data-inheritable-perl.
#6 280.8 Preparing to unpack .../231-libclass-data-inheritable-perl_0.10-1_all.deb ...
#6 280.8 Unpacking libclass-data-inheritable-perl (0.10-1) ...
#6 281.1 Selecting previously unselected package libclass-inspector-perl.
#6 281.1 Preparing to unpack .../232-libclass-inspector-perl_1.36-3_all.deb ...
#6 281.1 Unpacking libclass-inspector-perl (1.36-3) ...
#6 281.4 Selecting previously unselected package libcommon-sense-perl:arm64.
#6 281.4 Preparing to unpack .../233-libcommon-sense-perl_3.75-3+b5_arm64.deb ...
#6 281.4 Unpacking libcommon-sense-perl:arm64 (3.75-3+b5) ...
#6 281.7 Selecting previously unselected package libconfig-tiny-perl.
#6 281.7 Preparing to unpack .../234-libconfig-tiny-perl_2.30-1_all.deb ...
#6 281.7 Unpacking libconfig-tiny-perl (2.30-1) ...
#6 282.0 Selecting previously unselected package libparams-util-perl.
#6 282.0 Preparing to unpack .../235-libparams-util-perl_1.102-3+b1_arm64.deb ...
#6 282.0 Unpacking libparams-util-perl (1.102-3+b1) ...
#6 282.3 Selecting previously unselected package libsub-install-perl.
#6 282.3 Preparing to unpack .../236-libsub-install-perl_0.929-1_all.deb ...
#6 282.3 Unpacking libsub-install-perl (0.929-1) ...
#6 282.6 Selecting previously unselected package libdata-optlist-perl.
#6 282.6 Preparing to unpack .../237-libdata-optlist-perl_0.114-1_all.deb ...
#6 282.6 Unpacking libdata-optlist-perl (0.114-1) ...
#6 282.9 Selecting previously unselected package libsub-exporter-perl.
#6 282.9 Preparing to unpack .../238-libsub-exporter-perl_0.990-1_all.deb ...
#6 282.9 Unpacking libsub-exporter-perl (0.990-1) ...
#6 283.2 Selecting previously unselected package libconst-fast-perl.
#6 283.2 Preparing to unpack .../239-libconst-fast-perl_0.014-2_all.deb ...
#6 283.2 Unpacking libconst-fast-perl (0.014-2) ...
#6 283.6 Selecting previously unselected package libwant-perl.
#6 283.6 Preparing to unpack .../240-libwant-perl_0.29-2+b4_arm64.deb ...
#6 283.6 Unpacking libwant-perl (0.29-2+b4) ...
#6 283.9 Selecting previously unselected package libcontextual-return-perl.
#6 283.9 Preparing to unpack .../241-libcontextual-return-perl_0.004014-4_all.deb ...
#6 283.9 Unpacking libcontextual-return-perl (0.004014-4) ...
#6 284.2 Selecting previously unselected package libconvert-binhex-perl.
#6 284.2 Preparing to unpack .../242-libconvert-binhex-perl_1.125-3_all.deb ...
#6 284.2 Unpacking libconvert-binhex-perl (1.125-3) ...
#6 284.5 Selecting previously unselected package libcpanel-json-xs-perl:arm64.
#6 284.5 Preparing to unpack .../243-libcpanel-json-xs-perl_4.39-2~deb13u1_arm64.deb ...
#6 284.5 Unpacking libcpanel-json-xs-perl:arm64 (4.39-2~deb13u1) ...
#6 284.8 Selecting previously unselected package libjson-c5:arm64.
#6 284.8 Preparing to unpack .../244-libjson-c5_0.18+ds-1_arm64.deb ...
#6 284.8 Unpacking libjson-c5:arm64 (0.18+ds-1) ...
#6 285.2 Selecting previously unselected package libcryptsetup12:arm64.
#6 285.2 Preparing to unpack .../245-libcryptsetup12_2%3a2.7.5-2_arm64.deb ...
#6 285.2 Unpacking libcryptsetup12:arm64 (2:2.7.5-2) ...
#6 285.5 Selecting previously unselected package libdevel-stacktrace-perl.
#6 285.5 Preparing to unpack .../246-libdevel-stacktrace-perl_2.0500-1_all.deb ...
#6 285.5 Unpacking libdevel-stacktrace-perl (2.0500-1) ...
#6 285.9 Selecting previously unselected package libexception-class-perl.
#6 285.9 Preparing to unpack .../247-libexception-class-perl_1.45-1_all.deb ...
#6 285.9 Unpacking libexception-class-perl (1.45-1) ...
#6 286.2 Selecting previously unselected package libiterator-perl.
#6 286.2 Preparing to unpack .../248-libiterator-perl_0.03+ds1-2_all.deb ...
#6 286.2 Unpacking libiterator-perl (0.03+ds1-2) ...
#6 286.5 Selecting previously unselected package libiterator-util-perl.
#6 286.5 Preparing to unpack .../249-libiterator-util-perl_0.02+ds1-2_all.deb ...
#6 286.5 Unpacking libiterator-util-perl (0.02+ds1-2) ...
#6 286.8 Selecting previously unselected package libdata-dpath-perl.
#6 286.8 Preparing to unpack .../250-libdata-dpath-perl_0.60-1_all.deb ...
#6 286.8 Unpacking libdata-dpath-perl (0.60-1) ...
#6 287.1 Selecting previously unselected package libdata-dump-perl.
#6 287.1 Preparing to unpack .../251-libdata-dump-perl_1.25-1_all.deb ...
#6 287.1 Unpacking libdata-dump-perl (1.25-1) ...
#6 287.4 Selecting previously unselected package libdata-messagepack-perl.
#6 287.5 Preparing to unpack .../252-libdata-messagepack-perl_1.02-2_arm64.deb ...
#6 287.5 Unpacking libdata-messagepack-perl (1.02-2) ...
#6 287.8 Selecting previously unselected package libnet-domain-tld-perl.
#6 287.8 Preparing to unpack .../253-libnet-domain-tld-perl_1.75-4_all.deb ...
#6 287.8 Unpacking libnet-domain-tld-perl (1.75-4) ...
#6 288.1 Selecting previously unselected package libdata-validate-domain-perl.
#6 288.1 Preparing to unpack .../254-libdata-validate-domain-perl_0.15-1_all.deb ...
#6 288.1 Unpacking libdata-validate-domain-perl (0.15-1) ...
#6 288.4 Selecting previously unselected package libnet-ipv6addr-perl.
#6 288.4 Preparing to unpack .../255-libnet-ipv6addr-perl_1.02-1_all.deb ...
#6 288.4 Unpacking libnet-ipv6addr-perl (1.02-1) ...
#6 288.7 Selecting previously unselected package libnet-netmask-perl.
#6 288.7 Preparing to unpack .../256-libnet-netmask-perl_2.0002-2_all.deb ...
#6 288.7 Unpacking libnet-netmask-perl (2.0002-2) ...
#6 289.0 Selecting previously unselected package libnetaddr-ip-perl.
#6 289.0 Preparing to unpack .../257-libnetaddr-ip-perl_4.079+dfsg-2+b5_arm64.deb ...
#6 289.0 Unpacking libnetaddr-ip-perl (4.079+dfsg-2+b5) ...
#6 289.3 Selecting previously unselected package libdata-validate-ip-perl.
#6 289.3 Preparing to unpack .../258-libdata-validate-ip-perl_0.31-1_all.deb ...
#6 289.3 Unpacking libdata-validate-ip-perl (0.31-1) ...
#6 289.6 Selecting previously unselected package libdata-validate-uri-perl.
#6 289.6 Preparing to unpack .../259-libdata-validate-uri-perl_0.07-3_all.deb ...
#6 289.6 Unpacking libdata-validate-uri-perl (0.07-3) ...
#6 289.9 Selecting previously unselected package libdevel-size-perl.
#6 289.9 Preparing to unpack .../260-libdevel-size-perl_0.84-1+b1_arm64.deb ...
#6 289.9 Unpacking libdevel-size-perl (0.84-1+b1) ...
#6 290.2 Selecting previously unselected package libdistro-info-perl.
#6 290.2 Preparing to unpack .../261-libdistro-info-perl_1.13_all.deb ...
#6 290.2 Unpacking libdistro-info-perl (1.13) ...
#6 290.5 Selecting previously unselected package libeac3:arm64.
#6 290.5 Preparing to unpack .../262-libeac3_1.1.2+ds+git20220117+453c3d6b03a0-1.1+b3_arm64.deb ...
#6 290.5 Unpacking libeac3:arm64 (1.1.2+ds+git20220117+453c3d6b03a0-1.1+b3) ...
#6 290.8 Selecting previously unselected package libefivar-dev:arm64.
#6 290.8 Preparing to unpack .../263-libefivar-dev_38-3.1+b1_arm64.deb ...
#6 290.8 Unpacking libefivar-dev:arm64 (38-3.1+b1) ...
#6 291.1 Selecting previously unselected package zlib1g-dev:arm64.
#6 291.1 Preparing to unpack .../264-zlib1g-dev_1%3a1.3.dfsg+really1.3.1-1+b1_arm64.deb ...
#6 291.1 Unpacking zlib1g-dev:arm64 (1:1.3.dfsg+really1.3.1-1+b1) ...
#6 291.5 Selecting previously unselected package libzstd-dev:arm64.
#6 291.5 Preparing to unpack .../265-libzstd-dev_1.5.7+dfsg-1_arm64.deb ...
#6 291.5 Unpacking libzstd-dev:arm64 (1.5.7+dfsg-1) ...
#6 291.9 Selecting previously unselected package libelf-dev:arm64.
#6 291.9 Preparing to unpack .../266-libelf-dev_0.192-4_arm64.deb ...
#6 291.9 Unpacking libelf-dev:arm64 (0.192-4) ...
#6 292.2 Selecting previously unselected package libemail-address-xs-perl.
#6 292.2 Preparing to unpack .../267-libemail-address-xs-perl_1.05-1+b4_arm64.deb ...
#6 292.2 Unpacking libemail-address-xs-perl (1.05-1+b4) ...
#6 292.5 Selecting previously unselected package libexporter-tiny-perl.
#6 292.5 Preparing to unpack .../268-libexporter-tiny-perl_1.006002-1_all.deb ...
#6 292.5 Unpacking libexporter-tiny-perl (1.006002-1) ...
#6 292.8 Selecting previously unselected package libfcgi-bin.
#6 292.8 Preparing to unpack .../269-libfcgi-bin_2.4.5-0.1_arm64.deb ...
#6 292.8 Unpacking libfcgi-bin (2.4.5-0.1) ...
#6 293.1 Selecting previously unselected package libfile-sharedir-perl.
#6 293.1 Preparing to unpack .../270-libfile-sharedir-perl_1.118-3_all.deb ...
#6 293.1 Unpacking libfile-sharedir-perl (1.118-3) ...
#6 293.4 Selecting previously unselected package libindirect-perl.
#6 293.4 Preparing to unpack .../271-libindirect-perl_0.39-2+b4_arm64.deb ...
#6 293.4 Unpacking libindirect-perl (0.39-2+b4) ...
#6 293.7 Selecting previously unselected package libxs-parse-keyword-perl.
#6 293.7 Preparing to unpack .../272-libxs-parse-keyword-perl_0.48-2_arm64.deb ...
#6 293.7 Unpacking libxs-parse-keyword-perl (0.48-2) ...
#6 294.0 Selecting previously unselected package libxs-parse-sublike-perl:arm64.
#6 294.0 Preparing to unpack .../273-libxs-parse-sublike-perl_0.37-1_arm64.deb ...
#6 294.0 Unpacking libxs-parse-sublike-perl:arm64 (0.37-1) ...
#6 294.3 Selecting previously unselected package libobject-pad-perl.
#6 294.3 Preparing to unpack .../274-libobject-pad-perl_0.820-1_arm64.deb ...
#6 294.3 Unpacking libobject-pad-perl (0.820-1) ...
#6 294.7 Selecting previously unselected package libfeature-compat-class-perl.
#6 294.7 Preparing to unpack .../275-libfeature-compat-class-perl_0.07-1_all.deb ...
#6 294.7 Unpacking libfeature-compat-class-perl (0.07-1) ...
#6 295.0 Selecting previously unselected package libsyntax-keyword-try-perl.
#6 295.0 Preparing to unpack .../276-libsyntax-keyword-try-perl_0.30-1+b1_arm64.deb ...
#6 295.0 Unpacking libsyntax-keyword-try-perl (0.30-1+b1) ...
#6 295.3 Selecting previously unselected package libfeature-compat-try-perl.
#6 295.3 Preparing to unpack .../277-libfeature-compat-try-perl_0.05-1_all.deb ...
#6 295.3 Unpacking libfeature-compat-try-perl (0.05-1) ...
#6 295.6 Selecting previously unselected package libipc-system-simple-perl.
#6 295.6 Preparing to unpack .../278-libipc-system-simple-perl_1.30-2_all.deb ...
#6 295.6 Unpacking libipc-system-simple-perl (1.30-2) ...
#6 295.9 Selecting previously unselected package libfile-basedir-perl.
#6 296.0 Preparing to unpack .../279-libfile-basedir-perl_0.09-2_all.deb ...
#6 296.0 Unpacking libfile-basedir-perl (0.09-2) ...
#6 296.3 Selecting previously unselected package libfile-chdir-perl.
#6 296.3 Preparing to unpack .../280-libfile-chdir-perl_0.1008-1.2_all.deb ...
#6 296.3 Unpacking libfile-chdir-perl (0.1008-1.2) ...
#6 296.6 Selecting previously unselected package libfile-fcntllock-perl.
#6 296.6 Preparing to unpack .../281-libfile-fcntllock-perl_0.22-4+b4_arm64.deb ...
#6 296.6 Unpacking libfile-fcntllock-perl (0.22-4+b4) ...
#6 296.9 Selecting previously unselected package libnumber-compare-perl.
#6 296.9 Preparing to unpack .../282-libnumber-compare-perl_0.03-3_all.deb ...
#6 296.9 Unpacking libnumber-compare-perl (0.03-3) ...
#6 297.3 Selecting previously unselected package libtext-glob-perl.
#6 297.3 Preparing to unpack .../283-libtext-glob-perl_0.11-3_all.deb ...
#6 297.3 Unpacking libtext-glob-perl (0.11-3) ...
#6 297.6 Selecting previously unselected package libfile-find-rule-perl.
#6 297.6 Preparing to unpack .../284-libfile-find-rule-perl_0.34-4_all.deb ...
#6 297.6 Unpacking libfile-find-rule-perl (0.34-4) ...
#6 298.0 Selecting previously unselected package libfont-afm-perl.
#6 298.0 Preparing to unpack .../285-libfont-afm-perl_1.20-4_all.deb ...
#6 298.0 Unpacking libfont-afm-perl (1.20-4) ...
#6 298.3 Selecting previously unselected package libio-string-perl.
#6 298.4 Preparing to unpack .../286-libio-string-perl_1.08-4_all.deb ...
#6 298.4 Unpacking libio-string-perl (1.08-4) ...
#6 298.7 Selecting previously unselected package libfont-ttf-perl.
#6 298.7 Preparing to unpack .../287-libfont-ttf-perl_1.06-2_all.deb ...
#6 298.7 Unpacking libfont-ttf-perl (1.06-2) ...
#6 299.2 Selecting previously unselected package libfreezethaw-perl.
#6 299.2 Preparing to unpack .../288-libfreezethaw-perl_0.5001-3_all.deb ...
#6 299.2 Unpacking libfreezethaw-perl (0.5001-3) ...
#6 299.6 Selecting previously unselected package libsort-versions-perl.
#6 299.6 Preparing to unpack .../289-libsort-versions-perl_1.62-3_all.deb ...
#6 299.6 Unpacking libsort-versions-perl (1.62-3) ...
#6 299.9 Selecting previously unselected package libgit-wrapper-perl.
#6 299.9 Preparing to unpack .../290-libgit-wrapper-perl_0.048-2_all.deb ...
#6 299.9 Unpacking libgit-wrapper-perl (0.048-2) ...
#6 300.3 Selecting previously unselected package libhttp-tiny-multipart-perl.
#6 300.3 Preparing to unpack .../291-libhttp-tiny-multipart-perl_0.08-2_all.deb ...
#6 300.3 Unpacking libhttp-tiny-multipart-perl (0.08-2) ...
#6 300.7 Selecting previously unselected package libsub-infix-perl.
#6 300.7 Preparing to unpack .../292-libsub-infix-perl_0.004-4_all.deb ...
#6 300.7 Unpacking libsub-infix-perl (0.004-4) ...
#6 301.0 Selecting previously unselected package libmatch-simple-perl.
#6 301.0 Preparing to unpack .../293-libmatch-simple-perl_0.012-1_all.deb ...
#6 301.0 Unpacking libmatch-simple-perl (0.012-1) ...
#6 301.4 Selecting previously unselected package libio-prompter-perl.
#6 301.4 Preparing to unpack .../294-libio-prompter-perl_0.005002-1_all.deb ...
#6 301.4 Unpacking libio-prompter-perl (0.005002-1) ...
#6 301.7 Selecting previously unselected package libtypes-serialiser-perl.
#6 301.8 Preparing to unpack .../295-libtypes-serialiser-perl_1.01-1_all.deb ...
#6 301.8 Unpacking libtypes-serialiser-perl (1.01-1) ...
#6 302.1 Selecting previously unselected package libjson-xs-perl.
#6 302.1 Preparing to unpack .../296-libjson-xs-perl_4.040-1~deb13u1_arm64.deb ...
#6 302.1 Unpacking libjson-xs-perl (4.040-1~deb13u1) ...
#6 302.5 Selecting previously unselected package libjson-maybexs-perl.
#6 302.5 Preparing to unpack .../297-libjson-maybexs-perl_1.004008-1_all.deb ...
#6 302.5 Unpacking libjson-maybexs-perl (1.004008-1) ...
#6 302.8 Selecting previously unselected package liblog-any-perl.
#6 302.8 Preparing to unpack .../298-liblog-any-perl_1.717-1_all.deb ...
#6 302.8 Unpacking liblog-any-perl (1.717-1) ...
#6 303.1 Selecting previously unselected package liblog-any-adapter-screen-perl.
#6 303.1 Preparing to unpack .../299-liblog-any-adapter-screen-perl_0.141-1_all.deb ...
#6 303.1 Unpacking liblog-any-adapter-screen-perl (0.141-1) ...
#6 303.4 Selecting previously unselected package libpackage-stash-perl.
#6 303.4 Preparing to unpack .../300-libpackage-stash-perl_0.40-1_all.deb ...
#6 303.5 Unpacking libpackage-stash-perl (0.40-1) ...
#6 303.8 Selecting previously unselected package libsub-identify-perl.
#6 303.8 Preparing to unpack .../301-libsub-identify-perl_0.14-3+b3_arm64.deb ...
#6 303.8 Unpacking libsub-identify-perl (0.14-3+b3) ...
#6 304.1 Selecting previously unselected package libsub-name-perl:arm64.
#6 304.1 Preparing to unpack .../302-libsub-name-perl_0.28-1_arm64.deb ...
#6 304.1 Unpacking libsub-name-perl:arm64 (0.28-1) ...
#6 304.5 Selecting previously unselected package libnamespace-clean-perl.
#6 304.5 Preparing to unpack .../303-libnamespace-clean-perl_0.27-2_all.deb ...
#6 304.5 Unpacking libnamespace-clean-perl (0.27-2) ...
#6 304.8 Selecting previously unselected package libpath-tiny-perl.
#6 304.8 Preparing to unpack .../304-libpath-tiny-perl_0.148-1_all.deb ...
#6 304.8 Unpacking libpath-tiny-perl (0.148-1) ...
#6 305.1 Selecting previously unselected package libstrictures-perl.
#6 305.1 Preparing to unpack .../305-libstrictures-perl_2.000006-1_all.deb ...
#6 305.2 Unpacking libstrictures-perl (2.000006-1) ...
#6 305.5 Selecting previously unselected package libtype-tiny-perl.
#6 305.5 Preparing to unpack .../306-libtype-tiny-perl_2.004000-2_all.deb ...
#6 305.5 Unpacking libtype-tiny-perl (2.004000-2) ...
#6 305.9 Selecting previously unselected package libgitlab-api-v4-perl.
#6 305.9 Preparing to unpack .../307-libgitlab-api-v4-perl_0.27-1_all.deb ...
#6 305.9 Unpacking libgitlab-api-v4-perl (0.27-1) ...
#6 306.3 Selecting previously unselected package libglib2.0-data.
#6 306.3 Preparing to unpack .../308-libglib2.0-data_2.84.4-3~deb13u3_all.deb ...
#6 306.3 Unpacking libglib2.0-data (2.84.4-3~deb13u3) ...
#6 307.1 Selecting previously unselected package libgpg-error-l10n.
#6 307.1 Preparing to unpack .../309-libgpg-error-l10n_1.51-4_all.deb ...
#6 307.1 Unpacking libgpg-error-l10n (1.51-4) ...
#6 307.5 Selecting previously unselected package libgpm2:arm64.
#6 307.5 Preparing to unpack .../310-libgpm2_1.20.7-11+b2_arm64.deb ...
#6 307.5 Unpacking libgpm2:arm64 (1.20.7-11+b2) ...
#6 307.8 Selecting previously unselected package libhtml-form-perl.
#6 307.8 Preparing to unpack .../311-libhtml-form-perl_6.12-1_all.deb ...
#6 307.8 Unpacking libhtml-form-perl (6.12-1) ...
#6 308.2 Selecting previously unselected package libhtml-format-perl.
#6 308.2 Preparing to unpack .../312-libhtml-format-perl_2.16-2_all.deb ...
#6 308.2 Unpacking libhtml-format-perl (2.16-2) ...
#6 308.5 Selecting previously unselected package libhtml-html5-entities-perl.
#6 308.5 Preparing to unpack .../313-libhtml-html5-entities-perl_0.004-3_all.deb ...
#6 308.5 Unpacking libhtml-html5-entities-perl (0.004-3) ...
#6 308.8 Selecting previously unselected package libhtml-tokeparser-simple-perl.
#6 308.9 Preparing to unpack .../314-libhtml-tokeparser-simple-perl_3.16-4_all.deb ...
#6 308.9 Unpacking libhtml-tokeparser-simple-perl (3.16-4) ...
#6 309.2 Selecting previously unselected package libhttp-daemon-perl.
#6 309.2 Preparing to unpack .../315-libhttp-daemon-perl_6.16-1+deb13u1_all.deb ...
#6 309.2 Unpacking libhttp-daemon-perl (6.16-1+deb13u1) ...
#6 309.5 Selecting previously unselected package libio-compress-brotli-perl.
#6 309.5 Preparing to unpack .../316-libio-compress-brotli-perl_0.004001-2+b3_arm64.deb ...
#6 309.5 Unpacking libio-compress-brotli-perl (0.004001-2+b3) ...
#6 309.8 Selecting previously unselected package libio-interactive-perl.
#6 309.8 Preparing to unpack .../317-libio-interactive-perl_1.027-1_all.deb ...
#6 309.8 Unpacking libio-interactive-perl (1.027-1) ...
#6 310.1 Selecting previously unselected package libio-sessiondata-perl.
#6 310.1 Preparing to unpack .../318-libio-sessiondata-perl_1.03-3_all.deb ...
#6 310.2 Unpacking libio-sessiondata-perl (1.03-3) ...
#6 310.5 Selecting previously unselected package libio-stringy-perl.
#6 310.5 Preparing to unpack .../319-libio-stringy-perl_2.113-2_all.deb ...
#6 310.5 Unpacking libio-stringy-perl (2.113-2) ...
#6 310.8 Selecting previously unselected package libipc-run3-perl.
#6 310.8 Preparing to unpack .../320-libipc-run3-perl_0.049-1_all.deb ...
#6 310.8 Unpacking libipc-run3-perl (0.049-1) ...
#6 311.1 Selecting previously unselected package libjson-perl.
#6 311.1 Preparing to unpack .../321-libjson-perl_4.10000-1_all.deb ...
#6 311.1 Unpacking libjson-perl (4.10000-1) ...
#6 311.4 Selecting previously unselected package libkmod2:arm64.
#6 311.5 Preparing to unpack .../322-libkmod2_34.2-2_arm64.deb ...
#6 311.5 Unpacking libkmod2:arm64 (34.2-2) ...
#6 311.8 Selecting previously unselected package libldap-common.
#6 311.8 Preparing to unpack .../323-libldap-common_2.6.10+dfsg-1_all.deb ...
#6 311.8 Unpacking libldap-common (2.6.10+dfsg-1) ...
#6 312.1 Selecting previously unselected package liblist-compare-perl.
#6 312.1 Preparing to unpack .../324-liblist-compare-perl_0.55-2_all.deb ...
#6 312.1 Unpacking liblist-compare-perl (0.55-2) ...
#6 312.4 Selecting previously unselected package liblist-moreutils-xs-perl.
#6 312.4 Preparing to unpack .../325-liblist-moreutils-xs-perl_0.430-4+b2_arm64.deb ...
#6 312.5 Unpacking liblist-moreutils-xs-perl (0.430-4+b2) ...
#6 312.7 Selecting previously unselected package liblist-moreutils-perl.
#6 312.8 Preparing to unpack .../326-liblist-moreutils-perl_0.430-2_all.deb ...
#6 312.8 Unpacking liblist-moreutils-perl (0.430-2) ...
#6 313.1 Selecting previously unselected package liblist-someutils-perl.
#6 313.1 Preparing to unpack .../327-liblist-someutils-perl_0.59-1_all.deb ...
#6 313.1 Unpacking liblist-someutils-perl (0.59-1) ...
#6 313.5 Selecting previously unselected package liblist-someutils-xs-perl:arm64.
#6 313.5 Preparing to unpack .../328-liblist-someutils-xs-perl_0.58-3+b3_arm64.deb ...
#6 313.5 Unpacking liblist-someutils-xs-perl:arm64 (0.58-3+b3) ...
#6 313.8 Selecting previously unselected package liblist-utilsby-perl.
#6 313.8 Preparing to unpack .../329-liblist-utilsby-perl_0.12-2_all.deb ...
#6 313.8 Unpacking liblist-utilsby-perl (0.12-2) ...
#6 314.1 Selecting previously unselected package libltdl7:arm64.
#6 314.1 Preparing to unpack .../330-libltdl7_2.5.4-4_arm64.deb ...
#6 314.1 Unpacking libltdl7:arm64 (2.5.4-4) ...
#6 314.5 Selecting previously unselected package libltdl-dev:arm64.
#6 314.5 Preparing to unpack .../331-libltdl-dev_2.5.4-4_arm64.deb ...
#6 314.5 Unpacking libltdl-dev:arm64 (2.5.4-4) ...
#6 314.9 Selecting previously unselected package liblz1:arm64.
#6 314.9 Preparing to unpack .../332-liblz1_1.15-3_arm64.deb ...
#6 314.9 Unpacking liblz1:arm64 (1.15-3) ...
#6 315.2 Selecting previously unselected package liblzo2-2:arm64.
#6 315.2 Preparing to unpack .../333-liblzo2-2_2.10-3+b1_arm64.deb ...
#6 315.2 Unpacking liblzo2-2:arm64 (2.10-3+b1) ...
#6 315.5 Selecting previously unselected package libsys-hostname-long-perl.
#6 315.5 Preparing to unpack .../334-libsys-hostname-long-perl_1.5-3_all.deb ...
#6 315.5 Unpacking libsys-hostname-long-perl (1.5-3) ...
#6 315.9 Selecting previously unselected package libmail-sendmail-perl.
#6 315.9 Preparing to unpack .../335-libmail-sendmail-perl_0.80-3_all.deb ...
#6 315.9 Unpacking libmail-sendmail-perl (0.80-3) ...
#6 316.2 Selecting previously unselected package libnet-smtp-ssl-perl.
#6 316.2 Preparing to unpack .../336-libnet-smtp-ssl-perl_1.04-2_all.deb ...
#6 316.2 Unpacking libnet-smtp-ssl-perl (1.04-2) ...
#6 316.5 Selecting previously unselected package libmailtools-perl.
#6 316.5 Preparing to unpack .../337-libmailtools-perl_2.22-1_all.deb ...
#6 316.5 Unpacking libmailtools-perl (2.22-1) ...
#6 316.9 Selecting previously unselected package libmarkdown2:arm64.
#6 316.9 Preparing to unpack .../338-libmarkdown2_2.2.7-2.1_arm64.deb ...
#6 316.9 Unpacking libmarkdown2:arm64 (2.2.7-2.1) ...
#6 317.3 Selecting previously unselected package libmatch-simple-xs-perl.
#6 317.3 Preparing to unpack .../339-libmatch-simple-xs-perl_0.002-1+b1_arm64.deb ...
#6 317.3 Unpacking libmatch-simple-xs-perl (0.002-1+b1) ...
#6 317.6 Selecting previously unselected package libmath-base85-perl.
#6 317.6 Preparing to unpack .../340-libmath-base85-perl_0.5+dfsg-2_all.deb ...
#6 317.6 Unpacking libmath-base85-perl (0.5+dfsg-2) ...
#6 317.9 Selecting previously unselected package libmime-tools-perl.
#6 317.9 Preparing to unpack .../341-libmime-tools-perl_5.515-1_all.deb ...
#6 317.9 Unpacking libmime-tools-perl (5.515-1) ...
#6 318.3 Selecting previously unselected package libmldbm-perl.
#6 318.3 Preparing to unpack .../342-libmldbm-perl_2.05-4_all.deb ...
#6 318.3 Unpacking libmldbm-perl (2.05-4) ...
#6 318.6 Selecting previously unselected package libmoox-aliases-perl.
#6 318.6 Preparing to unpack .../343-libmoox-aliases-perl_0.001006-2_all.deb ...
#6 318.7 Unpacking libmoox-aliases-perl (0.001006-2) ...
#6 319.0 Selecting previously unselected package libmouse-perl:arm64.
#6 319.0 Preparing to unpack .../344-libmouse-perl_2.5.11-1+b1_arm64.deb ...
#6 319.0 Unpacking libmouse-perl:arm64 (2.5.11-1+b1) ...
#6 319.3 Selecting previously unselected package libnspr4:arm64.
#6 319.3 Preparing to unpack .../345-libnspr4_2%3a4.36-1_arm64.deb ...
#6 319.3 Unpacking libnspr4:arm64 (2:4.36-1) ...
#6 319.7 Selecting previously unselected package libnss3:arm64.
#6 319.7 Preparing to unpack .../346-libnss3_2%3a3.110-1+deb13u4_arm64.deb ...
#6 319.7 Unpacking libnss3:arm64 (2:3.110-1+deb13u4) ...
#6 320.4 Selecting previously unselected package libnss3-tools.
#6 320.4 Preparing to unpack .../347-libnss3-tools_2%3a3.110-1+deb13u4_arm64.deb ...
#6 320.5 Unpacking libnss3-tools (2:3.110-1+deb13u4) ...
#6 321.1 Selecting previously unselected package libpackage-stash-xs-perl:arm64.
#6 321.1 Preparing to unpack .../348-libpackage-stash-xs-perl_0.30-1+b4_arm64.deb ...
#6 321.1 Unpacking libpackage-stash-xs-perl:arm64 (0.30-1+b4) ...
#6 321.4 Selecting previously unselected package libpath-iterator-rule-perl.
#6 321.4 Preparing to unpack .../349-libpath-iterator-rule-perl_1.015-2_all.deb ...
#6 321.4 Unpacking libpath-iterator-rule-perl (1.015-2) ...
#6 321.8 Selecting previously unselected package libperlio-gzip-perl.
#6 321.8 Preparing to unpack .../350-libperlio-gzip-perl_0.20-1+b4_arm64.deb ...
#6 321.8 Unpacking libperlio-gzip-perl (0.20-1+b4) ...
#6 322.1 Selecting previously unselected package libperlio-utf8-strict-perl.
#6 322.1 Preparing to unpack .../351-libperlio-utf8-strict-perl_0.010-1+b3_arm64.deb ...
#6 322.1 Unpacking libperlio-utf8-strict-perl (0.010-1+b3) ...
#6 322.5 Selecting previously unselected package libpod-parser-perl.
#6 322.5 Preparing to unpack .../352-libpod-parser-perl_1.67-1_all.deb ...
#6 322.6 Adding 'diversion of /usr/bin/podselect to /usr/bin/podselect.bundled by libpod-parser-perl'
#6 322.7 Adding 'diversion of /usr/share/man/man1/podselect.1.gz to /usr/share/man/man1/podselect.bundled.1.gz by libpod-parser-perl'
#6 322.8 Unpacking libpod-parser-perl (1.67-1) ...
#6 323.1 Selecting previously unselected package libpod-constants-perl.
#6 323.1 Preparing to unpack .../353-libpod-constants-perl_0.19-2_all.deb ...
#6 323.1 Unpacking libpod-constants-perl (0.19-2) ...
#6 323.4 Selecting previously unselected package libpopt0:arm64.
#6 323.4 Preparing to unpack .../354-libpopt0_1.19+dfsg-2_arm64.deb ...
#6 323.4 Unpacking libpopt0:arm64 (1.19+dfsg-2) ...
#6 323.8 Selecting previously unselected package libproc-processtable-perl:arm64.
#6 323.8 Preparing to unpack .../355-libproc-processtable-perl_0.636-1+b3_arm64.deb ...
#6 323.8 Unpacking libproc-processtable-perl:arm64 (0.636-1+b3) ...
#6 324.1 Selecting previously unselected package libre2-11:arm64.
#6 324.1 Preparing to unpack .../356-libre2-11_20240702-3+b1_arm64.deb ...
#6 324.1 Unpacking libre2-11:arm64 (20240702-3+b1) ...
#6 324.4 Selecting previously unselected package libre-engine-re2-perl:arm64.
#6 324.4 Preparing to unpack .../357-libre-engine-re2-perl_0.18+ds-2_arm64.deb ...
#6 324.5 Unpacking libre-engine-re2-perl:arm64 (0.18+ds-2) ...
#6 324.7 Selecting previously unselected package libreadonly-perl.
#6 324.7 Preparing to unpack .../358-libreadonly-perl_2.050-3_all.deb ...
#6 324.7 Unpacking libreadonly-perl (2.050-3) ...
#6 325.0 Selecting previously unselected package libref-util-perl.
#6 325.0 Preparing to unpack .../359-libref-util-perl_0.204-2_all.deb ...
#6 325.0 Unpacking libref-util-perl (0.204-2) ...
#6 325.3 Selecting previously unselected package libref-util-xs-perl.
#6 325.3 Preparing to unpack .../360-libref-util-xs-perl_0.117-2+b4_arm64.deb ...
#6 325.3 Unpacking libref-util-xs-perl (0.117-2+b4) ...
#6 325.6 Selecting previously unselected package libregexp-pattern-license-perl.
#6 325.6 Preparing to unpack .../361-libregexp-pattern-license-perl_3.11.2-1_all.deb ...
#6 325.6 Unpacking libregexp-pattern-license-perl (3.11.2-1) ...
#6 326.0 Selecting previously unselected package libregexp-pattern-perl.
#6 326.0 Preparing to unpack .../362-libregexp-pattern-perl_0.2.14-2_all.deb ...
#6 326.0 Unpacking libregexp-pattern-perl (0.2.14-2) ...
#6 326.3 Selecting previously unselected package libregexp-wildcards-perl.
#6 326.3 Preparing to unpack .../363-libregexp-wildcards-perl_1.05-3_all.deb ...
#6 326.3 Unpacking libregexp-wildcards-perl (1.05-3) ...
#6 326.6 Selecting previously unselected package libsasl2-modules:arm64.
#6 326.6 Preparing to unpack .../364-libsasl2-modules_2.1.28+dfsg1-9_arm64.deb ...
#6 326.8 Unpacking libsasl2-modules:arm64 (2.1.28+dfsg1-9) ...
#6 327.2 Selecting previously unselected package libsereal-decoder-perl.
#6 327.2 Preparing to unpack .../365-libsereal-decoder-perl_5.004+ds-1+b3_arm64.deb ...
#6 327.2 Unpacking libsereal-decoder-perl (5.004+ds-1+b3) ...
#6 327.5 Selecting previously unselected package libsereal-encoder-perl.
#6 327.5 Preparing to unpack .../366-libsereal-encoder-perl_5.004+ds-1+b3_arm64.deb ...
#6 327.5 Unpacking libsereal-encoder-perl (5.004+ds-1+b3) ...
#6 327.8 Selecting previously unselected package libset-intspan-perl.
#6 327.8 Preparing to unpack .../367-libset-intspan-perl_1.19-3_all.deb ...
#6 327.9 Unpacking libset-intspan-perl (1.19-3) ...
#6 328.1 Selecting previously unselected package libtask-weaken-perl.
#6 328.1 Preparing to unpack .../368-libtask-weaken-perl_1.06-2_all.deb ...
#6 328.2 Unpacking libtask-weaken-perl (1.06-2) ...
#6 328.4 Selecting previously unselected package libxml-parser-perl.
#6 328.4 Preparing to unpack .../369-libxml-parser-perl_2.47-2~deb13u1_arm64.deb ...
#6 328.4 Unpacking libxml-parser-perl (2.47-2~deb13u1) ...
#6 328.8 Selecting previously unselected package libsoap-lite-perl.
#6 328.8 Preparing to unpack .../370-libsoap-lite-perl_1.27-3_all.deb ...
#6 328.8 Unpacking libsoap-lite-perl (1.27-3) ...
#6 329.2 Selecting previously unselected package libsocket6-perl.
#6 329.2 Preparing to unpack .../371-libsocket6-perl_0.29-3+b4_arm64.deb ...
#6 329.2 Unpacking libsocket6-perl (0.29-3+b4) ...
#6 329.4 Selecting previously unselected package libstring-copyright-perl.
#6 329.4 Preparing to unpack .../372-libstring-copyright-perl_0.003014-1_all.deb ...
#6 329.5 Unpacking libstring-copyright-perl (0.003014-1) ...
#6 329.7 Selecting previously unselected package libstring-escape-perl.
#6 329.8 Preparing to unpack .../373-libstring-escape-perl_2010.002-3_all.deb ...
#6 329.8 Unpacking libstring-escape-perl (2010.002-3) ...
#6 330.1 Selecting previously unselected package libstring-license-perl.
#6 330.1 Preparing to unpack .../374-libstring-license-perl_0.0.11-1_all.deb ...
#6 330.1 Unpacking libstring-license-perl (0.0.11-1) ...
#6 330.4 Selecting previously unselected package libstring-shellquote-perl.
#6 330.4 Preparing to unpack .../375-libstring-shellquote-perl_1.04-3_all.deb ...
#6 330.4 Unpacking libstring-shellquote-perl (1.04-3) ...
#6 330.6 Selecting previously unselected package libsys-cpuaffinity-perl.
#6 330.6 Preparing to unpack .../376-libsys-cpuaffinity-perl_1.13~03-2+b4_arm64.deb ...
#6 330.7 Unpacking libsys-cpuaffinity-perl (1.13~03-2+b4) ...
#6 331.0 Selecting previously unselected package libterm-readkey-perl.
#6 331.0 Preparing to unpack .../377-libterm-readkey-perl_2.38-2+b4_arm64.deb ...
#6 331.0 Unpacking libterm-readkey-perl (2.38-2+b4) ...
#6 331.3 Selecting previously unselected package libtext-levenshteinxs-perl.
#6 331.3 Preparing to unpack .../378-libtext-levenshteinxs-perl_0.03-5+b4_arm64.deb ...
#6 331.3 Unpacking libtext-levenshteinxs-perl (0.03-5+b4) ...
#6 331.6 Selecting previously unselected package libtext-markdown-discount-perl.
#6 331.6 Preparing to unpack .../379-libtext-markdown-discount-perl_0.18-1_arm64.deb ...
#6 331.6 Unpacking libtext-markdown-discount-perl (0.18-1) ...
#6 331.9 Selecting previously unselected package libtext-xslate-perl:arm64.
#6 331.9 Preparing to unpack .../380-libtext-xslate-perl_3.5.9-2+b1_arm64.deb ...
#6 331.9 Unpacking libtext-xslate-perl:arm64 (3.5.9-2+b1) ...
#6 332.2 Selecting previously unselected package libtime-duration-perl.
#6 332.2 Preparing to unpack .../381-libtime-duration-perl_1.21-2_all.deb ...
#6 332.2 Unpacking libtime-duration-perl (1.21-2) ...
#6 332.5 Selecting previously unselected package libtime-moment-perl.
#6 332.5 Preparing to unpack .../382-libtime-moment-perl_0.44-2+b4_arm64.deb ...
#6 332.5 Unpacking libtime-moment-perl (0.44-2+b4) ...
#6 332.8 Selecting previously unselected package libtype-tiny-xs-perl:arm64.
#6 332.8 Preparing to unpack .../383-libtype-tiny-xs-perl_0.025-2+b1_arm64.deb ...
#6 332.8 Unpacking libtype-tiny-xs-perl:arm64 (0.025-2+b1) ...
#6 333.1 Selecting previously unselected package libunicode-utf8-perl.
#6 333.1 Preparing to unpack .../384-libunicode-utf8-perl_0.62-3_arm64.deb ...
#6 333.1 Unpacking libunicode-utf8-perl (0.62-3) ...
#6 333.4 Selecting previously unselected package libwww-mechanize-perl.
#6 333.4 Preparing to unpack .../385-libwww-mechanize-perl_2.19-1_all.deb ...
#6 333.4 Unpacking libwww-mechanize-perl (2.19-1) ...
#6 333.7 Selecting previously unselected package libxau6:arm64.
#6 333.7 Preparing to unpack .../386-libxau6_1%3a1.0.11-1_arm64.deb ...
#6 333.8 Unpacking libxau6:arm64 (1:1.0.11-1) ...
#6 334.1 Selecting previously unselected package libxdmcp6:arm64.
#6 334.1 Preparing to unpack .../387-libxdmcp6_1%3a1.1.5-1_arm64.deb ...
#6 334.1 Unpacking libxdmcp6:arm64 (1:1.1.5-1) ...
#6 334.4 Selecting previously unselected package libxcb1:arm64.
#6 334.4 Preparing to unpack .../388-libxcb1_1.17.0-2+b1_arm64.deb ...
#6 334.4 Unpacking libxcb1:arm64 (1.17.0-2+b1) ...
#6 334.7 Selecting previously unselected package libx11-data.
#6 334.7 Preparing to unpack .../389-libx11-data_2%3a1.8.12-1_all.deb ...
#6 334.7 Unpacking libx11-data (2:1.8.12-1) ...
#6 335.0 Selecting previously unselected package libx11-6:arm64.
#6 335.0 Preparing to unpack .../390-libx11-6_2%3a1.8.12-1_arm64.deb ...
#6 335.0 Unpacking libx11-6:arm64 (2:1.8.12-1) ...
#6 335.5 Selecting previously unselected package libxdelta2t64:arm64.
#6 335.5 Preparing to unpack .../391-libxdelta2t64_1.1.3-10.7_arm64.deb ...
#6 335.5 Unpacking libxdelta2t64:arm64 (1.1.3-10.7) ...
#6 335.8 Selecting previously unselected package libxext6:arm64.
#6 335.8 Preparing to unpack .../392-libxext6_2%3a1.3.4-1+b3_arm64.deb ...
#6 335.8 Unpacking libxext6:arm64 (2:1.3.4-1+b3) ...
#6 336.1 Selecting previously unselected package libxml-namespacesupport-perl.
#6 336.1 Preparing to unpack .../393-libxml-namespacesupport-perl_1.12-2_all.deb ...
#6 336.1 Unpacking libxml-namespacesupport-perl (1.12-2) ...
#6 336.3 Selecting previously unselected package libxml-sax-base-perl.
#6 336.3 Preparing to unpack .../394-libxml-sax-base-perl_1.09-3_all.deb ...
#6 336.4 Unpacking libxml-sax-base-perl (1.09-3) ...
#6 336.6 Selecting previously unselected package libxml-sax-perl.
#6 336.6 Preparing to unpack .../395-libxml-sax-perl_1.02+dfsg-4_all.deb ...
#6 336.7 Unpacking libxml-sax-perl (1.02+dfsg-4) ...
#6 337.0 Selecting previously unselected package libxml-libxml-perl.
#6 337.0 Preparing to unpack .../396-libxml-libxml-perl_2.0207+dfsg+really+2.0134-5+deb13u1_arm64.deb ...
#6 337.0 Unpacking libxml-libxml-perl (2.0207+dfsg+really+2.0134-5+deb13u1) ...
#6 337.4 Selecting previously unselected package libxml-sax-expat-perl.
#6 337.4 Preparing to unpack .../397-libxml-sax-expat-perl_0.51-2_all.deb ...
#6 337.4 Unpacking libxml-sax-expat-perl (0.51-2) ...
#6 337.7 Selecting previously unselected package libxmlrpc-lite-perl.
#6 337.7 Preparing to unpack .../398-libxmlrpc-lite-perl_0.717-5_all.deb ...
#6 337.7 Unpacking libxmlrpc-lite-perl (0.717-5) ...
#6 338.0 Selecting previously unselected package libxmuu1:arm64.
#6 338.1 Preparing to unpack .../399-libxmuu1_2%3a1.1.3-3+b4_arm64.deb ...
#6 338.1 Unpacking libxmuu1:arm64 (2:1.1.3-3+b4) ...
#6 338.3 Selecting previously unselected package libxstring-perl:arm64.
#6 338.4 Preparing to unpack .../400-libxstring-perl_0.005-2+b4_arm64.deb ...
#6 338.4 Unpacking libxstring-perl:arm64 (0.005-2+b4) ...
#6 338.6 Selecting previously unselected package libyaml-libyaml-perl.
#6 338.6 Preparing to unpack .../401-libyaml-libyaml-perl_0.903.0+ds-1_arm64.deb ...
#6 338.6 Unpacking libyaml-libyaml-perl (0.903.0+ds-1) ...
#6 338.9 Selecting previously unselected package licensecheck.
#6 338.9 Preparing to unpack .../402-licensecheck_3.3.9-1_all.deb ...
#6 338.9 Unpacking licensecheck (3.3.9-1) ...
#6 339.2 Selecting previously unselected package plzip.
#6 339.2 Preparing to unpack .../403-plzip_1.12-3_arm64.deb ...
#6 339.2 Unpacking plzip (1.12-3) ...
#6 339.5 Selecting previously unselected package lzip.
#6 339.5 Preparing to unpack .../404-lzip_1.25-3_arm64.deb ...
#6 339.5 Unpacking lzip (1.25-3) ...
#6 339.9 Selecting previously unselected package lzop.
#6 339.9 Preparing to unpack .../405-lzop_1.04-2+b1_arm64.deb ...
#6 339.9 Unpacking lzop (1.04-2+b1) ...
#6 340.2 Selecting previously unselected package t1utils.
#6 340.2 Preparing to unpack .../406-t1utils_1.41-4+b1_arm64.deb ...
#6 340.2 Unpacking t1utils (1.41-4+b1) ...
#6 340.5 Selecting previously unselected package unzip.
#6 340.5 Preparing to unpack .../407-unzip_6.0-29_arm64.deb ...
#6 340.5 Unpacking unzip (6.0-29) ...
#6 340.8 Selecting previously unselected package lintian.
#6 340.8 Preparing to unpack .../408-lintian_2.122.0_all.deb ...
#6 341.0 Unpacking lintian (2.122.0) ...
#6 341.8 Selecting previously unselected package lsb-release.
#6 341.8 Preparing to unpack .../409-lsb-release_12.1-1_all.deb ...
#6 341.8 Unpacking lsb-release (12.1-1) ...
#6 342.1 Selecting previously unselected package manpages-dev.
#6 342.1 Preparing to unpack .../410-manpages-dev_6.9.1-1_all.deb ...
#6 342.1 Unpacking manpages-dev (6.9.1-1) ...
#6 343.2 Selecting previously unselected package opensc-pkcs11:arm64.
#6 343.2 Preparing to unpack .../411-opensc-pkcs11_0.26.1-2_arm64.deb ...
#6 343.2 Unpacking opensc-pkcs11:arm64 (0.26.1-2) ...
#6 343.8 Selecting previously unselected package opensc.
#6 343.8 Preparing to unpack .../412-opensc_0.26.1-2_arm64.deb ...
#6 343.8 Unpacking opensc (0.26.1-2) ...
#6 344.2 Selecting previously unselected package pbzip2.
#6 344.2 Preparing to unpack .../413-pbzip2_1.1.13-1+b1_arm64.deb ...
#6 344.2 Unpacking pbzip2 (1.1.13-1+b1) ...
#6 344.5 Selecting previously unselected package pesign.
#6 344.5 Preparing to unpack .../414-pesign_116-8.1_arm64.deb ...
#6 344.5 Unpacking pesign (116-8.1) ...
#6 344.8 Selecting previously unselected package pixz.
#6 344.8 Preparing to unpack .../415-pixz_1.0.7-4_arm64.deb ...
#6 344.9 Unpacking pixz (1.0.7-4) ...
#6 345.1 Selecting previously unselected package xdelta.
#6 345.1 Preparing to unpack .../416-xdelta_1.1.3-10.7_arm64.deb ...
#6 345.1 Unpacking xdelta (1.1.3-10.7) ...
#6 345.4 Selecting previously unselected package xdelta3.
#6 345.4 Preparing to unpack .../417-xdelta3_3.0.11-dfsg-1.2+b1_arm64.deb ...
#6 345.4 Unpacking xdelta3 (3.0.11-dfsg-1.2+b1) ...
#6 345.8 Selecting previously unselected package pristine-tar.
#6 345.8 Preparing to unpack .../418-pristine-tar_1.50+nmu2+b1_arm64.deb ...
#6 345.8 Unpacking pristine-tar (1.50+nmu2+b1) ...
#6 346.1 Selecting previously unselected package psmisc.
#6 346.1 Preparing to unpack .../419-psmisc_23.7-2_arm64.deb ...
#6 346.2 Unpacking psmisc (23.7-2) ...
#6 346.5 Selecting previously unselected package publicsuffix.
#6 346.5 Preparing to unpack .../420-publicsuffix_20250328.1952-0.1_all.deb ...
#6 346.5 Unpacking publicsuffix (20250328.1952-0.1) ...
#6 346.9 Selecting previously unselected package python-apt-common.
#6 346.9 Preparing to unpack .../421-python-apt-common_3.0.0_all.deb ...
#6 346.9 Unpacking python-apt-common (3.0.0) ...
#6 347.2 Selecting previously unselected package python3-apt.
#6 347.2 Preparing to unpack .../422-python3-apt_3.0.0_arm64.deb ...
#6 347.3 Unpacking python3-apt (3.0.0) ...
#6 347.6 Selecting previously unselected package python3-certifi.
#6 347.6 Preparing to unpack .../423-python3-certifi_2025.1.31+ds-1_all.deb ...
#6 347.6 Unpacking python3-certifi (2025.1.31+ds-1) ...
#6 347.9 Selecting previously unselected package python3-chardet.
#6 347.9 Preparing to unpack .../424-python3-chardet_5.2.0+dfsg-2_all.deb ...
#6 347.9 Unpacking python3-chardet (5.2.0+dfsg-2) ...
#6 348.2 Selecting previously unselected package python3-idna.
#6 348.2 Preparing to unpack .../425-python3-idna_3.10-1+deb13u1_all.deb ...
#6 348.2 Unpacking python3-idna (3.10-1+deb13u1) ...
#6 348.5 Selecting previously unselected package python3-magic.
#6 348.5 Preparing to unpack .../426-python3-magic_2%3a0.4.27-3_all.deb ...
#6 348.5 Unpacking python3-magic (2:0.4.27-3) ...
#6 348.8 Selecting previously unselected package python3-urllib3.
#6 348.8 Preparing to unpack .../427-python3-urllib3_2.3.0-3+deb13u2_all.deb ...
#6 348.8 Unpacking python3-urllib3 (2.3.0-3+deb13u2) ...
#6 349.1 Selecting previously unselected package python3-requests.
#6 349.1 Preparing to unpack .../428-python3-requests_2.32.3+dfsg-5+deb13u1_all.deb ...
#6 349.2 Unpacking python3-requests (2.32.3+dfsg-5+deb13u1) ...
#6 349.4 Selecting previously unselected package python3-unidiff.
#6 349.4 Preparing to unpack .../429-python3-unidiff_0.7.5-2_all.deb ...
#6 349.5 Unpacking python3-unidiff (0.7.5-2) ...
#6 349.7 Selecting previously unselected package sbsigntool.
#6 349.7 Preparing to unpack .../430-sbsigntool_0.9.4-3.2_arm64.deb ...
#6 349.7 Unpacking sbsigntool (0.9.4-3.2) ...
#6 350.0 Selecting previously unselected package sq.
#6 350.1 Preparing to unpack .../431-sq_1.3.1-2+b2_arm64.deb ...
#6 350.1 Unpacking sq (1.3.1-2+b2) ...
#6 352.1 Selecting previously unselected package strace.
#6 352.1 Preparing to unpack .../432-strace_6.13+ds-1_arm64.deb ...
#6 352.1 Unpacking strace (6.13+ds-1) ...
#6 352.6 Selecting previously unselected package systemd-cryptsetup.
#6 352.6 Preparing to unpack .../433-systemd-cryptsetup_257.13-1~deb13u1_arm64.deb ...
#6 352.6 Unpacking systemd-cryptsetup (257.13-1~deb13u1) ...
#6 352.9 Selecting previously unselected package xauth.
#6 352.9 Preparing to unpack .../434-xauth_1%3a1.1.2-1.1_arm64.deb ...
#6 352.9 Unpacking xauth (1:1.1.2-1.1) ...
#6 353.2 Selecting previously unselected package xdg-user-dirs.
#6 353.2 Preparing to unpack .../435-xdg-user-dirs_0.18-2_arm64.deb ...
#6 353.4 Unpacking xdg-user-dirs (0.18-2) ...
#6 353.7 Selecting previously unselected package xxd.
#6 353.7 Preparing to unpack .../436-xxd_2%3a9.1.1230-2_arm64.deb ...
#6 353.7 Unpacking xxd (2:9.1.1230-2) ...
#6 354.0 Selecting previously unselected package gnupg-utils.
#6 354.0 Preparing to unpack .../437-gnupg-utils_2.4.7-21+deb13u1+b4_arm64.deb ...
#6 354.0 Unpacking gnupg-utils (2.4.7-21+deb13u1+b4) ...
#6 354.4 Setting up liblz1:arm64 (1.15-3) ...
#6 354.4 Setting up media-types (13.0.0) ...
#6 354.4 Setting up gnu-efi (3.0.18-1+deb13u1) ...
#6 354.4 Setting up libpipeline1:arm64 (1.5.8-1) ...
#6 354.4 Setting up plzip (1.12-3) ...
#6 354.5 update-alternatives: using /usr/bin/lzip.plzip to provide /usr/bin/lzip (lzip) in auto mode
#6 354.6 update-alternatives: using /usr/bin/lzip.plzip to provide /usr/bin/lzip-compressor (lzip-compressor) in auto mode
#6 354.6 update-alternatives: using /usr/bin/lzip.plzip to provide /usr/bin/lzip-decompressor (lzip-decompressor) in auto mode
#6 354.6 Setting up libtext-charwidth-perl:arm64 (0.04-11+b4) ...
#6 354.6 Setting up runit-helper (2.16.4) ...
#6 354.6 Setting up wdiff (1.2.2-9) ...
#6 354.6 Setting up systemd-sysv (257.13-1~deb13u1) ...
#6 355.0 Setting up libxau6:arm64 (1:1.0.11-1) ...
#6 355.0 Setting up libxdmcp6:arm64 (1:1.1.5-1) ...
#6 355.0 Setting up libnpth0t64:arm64 (1.8-3) ...
#6 355.0 Setting up libkeyutils1:arm64 (1.6.3-6) ...
#6 355.0 Setting up libxcb1:arm64 (1.17.0-2+b1) ...
#6 355.0 Setting up libgpm2:arm64 (1.20.7-11+b2) ...
#6 355.0 Setting up libzstd-dev:arm64 (1.5.7+dfsg-1) ...
#6 355.0 Setting up libgdbm6t64:arm64 (1.24-2) ...
#6 355.0 Setting up bsdextrautils (2.41-5) ...
#6 355.0 Setting up libgpg-error0:arm64 (1.51-4) ...
#6 355.0 Setting up libtext-glob-perl (0.11-3) ...
#6 355.0 Setting up libgdbm-compat4t64:arm64 (1.24-2) ...
#6 355.0 Setting up xdg-user-dirs (0.18-2) ...
#6 355.2 Setting up libckyapplet1t64 (1.1.0-16.1+b2) ...
#6 355.2 Setting up libmagic-mgc (1:5.46-5) ...
#6 355.2 Setting up psmisc (23.7-2) ...
#6 355.2 Setting up libcbor0.10:arm64 (0.10.2-2) ...
#6 355.2 Setting up libyaml-0-2:arm64 (0.2.5-2) ...
#6 355.2 Setting up distro-info-data (0.66+deb13u2) ...
#6 355.2 Setting up manpages (6.9.1-1) ...
#6 355.2 Setting up libfcgi0t64:arm64 (2.4.5-0.1) ...
#6 355.2 Setting up libefivar1t64:arm64 (38-3.1+b1) ...
#6 355.3 Setting up unzip (6.0-29) ...
#6 355.3 Setting up libbrotli1:arm64 (1.1.0-2+b7) ...
#6 355.3 Setting up libedit2:arm64 (3.1-20250104-1) ...
#6 355.3 Setting up libsasl2-modules:arm64 (2.1.28+dfsg1-9) ...
#6 355.4 Setting up libmagic1t64:arm64 (1:5.46-5) ...
#6 355.5 Setting up libfcgi-bin (2.4.5-0.1) ...
#6 355.5 Setting up binutils-common:arm64 (2.44-3) ...
#6 355.5 Setting up libnghttp2-14:arm64 (1.64.0-1.1+deb13u1) ...
#6 355.5 Setting up less (668-1) ...
#6 355.6 Setting up perl-openssl-defaults:arm64 (7+b2) ...
#6 355.6 Setting up linux-libc-dev (6.12.96-1) ...
#6 355.6 Setting up libctf-nobfd0:arm64 (2.44-3) ...
#6 355.6 Setting up gettext-base (0.23.1-2) ...
#6 355.6 Setting up m4 (1.4.19-8) ...
#6 355.6 Setting up libgcrypt20:arm64 (1.11.0-7+deb13u1) ...
#6 355.6 Setting up libnss-systemd:arm64 (257.13-1~deb13u1) ...
#6 356.0 Setting up liblzo2-2:arm64 (2.10-3+b1) ...
#6 356.0 Setting up krb5-locales (1.21.3-5+deb13u1) ...
#6 356.0 Setting up libcom-err2:arm64 (1.47.2-3+b11) ...
#6 356.0 Setting up sq (1.3.1-2+b2) ...
#6 356.0 Setting up file (1:5.46-5) ...
#6 356.0 Setting up libgomp1:arm64 (14.2.0-19) ...
#6 356.0 Setting up libabsl20240722:arm64 (20240722.0-4) ...
#6 356.0 Setting up bzip2 (1.0.8-6) ...
#6 356.1 Setting up libldap-common (2.6.10+dfsg-1) ...
#6 356.1 Setting up pbzip2 (1.1.13-1+b1) ...
#6 356.1 Setting up libtext-wrapi18n-perl (0.06-10) ...
#6 356.1 Setting up libefisec1t64:arm64 (38-3.1+b1) ...
#6 356.1 Setting up xxd (2:9.1.1230-2) ...
#6 356.1 Setting up libsframe1:arm64 (2.44-3) ...
#6 356.1 Setting up libfakeroot:arm64 (1.37.1.1-1) ...
#6 356.1 Setting up libelf1t64:arm64 (0.192-4) ...
#6 356.1 Setting up libjansson4:arm64 (2.14-2+b3) ...
#6 356.1 Setting up libeac3:arm64 (1.1.2+ds+git20220117+453c3d6b03a0-1.1+b3) ...
#6 356.1 Setting up libkrb5support0:arm64 (1.21.3-5+deb13u1) ...
#6 356.1 Setting up libnumber-compare-perl (0.03-3) ...
#6 356.1 Setting up libsasl2-modules-db:arm64 (2.1.28+dfsg1-9) ...
#6 356.1 Setting up fakeroot (1.37.1.1-1) ...
#6 356.2 update-alternatives: using /usr/bin/fakeroot-sysv to provide /usr/bin/fakeroot (fakeroot) in auto mode
#6 356.3 Setting up autotools-dev (20240727.1) ...
#6 356.3 Setting up libglib2.0-data (2.84.4-3~deb13u3) ...
#6 356.3 Setting up rpcsvc-proto (1.4.3-1+b1) ...
#6 356.3 Setting up linux-sysctl-defaults (4.12.1) ...
#6 356.3 Setting up libx11-data (2:1.8.12-1) ...
#6 356.3 Setting up make (4.4.1-2) ...
#6 356.4 Setting up libmpfr6:arm64 (4.2.2-1) ...
#6 356.4 Setting up libnspr4:arm64 (2:4.36-1) ...
#6 356.4 Setting up gnupg-l10n (2.4.7-21+deb13u1) ...
#6 356.4 Setting up lzip (1.25-3) ...
#6 356.6 Setting up strace (6.13+ds-1) ...
#6 356.6 Setting up libdbus-1-3:arm64 (1.16.2-2) ...
#6 356.6 Setting up xz-utils (5.8.1-1+deb13u1) ...
#6 356.7 update-alternatives: using /usr/bin/xz to provide /usr/bin/lzma (lzma) in auto mode
#6 356.7 Setting up t1utils (1.41-4+b1) ...
#6 356.7 Setting up diffstat (1.67-1) ...
#6 356.7 Setting up libproc2-0:arm64 (2:4.0.4-9) ...
#6 356.7 Setting up libunistring5:arm64 (1.3-2) ...
#6 356.7 Setting up libmpc3:arm64 (1.3.1-1+b3) ...
#6 356.7 Setting up systemd-timesyncd (257.13-1~deb13u1) ...
#6 356.9 Creating group 'systemd-timesync' with GID 997.
#6 356.9 Creating user 'systemd-timesync' (systemd Time Synchronization) with UID 997 and GID 997.
#6 361.2 Created symlink '/etc/systemd/system/dbus-org.freedesktop.timesync1.service' → '/usr/lib/systemd/system/systemd-timesyncd.service'.
#6 361.2 Created symlink '/etc/systemd/system/sysinit.target.wants/systemd-timesyncd.service' → '/usr/lib/systemd/system/systemd-timesyncd.service'.
#6 361.3 Setting up libatomic1:arm64 (14.2.0-19) ...
#6 361.3 Setting up patch (2.8-2) ...
#6 361.3 Setting up autopoint (0.23.1-2) ...
#6 361.3 Setting up libpcsclite1:arm64 (2.3.3-1) ...
#6 361.3 Setting up libncursesw6:arm64 (6.5+20250216-2) ...
#6 361.3 Setting up libk5crypto3:arm64 (1.21.3-5+deb13u1) ...
#6 361.3 Setting up libltdl7:arm64 (2.5.4-4) ...
#6 361.3 Setting up libsasl2-2:arm64 (2.1.28+dfsg1-9) ...
#6 361.3 Setting up libnghttp3-9:arm64 (1.8.0-1) ...
#6 361.3 Setting up libubsan1:arm64 (14.2.0-19) ...
#6 361.3 Setting up libffi8:arm64 (3.4.8-2) ...
#6 361.3 Setting up dwz (0.15-1+b1) ...
#6 361.3 Setting up python-apt-common (3.0.0) ...
#6 361.4 Setting up perl-modules-5.40 (5.40.1-6) ...
#6 361.4 Setting up debian-tag2upload-keyring (1.1) ...
#6 361.4 Setting up sensible-utils (0.0.25) ...
#6 361.4 Setting up libduktape207:arm64 (2.7.0-2+b2) ...
#6 361.4 Setting up libhwasan0:arm64 (14.2.0-19) ...
#6 361.4 Setting up xdelta3 (3.0.11-dfsg-1.2+b1) ...
#6 361.4 Setting up gpgv (2.4.7-21+deb13u1+b4) ...
#6 361.4 Setting up libcrypt-dev:arm64 (1:4.4.38-1) ...
#6 361.6 Setting up dbus-session-bus-common (1.16.2-2) ...
#6 361.6 Setting up libasan8:arm64 (14.2.0-19) ...
#6 361.6 Setting up libuchardet0:arm64 (0.0.8-1+b2) ...
#6 361.6 Setting up lzop (1.04-2+b1) ...
#6 361.6 Setting up libassuan9:arm64 (3.0.2-2) ...
#6 361.6 Setting up procps (2:4.0.4-9) ...
#6 362.1 Setting up libefiboot1t64:arm64 (38-3.1+b1) ...
#6 362.1 Setting up libtasn1-6:arm64 (4.20.0-2+deb13u1) ...
#6 362.2 Setting up git-man (1:2.47.3-0+deb13u1) ...
#6 362.2 Setting up libx11-6:arm64 (2:1.8.12-1) ...
#6 362.2 Setting up netbase (6.5) ...
#6 362.3 Setting up libngtcp2-16:arm64 (1.11.0-1+deb13u1) ...
#6 362.3 Setting up sgml-base (1.31+nmu1) ...
#6 363.2 Setting up libkrb5-3:arm64 (1.21.3-5+deb13u1) ...
#6 363.2 Setting up libusb-1.0-0:arm64 (2:1.0.28-1) ...
#6 363.2 Setting up libstemmer0d:arm64 (2.2.0-4+b2) ...
#6 363.3 Setting up dos2unix (7.5.2-1+b1) ...
#6 363.3 Setting up libssh2-1t64:arm64 (1.11.1-1+deb13u1) ...
#6 363.3 Setting up libtsan2:arm64 (14.2.0-19) ...
#6 363.3 Setting up sbsigntool (0.9.4-3.2) ...
#6 363.3 Setting up libbinutils:arm64 (2.44-3) ...
#6 363.3 Setting up lsb-release (12.1-1) ...
#6 363.3 Setting up dbus-system-bus-common (1.16.2-2) ...
#6 363.4 Creating group 'messagebus' with GID 996.
#6 363.4 Creating user 'messagebus' (System Message Bus) with UID 996 and GID 996.
#6 363.5 Setting up libfido2-1:arm64 (1.15.0-1+b1) ...
#6 363.5 Setting up libisl23:arm64 (0.27-1) ...
#6 363.5 Setting up libefivar-dev:arm64 (38-3.1+b1) ...
#6 363.5 Setting up libc-dev-bin (2.41-12+deb13u3) ...
#6 363.5 Setting up openssl (3.5.6-1~deb13u2) ...
#6 363.6 Setting up libgpg-error-l10n (1.51-4) ...
#6 363.6 Setting up libjson-c5:arm64 (0.18+ds-1) ...
#6 363.6 Setting up readline-common (8.2-6) ...
#6 363.7 Setting up publicsuffix (20250328.1952-0.1) ...
#6 363.7 Setting up libxml2:arm64 (2.12.7+dfsg+really2.9.14-2.1+deb13u3) ...
#6 363.7 Setting up libmarkdown2:arm64 (2.2.7-2.1) ...
#6 363.7 Setting up libcc1-0:arm64 (14.2.0-19) ...
#6 363.7 Setting up libldap2:arm64 (2.6.10+dfsg-1) ...
#6 363.7 Setting up iso-codes (4.18.0-1) ...
#6 363.7 Setting up libxmuu1:arm64 (2:1.1.3-3+b4) ...
#6 363.7 Setting up dbus-bin (1.16.2-2) ...
#6 363.7 Setting up liblocale-gettext-perl (1.07-7+b1) ...
#6 363.7 Setting up liblsan0:arm64 (14.2.0-19) ...
#6 363.8 Setting up dctrl-tools (2.24-3+b1) ...
#6 363.9 Setting up libitm1:arm64 (14.2.0-19) ...
#6 363.9 Setting up debian-keyring (2025.07.26) ...
#6 363.9 Setting up libkmod2:arm64 (34.2-2) ...
#6 364.0 Setting up libpopt0:arm64 (1.19+dfsg-2) ...
#6 364.0 Setting up libctf0:arm64 (2.44-3) ...
#6 364.0 Setting up libksba8:arm64 (1.6.7-2+b1) ...
#6 364.0 Setting up pinentry-curses (1.3.1-2) ...
#6 364.1 Setting up manpages-dev (6.9.1-1) ...
#6 364.1 Setting up libre2-11:arm64 (20240702-3+b1) ...
#6 364.1 Setting up gettext (0.23.1-2) ...
#6 364.1 Setting up libccid (1.6.2-1) ...
#6 364.3 invoke-rc.d: unknown initscript, /etc/init.d/pcscd not found.
#6 364.4 invoke-rc.d: could not determine current runlevel
#6 364.4 Setting up libxext6:arm64 (2:1.3.4-1+b3) ...
#6 364.4 Setting up binutils-aarch64-linux-gnu (2.44-3) ...
#6 364.4 Setting up libidn2-0:arm64 (2.3.8-2) ...
#6 364.4 Setting up libnss3:arm64 (2:3.110-1+deb13u4) ...
#6 364.4 Setting up dbus-daemon (1.16.2-2) ...
#6 364.6 Setting up coolkey (1.1.0-16.1+b2) ...
#6 364.7 Setting up efivar (38-3.1+b1) ...
#6 364.7 Setting up libperl5.40:arm64 (5.40.1-6) ...
#6 364.7 Setting up ca-certificates (20250419) ...
#6 366.1 debconf: unable to initialize frontend: Dialog
#6 366.1 debconf: (TERM is not set, so the dialog frontend is not usable.)
#6 366.1 debconf: falling back to frontend: Readline
#6 366.3 debconf: unable to initialize frontend: Readline
#6 366.3 debconf: (This frontend requires a controlling tty.)
#6 366.3 debconf: falling back to frontend: Teletype
#6 366.4 debconf: unable to initialize frontend: Teletype
#6 366.4 debconf: (This frontend requires a controlling tty.)
#6 366.4 debconf: falling back to frontend: Noninteractive
#6 381.0 Updating certificates in /etc/ssl/certs...
#6 405.2 150 added, 0 removed; done.
#6 405.4 Setting up perl (5.40.1-6) ...
#6 405.5 Setting up libpackage-stash-xs-perl:arm64 (0.30-1+b4) ...
#6 405.5 Setting up libglib2.0-0t64:arm64 (2.84.4-3~deb13u3) ...
#6 405.6 No schema files found: doing nothing.
#6 405.7 Setting up libgprofng0:arm64 (2.44-3) ...
#6 405.7 Setting up libclass-data-inheritable-perl (0.10-1) ...
#6 405.7 Setting up libsub-infix-perl (0.004-4) ...
#6 405.7 Setting up libdata-dump-perl (1.25-1) ...
#6 405.7 Setting up libfile-find-rule-perl (0.34-4) ...
#6 405.7 Setting up libref-util-perl (0.204-2) ...
#6 405.7 Setting up libipc-system-simple-perl (1.30-2) ...
#6 405.7 Setting up libnet-domain-tld-perl (1.75-4) ...
#6 405.8 Setting up libperlio-utf8-strict-perl (0.010-1+b3) ...
#6 405.8 Setting up libsocket6-perl (0.29-3+b4) ...
#6 405.8 Setting up dbus (1.16.2-2) ...
#6 406.3 invoke-rc.d: could not determine current runlevel
#6 406.4 invoke-rc.d: policy-rc.d denied execution of start.
#6 406.4 Setting up libio-compress-brotli-perl (0.004001-2+b3) ...
#6 406.4 Setting up shared-mime-info (2.4-5+b2) ...
#6 410.9 Setting up libp11-kit0:arm64 (0.25.5-3) ...
#6 411.0 Setting up libgssapi-krb5-2:arm64 (1.21.3-5+deb13u1) ...
#6 411.0 Setting up libvariable-magic-perl (0.64-1+b1) ...
#6 411.0 Setting up libio-html-perl (1.004-3) ...
#6 411.0 Setting up libpod-parser-perl (1.67-1) ...
#6 411.0 Setting up libb-hooks-op-check-perl:arm64 (0.22-3+b2) ...
#6 411.0 Setting up liblist-moreutils-xs-perl (0.430-4+b2) ...
#6 411.0 Setting up ucf (3.0052) ...
#6 411.2 Setting up libparams-util-perl (1.102-3+b1) ...
#6 411.2 Setting up libdpkg-perl (1.22.22) ...
#6 411.2 Setting up libtime-duration-perl (1.21-2) ...
#6 411.2 Setting up autoconf (2.72-3.1) ...
#6 411.2 Setting up libsub-exporter-progressive-perl (0.001013-3) ...
#6 411.2 Setting up libarray-intspan-perl (2.004-2) ...
#6 411.2 Setting up libcapture-tiny-perl (0.50-1) ...
#6 411.2 Setting up libtimedate-perl (2.3300-2) ...
#6 411.2 Setting up libreadline8t64:arm64 (8.2-6) ...
#6 411.2 Setting up libsub-name-perl:arm64 (0.28-1) ...
#6 411.2 Setting up libtype-tiny-xs-perl:arm64 (0.025-2+b1) ...
#6 411.2 Setting up libdata-validate-domain-perl (0.15-1) ...
#6 411.2 Setting up libproc-processtable-perl:arm64 (0.636-1+b3) ...
#6 411.2 Setting up libfile-chdir-perl (0.1008-1.2) ...
#6 411.3 Setting up cpp-14-aarch64-linux-gnu (14.2.0-19) ...
#6 411.3 Setting up xauth (1:1.1.2-1.1) ...
#6 411.3 Setting up groff-base (1.23.0-9) ...
#6 411.3 Setting up xml-core (0.19) ...
#6 416.1 Setting up libpath-tiny-perl (0.148-1) ...
#6 416.1 Setting up libarchive-cpio-perl (0.10-3) ...
#6 416.1 Setting up libjson-perl (4.10000-1) ...
#6 416.1 Setting up gpgconf (2.4.7-21+deb13u1+b4) ...
#6 416.1 Setting up libpam-systemd:arm64 (257.13-1~deb13u1) ...
#6 417.6 debconf: unable to initialize frontend: Dialog
#6 417.6 debconf: (TERM is not set, so the dialog frontend is not usable.)
#6 417.6 debconf: falling back to frontend: Readline
#6 417.8 debconf: unable to initialize frontend: Readline
#6 417.8 debconf: (This frontend requires a controlling tty.)
#6 417.8 debconf: falling back to frontend: Teletype
#6 418.0 debconf: unable to initialize frontend: Teletype
#6 418.0 debconf: (This frontend requires a controlling tty.)
#6 418.0 debconf: falling back to frontend: Noninteractive
#6 418.9 Setting up libipc-run3-perl (0.049-1) ...
#6 418.9 Setting up libregexp-wildcards-perl (1.05-3) ...
#6 418.9 Setting up libfcgi-perl (0.82+ds-3+b2) ...
#6 418.9 Setting up libc6-dev:arm64 (2.41-12+deb13u3) ...
#6 419.0 Setting up libaliased-perl (0.34-3) ...
#6 419.0 Setting up libstrictures-perl (2.000006-1) ...
#6 419.0 Setting up libsub-quote-perl (2.006008-1) ...
#6 419.0 Setting up libdevel-stacktrace-perl (2.0500-1) ...
#6 419.0 Setting up libclass-xsaccessor-perl (1.19-4+b5) ...
#6 419.0 Setting up libsort-versions-perl (1.62-3) ...
#6 419.0 Setting up libexporter-tiny-perl (1.006002-1) ...
#6 419.0 Setting up libre-engine-re2-perl:arm64 (0.18+ds-2) ...
#6 419.0 Setting up libfile-dirlist-perl (0.05-3) ...
#6 419.0 Setting up libgcc-14-dev:arm64 (14.2.0-19) ...
#6 419.0 Setting up libterm-readkey-perl (2.38-2+b4) ...
#6 419.0 Setting up libtext-levenshteinxs-perl (0.03-5+b4) ...
#6 419.1 Setting up libperlio-gzip-perl (0.20-1+b4) ...
#6 419.1 Setting up libstdc++-14-dev:arm64 (14.2.0-19) ...
#6 419.1 Setting up libarchive13t64:arm64 (3.7.4-4+deb13u1) ...
#6 419.1 Setting up libsys-hostname-long-perl (1.5-3) ...
#6 419.1 Setting up libpython3.13-stdlib:arm64 (3.13.5-2+deb13u4) ...
#6 419.1 Setting up libhtml-html5-entities-perl (0.004-3) ...
#6 419.1 Setting up libsereal-decoder-perl (5.004+ds-1+b3) ...
#6 419.2 Setting up liburi-perl (5.30-1) ...
#6 419.2 Setting up libnet-ipv6addr-perl (1.02-1) ...
#6 419.2 Setting up gpg (2.4.7-21+deb13u1+b4) ...
#6 421.4 Created symlink '/etc/systemd/user/sockets.target.wants/keyboxd.socket' → '/usr/lib/systemd/user/keyboxd.socket'.
#6 421.4 Setting up libpolkit-gobject-1-0:arm64 (126-2) ...
#6 421.5 Setting up libfile-touch-perl (0.12-2) ...
#6 421.5 Setting up libnss3-tools (2:3.110-1+deb13u4) ...
#6 421.5 Setting up libpython3-stdlib:arm64 (3.13.5-1) ...
#6 421.5 Setting up gnupg-utils (2.4.7-21+deb13u1+b4) ...
#6 421.5 Setting up libemail-address-xs-perl (1.05-1+b4) ...
#6 421.5 Setting up libnet-ssleay-perl:arm64 (1.94-3) ...
#6 421.5 Setting up libgnutls30t64:arm64 (3.8.9-3+deb13u4) ...
#6 421.5 Setting up automake (1:1.17-4) ...
#6 421.6 update-alternatives: using /usr/bin/automake-1.17 to provide /usr/bin/automake (automake) in auto mode
#6 421.6 Setting up libapt-pkg-perl (0.1.42) ...
#6 421.6 Setting up libio-sessiondata-perl (1.03-3) ...
#6 421.6 Setting up libstring-escape-perl (2010.002-3) ...
#6 421.6 Setting up libberkeleydb-perl:arm64 (0.66-1) ...
#6 421.6 Setting up libhttp-date-perl (6.06-1) ...
#6 421.6 Setting up libfile-which-perl (1.27-2) ...
#6 421.6 Setting up libfile-basedir-perl (0.09-2) ...
#6 421.6 Setting up libtask-weaken-perl (1.06-2) ...
#6 421.7 Setting up libunicode-utf8-perl (0.62-3) ...
#6 421.7 Setting up libset-intspan-perl (1.19-3) ...
#6 421.7 Setting up gpg-agent (2.4.7-21+deb13u1+b4) ...
#6 424.0 Created symlink '/etc/systemd/user/sockets.target.wants/gpg-agent-browser.socket' → '/usr/lib/systemd/user/gpg-agent-browser.socket'.
#6 426.1 Created symlink '/etc/systemd/user/sockets.target.wants/gpg-agent-extra.socket' → '/usr/lib/systemd/user/gpg-agent-extra.socket'.
#6 428.3 Created symlink '/etc/systemd/user/sockets.target.wants/gpg-agent-ssh.socket' → '/usr/lib/systemd/user/gpg-agent-ssh.socket'.
#6 430.5 Created symlink '/etc/systemd/user/sockets.target.wants/gpg-agent.socket' → '/usr/lib/systemd/user/gpg-agent.socket'.
#6 430.6 Setting up libmouse-perl:arm64 (2.5.11-1+b1) ...
#6 430.6 Setting up libxdelta2t64:arm64 (1.1.3-10.7) ...
#6 430.6 Setting up libfile-listing-perl (6.16-1) ...
#6 430.6 Setting up xdelta (1.1.3-10.7) ...
#6 430.6 Setting up libsys-cpuaffinity-perl (1.13~03-2+b4) ...
#6 430.6 Setting up libregexp-pattern-perl (0.2.14-2) ...
#6 430.6 Setting up libdata-messagepack-perl (1.02-2) ...
#6 430.6 Setting up libclass-inspector-perl (1.36-3) ...
#6 430.6 Setting up libfont-afm-perl (1.20-4) ...
#6 430.6 Setting up libwant-perl (0.29-2+b4) ...
#6 430.6 Setting up libdynaloader-functions-perl (0.004-2) ...
#6 430.6 Setting up libclass-method-modifiers-perl (2.15-1) ...
#6 430.7 Setting up liblist-compare-perl (0.55-2) ...
#6 430.7 Setting up libref-util-xs-perl (0.117-2+b4) ...
#6 430.7 Setting up libfile-fcntllock-perl (0.22-4+b4) ...
#6 430.7 Setting up python3.13 (3.13.5-2+deb13u4) ...
#6 442.4 Setting up libclone-perl:arm64 (0.47-1+b1) ...
#6 442.4 Setting up libalgorithm-diff-perl (1.201-1) ...
#6 442.4 Setting up libarchive-zip-perl (1.68-1) ...
#6 442.4 Setting up libsub-identify-perl (0.14-3+b3) ...
#6 442.4 Setting up libdistro-info-perl (1.13) ...
#6 442.4 Setting up libcpanel-json-xs-perl:arm64 (4.39-2~deb13u1) ...
#6 442.4 Setting up openssh-client (1:10.0p1-7+deb13u4) ...
#6 446.1 Created symlink '/etc/systemd/user/sockets.target.wants/ssh-agent.socket' → '/usr/lib/systemd/user/ssh-agent.socket'.
#6 446.2 Setting up libio-stringy-perl (2.113-2) ...
#6 446.2 Setting up liblist-moreutils-perl (0.430-2) ...
#6 446.2 Setting up libhtml-tagset-perl (3.24-1) ...
#6 446.2 Setting up liblog-any-perl (1.717-1) ...
#6 446.2 Setting up libmatch-simple-perl (0.012-1) ...
#6 446.2 Setting up libauthen-sasl-perl (2.1700-1) ...
#6 446.3 Setting up libxmlb2:arm64 (0.3.22-1) ...
#6 446.3 Setting up libdevel-size-perl (0.84-1+b1) ...
#6 446.3 Setting up libdebhelper-perl (13.24.2) ...
#6 446.3 Setting up libpod-constants-perl (0.19-2) ...
#6 446.3 Setting up libregexp-pattern-license-perl (3.11.2-1) ...
#6 446.3 Setting up libconvert-binhex-perl (1.125-3) ...
#6 446.3 Setting up gpgsm (2.4.7-21+deb13u1+b4) ...
#6 446.3 Setting up liblwp-mediatypes-perl (6.04-2) ...
#6 446.3 Setting up libyaml-libyaml-perl (0.903.0+ds-1) ...
#6 446.3 Setting up libio-interactive-perl (1.027-1) ...
#6 446.3 Setting up libtry-tiny-perl (0.32-1) ...
#6 446.3 Setting up libpsl5t64:arm64 (0.21.2-1.1+b1) ...
#6 446.3 Setting up libtype-tiny-perl (2.004000-2) ...
#6 446.4 Setting up libcommon-sense-perl:arm64 (3.75-3+b5) ...
#6 446.4 Setting up libmldbm-perl (2.05-4) ...
#6 446.4 Setting up libxml-namespacesupport-perl (1.12-2) ...
#6 446.4 Setting up libnet-http-perl (6.23-1) ...
#6 446.4 Setting up libpath-iterator-rule-perl (1.015-2) ...
#6 446.4 Setting up libtext-markdown-discount-perl (0.18-1) ...
#6 446.4 Setting up libhttp-tiny-multipart-perl (0.08-2) ...
#6 446.4 Setting up libtime-moment-perl (0.44-2+b4) ...
#6 446.4 Setting up libencode-locale-perl (1.05-3) ...
#6 446.4 Setting up python3 (3.13.5-1) ...
#6 446.6 running python rtupdate hooks for python3.13...
#6 450.5 running python post-rtupdate hooks for python3.13...
#6 452.3 Setting up libexception-class-perl (1.45-1) ...
#6 452.3 Setting up binutils (2.44-3) ...
#6 452.4 Setting up libxstring-perl:arm64 (0.005-2+b4) ...
#6 452.4 Setting up libmath-base85-perl (0.5+dfsg-2) ...
#6 452.4 Setting up python3-xdg (0.28-2) ...
#6 455.1 Setting up libconfig-tiny-perl (2.30-1) ...
#6 455.1 Setting up libsereal-encoder-perl (5.004+ds-1+b3) ...
#6 455.2 Setting up libdevel-callchecker-perl:arm64 (0.009-2) ...
#6 455.2 Setting up man-db (2.13.1-1) ...
#6 456.4 debconf: unable to initialize frontend: Dialog
#6 456.4 debconf: (TERM is not set, so the dialog frontend is not usable.)
#6 456.4 debconf: falling back to frontend: Readline
#6 456.6 debconf: unable to initialize frontend: Readline
#6 456.6 debconf: (This frontend requires a controlling tty.)
#6 456.6 debconf: falling back to frontend: Teletype
#6 456.7 debconf: unable to initialize frontend: Teletype
#6 456.7 debconf: (This frontend requires a controlling tty.)
#6 456.7 debconf: falling back to frontend: Noninteractive
#6 457.2 Building database of manual pages ...
#6 467.2 Created symlink '/etc/systemd/system/timers.target.wants/man-db.timer' → '/usr/lib/systemd/system/man-db.timer'.
#6 467.3 Setting up liblist-utilsby-perl (0.12-2) ...
#6 467.3 Setting up libstring-shellquote-perl (1.04-3) ...
#6 467.3 Setting up libnet-netmask-perl (2.0002-2) ...
#6 467.3 Setting up libsub-install-perl (0.929-1) ...
#6 467.3 Setting up dpkg-dev (1.22.22) ...
#6 467.3 Setting up libindirect-perl (0.39-2+b4) ...
#6 467.3 Setting up intltool-debian (0.35.0+20060710.6) ...
#6 467.3 Setting up libfreezethaw-perl (0.5001-3) ...
#6 467.3 Setting up liberror-perl (0.17030-1) ...
#6 467.4 Setting up patchutils (0.4.2-1+b1) ...
#6 467.4 Setting up libmail-sendmail-perl (0.80-3) ...
#6 467.4 Setting up opensc-pkcs11:arm64 (0.26.1-2) ...
#6 467.4 Setting up dirmngr (2.4.7-21+deb13u1+b4) ...
#6 469.6 Created symlink '/etc/systemd/user/sockets.target.wants/dirmngr.socket' → '/usr/lib/systemd/user/dirmngr.socket'.
#6 470.1 Setting up libltdl-dev:arm64 (2.5.4-4) ...
#6 470.1 Setting up libjson-maybexs-perl (1.004008-1) ...
#6 470.1 Setting up libxml-sax-base-perl (1.09-3) ...
#6 470.1 Setting up libio-string-perl (1.08-4) ...
#6 470.1 Setting up libreadonly-perl (2.050-3) ...
#6 470.2 Setting up dbus-user-session (1.16.2-2) ...
#6 470.2 Setting up libnetaddr-ip-perl (4.079+dfsg-2+b5) ...
#6 470.2 Setting up cpp-aarch64-linux-gnu (4:14.2.0-1) ...
#6 470.2 Setting up python3-chardet (5.2.0+dfsg-2) ...
#6 475.3 Setting up python3-certifi (2025.1.31+ds-1) ...
#6 477.9 Setting up libstring-copyright-perl (0.003014-1) ...
#6 477.9 Setting up librtmp1:arm64 (2.4+20151223.gitfa8646d.1-2+b5) ...
#6 477.9 Setting up python3-idna (3.10-1+deb13u1) ...
#6 481.1 Setting up libdata-optlist-perl (0.114-1) ...
#6 481.1 Setting up cpp-14 (14.2.0-19) ...
#6 481.2 Setting up libtext-xslate-perl:arm64 (3.5.9-2+b1) ...
#6 481.2 Setting up python3-urllib3 (2.3.0-3+deb13u2) ...
#6 484.2 Setting up libcontextual-return-perl (0.004014-4) ...
#6 484.2 Setting up zlib1g-dev:arm64 (1:1.3.dfsg+really1.3.1-1+b1) ...
#6 484.2 Setting up libwww-robotrules-perl (6.02-1) ...
#6 484.3 Setting up libtypes-serialiser-perl (1.01-1) ...
#6 484.3 Setting up cpp (4:14.2.0-1) ...
#6 484.5 Setting up libhtml-parser-perl:arm64 (3.83-2~deb13u1) ...
#6 484.5 Setting up liblog-any-adapter-screen-perl (0.141-1) ...
#6 484.5 Setting up pixz (1.0.7-4) ...
#6 484.5 Setting up librole-tiny-perl (2.002004-1) ...
#6 484.5 Setting up gnupg (2.4.7-21+deb13u1) ...
#6 484.5 Setting up libfile-sharedir-perl (1.118-3) ...
#6 484.5 Setting up libpolkit-agent-1-0:arm64 (126-2) ...
#6 484.6 Setting up python3-unidiff (0.7.5-2) ...
#6 486.7 Setting up libgpgme11t64:arm64 (1.24.2-3) ...
#6 486.7 Setting up gcc-14-aarch64-linux-gnu (14.2.0-19) ...
#6 486.7 Setting up libfont-ttf-perl (1.06-2) ...
#6 486.7 Setting up libfile-homedir-perl (1.006-2) ...
#6 486.7 Setting up python3-magic (2:0.4.27-3) ...
#6 488.9 Setting up libalgorithm-diff-xs-perl (0.04-9) ...
#6 488.9 Setting up pristine-tar (1.50+nmu2+b1) ...
#6 488.9 Setting up libio-socket-ssl-perl (2.089-1) ...
#6 488.9 Setting up libngtcp2-crypto-gnutls8:arm64 (1.11.0-1+deb13u1) ...
#6 488.9 Setting up libsub-exporter-perl (0.990-1) ...
#6 488.9 Setting up libalgorithm-merge-perl (0.08-5) ...
#6 488.9 Setting up libhttp-message-perl (7.00-2) ...
#6 488.9 Setting up libdata-validate-ip-perl (0.31-1) ...
#6 489.0 Setting up libhtml-form-perl (6.12-1) ...
#6 489.0 Setting up libiterator-perl (0.03+ds1-2) ...
#6 489.0 Setting up libmatch-simple-xs-perl (0.002-1+b1) ...
#6 489.0 Setting up libfile-stripnondeterminism-perl (1.14.1-2) ...
#6 489.0 Setting up libjson-xs-perl (4.040-1~deb13u1) ...
#6 489.0 Setting up gcc-aarch64-linux-gnu (4:14.2.0-1) ...
#6 489.0 Setting up libhttp-negotiate-perl (6.01-2) ...
#6 489.0 Setting up g++-14-aarch64-linux-gnu (14.2.0-19) ...
#6 489.0 Setting up libio-prompter-perl (0.005002-1) ...
#6 489.0 Setting up wget (1.25.0-2) ...
#6 489.0 Setting up libiterator-util-perl (0.02+ds1-2) ...
#6 489.0 Setting up gpg-wks-client (2.4.7-21+deb13u1+b4) ...
#6 489.0 Setting up libhttp-cookies-perl (6.11-1) ...
#6 489.0 Setting up python3-apt (3.0.0) ...
#6 491.6 Setting up python3-charset-normalizer (3.4.2-1) ...
#6 494.2 Setting up po-debconf (1.0.21+nmu1) ...
#6 494.2 Setting up libhtml-tree-perl (5.07-3) ...
#6 494.3 Setting up libparams-classify-perl:arm64 (0.015-2+b4) ...
#6 494.3 Setting up opensc (0.26.1-2) ...
#6 494.3 Setting up libcgi-pm-perl (4.68-1) ...
#6 494.3 Setting up libcurl3t64-gnutls:arm64 (8.14.1-2+deb13u4) ...
#6 494.3 Setting up pesign (116-8.1) ...
#6 497.0 Created symlink '/etc/systemd/system/multi-user.target.wants/pesign.service' → '/usr/lib/systemd/system/pesign.service'.
#6 497.1 Setting up libappstream5:arm64 (1.0.5-1) ...
#6 497.1 Setting up libhtml-format-perl (2.16-2) ...
#6 497.1 Setting up libxml-sax-perl (1.02+dfsg-4) ...
#6 498.4 update-perl-sax-parsers: Registering Perl SAX parser XML::SAX::PurePerl with priority 10...
#6 499.6 update-perl-sax-parsers: Updating overall Perl SAX parser modules info file...
#6 501.5 debconf: unable to initialize frontend: Dialog
#6 501.5 debconf: (TERM is not set, so the dialog frontend is not usable.)
#6 501.5 debconf: falling back to frontend: Readline
#6 501.7 debconf: unable to initialize frontend: Readline
#6 501.7 debconf: (This frontend requires a controlling tty.)
#6 501.7 debconf: falling back to frontend: Teletype
#6 501.8 debconf: unable to initialize frontend: Teletype
#6 501.8 debconf: (This frontend requires a controlling tty.)
#6 501.8 debconf: falling back to frontend: Noninteractive
#6 502.7 Creating config file /etc/perl/XML/SAX/ParserDetails.ini with new version
#6 503.2 Setting up gcc-14 (14.2.0-19) ...
#6 503.2 Setting up libxs-parse-sublike-perl:arm64 (0.37-1) ...
#6 503.2 Setting up libdata-validate-uri-perl (0.07-3) ...
#6 503.2 Setting up libxs-parse-keyword-perl (0.48-2) ...
#6 503.2 Setting up appstream (1.0.5-1) ...
#6 503.6 ? Metadata cache was updated successfully.
#6 503.8 Setting up libnet-smtp-ssl-perl (1.04-2) ...
#6 503.8 Setting up python3-gpg (1.24.2-3) ...
#6 506.5 Setting up libmodule-runtime-perl (0.018-1) ...
#6 506.6 Setting up libmailtools-perl (2.22-1) ...
#6 506.6 Setting up python3-debian (1.0.1) ...
#6 509.7 Setting up python3-requests (2.32.3+dfsg-5+deb13u1) ...
#6 512.7 Setting up libelf-dev:arm64 (0.192-4) ...
#6 512.7 Setting up git (1:2.47.3-0+deb13u1) ...
#6 512.9 Setting up libxml-libxml-perl (2.0207+dfsg+really+2.0134-5+deb13u1) ...
#6 513.5 update-perl-sax-parsers: Registering Perl SAX parser XML::LibXML::SAX::Parser with priority 50...
#6 514.6 update-perl-sax-parsers: Registering Perl SAX parser XML::LibXML::SAX with priority 50...
#6 515.7 update-perl-sax-parsers: Updating overall Perl SAX parser modules info file...
#6 517.7 debconf: unable to initialize frontend: Dialog
#6 517.7 debconf: (TERM is not set, so the dialog frontend is not usable.)
#6 517.7 debconf: falling back to frontend: Readline
#6 517.8 debconf: unable to initialize frontend: Readline
#6 517.8 debconf: (This frontend requires a controlling tty.)
#6 517.8 debconf: falling back to frontend: Teletype
#6 518.0 debconf: unable to initialize frontend: Teletype
#6 518.0 debconf: (This frontend requires a controlling tty.)
#6 518.0 debconf: falling back to frontend: Noninteractive
#6 519.1 Replacing config file /etc/perl/XML/SAX/ParserDetails.ini with new version
#6 519.6 Setting up dh-strip-nondeterminism (1.14.1-2) ...
#6 519.6 Setting up libsyntax-keyword-try-perl (0.30-1+b1) ...
#6 519.6 Setting up libconst-fast-perl (0.014-2) ...
#6 519.6 Setting up libhttp-daemon-perl (6.16-1+deb13u1) ...
#6 519.6 Setting up libgit-wrapper-perl (0.048-2) ...
#6 519.6 Setting up g++-aarch64-linux-gnu (4:14.2.0-1) ...
#6 519.6 Setting up g++-14 (14.2.0-19) ...
#6 519.6 Setting up libdata-dpath-perl (0.60-1) ...
#6 519.6 Setting up libfeature-compat-try-perl (0.05-1) ...
#6 519.6 Setting up libtool (2.5.4-4) ...
#6 519.6 Setting up libmodule-implementation-perl (0.09-2) ...
#6 519.7 Setting up libcgi-fast-perl (1:2.17-1) ...
#6 519.7 Setting up libpackage-stash-perl (0.40-1) ...
#6 519.7 Setting up libimport-into-perl (1.002005-2) ...
#6 519.7 Setting up libmoo-perl (2.005005-1) ...
#6 519.7 Setting up liblist-someutils-perl (0.59-1) ...
#6 519.7 Setting up libmime-tools-perl (5.515-1) ...
#6 519.7 Setting up dput (1.2.4) ...
#6 522.0 Setting up gcc (4:14.2.0-1) ...
#6 522.2 Setting up libobject-pad-perl (0.820-1) ...
#6 522.2 Setting up dh-autoreconf (20) ...
#6 522.2 Setting up liblist-someutils-xs-perl:arm64 (0.58-3+b3) ...
#6 522.2 Setting up g++ (4:14.2.0-1) ...
#6 522.3 update-alternatives: using /usr/bin/g++ to provide /usr/bin/c++ (c++) in auto mode
#6 522.3 Setting up build-essential (12.12) ...
#6 522.3 Setting up libmoox-aliases-perl (0.001006-2) ...
#6 522.3 Setting up libb-hooks-endofscope-perl (0.28-2) ...
#6 522.3 Setting up debhelper (13.24.2) ...
#6 522.4 Setting up libfeature-compat-class-perl (0.07-1) ...
#6 522.4 Setting up libnamespace-clean-perl (0.27-2) ...
#6 522.4 Setting up libstring-license-perl (0.0.11-1) ...
#6 522.4 Setting up equivs (2.3.2) ...
#6 522.4 Setting up licensecheck (3.3.9-1) ...
#6 522.4 Setting up libgitlab-api-v4-perl (0.27-1) ...
#6 522.4 Setting up dmsetup (2:1.02.205-2) ...
#6 522.4 Setting up liblwp-protocol-https-perl (6.14-1) ...
#6 522.4 Setting up libwww-perl (6.78-1) ...
#6 522.5 Setting up libhtml-tokeparser-simple-perl (3.16-4) ...
#6 522.5 Setting up libwww-mechanize-perl (2.19-1) ...
#6 522.5 Setting up devscripts (2.25.15+deb13u1) ...
#6 525.5 Setting up libdevmapper1.02.1:arm64 (2:1.02.205-2) ...
#6 525.5 Setting up libcryptsetup12:arm64 (2:2.7.5-2) ...
#6 525.6 Setting up libxml-parser-perl (2.47-2~deb13u1) ...
#6 525.6 Setting up lintian (2.122.0) ...
#6 525.7 Setting up systemd-cryptsetup (257.13-1~deb13u1) ...
#6 525.7 Setting up libxml-sax-expat-perl (0.51-2) ...
#6 526.4 update-perl-sax-parsers: Registering Perl SAX parser XML::SAX::Expat with priority 50...
#6 527.1 update-perl-sax-parsers: Updating overall Perl SAX parser modules info file...
#6 529.2 debconf: unable to initialize frontend: Dialog
#6 529.2 debconf: (TERM is not set, so the dialog frontend is not usable.)
#6 529.2 debconf: falling back to frontend: Readline
#6 529.4 debconf: unable to initialize frontend: Readline
#6 529.4 debconf: (This frontend requires a controlling tty.)
#6 529.4 debconf: falling back to frontend: Teletype
#6 529.5 debconf: unable to initialize frontend: Teletype
#6 529.5 debconf: (This frontend requires a controlling tty.)
#6 529.5 debconf: falling back to frontend: Noninteractive
#6 530.5 Replacing config file /etc/perl/XML/SAX/ParserDetails.ini with new version
#6 531.0 Setting up libsoap-lite-perl (1.27-3) ...
#6 531.0 Setting up libxmlrpc-lite-perl (0.717-5) ...
#6 531.0 Processing triggers for libc-bin (2.41-12+deb13u3) ...
#6 531.2 Processing triggers for systemd (257.13-1~deb13u1) ...
#6 531.3 Processing triggers for sgml-base (1.31+nmu1) ...
#6 531.6 Setting up polkitd (126-2) ...
#6 531.8 Creating group 'polkitd' with GID 994.
#6 531.8 Creating user 'polkitd' (User for polkitd) with UID 994 and GID 994.
#6 532.5 invoke-rc.d: could not determine current runlevel
#6 532.6 invoke-rc.d: policy-rc.d denied execution of reload.
#6 535.9 Setting up pcscd (2.3.3-1) ...
#6 536.0 runit: pcscd: start action denied by policy-rc.d
#6 536.6 invoke-rc.d: could not determine current runlevel
#6 536.7 invoke-rc.d: policy-rc.d denied execution of start.
#6 538.8 Created symlink '/etc/systemd/system/sockets.target.wants/pcscd.socket' → '/usr/lib/systemd/system/pcscd.socket'.
#6 541.0 Processing triggers for ca-certificates (20250419) ...
#6 541.2 Updating certificates in /etc/ssl/certs...
#6 560.3 0 added, 0 removed; done.
#6 560.3 Running hooks in /etc/ca-certificates/update.d...
#6 560.4 done.
#6 DONE 560.8s

#7 [ 4/17] RUN git clone https://github.com/IGEL-Technology/shim.git
#7 sha256:dcd453a168abe0d1935262fbd29a834bf1991a9318ff1fbdf833cf9d5d5fd914
#7 0.490 Cloning into 'shim'...
#7 DONE 3.4s

#8 [ 5/17] RUN wget https://github.com/rhboot/shim/releases/download/16.1/shim-16.1.tar.bz2
#8 sha256:d23620de77392c177bfa3951a24d2fbf207cb8d519b2803afab90797ba2510d2
#8 0.397 --2026-07-30 13:02:01--  https://github.com/rhboot/shim/releases/download/16.1/shim-16.1.tar.bz2
#8 0.559 Resolving github.com (github.com)... 140.82.121.4
#8 0.576 Connecting to github.com (github.com)|140.82.121.4|:443... connected.
#8 0.768 HTTP request sent, awaiting response... 302 Found
#8 0.982 Location: https://release-assets.githubusercontent.com/github-production-release-asset/3996476/8001a88f-ecf5-45db-a772-05d60ffb2d8d?sp=r&sv=2018-11-09&sr=b&spr=https&se=2026-07-30T13%3A42%3A41Z&rscd=attachment%3B+filename%3Dshim-16.1.tar.bz2&rsct=application%2Foctet-stream&skoid=96c2d410-5711-43a1-aedd-ab1947aa7ab0&sktid=398a6654-997b-47e9-b12b-9515b896b4de&skt=2026-07-30T12%3A42%3A06Z&ske=2026-07-30T13%3A42%3A41Z&sks=b&skv=2018-11-09&sig=Buc8ePSaady0Wd4od7RD8ROsCoPrGoJGo8p199cU9gA%3D&jwt=eyJ0eXAiOiJKV1QiLCJhbGciOiJIUzI1NiJ9.eyJpc3MiOiJnaXRodWIuY29tIiwiYXVkIjoicmVsZWFzZS1hc3NldHMuZ2l0aHVidXNlcmNvbnRlbnQuY29tIiwia2V5Ijoia2V5MSIsImV4cCI6MTc4NTQxNjgyMiwibmJmIjoxNzg1NDE2NTIyLCJwYXRoIjoicmVsZWFzZWFzc2V0cHJvZHVjdGlvbi5ibG9iLmNvcmUud2luZG93cy5uZXQifQ.kSaakpqYg9h-AW9JG0n1UCFLgcf0kd4PnWZdvpGvPbo&response-content-disposition=attachment%3B%20filename%3Dshim-16.1.tar.bz2&response-content-type=application%2Foctet-stream [following]
#8 0.984 --2026-07-30 13:02:02--  https://release-assets.githubusercontent.com/github-production-release-asset/3996476/8001a88f-ecf5-45db-a772-05d60ffb2d8d?sp=r&sv=2018-11-09&sr=b&spr=https&se=2026-07-30T13%3A42%3A41Z&rscd=attachment%3B+filename%3Dshim-16.1.tar.bz2&rsct=application%2Foctet-stream&skoid=96c2d410-5711-43a1-aedd-ab1947aa7ab0&sktid=398a6654-997b-47e9-b12b-9515b896b4de&skt=2026-07-30T12%3A42%3A06Z&ske=2026-07-30T13%3A42%3A41Z&sks=b&skv=2018-11-09&sig=Buc8ePSaady0Wd4od7RD8ROsCoPrGoJGo8p199cU9gA%3D&jwt=eyJ0eXAiOiJKV1QiLCJhbGciOiJIUzI1NiJ9.eyJpc3MiOiJnaXRodWIuY29tIiwiYXVkIjoicmVsZWFzZS1hc3NldHMuZ2l0aHVidXNlcmNvbnRlbnQuY29tIiwia2V5Ijoia2V5MSIsImV4cCI6MTc4NTQxNjgyMiwibmJmIjoxNzg1NDE2NTIyLCJwYXRoIjoicmVsZWFzZWFzc2V0cHJvZHVjdGlvbi5ibG9iLmNvcmUud2luZG93cy5uZXQifQ.kSaakpqYg9h-AW9JG0n1UCFLgcf0kd4PnWZdvpGvPbo&response-content-disposition=attachment%3B%20filename%3Dshim-16.1.tar.bz2&response-content-type=application%2Foctet-stream
#8 0.984 Resolving release-assets.githubusercontent.com (release-assets.githubusercontent.com)... 185.199.108.133, 185.199.111.133, 185.199.110.133, ...
#8 0.991 Connecting to release-assets.githubusercontent.com (release-assets.githubusercontent.com)|185.199.108.133|:443... connected.
#8 1.056 HTTP request sent, awaiting response... 200 OK
#8 1.066 Length: 2348998 (2.2M) [application/octet-stream]
#8 1.069 Saving to: 'shim-16.1.tar.bz2'
#8 1.071 
#8 1.071      0K .......... .......... .......... .......... ..........  2% 8.04M 0s
#8 1.077     50K .......... .......... .......... .......... ..........  4% 9.01M 0s
#8 1.081    100K .......... .......... .......... .......... ..........  6% 19.7M 0s
#8 1.084    150K .......... .......... .......... .......... ..........  8% 18.6M 0s
#8 1.086    200K .......... .......... .......... .......... .......... 10% 22.8M 0s
#8 1.088    250K .......... .......... .......... .......... .......... 13% 43.7M 0s
#8 1.089    300K .......... .......... .......... .......... .......... 15% 48.6M 0s
#8 1.090    350K .......... .......... .......... .......... .......... 17% 34.1M 0s
#8 1.092    400K .......... .......... .......... .......... .......... 19% 39.2M 0s
#8 1.093    450K .......... .......... .......... .......... .......... 21% 25.0M 0s
#8 1.095    500K .......... .......... .......... .......... .......... 23% 36.9M 0s
#8 1.096    550K .......... .......... .......... .......... .......... 26% 39.2M 0s
#8 1.098    600K .......... .......... .......... .......... .......... 28% 39.5M 0s
#8 1.099    650K .......... .......... .......... .......... .......... 30% 35.1M 0s
#8 1.100    700K .......... .......... .......... .......... .......... 32% 33.2M 0s
#8 1.102    750K .......... .......... .......... .......... .......... 34% 27.3M 0s
#8 1.103    800K .......... .......... .......... .......... .......... 37% 40.2M 0s
#8 1.105    850K .......... .......... .......... .......... .......... 39% 39.7M 0s
#8 1.106    900K .......... .......... .......... .......... .......... 41% 29.6M 0s
#8 1.108    950K .......... .......... .......... .......... .......... 43% 22.3M 0s
#8 1.110   1000K .......... .......... .......... .......... .......... 45% 21.1M 0s
#8 1.112   1050K .......... .......... .......... .......... .......... 47% 20.5M 0s
#8 1.114   1100K .......... .......... .......... .......... .......... 50% 23.2M 0s
#8 1.117   1150K .......... .......... .......... .......... .......... 52% 16.8M 0s
#8 1.119   1200K .......... .......... .......... .......... .......... 54% 21.8M 0s
#8 1.122   1250K .......... .......... .......... .......... .......... 56% 23.5M 0s
#8 1.124   1300K .......... .......... .......... .......... .......... 58% 22.5M 0s
#8 1.126   1350K .......... .......... .......... .......... .......... 61% 22.8M 0s
#8 1.128   1400K .......... .......... .......... .......... .......... 63% 27.2M 0s
#8 1.130   1450K .......... .......... .......... .......... .......... 65% 34.7M 0s
#8 1.131   1500K .......... .......... .......... .......... .......... 67% 45.4M 0s
#8 1.132   1550K .......... .......... .......... .......... .......... 69% 35.3M 0s
#8 1.134   1600K .......... .......... .......... .......... .......... 71% 50.9M 0s
#8 1.135   1650K .......... .......... .......... .......... .......... 74% 49.7M 0s
#8 1.136   1700K .......... .......... .......... .......... .......... 76% 49.4M 0s
#8 1.137   1750K .......... .......... .......... .......... .......... 78% 48.7M 0s
#8 1.138   1800K .......... .......... .......... .......... .......... 80% 31.7M 0s
#8 1.139   1850K .......... .......... .......... .......... .......... 82% 34.0M 0s
#8 1.141   1900K .......... .......... .......... .......... .......... 85% 36.6M 0s
#8 1.142   1950K .......... .......... .......... .......... .......... 87% 30.1M 0s
#8 1.144   2000K .......... .......... .......... .......... .......... 89% 51.1M 0s
#8 1.144   2050K .......... .......... .......... .......... .......... 91% 33.0M 0s
#8 1.146   2100K .......... .......... .......... .......... .......... 93% 38.6M 0s
#8 1.147   2150K .......... .......... .......... .......... .......... 95% 34.7M 0s
#8 1.149   2200K .......... .......... .......... .......... .......... 98% 43.7M 0s
#8 1.150   2250K .......... .......... .......... .......... ...       100% 43.5M=0.08s
#8 1.152 
#8 1.155 2026-07-30 13:02:02 (27.6 MB/s) - 'shim-16.1.tar.bz2' saved [2348998/2348998]
#8 1.155 
#8 DONE 1.2s

#9 [ 6/17] RUN echo "46319cd228d8f2c06c744241c0f342412329a7c630436fce7f82cf6936b1d603  shim-16.1.tar.bz2" > SHA256SUM
#9 sha256:43090e6e9a7aebd2815b94c87d72f4a91411b850386531b430ef57d076fd3fa2
#9 DONE 0.4s

#10 [ 7/17] RUN sha256sum -c < SHA256SUM
#10 sha256:574019eaa51316d5269618899cad722bbced78cdf2ec0fcf73ab5a47e577dd6a
#10 0.442 shim-16.1.tar.bz2: OK
#10 DONE 0.5s

#11 [ 8/17] RUN tar xvf shim-16.1.tar.bz2
#11 sha256:6a5edbadb127da54bc7eb5a986363801ac94e52903cd14261d4bf9941964fb05
#11 0.514 shim-16.1/
#11 0.515 shim-16.1/.clang-format
#11 0.517 shim-16.1/.github/
#11 0.517 shim-16.1/.github/workflows/
#11 0.518 shim-16.1/.github/workflows/mkosi.yml
#11 0.518 shim-16.1/.github/workflows/pullrequest.yml
#11 0.518 shim-16.1/.gitignore
#11 0.519 shim-16.1/.gitmodules
#11 0.520 shim-16.1/BUILDING
#11 0.520 shim-16.1/CODE_OF_CONDUCT.md
#11 0.520 shim-16.1/COPYRIGHT
#11 0.520 shim-16.1/Cryptlib/
#11 0.520 shim-16.1/Cryptlib/Base.h
#11 0.521 shim-16.1/Cryptlib/Cipher/
#11 0.521 shim-16.1/Cryptlib/Cipher/CryptAesNull.c
#11 0.521 shim-16.1/Cryptlib/Cipher/CryptArc4Null.c
#11 0.522 shim-16.1/Cryptlib/Cipher/CryptTdesNull.c
#11 0.522 shim-16.1/Cryptlib/Cryptlib.diff
#11 0.522 shim-16.1/Cryptlib/Hash/
#11 0.522 shim-16.1/Cryptlib/Hash/CryptMd4Null.c
#11 0.522 shim-16.1/Cryptlib/Hash/CryptMd5.c
#11 0.522 shim-16.1/Cryptlib/Hash/CryptSha1.c
#11 0.522 shim-16.1/Cryptlib/Hash/CryptSha256.c
#11 0.523 shim-16.1/Cryptlib/Hash/CryptSha512.c
#11 0.523 shim-16.1/Cryptlib/Hmac/
#11 0.523 shim-16.1/Cryptlib/Hmac/CryptHmacMd5Null.c
#11 0.523 shim-16.1/Cryptlib/Hmac/CryptHmacSha1Null.c
#11 0.523 shim-16.1/Cryptlib/Hmac/CryptHmacSha256Null.c
#11 0.523 shim-16.1/Cryptlib/Include/
#11 0.523 shim-16.1/Cryptlib/Include/OpenSslSupport.h
#11 0.524 shim-16.1/Cryptlib/Include/Protocol/
#11 0.524 shim-16.1/Cryptlib/Include/Protocol/RuntimeCrypt.h
#11 0.524 shim-16.1/Cryptlib/Include/arpa/
#11 0.524 shim-16.1/Cryptlib/Include/arpa/inet.h
#11 0.525 shim-16.1/Cryptlib/Include/assert.h
#11 0.525 shim-16.1/Cryptlib/Include/dirent.h
#11 0.525 shim-16.1/Cryptlib/Include/errno.h
#11 0.525 shim-16.1/Cryptlib/Include/limits.h
#11 0.525 shim-16.1/Cryptlib/Include/malloc.h
#11 0.526 shim-16.1/Cryptlib/Include/math.h
#11 0.526 shim-16.1/Cryptlib/Include/memory.h
#11 0.526 shim-16.1/Cryptlib/Include/netdb.h
#11 0.527 shim-16.1/Cryptlib/Include/netinet/
#11 0.527 shim-16.1/Cryptlib/Include/netinet/in.h
#11 0.528 shim-16.1/Cryptlib/Include/openssl/
#11 0.528 shim-16.1/Cryptlib/Include/openssl/README
#11 0.528 shim-16.1/Cryptlib/Include/openssl/aes.h
#11 0.528 shim-16.1/Cryptlib/Include/openssl/asn1.h
#11 0.529 shim-16.1/Cryptlib/Include/openssl/asn1_mac.h
#11 0.535 shim-16.1/Cryptlib/Include/openssl/asn1t.h
#11 0.535 shim-16.1/Cryptlib/Include/openssl/bio.h
#11 0.536 shim-16.1/Cryptlib/Include/openssl/blowfish.h
#11 0.537 shim-16.1/Cryptlib/Include/openssl/bn.h
#11 0.539 shim-16.1/Cryptlib/Include/openssl/buffer.h
#11 0.539 shim-16.1/Cryptlib/Include/openssl/camellia.h
#11 0.540 shim-16.1/Cryptlib/Include/openssl/cast.h
#11 0.540 shim-16.1/Cryptlib/Include/openssl/cmac.h
#11 0.540 shim-16.1/Cryptlib/Include/openssl/cms.h
#11 0.542 shim-16.1/Cryptlib/Include/openssl/comp.h
#11 0.542 shim-16.1/Cryptlib/Include/openssl/conf.h
#11 0.546 shim-16.1/Cryptlib/Include/openssl/conf_api.h
#11 0.546 shim-16.1/Cryptlib/Include/openssl/crypto.h
#11 0.546 shim-16.1/Cryptlib/Include/openssl/des.h
#11 0.547 shim-16.1/Cryptlib/Include/openssl/des_old.h
#11 0.547 shim-16.1/Cryptlib/Include/openssl/dh.h
#11 0.547 shim-16.1/Cryptlib/Include/openssl/dsa.h
#11 0.549 shim-16.1/Cryptlib/Include/openssl/dso.h
#11 0.550 shim-16.1/Cryptlib/Include/openssl/dtls1.h
#11 0.551 shim-16.1/Cryptlib/Include/openssl/e_os2.h
#11 0.551 shim-16.1/Cryptlib/Include/openssl/ebcdic.h
#11 0.552 shim-16.1/Cryptlib/Include/openssl/ec.h
#11 0.555 shim-16.1/Cryptlib/Include/openssl/ecdh.h
#11 0.555 shim-16.1/Cryptlib/Include/openssl/ecdsa.h
#11 0.558 shim-16.1/Cryptlib/Include/openssl/engine.h
#11 0.558 shim-16.1/Cryptlib/Include/openssl/err.h
#11 0.559 shim-16.1/Cryptlib/Include/openssl/evp.h
#11 0.563 shim-16.1/Cryptlib/Include/openssl/hmac.h
#11 0.563 shim-16.1/Cryptlib/Include/openssl/idea.h
#11 0.563 shim-16.1/Cryptlib/Include/openssl/kssl.h
#11 0.563 shim-16.1/Cryptlib/Include/openssl/lhash.h
#11 0.564 shim-16.1/Cryptlib/Include/openssl/md4.h
#11 0.564 shim-16.1/Cryptlib/Include/openssl/md5.h
#11 0.564 shim-16.1/Cryptlib/Include/openssl/mdc2.h
#11 0.564 shim-16.1/Cryptlib/Include/openssl/modes.h
#11 0.564 shim-16.1/Cryptlib/Include/openssl/obj_mac.h
#11 0.571 shim-16.1/Cryptlib/Include/openssl/objects.h
#11 0.573 shim-16.1/Cryptlib/Include/openssl/ocsp.h
#11 0.654 shim-16.1/Cryptlib/Include/openssl/opensslconf.h
#11 0.655 shim-16.1/Cryptlib/Include/openssl/opensslv.h
#11 0.655 shim-16.1/Cryptlib/Include/openssl/ossl_typ.h
#11 0.659 shim-16.1/Cryptlib/Include/openssl/pem.h
#11 0.659 shim-16.1/Cryptlib/Include/openssl/pem2.h
#11 0.659 shim-16.1/Cryptlib/Include/openssl/pkcs12.h
#11 0.659 shim-16.1/Cryptlib/Include/openssl/pkcs7.h
#11 0.660 shim-16.1/Cryptlib/Include/openssl/pqueue.h
#11 0.660 shim-16.1/Cryptlib/Include/openssl/rand.h
#11 0.661 shim-16.1/Cryptlib/Include/openssl/rc2.h
#11 0.661 shim-16.1/Cryptlib/Include/openssl/rc4.h
#11 0.661 shim-16.1/Cryptlib/Include/openssl/ripemd.h
#11 0.661 shim-16.1/Cryptlib/Include/openssl/rsa.h
#11 0.663 shim-16.1/Cryptlib/Include/openssl/safestack.h
#11 0.671 shim-16.1/Cryptlib/Include/openssl/seed.h
#11 0.671 shim-16.1/Cryptlib/Include/openssl/sha.h
#11 0.672 shim-16.1/Cryptlib/Include/openssl/srp.h
#11 0.672 shim-16.1/Cryptlib/Include/openssl/srtp.h
#11 0.672 shim-16.1/Cryptlib/Include/openssl/ssl.h
#11 0.680 shim-16.1/Cryptlib/Include/openssl/ssl2.h
#11 0.680 shim-16.1/Cryptlib/Include/openssl/ssl23.h
#11 0.681 shim-16.1/Cryptlib/Include/openssl/ssl3.h
#11 0.684 shim-16.1/Cryptlib/Include/openssl/stack.h
#11 0.684 shim-16.1/Cryptlib/Include/openssl/symhacks.h
#11 0.685 shim-16.1/Cryptlib/Include/openssl/tls1.h
#11 0.690 shim-16.1/Cryptlib/Include/openssl/ts.h
#11 0.690 shim-16.1/Cryptlib/Include/openssl/txt_db.h
#11 0.690 shim-16.1/Cryptlib/Include/openssl/ui.h
#11 0.690 shim-16.1/Cryptlib/Include/openssl/ui_compat.h
#11 0.691 shim-16.1/Cryptlib/Include/openssl/whrlpool.h
#11 0.691 shim-16.1/Cryptlib/Include/openssl/x509.h
#11 0.694 shim-16.1/Cryptlib/Include/openssl/x509_vfy.h
#11 0.695 shim-16.1/Cryptlib/Include/openssl/x509v3.h
#11 0.697 shim-16.1/Cryptlib/Include/sgtty.h
#11 0.698 shim-16.1/Cryptlib/Include/signal.h
#11 0.698 shim-16.1/Cryptlib/Include/stdio.h
#11 0.698 shim-16.1/Cryptlib/Include/sys/
#11 0.698 shim-16.1/Cryptlib/Include/sys/ioctl.h
#11 0.698 shim-16.1/Cryptlib/Include/sys/param.h
#11 0.698 shim-16.1/Cryptlib/Include/sys/socket.h
#11 0.699 shim-16.1/Cryptlib/Include/sys/stat.h
#11 0.699 shim-16.1/Cryptlib/Include/sys/time.h
#11 0.699 shim-16.1/Cryptlib/Include/sys/times.h
#11 0.699 shim-16.1/Cryptlib/Include/sys/types.h
#11 0.699 shim-16.1/Cryptlib/Include/sys/un.h
#11 0.699 shim-16.1/Cryptlib/Include/syslog.h
#11 0.700 shim-16.1/Cryptlib/Include/time.h
#11 0.700 shim-16.1/Cryptlib/Include/unistd.h
#11 0.700 shim-16.1/Cryptlib/InternalCryptLib.h
#11 0.700 shim-16.1/Cryptlib/Library/
#11 0.700 shim-16.1/Cryptlib/Library/BaseCryptLib.h
#11 0.702 shim-16.1/Cryptlib/Library/BaseLib.h
#11 0.702 shim-16.1/Cryptlib/Library/BaseMemoryLib.h
#11 0.702 shim-16.1/Cryptlib/Library/DebugLib.h
#11 0.702 shim-16.1/Cryptlib/Library/MemoryAllocationLib.h
#11 0.702 shim-16.1/Cryptlib/Makefile
#11 0.702 shim-16.1/Cryptlib/OpenSSL/
#11 0.702 shim-16.1/Cryptlib/OpenSSL/Makefile
#11 0.778 shim-16.1/Cryptlib/OpenSSL/buildinf.h
#11 0.779 shim-16.1/Cryptlib/OpenSSL/crypto/
#11 0.779 shim-16.1/Cryptlib/OpenSSL/crypto/LPdir_nyi.c
#11 0.779 shim-16.1/Cryptlib/OpenSSL/crypto/aes/
#11 0.779 shim-16.1/Cryptlib/OpenSSL/crypto/aes/aes_cbc.c
#11 0.779 shim-16.1/Cryptlib/OpenSSL/crypto/aes/aes_cfb.c
#11 0.779 shim-16.1/Cryptlib/OpenSSL/crypto/aes/aes_core.c
#11 0.783 shim-16.1/Cryptlib/OpenSSL/crypto/aes/aes_ctr.c
#11 0.783 shim-16.1/Cryptlib/OpenSSL/crypto/aes/aes_ecb.c
#11 0.783 shim-16.1/Cryptlib/OpenSSL/crypto/aes/aes_ige.c
#11 0.783 shim-16.1/Cryptlib/OpenSSL/crypto/aes/aes_locl.h
#11 0.783 shim-16.1/Cryptlib/OpenSSL/crypto/aes/aes_misc.c
#11 0.783 shim-16.1/Cryptlib/OpenSSL/crypto/aes/aes_ofb.c
#11 0.783 shim-16.1/Cryptlib/OpenSSL/crypto/aes/aes_wrap.c
#11 0.784 shim-16.1/Cryptlib/OpenSSL/crypto/asn1/
#11 0.784 shim-16.1/Cryptlib/OpenSSL/crypto/asn1/a_bitstr.c
#11 0.785 shim-16.1/Cryptlib/OpenSSL/crypto/asn1/a_bool.c
#11 0.786 shim-16.1/Cryptlib/OpenSSL/crypto/asn1/a_bytes.c
#11 0.786 shim-16.1/Cryptlib/OpenSSL/crypto/asn1/a_d2i_fp.c
#11 0.787 shim-16.1/Cryptlib/OpenSSL/crypto/asn1/a_digest.c
#11 0.788 shim-16.1/Cryptlib/OpenSSL/crypto/asn1/a_dup.c
#11 0.788 shim-16.1/Cryptlib/OpenSSL/crypto/asn1/a_enum.c
#11 0.793 shim-16.1/Cryptlib/OpenSSL/crypto/asn1/a_gentm.c
#11 0.793 shim-16.1/Cryptlib/OpenSSL/crypto/asn1/a_i2d_fp.c
#11 0.793 shim-16.1/Cryptlib/OpenSSL/crypto/asn1/a_int.c
#11 0.793 shim-16.1/Cryptlib/OpenSSL/crypto/asn1/a_mbstr.c
#11 0.794 shim-16.1/Cryptlib/OpenSSL/crypto/asn1/a_object.c
#11 0.794 shim-16.1/Cryptlib/OpenSSL/crypto/asn1/a_octet.c
#11 0.794 shim-16.1/Cryptlib/OpenSSL/crypto/asn1/a_print.c
#11 0.794 shim-16.1/Cryptlib/OpenSSL/crypto/asn1/a_set.c
#11 0.794 shim-16.1/Cryptlib/OpenSSL/crypto/asn1/a_sign.c
#11 0.795 shim-16.1/Cryptlib/OpenSSL/crypto/asn1/a_strex.c
#11 0.796 shim-16.1/Cryptlib/OpenSSL/crypto/asn1/a_strnid.c
#11 0.796 shim-16.1/Cryptlib/OpenSSL/crypto/asn1/a_time.c
#11 0.800 shim-16.1/Cryptlib/OpenSSL/crypto/asn1/a_type.c
#11 0.800 shim-16.1/Cryptlib/OpenSSL/crypto/asn1/a_utctm.c
#11 0.800 shim-16.1/Cryptlib/OpenSSL/crypto/asn1/a_utf8.c
#11 0.800 shim-16.1/Cryptlib/OpenSSL/crypto/asn1/a_verify.c
#11 0.800 shim-16.1/Cryptlib/OpenSSL/crypto/asn1/ameth_lib.c
#11 0.800 shim-16.1/Cryptlib/OpenSSL/crypto/asn1/asn1_err.c
#11 0.801 shim-16.1/Cryptlib/OpenSSL/crypto/asn1/asn1_gen.c
#11 0.802 shim-16.1/Cryptlib/OpenSSL/crypto/asn1/asn1_lib.c
#11 0.803 shim-16.1/Cryptlib/OpenSSL/crypto/asn1/asn1_locl.h
#11 0.803 shim-16.1/Cryptlib/OpenSSL/crypto/asn1/asn1_par.c
#11 0.805 shim-16.1/Cryptlib/OpenSSL/crypto/asn1/asn_mime.c
#11 0.807 shim-16.1/Cryptlib/OpenSSL/crypto/asn1/asn_moid.c
#11 0.807 shim-16.1/Cryptlib/OpenSSL/crypto/asn1/asn_pack.c
#11 0.807 shim-16.1/Cryptlib/OpenSSL/crypto/asn1/bio_asn1.c
#11 0.809 shim-16.1/Cryptlib/OpenSSL/crypto/asn1/bio_ndef.c
#11 0.810 shim-16.1/Cryptlib/OpenSSL/crypto/asn1/charmap.h
#11 0.810 shim-16.1/Cryptlib/OpenSSL/crypto/asn1/d2i_pr.c
#11 0.810 shim-16.1/Cryptlib/OpenSSL/crypto/asn1/d2i_pu.c
#11 0.811 shim-16.1/Cryptlib/OpenSSL/crypto/asn1/evp_asn1.c
#11 0.811 shim-16.1/Cryptlib/OpenSSL/crypto/asn1/f_enum.c
#11 0.812 shim-16.1/Cryptlib/OpenSSL/crypto/asn1/f_int.c
#11 0.816 shim-16.1/Cryptlib/OpenSSL/crypto/asn1/f_string.c
#11 0.816 shim-16.1/Cryptlib/OpenSSL/crypto/asn1/i2d_pr.c
#11 0.817 shim-16.1/Cryptlib/OpenSSL/crypto/asn1/i2d_pu.c
#11 0.817 shim-16.1/Cryptlib/OpenSSL/crypto/asn1/n_pkey.c
#11 0.817 shim-16.1/Cryptlib/OpenSSL/crypto/asn1/nsseq.c
#11 0.817 shim-16.1/Cryptlib/OpenSSL/crypto/asn1/p5_pbe.c
#11 0.817 shim-16.1/Cryptlib/OpenSSL/crypto/asn1/p5_pbev2.c
#11 0.817 shim-16.1/Cryptlib/OpenSSL/crypto/asn1/p8_pkey.c
#11 0.817 shim-16.1/Cryptlib/OpenSSL/crypto/asn1/t_bitst.c
#11 0.817 shim-16.1/Cryptlib/OpenSSL/crypto/asn1/t_crl.c
#11 0.818 shim-16.1/Cryptlib/OpenSSL/crypto/asn1/t_pkey.c
#11 0.818 shim-16.1/Cryptlib/OpenSSL/crypto/asn1/t_req.c
#11 0.818 shim-16.1/Cryptlib/OpenSSL/crypto/asn1/t_spki.c
#11 0.818 shim-16.1/Cryptlib/OpenSSL/crypto/asn1/t_x509.c
#11 0.819 shim-16.1/Cryptlib/OpenSSL/crypto/asn1/t_x509a.c
#11 0.820 shim-16.1/Cryptlib/OpenSSL/crypto/asn1/tasn_dec.c
#11 0.822 shim-16.1/Cryptlib/OpenSSL/crypto/asn1/tasn_enc.c
#11 0.823 shim-16.1/Cryptlib/OpenSSL/crypto/asn1/tasn_fre.c
#11 0.824 shim-16.1/Cryptlib/OpenSSL/crypto/asn1/tasn_new.c
#11 0.824 shim-16.1/Cryptlib/OpenSSL/crypto/asn1/tasn_prn.c
#11 0.825 shim-16.1/Cryptlib/OpenSSL/crypto/asn1/tasn_typ.c
#11 0.825 shim-16.1/Cryptlib/OpenSSL/crypto/asn1/tasn_utl.c
#11 0.826 shim-16.1/Cryptlib/OpenSSL/crypto/asn1/x_algor.c
#11 0.826 shim-16.1/Cryptlib/OpenSSL/crypto/asn1/x_attrib.c
#11 0.826 shim-16.1/Cryptlib/OpenSSL/crypto/asn1/x_bignum.c
#11 0.827 shim-16.1/Cryptlib/OpenSSL/crypto/asn1/x_crl.c
#11 0.828 shim-16.1/Cryptlib/OpenSSL/crypto/asn1/x_exten.c
#11 0.828 shim-16.1/Cryptlib/OpenSSL/crypto/asn1/x_info.c
#11 0.829 shim-16.1/Cryptlib/OpenSSL/crypto/asn1/x_long.c
#11 0.829 shim-16.1/Cryptlib/OpenSSL/crypto/asn1/x_name.c
#11 0.830 shim-16.1/Cryptlib/OpenSSL/crypto/asn1/x_nx509.c
#11 0.830 shim-16.1/Cryptlib/OpenSSL/crypto/asn1/x_pkey.c
#11 0.830 shim-16.1/Cryptlib/OpenSSL/crypto/asn1/x_pubkey.c
#11 0.831 shim-16.1/Cryptlib/OpenSSL/crypto/asn1/x_req.c
#11 0.831 shim-16.1/Cryptlib/OpenSSL/crypto/asn1/x_sig.c
#11 0.832 shim-16.1/Cryptlib/OpenSSL/crypto/asn1/x_spki.c
#11 0.832 shim-16.1/Cryptlib/OpenSSL/crypto/asn1/x_val.c
#11 0.832 shim-16.1/Cryptlib/OpenSSL/crypto/asn1/x_x509.c
#11 0.833 shim-16.1/Cryptlib/OpenSSL/crypto/asn1/x_x509a.c
#11 0.834 shim-16.1/Cryptlib/OpenSSL/crypto/bio/
#11 0.834 shim-16.1/Cryptlib/OpenSSL/crypto/bio/b_dump.c
#11 0.834 shim-16.1/Cryptlib/OpenSSL/crypto/bio/b_print.c
#11 0.835 shim-16.1/Cryptlib/OpenSSL/crypto/bio/b_sock.c
#11 0.839 shim-16.1/Cryptlib/OpenSSL/crypto/bio/bf_buff.c
#11 0.839 shim-16.1/Cryptlib/OpenSSL/crypto/bio/bf_nbio.c
#11 0.839 shim-16.1/Cryptlib/OpenSSL/crypto/bio/bf_null.c
#11 0.839 shim-16.1/Cryptlib/OpenSSL/crypto/bio/bio_cb.c
#11 0.839 shim-16.1/Cryptlib/OpenSSL/crypto/bio/bio_err.c
#11 0.839 shim-16.1/Cryptlib/OpenSSL/crypto/bio/bio_lcl.h
#11 0.839 shim-16.1/Cryptlib/OpenSSL/crypto/bio/bio_lib.c
#11 0.897 shim-16.1/Cryptlib/OpenSSL/crypto/bio/bss_acpt.c
#11 0.902 shim-16.1/Cryptlib/OpenSSL/crypto/bio/bss_bio.c
#11 0.902 shim-16.1/Cryptlib/OpenSSL/crypto/bio/bss_conn.c
#11 0.902 shim-16.1/Cryptlib/OpenSSL/crypto/bio/bss_dgram.c
#11 0.905 shim-16.1/Cryptlib/OpenSSL/crypto/bio/bss_fd.c
#11 0.905 shim-16.1/Cryptlib/OpenSSL/crypto/bio/bss_file.c
#11 0.907 shim-16.1/Cryptlib/OpenSSL/crypto/bio/bss_log.c
#11 0.907 shim-16.1/Cryptlib/OpenSSL/crypto/bio/bss_mem.c
#11 0.907 shim-16.1/Cryptlib/OpenSSL/crypto/bio/bss_null.c
#11 0.907 shim-16.1/Cryptlib/OpenSSL/crypto/bio/bss_sock.c
#11 0.907 shim-16.1/Cryptlib/OpenSSL/crypto/bn/
#11 0.908 shim-16.1/Cryptlib/OpenSSL/crypto/bn/bn.h
#11 0.909 shim-16.1/Cryptlib/OpenSSL/crypto/bn/bn_add.c
#11 0.911 shim-16.1/Cryptlib/OpenSSL/crypto/bn/bn_asm.c
#11 0.911 shim-16.1/Cryptlib/OpenSSL/crypto/bn/bn_blind.c
#11 0.914 shim-16.1/Cryptlib/OpenSSL/crypto/bn/bn_const.c
#11 0.914 shim-16.1/Cryptlib/OpenSSL/crypto/bn/bn_ctx.c
#11 0.914 shim-16.1/Cryptlib/OpenSSL/crypto/bn/bn_depr.c
#11 0.914 shim-16.1/Cryptlib/OpenSSL/crypto/bn/bn_div.c
#11 0.915 shim-16.1/Cryptlib/OpenSSL/crypto/bn/bn_err.c
#11 0.915 shim-16.1/Cryptlib/OpenSSL/crypto/bn/bn_exp.c
#11 0.918 shim-16.1/Cryptlib/OpenSSL/crypto/bn/bn_exp2.c
#11 0.919 shim-16.1/Cryptlib/OpenSSL/crypto/bn/bn_gcd.c
#11 0.920 shim-16.1/Cryptlib/OpenSSL/crypto/bn/bn_gf2m.c
#11 0.923 shim-16.1/Cryptlib/OpenSSL/crypto/bn/bn_kron.c
#11 0.923 shim-16.1/Cryptlib/OpenSSL/crypto/bn/bn_lcl.h
#11 0.926 shim-16.1/Cryptlib/OpenSSL/crypto/bn/bn_lib.c
#11 0.928 shim-16.1/Cryptlib/OpenSSL/crypto/bn/bn_mod.c
#11 0.929 shim-16.1/Cryptlib/OpenSSL/crypto/bn/bn_mont.c
#11 0.930 shim-16.1/Cryptlib/OpenSSL/crypto/bn/bn_mpi.c
#11 0.930 shim-16.1/Cryptlib/OpenSSL/crypto/bn/bn_mul.c
#11 0.932 shim-16.1/Cryptlib/OpenSSL/crypto/bn/bn_nist.c
#11 0.945 shim-16.1/Cryptlib/OpenSSL/crypto/bn/bn_prime.c
#11 0.945 shim-16.1/Cryptlib/OpenSSL/crypto/bn/bn_prime.h
#11 0.945 shim-16.1/Cryptlib/OpenSSL/crypto/bn/bn_print.c
#11 0.945 shim-16.1/Cryptlib/OpenSSL/crypto/bn/bn_rand.c
#11 0.945 shim-16.1/Cryptlib/OpenSSL/crypto/bn/bn_recp.c
#11 0.945 shim-16.1/Cryptlib/OpenSSL/crypto/bn/bn_shift.c
#11 0.945 shim-16.1/Cryptlib/OpenSSL/crypto/bn/bn_sqr.c
#11 0.945 shim-16.1/Cryptlib/OpenSSL/crypto/bn/bn_sqrt.c
#11 0.945 shim-16.1/Cryptlib/OpenSSL/crypto/bn/bn_word.c
#11 0.945 shim-16.1/Cryptlib/OpenSSL/crypto/bn/bn_x931p.c
#11 0.945 shim-16.1/Cryptlib/OpenSSL/crypto/bn/rsaz_exp.h
#11 0.945 shim-16.1/Cryptlib/OpenSSL/crypto/buffer/
#11 0.945 shim-16.1/Cryptlib/OpenSSL/crypto/buffer/buf_err.c
#11 0.945 shim-16.1/Cryptlib/OpenSSL/crypto/buffer/buf_str.c
#11 0.945 shim-16.1/Cryptlib/OpenSSL/crypto/buffer/buffer.c
#11 0.945 shim-16.1/Cryptlib/OpenSSL/crypto/cmac/
#11 0.945 shim-16.1/Cryptlib/OpenSSL/crypto/cmac/cm_ameth.c
#11 0.945 shim-16.1/Cryptlib/OpenSSL/crypto/cmac/cm_pmeth.c
#11 0.945 shim-16.1/Cryptlib/OpenSSL/crypto/cmac/cmac.c
#11 0.945 shim-16.1/Cryptlib/OpenSSL/crypto/comp/
#11 0.945 shim-16.1/Cryptlib/OpenSSL/crypto/comp/c_rle.c
#11 0.945 shim-16.1/Cryptlib/OpenSSL/crypto/comp/c_zlib.c
#11 0.945 shim-16.1/Cryptlib/OpenSSL/crypto/comp/comp_err.c
#11 0.947 shim-16.1/Cryptlib/OpenSSL/crypto/comp/comp_lib.c
#11 0.947 shim-16.1/Cryptlib/OpenSSL/crypto/conf/
#11 0.947 shim-16.1/Cryptlib/OpenSSL/crypto/conf/conf_api.c
#11 0.947 shim-16.1/Cryptlib/OpenSSL/crypto/conf/conf_def.c
#11 0.948 shim-16.1/Cryptlib/OpenSSL/crypto/conf/conf_def.h
#11 0.948 shim-16.1/Cryptlib/OpenSSL/crypto/conf/conf_err.c
#11 0.949 shim-16.1/Cryptlib/OpenSSL/crypto/conf/conf_lib.c
#11 0.950 shim-16.1/Cryptlib/OpenSSL/crypto/conf/conf_mall.c
#11 0.950 shim-16.1/Cryptlib/OpenSSL/crypto/conf/conf_mod.c
#11 0.951 shim-16.1/Cryptlib/OpenSSL/crypto/conf/conf_sap.c
#11 0.951 shim-16.1/Cryptlib/OpenSSL/crypto/constant_time_locl.h
#11 0.951 shim-16.1/Cryptlib/OpenSSL/crypto/cpt_err.c
#11 0.952 shim-16.1/Cryptlib/OpenSSL/crypto/cryptlib.c
#11 0.954 shim-16.1/Cryptlib/OpenSSL/crypto/cryptlib.h
#11 0.954 shim-16.1/Cryptlib/OpenSSL/crypto/cversion.c
#11 0.955 shim-16.1/Cryptlib/OpenSSL/crypto/dh/
#11 0.955 shim-16.1/Cryptlib/OpenSSL/crypto/dh/dh_ameth.c
#11 0.959 shim-16.1/Cryptlib/OpenSSL/crypto/dh/dh_asn1.c
#11 0.959 shim-16.1/Cryptlib/OpenSSL/crypto/dh/dh_check.c
#11 0.959 shim-16.1/Cryptlib/OpenSSL/crypto/dh/dh_depr.c
#11 0.959 shim-16.1/Cryptlib/OpenSSL/crypto/dh/dh_err.c
#11 0.959 shim-16.1/Cryptlib/OpenSSL/crypto/dh/dh_gen.c
#11 1.025 shim-16.1/Cryptlib/OpenSSL/crypto/dh/dh_key.c
#11 1.026 shim-16.1/Cryptlib/OpenSSL/crypto/dh/dh_lib.c
#11 1.027 shim-16.1/Cryptlib/OpenSSL/crypto/dh/dh_pmeth.c
#11 1.027 shim-16.1/Cryptlib/OpenSSL/crypto/dh/dh_prn.c
#11 1.027 shim-16.1/Cryptlib/OpenSSL/crypto/dh/dh_rfc5114.c
#11 1.028 shim-16.1/Cryptlib/OpenSSL/crypto/dso/
#11 1.028 shim-16.1/Cryptlib/OpenSSL/crypto/dso/dso_beos.c
#11 1.029 shim-16.1/Cryptlib/OpenSSL/crypto/dso/dso_dl.c
#11 1.029 shim-16.1/Cryptlib/OpenSSL/crypto/dso/dso_dlfcn.c
#11 1.030 shim-16.1/Cryptlib/OpenSSL/crypto/dso/dso_err.c
#11 1.031 shim-16.1/Cryptlib/OpenSSL/crypto/dso/dso_lib.c
#11 1.031 shim-16.1/Cryptlib/OpenSSL/crypto/dso/dso_null.c
#11 1.031 shim-16.1/Cryptlib/OpenSSL/crypto/dso/dso_openssl.c
#11 1.032 shim-16.1/Cryptlib/OpenSSL/crypto/dso/dso_vms.c
#11 1.032 shim-16.1/Cryptlib/OpenSSL/crypto/dso/dso_win32.c
#11 1.034 shim-16.1/Cryptlib/OpenSSL/crypto/ebcdic.c
#11 1.034 shim-16.1/Cryptlib/OpenSSL/crypto/err/
#11 1.035 shim-16.1/Cryptlib/OpenSSL/crypto/err/err.c
#11 1.036 shim-16.1/Cryptlib/OpenSSL/crypto/err/err_all.c
#11 1.037 shim-16.1/Cryptlib/OpenSSL/crypto/err/err_prn.c
#11 1.039 shim-16.1/Cryptlib/OpenSSL/crypto/evp/
#11 1.039 shim-16.1/Cryptlib/OpenSSL/crypto/evp/bio_b64.c
#11 1.039 shim-16.1/Cryptlib/OpenSSL/crypto/evp/bio_enc.c
#11 1.039 shim-16.1/Cryptlib/OpenSSL/crypto/evp/bio_md.c
#11 1.043 shim-16.1/Cryptlib/OpenSSL/crypto/evp/bio_ok.c
#11 1.043 shim-16.1/Cryptlib/OpenSSL/crypto/evp/c_all.c
#11 1.044 shim-16.1/Cryptlib/OpenSSL/crypto/evp/c_allc.c
#11 1.044 shim-16.1/Cryptlib/OpenSSL/crypto/evp/c_alld.c
#11 1.044 shim-16.1/Cryptlib/OpenSSL/crypto/evp/digest.c
#11 1.045 shim-16.1/Cryptlib/OpenSSL/crypto/evp/e_aes.c
#11 1.047 shim-16.1/Cryptlib/OpenSSL/crypto/evp/e_aes_cbc_hmac_sha1.c
#11 1.049 shim-16.1/Cryptlib/OpenSSL/crypto/evp/e_aes_cbc_hmac_sha256.c
#11 1.051 shim-16.1/Cryptlib/OpenSSL/crypto/evp/e_bf.c
#11 1.051 shim-16.1/Cryptlib/OpenSSL/crypto/evp/e_camellia.c
#11 1.052 shim-16.1/Cryptlib/OpenSSL/crypto/evp/e_cast.c
#11 1.052 shim-16.1/Cryptlib/OpenSSL/crypto/evp/e_des.c
#11 1.055 shim-16.1/Cryptlib/OpenSSL/crypto/evp/e_des3.c
#11 1.055 shim-16.1/Cryptlib/OpenSSL/crypto/evp/e_idea.c
#11 1.055 shim-16.1/Cryptlib/OpenSSL/crypto/evp/e_null.c
#11 1.055 shim-16.1/Cryptlib/OpenSSL/crypto/evp/e_old.c
#11 1.055 shim-16.1/Cryptlib/OpenSSL/crypto/evp/e_rc2.c
#11 1.055 shim-16.1/Cryptlib/OpenSSL/crypto/evp/e_rc4.c
#11 1.055 shim-16.1/Cryptlib/OpenSSL/crypto/evp/e_rc4_hmac_md5.c
#11 1.056 shim-16.1/Cryptlib/OpenSSL/crypto/evp/e_rc5.c
#11 1.056 shim-16.1/Cryptlib/OpenSSL/crypto/evp/e_seed.c
#11 1.056 shim-16.1/Cryptlib/OpenSSL/crypto/evp/e_xcbc_d.c
#11 1.059 shim-16.1/Cryptlib/OpenSSL/crypto/evp/encode.c
#11 1.059 shim-16.1/Cryptlib/OpenSSL/crypto/evp/evp_acnf.c
#11 1.059 shim-16.1/Cryptlib/OpenSSL/crypto/evp/evp_cnf.c
#11 1.060 shim-16.1/Cryptlib/OpenSSL/crypto/evp/evp_enc.c
#11 1.060 shim-16.1/Cryptlib/OpenSSL/crypto/evp/evp_err.c
#11 1.060 shim-16.1/Cryptlib/OpenSSL/crypto/evp/evp_key.c
#11 1.060 shim-16.1/Cryptlib/OpenSSL/crypto/evp/evp_lib.c
#11 1.061 shim-16.1/Cryptlib/OpenSSL/crypto/evp/evp_locl.h
#11 1.062 shim-16.1/Cryptlib/OpenSSL/crypto/evp/evp_pbe.c
#11 1.063 shim-16.1/Cryptlib/OpenSSL/crypto/evp/evp_pkey.c
#11 1.067 shim-16.1/Cryptlib/OpenSSL/crypto/evp/m_dss.c
#11 1.067 shim-16.1/Cryptlib/OpenSSL/crypto/evp/m_dss1.c
#11 1.067 shim-16.1/Cryptlib/OpenSSL/crypto/evp/m_ecdsa.c
#11 1.067 shim-16.1/Cryptlib/OpenSSL/crypto/evp/m_md2.c
#11 1.067 shim-16.1/Cryptlib/OpenSSL/crypto/evp/m_md4.c
#11 1.067 shim-16.1/Cryptlib/OpenSSL/crypto/evp/m_md5.c
#11 1.067 shim-16.1/Cryptlib/OpenSSL/crypto/evp/m_mdc2.c
#11 1.067 shim-16.1/Cryptlib/OpenSSL/crypto/evp/m_null.c
#11 1.067 shim-16.1/Cryptlib/OpenSSL/crypto/evp/m_ripemd.c
#11 1.067 shim-16.1/Cryptlib/OpenSSL/crypto/evp/m_sha.c
#11 1.068 shim-16.1/Cryptlib/OpenSSL/crypto/evp/m_sha1.c
#11 1.068 shim-16.1/Cryptlib/OpenSSL/crypto/evp/m_sigver.c
#11 1.068 shim-16.1/Cryptlib/OpenSSL/crypto/evp/m_wp.c
#11 1.068 shim-16.1/Cryptlib/OpenSSL/crypto/evp/names.c
#11 1.068 shim-16.1/Cryptlib/OpenSSL/crypto/evp/p5_crpt.c
#11 1.068 shim-16.1/Cryptlib/OpenSSL/crypto/evp/p5_crpt2.c
#11 1.069 shim-16.1/Cryptlib/OpenSSL/crypto/evp/p_dec.c
#11 1.069 shim-16.1/Cryptlib/OpenSSL/crypto/evp/p_enc.c
#11 1.070 shim-16.1/Cryptlib/OpenSSL/crypto/evp/p_lib.c
#11 1.071 shim-16.1/Cryptlib/OpenSSL/crypto/evp/p_open.c
#11 1.071 shim-16.1/Cryptlib/OpenSSL/crypto/evp/p_seal.c
#11 1.071 shim-16.1/Cryptlib/OpenSSL/crypto/evp/p_sign.c
#11 1.072 shim-16.1/Cryptlib/OpenSSL/crypto/evp/p_verify.c
#11 1.072 shim-16.1/Cryptlib/OpenSSL/crypto/evp/pmeth_fn.c
#11 1.074 shim-16.1/Cryptlib/OpenSSL/crypto/evp/pmeth_gn.c
#11 1.074 shim-16.1/Cryptlib/OpenSSL/crypto/evp/pmeth_lib.c
#11 1.075 shim-16.1/Cryptlib/OpenSSL/crypto/ex_data.c
#11 1.078 shim-16.1/Cryptlib/OpenSSL/crypto/fips_ers.c
#11 1.078 shim-16.1/Cryptlib/OpenSSL/crypto/hmac/
#11 1.078 shim-16.1/Cryptlib/OpenSSL/crypto/hmac/hm_ameth.c
#11 1.078 shim-16.1/Cryptlib/OpenSSL/crypto/hmac/hm_pmeth.c
#11 1.079 shim-16.1/Cryptlib/OpenSSL/crypto/hmac/hmac.c
#11 1.080 shim-16.1/Cryptlib/OpenSSL/crypto/lhash/
#11 1.080 shim-16.1/Cryptlib/OpenSSL/crypto/lhash/lh_stats.c
#11 1.083 shim-16.1/Cryptlib/OpenSSL/crypto/lhash/lhash.c
#11 1.083 shim-16.1/Cryptlib/OpenSSL/crypto/md32_common.h
#11 1.083 shim-16.1/Cryptlib/OpenSSL/crypto/md5/
#11 1.084 shim-16.1/Cryptlib/OpenSSL/crypto/md5/md5_dgst.c
#11 1.084 shim-16.1/Cryptlib/OpenSSL/crypto/md5/md5_locl.h
#11 1.084 shim-16.1/Cryptlib/OpenSSL/crypto/md5/md5_one.c
#11 1.085 shim-16.1/Cryptlib/OpenSSL/crypto/mem.c
#11 1.085 shim-16.1/Cryptlib/OpenSSL/crypto/mem_clr.c
#11 1.085 shim-16.1/Cryptlib/OpenSSL/crypto/mem_dbg.c
#11 1.173 shim-16.1/Cryptlib/OpenSSL/crypto/modes/
#11 1.173 shim-16.1/Cryptlib/OpenSSL/crypto/modes/cbc128.c
#11 1.173 shim-16.1/Cryptlib/OpenSSL/crypto/modes/ccm128.c
#11 1.173 shim-16.1/Cryptlib/OpenSSL/crypto/modes/cfb128.c
#11 1.174 shim-16.1/Cryptlib/OpenSSL/crypto/modes/ctr128.c
#11 1.174 shim-16.1/Cryptlib/OpenSSL/crypto/modes/cts128.c
#11 1.174 shim-16.1/Cryptlib/OpenSSL/crypto/modes/gcm128.c
#11 1.177 shim-16.1/Cryptlib/OpenSSL/crypto/modes/modes_lcl.h
#11 1.178 shim-16.1/Cryptlib/OpenSSL/crypto/modes/ofb128.c
#11 1.178 shim-16.1/Cryptlib/OpenSSL/crypto/modes/wrap128.c
#11 1.178 shim-16.1/Cryptlib/OpenSSL/crypto/modes/xts128.c
#11 1.178 shim-16.1/Cryptlib/OpenSSL/crypto/o_dir.c
#11 1.178 shim-16.1/Cryptlib/OpenSSL/crypto/o_dir.h
#11 1.179 shim-16.1/Cryptlib/OpenSSL/crypto/o_fips.c
#11 1.179 shim-16.1/Cryptlib/OpenSSL/crypto/o_init.c
#11 1.179 shim-16.1/Cryptlib/OpenSSL/crypto/o_str.c
#11 1.179 shim-16.1/Cryptlib/OpenSSL/crypto/o_str.h
#11 1.179 shim-16.1/Cryptlib/OpenSSL/crypto/o_time.c
#11 1.180 shim-16.1/Cryptlib/OpenSSL/crypto/o_time.h
#11 1.180 shim-16.1/Cryptlib/OpenSSL/crypto/objects/
#11 1.180 shim-16.1/Cryptlib/OpenSSL/crypto/objects/o_names.c
#11 1.181 shim-16.1/Cryptlib/OpenSSL/crypto/objects/obj_dat.c
#11 1.182 shim-16.1/Cryptlib/OpenSSL/crypto/objects/obj_dat.h
#11 1.194 shim-16.1/Cryptlib/OpenSSL/crypto/objects/obj_err.c
#11 1.194 shim-16.1/Cryptlib/OpenSSL/crypto/objects/obj_lib.c
#11 1.194 shim-16.1/Cryptlib/OpenSSL/crypto/objects/obj_xref.c
#11 1.194 shim-16.1/Cryptlib/OpenSSL/crypto/objects/obj_xref.h
#11 1.195 shim-16.1/Cryptlib/OpenSSL/crypto/ocsp/
#11 1.195 shim-16.1/Cryptlib/OpenSSL/crypto/ocsp/ocsp_asn.c
#11 1.196 shim-16.1/Cryptlib/OpenSSL/crypto/ocsp/ocsp_cl.c
#11 1.196 shim-16.1/Cryptlib/OpenSSL/crypto/ocsp/ocsp_err.c
#11 1.197 shim-16.1/Cryptlib/OpenSSL/crypto/ocsp/ocsp_ext.c
#11 1.198 shim-16.1/Cryptlib/OpenSSL/crypto/ocsp/ocsp_ht.c
#11 1.199 shim-16.1/Cryptlib/OpenSSL/crypto/ocsp/ocsp_lib.c
#11 1.200 shim-16.1/Cryptlib/OpenSSL/crypto/ocsp/ocsp_prn.c
#11 1.200 shim-16.1/Cryptlib/OpenSSL/crypto/ocsp/ocsp_srv.c
#11 1.201 shim-16.1/Cryptlib/OpenSSL/crypto/ocsp/ocsp_vfy.c
#11 1.202 shim-16.1/Cryptlib/OpenSSL/crypto/pem/
#11 1.203 shim-16.1/Cryptlib/OpenSSL/crypto/pem/pem_all.c
#11 1.203 shim-16.1/Cryptlib/OpenSSL/crypto/pem/pem_err.c
#11 1.203 shim-16.1/Cryptlib/OpenSSL/crypto/pem/pem_info.c
#11 1.204 shim-16.1/Cryptlib/OpenSSL/crypto/pem/pem_lib.c
#11 1.206 shim-16.1/Cryptlib/OpenSSL/crypto/pem/pem_oth.c
#11 1.206 shim-16.1/Cryptlib/OpenSSL/crypto/pem/pem_pk8.c
#11 1.207 shim-16.1/Cryptlib/OpenSSL/crypto/pem/pem_pkey.c
#11 1.207 shim-16.1/Cryptlib/OpenSSL/crypto/pem/pem_seal.c
#11 1.207 shim-16.1/Cryptlib/OpenSSL/crypto/pem/pem_sign.c
#11 1.208 shim-16.1/Cryptlib/OpenSSL/crypto/pem/pem_x509.c
#11 1.208 shim-16.1/Cryptlib/OpenSSL/crypto/pem/pem_xaux.c
#11 1.208 shim-16.1/Cryptlib/OpenSSL/crypto/pem/pvkfmt.c
#11 1.209 shim-16.1/Cryptlib/OpenSSL/crypto/pkcs12/
#11 1.210 shim-16.1/Cryptlib/OpenSSL/crypto/pkcs12/p12_add.c
#11 1.210 shim-16.1/Cryptlib/OpenSSL/crypto/pkcs12/p12_asn.c
#11 1.210 shim-16.1/Cryptlib/OpenSSL/crypto/pkcs12/p12_attr.c
#11 1.211 shim-16.1/Cryptlib/OpenSSL/crypto/pkcs12/p12_crpt.c
#11 1.212 shim-16.1/Cryptlib/OpenSSL/crypto/pkcs12/p12_crt.c
#11 1.212 shim-16.1/Cryptlib/OpenSSL/crypto/pkcs12/p12_decr.c
#11 1.212 shim-16.1/Cryptlib/OpenSSL/crypto/pkcs12/p12_init.c
#11 1.213 shim-16.1/Cryptlib/OpenSSL/crypto/pkcs12/p12_key.c
#11 1.213 shim-16.1/Cryptlib/OpenSSL/crypto/pkcs12/p12_kiss.c
#11 1.214 shim-16.1/Cryptlib/OpenSSL/crypto/pkcs12/p12_mutl.c
#11 1.214 shim-16.1/Cryptlib/OpenSSL/crypto/pkcs12/p12_npas.c
#11 1.214 shim-16.1/Cryptlib/OpenSSL/crypto/pkcs12/p12_p8d.c
#11 1.215 shim-16.1/Cryptlib/OpenSSL/crypto/pkcs12/p12_p8e.c
#11 1.215 shim-16.1/Cryptlib/OpenSSL/crypto/pkcs12/p12_utl.c
#11 1.215 shim-16.1/Cryptlib/OpenSSL/crypto/pkcs12/pk12err.c
#11 1.216 shim-16.1/Cryptlib/OpenSSL/crypto/pkcs7/
#11 1.216 shim-16.1/Cryptlib/OpenSSL/crypto/pkcs7/bio_pk7.c
#11 1.216 shim-16.1/Cryptlib/OpenSSL/crypto/pkcs7/pk7_asn1.c
#11 1.217 shim-16.1/Cryptlib/OpenSSL/crypto/pkcs7/pk7_attr.c
#11 1.217 shim-16.1/Cryptlib/OpenSSL/crypto/pkcs7/pk7_doit.c
#11 1.219 shim-16.1/Cryptlib/OpenSSL/crypto/pkcs7/pk7_lib.c
#11 1.220 shim-16.1/Cryptlib/OpenSSL/crypto/pkcs7/pk7_mime.c
#11 1.221 shim-16.1/Cryptlib/OpenSSL/crypto/pkcs7/pk7_smime.c
#11 1.222 shim-16.1/Cryptlib/OpenSSL/crypto/pkcs7/pkcs7err.c
#11 1.227 shim-16.1/Cryptlib/OpenSSL/crypto/rand/
#11 1.227 shim-16.1/Cryptlib/OpenSSL/crypto/rand/md_rand.c
#11 1.300 shim-16.1/Cryptlib/OpenSSL/crypto/rand/rand_err.c
#11 1.300 shim-16.1/Cryptlib/OpenSSL/crypto/rand/rand_lcl.h
#11 1.301 shim-16.1/Cryptlib/OpenSSL/crypto/rand/rand_lib.c
#11 1.301 shim-16.1/Cryptlib/OpenSSL/crypto/rand/rand_unix.c
#11 1.303 shim-16.1/Cryptlib/OpenSSL/crypto/rand/randfile.c
#11 1.303 shim-16.1/Cryptlib/OpenSSL/crypto/rc4/
#11 1.303 shim-16.1/Cryptlib/OpenSSL/crypto/rc4/rc4_enc.c
#11 1.304 shim-16.1/Cryptlib/OpenSSL/crypto/rc4/rc4_locl.h
#11 1.304 shim-16.1/Cryptlib/OpenSSL/crypto/rc4/rc4_skey.c
#11 1.304 shim-16.1/Cryptlib/OpenSSL/crypto/rc4/rc4_utl.c
#11 1.304 shim-16.1/Cryptlib/OpenSSL/crypto/rsa/
#11 1.304 shim-16.1/Cryptlib/OpenSSL/crypto/rsa/rsa_ameth.c
#11 1.306 shim-16.1/Cryptlib/OpenSSL/crypto/rsa/rsa_asn1.c
#11 1.306 shim-16.1/Cryptlib/OpenSSL/crypto/rsa/rsa_chk.c
#11 1.307 shim-16.1/Cryptlib/OpenSSL/crypto/rsa/rsa_crpt.c
#11 1.307 shim-16.1/Cryptlib/OpenSSL/crypto/rsa/rsa_depr.c
#11 1.308 shim-16.1/Cryptlib/OpenSSL/crypto/rsa/rsa_eay.c
#11 1.309 shim-16.1/Cryptlib/OpenSSL/crypto/rsa/rsa_err.c
#11 1.310 shim-16.1/Cryptlib/OpenSSL/crypto/rsa/rsa_gen.c
#11 1.311 shim-16.1/Cryptlib/OpenSSL/crypto/rsa/rsa_lib.c
#11 1.312 shim-16.1/Cryptlib/OpenSSL/crypto/rsa/rsa_locl.h
#11 1.312 shim-16.1/Cryptlib/OpenSSL/crypto/rsa/rsa_none.c
#11 1.312 shim-16.1/Cryptlib/OpenSSL/crypto/rsa/rsa_null.c
#11 1.312 shim-16.1/Cryptlib/OpenSSL/crypto/rsa/rsa_oaep.c
#11 1.313 shim-16.1/Cryptlib/OpenSSL/crypto/rsa/rsa_pk1.c
#11 1.313 shim-16.1/Cryptlib/OpenSSL/crypto/rsa/rsa_pmeth.c
#11 1.315 shim-16.1/Cryptlib/OpenSSL/crypto/rsa/rsa_prn.c
#11 1.315 shim-16.1/Cryptlib/OpenSSL/crypto/rsa/rsa_pss.c
#11 1.316 shim-16.1/Cryptlib/OpenSSL/crypto/rsa/rsa_saos.c
#11 1.316 shim-16.1/Cryptlib/OpenSSL/crypto/rsa/rsa_sign.c
#11 1.316 shim-16.1/Cryptlib/OpenSSL/crypto/rsa/rsa_ssl.c
#11 1.317 shim-16.1/Cryptlib/OpenSSL/crypto/rsa/rsa_x931.c
#11 1.319 shim-16.1/Cryptlib/OpenSSL/crypto/sha/
#11 1.319 shim-16.1/Cryptlib/OpenSSL/crypto/sha/sha1_one.c
#11 1.319 shim-16.1/Cryptlib/OpenSSL/crypto/sha/sha1dgst.c
#11 1.319 shim-16.1/Cryptlib/OpenSSL/crypto/sha/sha256.c
#11 1.319 shim-16.1/Cryptlib/OpenSSL/crypto/sha/sha512.c
#11 1.321 shim-16.1/Cryptlib/OpenSSL/crypto/sha/sha_dgst.c
#11 1.322 shim-16.1/Cryptlib/OpenSSL/crypto/sha/sha_locl.h
#11 1.322 shim-16.1/Cryptlib/OpenSSL/crypto/sha/sha_one.c
#11 1.323 shim-16.1/Cryptlib/OpenSSL/crypto/stack/
#11 1.323 shim-16.1/Cryptlib/OpenSSL/crypto/stack/stack.c
#11 1.323 shim-16.1/Cryptlib/OpenSSL/crypto/txt_db/
#11 1.323 shim-16.1/Cryptlib/OpenSSL/crypto/txt_db/txt_db.c
#11 1.323 shim-16.1/Cryptlib/OpenSSL/crypto/uid.c
#11 1.324 shim-16.1/Cryptlib/OpenSSL/crypto/x509/
#11 1.325 shim-16.1/Cryptlib/OpenSSL/crypto/x509/vpm_int.h
#11 1.325 shim-16.1/Cryptlib/OpenSSL/crypto/x509/x509_att.c
#11 1.325 shim-16.1/Cryptlib/OpenSSL/crypto/x509/x509_cmp.c
#11 1.326 shim-16.1/Cryptlib/OpenSSL/crypto/x509/x509_d2.c
#11 1.326 shim-16.1/Cryptlib/OpenSSL/crypto/x509/x509_def.c
#11 1.326 shim-16.1/Cryptlib/OpenSSL/crypto/x509/x509_err.c
#11 1.327 shim-16.1/Cryptlib/OpenSSL/crypto/x509/x509_ext.c
#11 1.327 shim-16.1/Cryptlib/OpenSSL/crypto/x509/x509_lu.c
#11 1.327 shim-16.1/Cryptlib/OpenSSL/crypto/x509/x509_obj.c
#11 1.328 shim-16.1/Cryptlib/OpenSSL/crypto/x509/x509_r2x.c
#11 1.328 shim-16.1/Cryptlib/OpenSSL/crypto/x509/x509_req.c
#11 1.328 shim-16.1/Cryptlib/OpenSSL/crypto/x509/x509_set.c
#11 1.329 shim-16.1/Cryptlib/OpenSSL/crypto/x509/x509_trs.c
#11 1.329 shim-16.1/Cryptlib/OpenSSL/crypto/x509/x509_txt.c
#11 1.329 shim-16.1/Cryptlib/OpenSSL/crypto/x509/x509_v3.c
#11 1.330 shim-16.1/Cryptlib/OpenSSL/crypto/x509/x509_vfy.c
#11 1.334 shim-16.1/Cryptlib/OpenSSL/crypto/x509/x509_vpm.c
#11 1.335 shim-16.1/Cryptlib/OpenSSL/crypto/x509/x509cset.c
#11 1.335 shim-16.1/Cryptlib/OpenSSL/crypto/x509/x509name.c
#11 1.336 shim-16.1/Cryptlib/OpenSSL/crypto/x509/x509rset.c
#11 1.336 shim-16.1/Cryptlib/OpenSSL/crypto/x509/x509spki.c
#11 1.337 shim-16.1/Cryptlib/OpenSSL/crypto/x509/x509type.c
#11 1.337 shim-16.1/Cryptlib/OpenSSL/crypto/x509/x_all.c
#11 1.337 shim-16.1/Cryptlib/OpenSSL/crypto/x509v3/
#11 1.338 shim-16.1/Cryptlib/OpenSSL/crypto/x509v3/ext_dat.h
#11 1.338 shim-16.1/Cryptlib/OpenSSL/crypto/x509v3/pcy_cache.c
#11 1.338 shim-16.1/Cryptlib/OpenSSL/crypto/x509v3/pcy_data.c
#11 1.339 shim-16.1/Cryptlib/OpenSSL/crypto/x509v3/pcy_int.h
#11 1.339 shim-16.1/Cryptlib/OpenSSL/crypto/x509v3/pcy_lib.c
#11 1.339 shim-16.1/Cryptlib/OpenSSL/crypto/x509v3/pcy_map.c
#11 1.339 shim-16.1/Cryptlib/OpenSSL/crypto/x509v3/pcy_node.c
#11 1.340 shim-16.1/Cryptlib/OpenSSL/crypto/x509v3/pcy_tree.c
#11 1.340 shim-16.1/Cryptlib/OpenSSL/crypto/x509v3/v3_addr.c
#11 1.342 shim-16.1/Cryptlib/OpenSSL/crypto/x509v3/v3_akey.c
#11 1.342 shim-16.1/Cryptlib/OpenSSL/crypto/x509v3/v3_akeya.c
#11 1.343 shim-16.1/Cryptlib/OpenSSL/crypto/x509v3/v3_alt.c
#11 1.343 shim-16.1/Cryptlib/OpenSSL/crypto/x509v3/v3_asid.c
#11 1.344 shim-16.1/Cryptlib/OpenSSL/crypto/x509v3/v3_bcons.c
#11 1.344 shim-16.1/Cryptlib/OpenSSL/crypto/x509v3/v3_bitst.c
#11 1.345 shim-16.1/Cryptlib/OpenSSL/crypto/x509v3/v3_conf.c
#11 1.345 shim-16.1/Cryptlib/OpenSSL/crypto/x509v3/v3_cpols.c
#11 1.346 shim-16.1/Cryptlib/OpenSSL/crypto/x509v3/v3_crld.c
#11 1.347 shim-16.1/Cryptlib/OpenSSL/crypto/x509v3/v3_enum.c
#11 1.347 shim-16.1/Cryptlib/OpenSSL/crypto/x509v3/v3_extku.c
#11 1.347 shim-16.1/Cryptlib/OpenSSL/crypto/x509v3/v3_genn.c
#11 1.348 shim-16.1/Cryptlib/OpenSSL/crypto/x509v3/v3_ia5.c
#11 1.348 shim-16.1/Cryptlib/OpenSSL/crypto/x509v3/v3_info.c
#11 1.348 shim-16.1/Cryptlib/OpenSSL/crypto/x509v3/v3_int.c
#11 1.349 shim-16.1/Cryptlib/OpenSSL/crypto/x509v3/v3_lib.c
#11 1.349 shim-16.1/Cryptlib/OpenSSL/crypto/x509v3/v3_ncons.c
#11 1.349 shim-16.1/Cryptlib/OpenSSL/crypto/x509v3/v3_ocsp.c
#11 1.430 shim-16.1/Cryptlib/OpenSSL/crypto/x509v3/v3_pci.c
#11 1.430 shim-16.1/Cryptlib/OpenSSL/crypto/x509v3/v3_pcia.c
#11 1.430 shim-16.1/Cryptlib/OpenSSL/crypto/x509v3/v3_pcons.c
#11 1.430 shim-16.1/Cryptlib/OpenSSL/crypto/x509v3/v3_pku.c
#11 1.430 shim-16.1/Cryptlib/OpenSSL/crypto/x509v3/v3_pmaps.c
#11 1.431 shim-16.1/Cryptlib/OpenSSL/crypto/x509v3/v3_prn.c
#11 1.431 shim-16.1/Cryptlib/OpenSSL/crypto/x509v3/v3_purp.c
#11 1.432 shim-16.1/Cryptlib/OpenSSL/crypto/x509v3/v3_skey.c
#11 1.433 shim-16.1/Cryptlib/OpenSSL/crypto/x509v3/v3_sxnet.c
#11 1.433 shim-16.1/Cryptlib/OpenSSL/crypto/x509v3/v3_utl.c
#11 1.434 shim-16.1/Cryptlib/OpenSSL/crypto/x509v3/v3err.c
#11 1.435 shim-16.1/Cryptlib/OpenSSL/e_os.h
#11 1.436 shim-16.1/Cryptlib/OpenSSL/openssl-bio-b_print-disable-sse.patch
#11 1.436 shim-16.1/Cryptlib/OpenSSL/update.sh
#11 1.437 shim-16.1/Cryptlib/Pem/
#11 1.438 shim-16.1/Cryptlib/Pem/CryptPemNull.c
#11 1.438 shim-16.1/Cryptlib/Pk/
#11 1.438 shim-16.1/Cryptlib/Pk/CryptAuthenticode.c
#11 1.438 shim-16.1/Cryptlib/Pk/CryptDhNull.c
#11 1.438 shim-16.1/Cryptlib/Pk/CryptPkcs7SignNull.c
#11 1.439 shim-16.1/Cryptlib/Pk/CryptPkcs7Verify.c
#11 1.440 shim-16.1/Cryptlib/Pk/CryptPkcs7VerifyEku.c
#11 1.440 shim-16.1/Cryptlib/Pk/CryptRsaBasic.c
#11 1.441 shim-16.1/Cryptlib/Pk/CryptRsaExtNull.c
#11 1.441 shim-16.1/Cryptlib/Pk/CryptTs.c
#11 1.442 shim-16.1/Cryptlib/Pk/CryptX509.c
#11 1.442 shim-16.1/Cryptlib/Rand/
#11 1.443 shim-16.1/Cryptlib/Rand/CryptRand.c
#11 1.443 shim-16.1/Cryptlib/SysCall/
#11 1.443 shim-16.1/Cryptlib/SysCall/BaseMemAllocation.c
#11 1.443 shim-16.1/Cryptlib/SysCall/BaseStrings.c
#11 1.443 shim-16.1/Cryptlib/SysCall/CrtWrapper.c
#11 1.443 shim-16.1/Cryptlib/SysCall/TimerWrapper.c
#11 1.443 shim-16.1/Cryptlib/opensslconf-diff.patch
#11 1.444 shim-16.1/Cryptlib/update.sh
#11 1.444 shim-16.1/Delivering_Sbat_Revocations.md
#11 1.444 shim-16.1/Make.defaults
#11 1.444 shim-16.1/Make.rules
#11 1.444 shim-16.1/Makefile
#11 1.444 shim-16.1/MokManager.c
#11 1.448 shim-16.1/MokVars.txt
#11 1.448 shim-16.1/PasswordCrypt.c
#11 1.448 shim-16.1/README.fallback
#11 1.448 shim-16.1/README.md
#11 1.448 shim-16.1/README.tpm
#11 1.448 shim-16.1/SBAT.example.md
#11 1.449 shim-16.1/SBAT.md
#11 1.449 shim-16.1/SbatLevel_Variable.txt
#11 1.449 shim-16.1/TODO
#11 1.449 shim-16.1/buildid.c
#11 1.449 shim-16.1/cert.S
#11 1.449 shim-16.1/commit
#11 1.449 shim-16.1/crypt_blowfish.c
#11 1.451 shim-16.1/csv.c
#11 1.451 shim-16.1/data/
#11 1.451 shim-16.1/data/sbat.csv
#11 1.451 shim-16.1/dp.c
#11 1.451 shim-16.1/elf_aarch64_efi.lds
#11 1.452 shim-16.1/elf_arm_efi.lds
#11 1.452 shim-16.1/elf_ia32_efi.lds
#11 1.452 shim-16.1/elf_ia64_efi.lds
#11 1.452 shim-16.1/elf_x86_64_efi.lds
#11 1.452 shim-16.1/errlog.c
#11 1.452 shim-16.1/fallback.c
#11 1.453 shim-16.1/fuzz-csv.c
#11 1.453 shim-16.1/fuzz-pe-relocate.c
#11 1.453 shim-16.1/fuzz-sbat.c
#11 1.453 shim-16.1/generate_sbat_var_defs.c
#11 1.453 shim-16.1/globals.c
#11 1.453 shim-16.1/gnu-efi/
#11 1.454 shim-16.1/gnu-efi/.gitattributes
#11 1.454 shim-16.1/gnu-efi/.gitignore
#11 1.454 shim-16.1/gnu-efi/ChangeLog
#11 1.456 shim-16.1/gnu-efi/Make.defaults
#11 1.456 shim-16.1/gnu-efi/Make.rules
#11 1.457 shim-16.1/gnu-efi/Makefile
#11 1.457 shim-16.1/gnu-efi/README.efilib
#11 1.457 shim-16.1/gnu-efi/README.elilo
#11 1.457 shim-16.1/gnu-efi/README.git
#11 1.457 shim-16.1/gnu-efi/README.gnuefi
#11 1.458 shim-16.1/gnu-efi/apps/
#11 1.458 shim-16.1/gnu-efi/apps/AllocPages.c
#11 1.458 shim-16.1/gnu-efi/apps/FreePages.c
#11 1.458 shim-16.1/gnu-efi/apps/Makefile
#11 1.459 shim-16.1/gnu-efi/apps/bltgrid.c
#11 1.459 shim-16.1/gnu-efi/apps/debughook.c
#11 1.459 shim-16.1/gnu-efi/apps/drv0.c
#11 1.460 shim-16.1/gnu-efi/apps/drv0.h
#11 1.460 shim-16.1/gnu-efi/apps/drv0_use.c
#11 1.460 shim-16.1/gnu-efi/apps/exit.c
#11 1.460 shim-16.1/gnu-efi/apps/lfbgrid.c
#11 1.460 shim-16.1/gnu-efi/apps/modelist.c
#11 1.461 shim-16.1/gnu-efi/apps/printenv.c
#11 1.461 shim-16.1/gnu-efi/apps/route80h.c
#11 1.461 shim-16.1/gnu-efi/apps/setdbg.c
#11 1.461 shim-16.1/gnu-efi/apps/setjmp.c
#11 1.462 shim-16.1/gnu-efi/apps/t.c
#11 1.462 shim-16.1/gnu-efi/apps/t2.c
#11 1.462 shim-16.1/gnu-efi/apps/t3.c
#11 1.462 shim-16.1/gnu-efi/apps/t4.c
#11 1.462 shim-16.1/gnu-efi/apps/t5.c
#11 1.463 shim-16.1/gnu-efi/apps/t6.c
#11 1.463 shim-16.1/gnu-efi/apps/t7.c
#11 1.463 shim-16.1/gnu-efi/apps/t8.c
#11 1.463 shim-16.1/gnu-efi/apps/tcc.c
#11 1.463 shim-16.1/gnu-efi/apps/tpause.c
#11 1.463 shim-16.1/gnu-efi/apps/trivial.S
#11 1.464 shim-16.1/gnu-efi/apps/unsetdbg.c
#11 1.464 shim-16.1/gnu-efi/gnuefi/
#11 1.464 shim-16.1/gnu-efi/gnuefi/Makefile
#11 1.464 shim-16.1/gnu-efi/gnuefi/crt0-efi-aarch64.S
#11 1.464 shim-16.1/gnu-efi/gnuefi/crt0-efi-arm.S
#11 1.464 shim-16.1/gnu-efi/gnuefi/crt0-efi-ia32.S
#11 1.465 shim-16.1/gnu-efi/gnuefi/crt0-efi-ia64.S
#11 1.465 shim-16.1/gnu-efi/gnuefi/crt0-efi-mips64el.S
#11 1.465 shim-16.1/gnu-efi/gnuefi/crt0-efi-x86_64.S
#11 1.466 shim-16.1/gnu-efi/gnuefi/elf_aarch64_efi.lds
#11 1.466 shim-16.1/gnu-efi/gnuefi/elf_arm_efi.lds
#11 1.466 shim-16.1/gnu-efi/gnuefi/elf_ia32_efi.lds
#11 1.466 shim-16.1/gnu-efi/gnuefi/elf_ia32_fbsd_efi.lds
#11 1.467 shim-16.1/gnu-efi/gnuefi/elf_ia64_efi.lds
#11 1.467 shim-16.1/gnu-efi/gnuefi/elf_mips64el_efi.lds
#11 1.467 shim-16.1/gnu-efi/gnuefi/elf_x86_64_efi.lds
#11 1.467 shim-16.1/gnu-efi/gnuefi/elf_x86_64_fbsd_efi.lds
#11 1.467 shim-16.1/gnu-efi/gnuefi/reloc_aarch64.c
#11 1.467 shim-16.1/gnu-efi/gnuefi/reloc_arm.c
#11 1.467 shim-16.1/gnu-efi/gnuefi/reloc_ia32.c
#11 1.468 shim-16.1/gnu-efi/gnuefi/reloc_ia64.S
#11 1.468 shim-16.1/gnu-efi/gnuefi/reloc_mips64el.c
#11 1.468 shim-16.1/gnu-efi/gnuefi/reloc_x86_64.c
#11 1.468 shim-16.1/gnu-efi/inc/
#11 1.468 shim-16.1/gnu-efi/inc/Makefile
#11 1.468 shim-16.1/gnu-efi/inc/aarch64/
#11 1.468 shim-16.1/gnu-efi/inc/aarch64/efibind.h
#11 1.469 shim-16.1/gnu-efi/inc/aarch64/efilibplat.h
#11 1.469 shim-16.1/gnu-efi/inc/aarch64/efisetjmp_arch.h
#11 1.469 shim-16.1/gnu-efi/inc/arm/
#11 1.469 shim-16.1/gnu-efi/inc/arm/efibind.h
#11 1.469 shim-16.1/gnu-efi/inc/arm/efilibplat.h
#11 1.469 shim-16.1/gnu-efi/inc/arm/efisetjmp_arch.h
#11 1.469 shim-16.1/gnu-efi/inc/efi.h
#11 1.470 shim-16.1/gnu-efi/inc/efi_nii.h
#11 1.470 shim-16.1/gnu-efi/inc/efi_pxe.h
#11 1.470 shim-16.1/gnu-efi/inc/efiapi.h
#11 1.471 shim-16.1/gnu-efi/inc/eficompiler.h
#11 1.471 shim-16.1/gnu-efi/inc/eficon.h
#11 1.471 shim-16.1/gnu-efi/inc/eficonex.h
#11 1.472 shim-16.1/gnu-efi/inc/efidebug.h
#11 1.472 shim-16.1/gnu-efi/inc/efidef.h
#11 1.472 shim-16.1/gnu-efi/inc/efidevp.h
#11 1.541 shim-16.1/gnu-efi/inc/efierr.h
#11 1.541 shim-16.1/gnu-efi/inc/efifs.h
#11 1.541 shim-16.1/gnu-efi/inc/efigpt.h
#11 1.541 shim-16.1/gnu-efi/inc/efiip.h
#11 1.542 shim-16.1/gnu-efi/inc/efilib.h
#11 1.542 shim-16.1/gnu-efi/inc/efilink.h
#11 1.543 shim-16.1/gnu-efi/inc/efinet.h
#11 1.543 shim-16.1/gnu-efi/inc/efipart.h
#11 1.543 shim-16.1/gnu-efi/inc/efipciio.h
#11 1.544 shim-16.1/gnu-efi/inc/efipoint.h
#11 1.544 shim-16.1/gnu-efi/inc/efiprot.h
#11 1.545 shim-16.1/gnu-efi/inc/efipxebc.h
#11 1.546 shim-16.1/gnu-efi/inc/efirtlib.h
#11 1.546 shim-16.1/gnu-efi/inc/efiser.h
#11 1.546 shim-16.1/gnu-efi/inc/efisetjmp.h
#11 1.546 shim-16.1/gnu-efi/inc/efishellintf.h
#11 1.546 shim-16.1/gnu-efi/inc/efishellparm.h
#11 1.546 shim-16.1/gnu-efi/inc/efistdarg.h
#11 1.547 shim-16.1/gnu-efi/inc/efitcp.h
#11 1.547 shim-16.1/gnu-efi/inc/efiudp.h
#11 1.547 shim-16.1/gnu-efi/inc/efiui.h
#11 1.547 shim-16.1/gnu-efi/inc/elf.h
#11 1.558 shim-16.1/gnu-efi/inc/ia32/
#11 1.558 shim-16.1/gnu-efi/inc/ia32/efibind.h
#11 1.558 shim-16.1/gnu-efi/inc/ia32/efilibplat.h
#11 1.558 shim-16.1/gnu-efi/inc/ia32/efisetjmp_arch.h
#11 1.558 shim-16.1/gnu-efi/inc/ia32/pe.h
#11 1.559 shim-16.1/gnu-efi/inc/ia64/
#11 1.560 shim-16.1/gnu-efi/inc/ia64/efibind.h
#11 1.560 shim-16.1/gnu-efi/inc/ia64/efilibplat.h
#11 1.560 shim-16.1/gnu-efi/inc/ia64/efisetjmp_arch.h
#11 1.560 shim-16.1/gnu-efi/inc/ia64/pe.h
#11 1.561 shim-16.1/gnu-efi/inc/ia64/salproc.h
#11 1.561 shim-16.1/gnu-efi/inc/lib.h
#11 1.561 shim-16.1/gnu-efi/inc/libsmbios.h
#11 1.562 shim-16.1/gnu-efi/inc/mips64el/
#11 1.562 shim-16.1/gnu-efi/inc/mips64el/efibind.h
#11 1.562 shim-16.1/gnu-efi/inc/mips64el/efilibplat.h
#11 1.562 shim-16.1/gnu-efi/inc/mips64el/efisetjmp_arch.h
#11 1.562 shim-16.1/gnu-efi/inc/pci22.h
#11 1.562 shim-16.1/gnu-efi/inc/protocol/
#11 1.562 shim-16.1/gnu-efi/inc/protocol/adapterdebug.h
#11 1.563 shim-16.1/gnu-efi/inc/protocol/eficonsplit.h
#11 1.563 shim-16.1/gnu-efi/inc/protocol/efivar.h
#11 1.563 shim-16.1/gnu-efi/inc/protocol/intload.h
#11 1.563 shim-16.1/gnu-efi/inc/protocol/legacyboot.h
#11 1.563 shim-16.1/gnu-efi/inc/protocol/piflash64.h
#11 1.563 shim-16.1/gnu-efi/inc/protocol/readme.txt
#11 1.563 shim-16.1/gnu-efi/inc/protocol/vgaclass.h
#11 1.563 shim-16.1/gnu-efi/inc/romload.h
#11 1.563 shim-16.1/gnu-efi/inc/x86_64/
#11 1.563 shim-16.1/gnu-efi/inc/x86_64/efibind.h
#11 1.563 shim-16.1/gnu-efi/inc/x86_64/efilibplat.h
#11 1.564 shim-16.1/gnu-efi/inc/x86_64/efisetjmp_arch.h
#11 1.564 shim-16.1/gnu-efi/inc/x86_64/pe.h
#11 1.564 shim-16.1/gnu-efi/lib/
#11 1.565 shim-16.1/gnu-efi/lib/Makefile
#11 1.565 shim-16.1/gnu-efi/lib/Makefile.orig
#11 1.565 shim-16.1/gnu-efi/lib/aarch64/
#11 1.565 shim-16.1/gnu-efi/lib/aarch64/efi_stub.S
#11 1.565 shim-16.1/gnu-efi/lib/aarch64/initplat.c
#11 1.565 shim-16.1/gnu-efi/lib/aarch64/math.c
#11 1.565 shim-16.1/gnu-efi/lib/aarch64/setjmp.S
#11 1.566 shim-16.1/gnu-efi/lib/arm/
#11 1.566 shim-16.1/gnu-efi/lib/arm/div.S
#11 1.566 shim-16.1/gnu-efi/lib/arm/edk2asm.h
#11 1.566 shim-16.1/gnu-efi/lib/arm/efi_stub.S
#11 1.566 shim-16.1/gnu-efi/lib/arm/initplat.c
#11 1.566 shim-16.1/gnu-efi/lib/arm/ldivmod.S
#11 1.566 shim-16.1/gnu-efi/lib/arm/llsl.S
#11 1.566 shim-16.1/gnu-efi/lib/arm/llsr.S
#11 1.566 shim-16.1/gnu-efi/lib/arm/math.c
#11 1.567 shim-16.1/gnu-efi/lib/arm/mullu.S
#11 1.567 shim-16.1/gnu-efi/lib/arm/setjmp.S
#11 1.567 shim-16.1/gnu-efi/lib/arm/uldiv.S
#11 1.567 shim-16.1/gnu-efi/lib/boxdraw.c
#11 1.567 shim-16.1/gnu-efi/lib/cmdline.c
#11 1.567 shim-16.1/gnu-efi/lib/console.c
#11 1.567 shim-16.1/gnu-efi/lib/crc.c
#11 1.567 shim-16.1/gnu-efi/lib/data.c
#11 1.567 shim-16.1/gnu-efi/lib/debug.c
#11 1.567 shim-16.1/gnu-efi/lib/dpath.c
#11 1.568 shim-16.1/gnu-efi/lib/error.c
#11 1.569 shim-16.1/gnu-efi/lib/event.c
#11 1.569 shim-16.1/gnu-efi/lib/exit.c
#11 1.569 shim-16.1/gnu-efi/lib/guid.c
#11 1.569 shim-16.1/gnu-efi/lib/hand.c
#11 1.570 shim-16.1/gnu-efi/lib/hw.c
#11 1.570 shim-16.1/gnu-efi/lib/ia32/
#11 1.570 shim-16.1/gnu-efi/lib/ia32/efi_stub.S
#11 1.570 shim-16.1/gnu-efi/lib/ia32/initplat.c
#11 1.570 shim-16.1/gnu-efi/lib/ia32/math.c
#11 1.570 shim-16.1/gnu-efi/lib/ia32/setjmp.S
#11 1.571 shim-16.1/gnu-efi/lib/ia64/
#11 1.571 shim-16.1/gnu-efi/lib/ia64/initplat.c
#11 1.571 shim-16.1/gnu-efi/lib/ia64/math.c
#11 1.571 shim-16.1/gnu-efi/lib/ia64/palproc.S
#11 1.571 shim-16.1/gnu-efi/lib/ia64/palproc.h
#11 1.571 shim-16.1/gnu-efi/lib/ia64/salpal.c
#11 1.572 shim-16.1/gnu-efi/lib/ia64/setjmp.S
#11 1.572 shim-16.1/gnu-efi/lib/init.c
#11 1.572 shim-16.1/gnu-efi/lib/lock.c
#11 1.572 shim-16.1/gnu-efi/lib/mips64el/
#11 1.572 shim-16.1/gnu-efi/lib/mips64el/efi_stub.S
#11 1.573 shim-16.1/gnu-efi/lib/mips64el/initplat.c
#11 1.573 shim-16.1/gnu-efi/lib/mips64el/math.c
#11 1.573 shim-16.1/gnu-efi/lib/mips64el/setjmp.S
#11 1.573 shim-16.1/gnu-efi/lib/misc.c
#11 1.573 shim-16.1/gnu-efi/lib/pause.c
#11 1.573 shim-16.1/gnu-efi/lib/print.c
#11 1.574 shim-16.1/gnu-efi/lib/runtime/
#11 1.574 shim-16.1/gnu-efi/lib/runtime/efirtlib.c
#11 1.574 shim-16.1/gnu-efi/lib/runtime/rtdata.c
#11 1.574 shim-16.1/gnu-efi/lib/runtime/rtlock.c
#11 1.574 shim-16.1/gnu-efi/lib/runtime/rtstr.c
#11 1.575 shim-16.1/gnu-efi/lib/runtime/vm.c
#11 1.575 shim-16.1/gnu-efi/lib/smbios.c
#11 1.575 shim-16.1/gnu-efi/lib/sread.c
#11 1.575 shim-16.1/gnu-efi/lib/str.c
#11 1.575 shim-16.1/gnu-efi/lib/x86_64/
#11 1.575 shim-16.1/gnu-efi/lib/x86_64/callwrap.c
#11 1.575 shim-16.1/gnu-efi/lib/x86_64/efi_stub.S
#11 1.576 shim-16.1/gnu-efi/lib/x86_64/initplat.c
#11 1.576 shim-16.1/gnu-efi/lib/x86_64/math.c
#11 1.576 shim-16.1/gnu-efi/lib/x86_64/setjmp.S
#11 1.576 shim-16.1/httpboot.c
#11 1.576 shim-16.1/include/
#11 1.576 shim-16.1/include/asm.h
#11 1.577 shim-16.1/include/cc.h
#11 1.577 shim-16.1/include/compiler.h
#11 1.577 shim-16.1/include/configtable.h
#11 1.577 shim-16.1/include/console.h
#11 1.577 shim-16.1/include/coverity.mk
#11 1.577 shim-16.1/include/crypt_blowfish.h
#11 1.577 shim-16.1/include/dp.h
#11 1.578 shim-16.1/include/efiauthenticated.h
#11 1.578 shim-16.1/include/endian.h
#11 1.578 shim-16.1/include/errlog.h
#11 1.578 shim-16.1/include/errors.h
#11 1.578 shim-16.1/include/execute.h
#11 1.578 shim-16.1/include/fanalyzer.mk
#11 1.579 shim-16.1/include/fuzz.mk
#11 1.579 shim-16.1/include/guid.h
#11 1.579 shim-16.1/include/hexdump.h
#11 1.579 shim-16.1/include/http.h
#11 1.579 shim-16.1/include/httpboot.h
#11 1.580 shim-16.1/include/ip4config2.h
#11 1.580 shim-16.1/include/ip6config.h
#11 1.580 shim-16.1/include/list.h
#11 1.580 shim-16.1/include/load-options.h
#11 1.580 shim-16.1/include/loader-proto.h
#11 1.580 shim-16.1/include/memattrs.h
#11 1.581 shim-16.1/include/mock-variables.h
#11 1.581 shim-16.1/include/mok.h
#11 1.581 shim-16.1/include/netboot.h
#11 1.581 shim-16.1/include/passwordcrypt.h
#11 1.581 shim-16.1/include/pe.h
#11 1.582 shim-16.1/include/peimage.h
#11 1.582 shim-16.1/include/sbat.h
#11 1.582 shim-16.1/include/sbat_var_defs.h
#11 1.582 shim-16.1/include/scan-build.mk
#11 1.583 shim-16.1/include/security_policy.h
#11 1.583 shim-16.1/include/shell.h
#11 1.583 shim-16.1/include/simple_file.h
#11 1.583 shim-16.1/include/ssp.h
#11 1.583 shim-16.1/include/ssp_var_defs.h
#11 1.584 shim-16.1/include/str.h
#11 1.584 shim-16.1/include/system/
#11 1.584 shim-16.1/include/system/alloca.h
#11 1.584 shim-16.1/include/system/builtins_begin_.h
#11 1.585 shim-16.1/include/system/builtins_end_.h
#11 1.585 shim-16.1/include/system/ctype.h
#11 1.585 shim-16.1/include/system/efistdarg.h
#11 1.585 shim-16.1/include/system/inttypes.h
#11 1.585 shim-16.1/include/system/stdarg.h
#11 1.586 shim-16.1/include/system/stdio.h
#11 1.586 shim-16.1/include/system/stdlib.h
#11 1.586 shim-16.1/include/system/string.h
#11 1.586 shim-16.1/include/system/strings.h
#11 1.586 shim-16.1/include/test-data-efivars-0.h
#11 1.706 shim-16.1/include/test-data-efivars-1.h
#11 1.706 shim-16.1/include/test.h
#11 1.707 shim-16.1/include/test.mk
#11 1.707 shim-16.1/include/tpm.h
#11 1.707 shim-16.1/include/ucs2.h
#11 1.707 shim-16.1/include/utils.h
#11 1.707 shim-16.1/include/variables.h
#11 1.708 shim-16.1/include/verify.h
#11 1.708 shim-16.1/include/wincert.h
#11 1.708 shim-16.1/lib/
#11 1.708 shim-16.1/lib/Makefile
#11 1.708 shim-16.1/lib/configtable.c
#11 1.708 shim-16.1/lib/console.c
#11 1.709 shim-16.1/lib/execute.c
#11 1.709 shim-16.1/lib/guid.c
#11 1.709 shim-16.1/lib/print_crypto.c
#11 1.709 shim-16.1/lib/security_policy.c
#11 1.709 shim-16.1/lib/shell.c
#11 1.710 shim-16.1/lib/simple_file.c
#11 1.710 shim-16.1/lib/string.c
#11 1.710 shim-16.1/lib/variables.c
#11 1.710 shim-16.1/load-options.c
#11 1.710 shim-16.1/loader-proto.c
#11 1.711 shim-16.1/make-archive
#11 1.711 shim-16.1/make-certs
#11 1.712 shim-16.1/memattrs.c
#11 1.712 shim-16.1/mkosi/
#11 1.716 shim-16.1/mkosi/mkosi.build.chroot
#11 1.716 shim-16.1/mkosi/mkosi.clean
#11 1.716 shim-16.1/mkosi/mkosi.conf
#11 1.716 shim-16.1/mkosi/mkosi.conf.d/
#11 1.716 shim-16.1/mkosi/mkosi.conf.d/centos/
#11 1.716 shim-16.1/mkosi/mkosi.conf.d/centos/certs/
#11 1.716 shim-16.1/mkosi/mkosi.conf.d/centos/certs/shim.crt
#11 1.716 shim-16.1/mkosi/mkosi.conf.d/centos-fedora/
#11 1.716 shim-16.1/mkosi/mkosi.conf.d/centos-fedora/mkosi.conf
#11 1.716 shim-16.1/mkosi/mkosi.conf.d/centos-fedora/mkosi.conf.d/
#11 1.716 shim-16.1/mkosi/mkosi.conf.d/centos-fedora/mkosi.conf.d/grub-arm64.conf
#11 1.716 shim-16.1/mkosi/mkosi.conf.d/centos-fedora/mkosi.conf.d/grub-x86-64.conf
#11 1.716 shim-16.1/mkosi/mkosi.conf.d/debian/
#11 1.716 shim-16.1/mkosi/mkosi.conf.d/debian/certs/
#11 1.716 shim-16.1/mkosi/mkosi.conf.d/debian/certs/shim.crt
#11 1.716 shim-16.1/mkosi/mkosi.conf.d/debian-ubuntu/
#11 1.716 shim-16.1/mkosi/mkosi.conf.d/debian-ubuntu/mkosi.conf
#11 1.716 shim-16.1/mkosi/mkosi.conf.d/debian-ubuntu/mkosi.conf.d/
#11 1.716 shim-16.1/mkosi/mkosi.conf.d/debian-ubuntu/mkosi.conf.d/grub-arm64.conf
#11 1.716 shim-16.1/mkosi/mkosi.conf.d/debian-ubuntu/mkosi.conf.d/grub-x86-64.conf
#11 1.716 shim-16.1/mkosi/mkosi.conf.d/fedora/
#11 1.716 shim-16.1/mkosi/mkosi.conf.d/fedora/certs/
#11 1.716 shim-16.1/mkosi/mkosi.conf.d/fedora/certs/mok/
#11 1.716 shim-16.1/mkosi/mkosi.conf.d/fedora/certs/mok/redhat-test.crt
#11 1.716 shim-16.1/mkosi/mkosi.conf.d/fedora/certs/shim.crt
#11 1.716 shim-16.1/mkosi/mkosi.conf.d/fedora/mkosi.conf
#11 1.716 shim-16.1/mkosi/mkosi.conf.d/ubuntu/
#11 1.716 shim-16.1/mkosi/mkosi.conf.d/ubuntu/certs/
#11 1.716 shim-16.1/mkosi/mkosi.conf.d/ubuntu/certs/shim.crt
#11 1.716 shim-16.1/mkosi/mkosi.conf.d/ubuntu/mkosi.conf
#11 1.716 shim-16.1/mkosi/mkosi.extra/
#11 1.716 shim-16.1/mkosi/mkosi.extra/usr/
#11 1.716 shim-16.1/mkosi/mkosi.extra/usr/bin/
#11 1.716 shim-16.1/mkosi/mkosi.extra/usr/bin/mkosi-test.sh
#11 1.716 shim-16.1/mkosi/mkosi.extra/usr/lib/
#11 1.716 shim-16.1/mkosi/mkosi.extra/usr/lib/systemd/
#11 1.716 shim-16.1/mkosi/mkosi.extra/usr/lib/systemd/system/
#11 1.716 shim-16.1/mkosi/mkosi.extra/usr/lib/systemd/system/mkosi-test.service
#11 1.716 shim-16.1/mkosi/mkosi.finalize
#11 1.716 shim-16.1/mkosi/mkosi.postoutput
#11 1.716 shim-16.1/mkosi/mkosi.repart/
#11 1.716 shim-16.1/mkosi/mkosi.repart/00-esp.conf
#11 1.716 shim-16.1/mkosi/mkosi.repart/10-root.conf
#11 1.716 shim-16.1/mock-variables.c
#11 1.716 shim-16.1/model.c
#11 1.716 shim-16.1/mok.c
#11 1.717 shim-16.1/netboot.c
#11 1.718 shim-16.1/pe-relocate.c
#11 1.718 shim-16.1/pe.c
#11 1.719 shim-16.1/post-process-pe.c
#11 1.719 shim-16.1/sbat.c
#11 1.720 shim-16.1/sbat_var.S
#11 1.721 shim-16.1/shim.c
#11 1.721 shim-16.1/shim.h
#11 1.722 shim-16.1/test-csv.c
#11 1.722 shim-16.1/test-data/
#11 1.722 shim-16.1/test-data/.gitignore
#11 1.722 shim-16.1/test-data/efivars-0/
#11 1.722 shim-16.1/test-data/efivars-0/AMD_PBS_SETUP-a339d746-f678-49b3-9fc7-54ce0f9df226
#11 1.723 shim-16.1/test-data/efivars-0/AMD_RAID-fe26a894-d199-47d4-8afa-070e3d54ba86
#11 1.723 shim-16.1/test-data/efivars-0/AMITCGPPIVAR-a8a2093b-fefa-43c1-8e62-ce526847265e
#11 1.723 shim-16.1/test-data/efivars-0/Boot0000-8be4df61-93ca-11d2-aa0d-00e098032b8c
#11 1.723 shim-16.1/test-data/efivars-0/db-d719b2cb-3d3a-4596-a3bc-dad00e67656f
#11 1.723 shim-16.1/test-data/efivars-0/dbDefault-8be4df61-93ca-11d2-aa0d-00e098032b8c
#11 1.723 shim-16.1/test-data/efivars-0/dbx-d719b2cb-3d3a-4596-a3bc-dad00e67656f
#11 1.723 shim-16.1/test-data/efivars-0/dbxDefault-8be4df61-93ca-11d2-aa0d-00e098032b8c
#11 1.723 shim-16.1/test-data/efivars-1/
#11 1.723 shim-16.1/test-data/efivars-1/AMD_PBS_SETUP-a339d746-f678-49b3-9fc7-54ce0f9df226
#11 1.723 shim-16.1/test-data/efivars-1/AMD_RAID-fe26a894-d199-47d4-8afa-070e3d54ba86
#11 1.724 shim-16.1/test-data/efivars-1/AMITCGPPIVAR-a8a2093b-fefa-43c1-8e62-ce526847265e
#11 1.724 shim-16.1/test-data/efivars-1/AMITSESetup-c811fa38-42c8-4579-a9bb-60e94eddfb34
#11 1.724 shim-16.1/test-data/efivars-1/AOD_SETUP-5ed15dc0-edef-4161-9151-6014c4cc630c
#11 1.724 shim-16.1/test-data/efivars-1/AmdAcpiVar-79941ecd-ed36-49d0-8124-e4c31ac75cd4
#11 1.724 shim-16.1/test-data/efivars-1/AmdSetup-3a997502-647a-4c82-998e-52ef9486a247
#11 1.733 shim-16.1/test-data/efivars-1/AmiHardwareSignatureSetupUpdateCountVar-81c76078-bfde-4368-9790-570914c01a65
#11 1.736 shim-16.1/test-data/efivars-1/ApSyncFlagNv-ad3f6761-f0a3-46c8-a4cb-19b70ffdb305
#11 1.737 shim-16.1/test-data/efivars-1/AsbkpInfo-cb825795-feb1-4c0b-894f-cc70f8064395
#11 1.737 shim-16.1/test-data/efivars-1/AsusExtFancard-ec87d643-eba4-4bb5-a1e5-3f3e36b20da9
#11 1.737 shim-16.1/test-data/efivars-1/AsusFanSetupFeatures-ec87d643-eba4-4bb5-a1e5-3f3e36b20da9
#11 1.737 shim-16.1/test-data/efivars-1/AsusHwmSetupOneof-ec87d643-eba4-4bb5-a1e5-3f3e36b20da9
#11 1.737 shim-16.1/test-data/efivars-1/AsusNodePsu-ec87d643-eba4-4bb5-a1e5-3f3e36b20da9
#11 1.737 shim-16.1/test-data/efivars-1/AsusQFanSetupData-ec87d643-eba4-4bb5-a1e5-3f3e36b20da9
#11 1.737 shim-16.1/test-data/efivars-1/AsusRomLayout-7186d975-2dba-4413-81a8-9f1538faef5e
#11 1.738 shim-16.1/test-data/efivars-1/AsusSetupDataBackup-1111b056-c5e9-40ca-aba3-ec172533d814
#11 1.738 shim-16.1/test-data/efivars-1/AutoDetectData-ec87d643-eba4-4bb5-a1e5-3f3e36b20da9
#11 1.738 shim-16.1/test-data/efivars-1/BiosEventLog-4034591c-48ea-4cdc-864f-e7cb61cfd0f2
#11 1.738 shim-16.1/test-data/efivars-1/Boot0000-8be4df61-93ca-11d2-aa0d-00e098032b8c
#11 1.738 shim-16.1/test-data/efivars-1/Boot0001-8be4df61-93ca-11d2-aa0d-00e098032b8c
#11 1.738 shim-16.1/test-data/efivars-1/Boot0002-8be4df61-93ca-11d2-aa0d-00e098032b8c
#11 1.738 shim-16.1/test-data/efivars-1/Boot0003-8be4df61-93ca-11d2-aa0d-00e098032b8c
#11 1.738 shim-16.1/test-data/efivars-1/Boot0004-8be4df61-93ca-11d2-aa0d-00e098032b8c
#11 1.738 shim-16.1/test-data/efivars-1/Boot0005-8be4df61-93ca-11d2-aa0d-00e098032b8c
#11 1.738 shim-16.1/test-data/efivars-1/Boot0006-8be4df61-93ca-11d2-aa0d-00e098032b8c
#11 1.738 shim-16.1/test-data/efivars-1/BootCurrent-8be4df61-93ca-11d2-aa0d-00e098032b8c
#11 1.739 shim-16.1/test-data/efivars-1/BootFromUSB-ec87d643-eba4-4bb5-a1e5-3f3e36b20da9
#11 1.739 shim-16.1/test-data/efivars-1/BootOptionSupport-8be4df61-93ca-11d2-aa0d-00e098032b8c
#11 1.739 shim-16.1/test-data/efivars-1/BootOrder-8be4df61-93ca-11d2-aa0d-00e098032b8c
#11 1.739 shim-16.1/test-data/efivars-1/CMOSfailflag-c89dc9c7-5105-472c-a743-b1621e142b41
#11 1.739 shim-16.1/test-data/efivars-1/ConIn-8be4df61-93ca-11d2-aa0d-00e098032b8c
#11 1.739 shim-16.1/test-data/efivars-1/ConInDev-8be4df61-93ca-11d2-aa0d-00e098032b8c
#11 1.739 shim-16.1/test-data/efivars-1/ConOut-8be4df61-93ca-11d2-aa0d-00e098032b8c
#11 1.739 shim-16.1/test-data/efivars-1/ConOutDev-8be4df61-93ca-11d2-aa0d-00e098032b8c
#11 1.739 shim-16.1/test-data/efivars-1/CurrentPolicy-77fa9abd-0359-4d32-bd60-28f4e78f784b
#11 1.739 shim-16.1/test-data/efivars-1/DefaultBootOrder-45cf35f6-0d6e-4d04-856a-0370a5b16f53
#11 1.741 shim-16.1/test-data/efivars-1/DeploymentModeNv-97e8965f-c761-4f48-b6e4-9ffa9cb2a2d6
#11 1.741 shim-16.1/test-data/efivars-1/DownCoreStatus-29749bad-401b-4f6d-b124-cece8c590c48
#11 1.741 shim-16.1/test-data/efivars-1/EnWpData-cbab171f-f356-4009-baaa-6628353a0a29
#11 1.741 shim-16.1/test-data/efivars-1/ErrOut-8be4df61-93ca-11d2-aa0d-00e098032b8c
#11 1.741 shim-16.1/test-data/efivars-1/FPLayoutOrder-4db88a62-6721-47a0-9082-280b00323594
#11 1.741 shim-16.1/test-data/efivars-1/FTMActiveFlag-4034591c-48ea-4cdc-864f-e7cb61cfd0f2
#11 1.741 shim-16.1/test-data/efivars-1/FastBootOption-b540a530-6978-4da7-91cb-7207d764d262
#11 1.741 shim-16.1/test-data/efivars-1/FirstBootFlag-ec87d643-eba4-4bb5-a1e5-3f3e36b20da9
#11 1.741 shim-16.1/test-data/efivars-1/HddSmartInfo-a6f44860-b2e8-4fda-bd45-78368994b6ae
#11 1.741 shim-16.1/test-data/efivars-1/HiiDB-1b838190-4625-4ead-abc9-cd5e6af18fe0
#11 1.741 shim-16.1/test-data/efivars-1/HwErrRecSupport-8be4df61-93ca-11d2-aa0d-00e098032b8c
#11 1.741 shim-16.1/test-data/efivars-1/KEK-8be4df61-93ca-11d2-aa0d-00e098032b8c
#11 1.741 shim-16.1/test-data/efivars-1/KEKDefault-8be4df61-93ca-11d2-aa0d-00e098032b8c
#11 1.741 shim-16.1/test-data/efivars-1/Kernel_ATPSiStatus-77fa9abd-0359-4d32-bd60-28f4e78f784b
#11 1.742 shim-16.1/test-data/efivars-1/Kernel_DriverSiStatus-77fa9abd-0359-4d32-bd60-28f4e78f784b
#11 1.743 shim-16.1/test-data/efivars-1/Kernel_RvkSiStatus-77fa9abd-0359-4d32-bd60-28f4e78f784b
#11 1.743 shim-16.1/test-data/efivars-1/Kernel_SiStatus-77fa9abd-0359-4d32-bd60-28f4e78f784b
#11 1.743 shim-16.1/test-data/efivars-1/Kernel_SkuSiStatus-77fa9abd-0359-4d32-bd60-28f4e78f784b
#11 1.743 shim-16.1/test-data/efivars-1/Kernel_WinSiStatus-77fa9abd-0359-4d32-bd60-28f4e78f784b
#11 1.743 shim-16.1/test-data/efivars-1/LastBoot-b540a530-6978-4da7-91cb-7207d764d262
#11 1.743 shim-16.1/test-data/efivars-1/MaximumTableSize-4b3082a3-80c6-4d7e-9cd0-583917265df1
#11 1.743 shim-16.1/test-data/efivars-1/MemoryOverwriteRequestControl-e20939be-32d4-41be-a150-897f85d49829
#11 1.743 shim-16.1/test-data/efivars-1/MemoryOverwriteRequestControlLock-bb983ccf-151d-40e1-a07b-4a17be168292
#11 1.743 shim-16.1/test-data/efivars-1/MokList-605dab50-e046-4300-abb6-3dd810dd8b23
#11 1.743 shim-16.1/test-data/efivars-1/MokListRT-605dab50-e046-4300-abb6-3dd810dd8b23
#11 1.743 shim-16.1/test-data/efivars-1/MokListX-605dab50-e046-4300-abb6-3dd810dd8b23
#11 1.743 shim-16.1/test-data/efivars-1/MokListXRT-605dab50-e046-4300-abb6-3dd810dd8b23
#11 1.743 shim-16.1/test-data/efivars-1/MonotonicCounter-01368881-c4ad-4b1d-b631-d57a8ec8db6b
#11 1.743 shim-16.1/test-data/efivars-1/MyFav-4034591c-48ea-4cdc-864f-e7cb61cfd0f2
#11 1.743 shim-16.1/test-data/efivars-1/NVRAM_Verify-15a9dd61-e4f8-4a99-80db-353b13d76490
#11 1.746 shim-16.1/test-data/efivars-1/NetworkStackVar-d1405d16-7afc-4695-bb12-41459d3695a2
#11 1.746 shim-16.1/test-data/efivars-1/NvHdd0-e57abcbd-9456-4639-8f65-06aab41d840f
#11 1.746 shim-16.1/test-data/efivars-1/NvHdd8-e57abcbd-9456-4639-8f65-06aab41d840f
#11 1.746 shim-16.1/test-data/efivars-1/OsIndications-8be4df61-93ca-11d2-aa0d-00e098032b8c
#11 1.746 shim-16.1/test-data/efivars-1/OsIndicationsSupported-8be4df61-93ca-11d2-aa0d-00e098032b8c
#11 1.746 shim-16.1/test-data/efivars-1/PCI_COMMON-aca9f304-21e2-4852-9875-7ff4881d67a5
#11 1.746 shim-16.1/test-data/efivars-1/PK-8be4df61-93ca-11d2-aa0d-00e098032b8c
#11 1.746 shim-16.1/test-data/efivars-1/PKDefault-8be4df61-93ca-11d2-aa0d-00e098032b8c
#11 1.746 shim-16.1/test-data/efivars-1/PcieSataModVar-5e9a565f-cdc0-413b-ad13-1fe8713ffdcd
#11 1.746 shim-16.1/test-data/efivars-1/PlatformLang-8be4df61-93ca-11d2-aa0d-00e098032b8c
#11 1.746 shim-16.1/test-data/efivars-1/PlatformLangCodes-8be4df61-93ca-11d2-aa0d-00e098032b8c
#11 1.746 shim-16.1/test-data/efivars-1/PreVgaInfo-ec87d643-eba4-4bb5-a1e5-3f3e36b20da9
#11 1.746 shim-16.1/test-data/efivars-1/RsdpAddr-ec87d643-eba4-4bb5-a1e5-3f3e36b20da9
#11 1.746 shim-16.1/test-data/efivars-1/SIDSUPPORT-7d3dceee-cbce-4ea7-8709-6e552f1edbde
#11 1.746 shim-16.1/test-data/efivars-1/SbatLevel-605dab50-e046-4300-abb6-3dd810dd8b23
#11 1.746 shim-16.1/test-data/efivars-1/SbatLevelRT-605dab50-e046-4300-abb6-3dd810dd8b23
#11 1.746 shim-16.1/test-data/efivars-1/SecureBoot-8be4df61-93ca-11d2-aa0d-00e098032b8c
#11 1.746 shim-16.1/test-data/efivars-1/SecureBootSetup-7b59104a-c00d-4158-87ff-f04d6396a915
#11 1.746 shim-16.1/test-data/efivars-1/Setup-ec87d643-eba4-4bb5-a1e5-3f3e36b20da9
#11 1.746 shim-16.1/test-data/efivars-1/SetupLedData-ec87d643-eba4-4bb5-a1e5-3f3e36b20da9
#11 1.746 shim-16.1/test-data/efivars-1/SetupMode-8be4df61-93ca-11d2-aa0d-00e098032b8c
#11 1.746 shim-16.1/test-data/efivars-1/SignatureSupport-8be4df61-93ca-11d2-aa0d-00e098032b8c
#11 1.746 shim-16.1/test-data/efivars-1/SmbiosEntryPointTable-4b3082a3-80c6-4d7e-9cd0-583917265df1
#11 1.746 shim-16.1/test-data/efivars-1/SmbiosScratchBuffer-4b3082a3-80c6-4d7e-9cd0-583917265df1
#11 1.746 shim-16.1/test-data/efivars-1/SmbiosV3EntryPointTable-4b3082a3-80c6-4d7e-9cd0-583917265df1
#11 1.746 shim-16.1/test-data/efivars-1/StdDefaults-4599d26f-1a11-49b8-b91f-858745cff824
#11 1.746 shim-16.1/test-data/efivars-1/TPMPERBIOSFLAGS-7d3dceee-cbce-4ea7-8709-6e552f1edbde
#11 1.746 shim-16.1/test-data/efivars-1/Timeout-8be4df61-93ca-11d2-aa0d-00e098032b8c
#11 1.746 shim-16.1/test-data/efivars-1/TotalNumberOfRootBridges-fb5703f5-f8a7-f401-18b4-3f108deb2612
#11 1.746 shim-16.1/test-data/efivars-1/TpmServFlags-7d3dceee-cbce-4ea7-8709-6e552f1edbde
#11 1.746 shim-16.1/test-data/efivars-1/UsbSupport-ec87d643-eba4-4bb5-a1e5-3f3e36b20da9
#11 1.746 shim-16.1/test-data/efivars-1/VARSTORE_OCMR_SETTINGS_NAME-c05fba7d-7a92-49e0-bcee-233b14dca803
#11 1.746 shim-16.1/test-data/efivars-1/VendorKeys-8be4df61-93ca-11d2-aa0d-00e098032b8c
#11 1.746 shim-16.1/test-data/efivars-1/WpBufAddr-cba83c4a-a5fc-48a8-b3a6-d33636166544
#11 1.746 shim-16.1/test-data/efivars-1/WriteOnceStatus-4b3082a3-80c6-4d7e-9cd0-583917265df1
#11 1.746 shim-16.1/test-data/efivars-1/db-d719b2cb-3d3a-4596-a3bc-dad00e67656f
#11 1.746 shim-16.1/test-data/efivars-1/dbDefault-8be4df61-93ca-11d2-aa0d-00e098032b8c
#11 1.746 shim-16.1/test-data/efivars-1/dbx-d719b2cb-3d3a-4596-a3bc-dad00e67656f
#11 1.746 shim-16.1/test-data/efivars-1/dbxDefault-8be4df61-93ca-11d2-aa0d-00e098032b8c
#11 1.746 shim-16.1/test-data/grubx64.0.76.el7.1.efi
#11 1.931 shim-16.1/test-data/grubx64.0.76.el7.efi
#11 2.111 shim-16.1/test-data/grubx64.0.80.el7.efi
#11 2.252 shim-16.1/test-load-options.c
#11 2.253 shim-16.1/test-mock-variables.c
#11 2.253 shim-16.1/test-mok-mirror.c
#11 2.254 shim-16.1/test-pe-relocate.c
#11 2.255 shim-16.1/test-pe-util.c
#11 2.255 shim-16.1/test-sbat.c
#11 2.255 shim-16.1/test-str.c
#11 2.257 shim-16.1/test.c
#11 2.257 shim-16.1/testplan.txt
#11 2.258 shim-16.1/tpm.c
#11 2.258 shim-16.1/utils.c
#11 2.258 shim-16.1/verify.c
#11 2.261 shim-16.1/version.c.in
#11 2.261 shim-16.1/version.h
#11 DONE 2.3s

#12 [ 9/17] RUN diff -x .git -x debian -x gnu-efi -u shim-16.1 shim
#12 sha256:cd796d58aac9d4522936e448b105b92f554356dd0be9462365a6d014737b4620
#12 0.377 Common subdirectories: shim-16.1/.github and shim/.github
#12 0.377 Common subdirectories: shim-16.1/Cryptlib and shim/Cryptlib
#12 0.377 Common subdirectories: shim-16.1/data and shim/data
#12 0.377 Common subdirectories: shim-16.1/include and shim/include
#12 0.377 Common subdirectories: shim-16.1/lib and shim/lib
#12 0.377 Common subdirectories: shim-16.1/mkosi and shim/mkosi
#12 0.377 Common subdirectories: shim-16.1/test-data and shim/test-data
#12 DONE 0.4s

#13 [10/17] WORKDIR /shim
#13 sha256:beb3de9d1aa776f29eccac9404586a84b2cc8a1f82aa07d014e3dcca1664b6d0
#13 DONE 0.0s

#14 [11/17] RUN debuild -i -us -uc -b
#14 sha256:4af33bbc8ccfc1c4458cc80927b194f0b11c5eebcc0e5ad0039b2943f76b2fd6
#14 2.667  dpkg-buildpackage -us -uc -ui -i -b
#14 4.058 dpkg-buildpackage: info: source package shim
#14 4.058 dpkg-buildpackage: info: source version 16.1-2
#14 4.058 dpkg-buildpackage: info: source distribution sid
#14 4.058 dpkg-buildpackage: info: source changed by Steve McIntyre <93sam@debian.org>
#14 4.882  dpkg-source -i --before-build .
#14 4.882 dpkg-buildpackage: info: host architecture arm64
#14 6.493 dpkg-source: info: using options from shim/debian/source/local-options: --extend-diff-ignore=(^|/)\.origin$
#14 6.556 dpkg-source: info: using patch list from debian/patches/series
#14 6.556 dpkg-source: info: applying 0001-Fix-build-with-binutils-2.46.patch
#14 6.611 dpkg-source: info: applying IGEL-change-default-loader-to-igel.diff
#14 6.682 dpkg-source: info: applying IGEL-change-default-loader-to-igel-arm64.diff
#14 8.113  debian/rules clean
#14 9.328 dh clean
#14 11.69    debian/rules override_dh_auto_clean
#14 11.75 make[1]: Entering directory '/shim'
#14 12.93 dh_auto_clean -- MAKELEVEL=0
#14 25.04 	make -j4 clean MAKELEVEL=0
#14 29.18 make: Entering directory '/shim/gnu-efi'
#14 29.29 make: Entering directory '/shim/Cryptlib/OpenSSL'
#14 29.29 rm -f libopenssl.a crypto/cryptlib.o crypto/mem.o crypto/mem_clr.o crypto/mem_dbg.o crypto/cversion.o crypto/ex_data.o crypto/cpt_err.o crypto/ebcdic.o crypto/uid.o crypto/o_time.o crypto/o_str.o crypto/o_dir.o crypto/o_fips.o crypto/o_init.o crypto/fips_ers.o crypto/md5/md5_dgst.o crypto/md5/md5_one.o crypto/sha/sha_dgst.o crypto/sha/sha1dgst.o crypto/sha/sha_one.o crypto/sha/sha1_one.o crypto/sha/sha256.o crypto/sha/sha512.o crypto/hmac/hmac.o crypto/hmac/hm_ameth.o crypto/hmac/hm_pmeth.o crypto/rc4/rc4_enc.o crypto/rc4/rc4_skey.o crypto/rc4/rc4_utl.o crypto/aes/aes_misc.o crypto/aes/aes_ecb.o crypto/aes/aes_cfb.o crypto/aes/aes_ofb.o crypto/aes/aes_ctr.o crypto/aes/aes_ige.o crypto/aes/aes_wrap.o crypto/aes/aes_core.o crypto/aes/aes_cbc.o crypto/modes/cbc128.o crypto/modes/ctr128.o crypto/modes/cts128.o crypto/modes/cfb128.o crypto/modes/ofb128.o crypto/modes/gcm128.o crypto/modes/ccm128.o crypto/modes/xts128.o crypto/modes/wrap128.o crypto/bn/bn_add.o crypto/bn/bn_div.o crypto/bn/bn_exp.o crypto/bn/bn_lib.o crypto/bn/bn_ctx.o crypto/bn/bn_mul.o crypto/bn/bn_mod.o crypto/bn/bn_print.o crypto/bn/bn_rand.o crypto/bn/bn_shift.o crypto/bn/bn_word.o crypto/bn/bn_blind.o crypto/bn/bn_kron.o crypto/bn/bn_sqrt.o crypto/bn/bn_gcd.o crypto/bn/bn_prime.o crypto/bn/bn_err.o crypto/bn/bn_sqr.o crypto/bn/bn_asm.o crypto/bn/bn_recp.o crypto/bn/bn_mont.o crypto/bn/bn_mpi.o crypto/bn/bn_exp2.o crypto/bn/bn_gf2m.o crypto/bn/bn_nist.o crypto/bn/bn_depr.o crypto/bn/bn_x931p.o crypto/bn/bn_const.o crypto/rsa/rsa_eay.o crypto/rsa/rsa_gen.o crypto/rsa/rsa_lib.o crypto/rsa/rsa_sign.o crypto/rsa/rsa_saos.o crypto/rsa/rsa_err.o crypto/rsa/rsa_pk1.o crypto/rsa/rsa_ssl.o crypto/rsa/rsa_none.o crypto/rsa/rsa_oaep.o crypto/rsa/rsa_chk.o crypto/rsa/rsa_null.o crypto/rsa/rsa_pss.o crypto/rsa/rsa_x931.o crypto/rsa/rsa_asn1.o crypto/rsa/rsa_depr.o crypto/rsa/rsa_ameth.o crypto/rsa/rsa_prn.o crypto/rsa/rsa_pmeth.o crypto/rsa/rsa_crpt.o crypto/dso/dso_dl.o crypto/dso/dso_dlfcn.o crypto/dso/dso_err.o crypto/dso/dso_lib.o crypto/dso/dso_null.o crypto/dso/dso_openssl.o crypto/dso/dso_win32.o crypto/dso/dso_vms.o crypto/dso/dso_beos.o crypto/dh/dh_asn1.o crypto/dh/dh_gen.o crypto/dh/dh_key.o crypto/dh/dh_lib.o crypto/dh/dh_check.o crypto/dh/dh_err.o crypto/dh/dh_depr.o crypto/dh/dh_ameth.o crypto/dh/dh_pmeth.o crypto/dh/dh_prn.o crypto/dh/dh_rfc5114.o crypto/buffer/buffer.o crypto/buffer/buf_str.o crypto/buffer/buf_err.o crypto/bio/bio_lib.o crypto/bio/bio_cb.o crypto/bio/bio_err.o crypto/bio/bss_mem.o crypto/bio/bss_null.o crypto/bio/bss_fd.o crypto/bio/bss_file.o crypto/bio/bss_sock.o crypto/bio/bss_conn.o crypto/bio/bf_null.o crypto/bio/bf_buff.o crypto/bio/b_dump.o crypto/bio/b_print.o crypto/bio/b_sock.o crypto/bio/bss_acpt.o crypto/bio/bf_nbio.o crypto/bio/bss_log.o crypto/bio/bss_bio.o crypto/bio/bss_dgram.o crypto/stack/stack.o crypto/lhash/lhash.o crypto/lhash/lh_stats.o crypto/rand/md_rand.o crypto/rand/randfile.o crypto/rand/rand_lib.o crypto/rand/rand_err.o crypto/rand/rand_unix.o crypto/err/err.o crypto/err/err_all.o crypto/err/err_prn.o crypto/objects/o_names.o crypto/objects/obj_dat.o crypto/objects/obj_lib.o crypto/objects/obj_err.o crypto/objects/obj_xref.o crypto/evp/encode.o crypto/evp/digest.o crypto/evp/evp_enc.o crypto/evp/evp_key.o crypto/evp/evp_acnf.o crypto/evp/evp_cnf.o crypto/evp/e_des.o crypto/evp/e_bf.o crypto/evp/e_idea.o crypto/evp/e_des3.o crypto/evp/e_camellia.o crypto/evp/e_rc4.o crypto/evp/e_aes.o crypto/evp/names.o crypto/evp/e_seed.o crypto/evp/e_xcbc_d.o crypto/evp/e_rc2.o crypto/evp/e_cast.o crypto/evp/e_rc5.o crypto/evp/m_null.o crypto/evp/m_md2.o crypto/evp/m_md4.o crypto/evp/m_md5.o crypto/evp/m_sha.o crypto/evp/m_sha1.o crypto/evp/m_wp.o crypto/evp/m_dss.o crypto/evp/m_dss1.o crypto/evp/m_mdc2.o crypto/evp/m_ripemd.o crypto/evp/m_ecdsa.o crypto/evp/p_open.o crypto/evp/p_seal.o crypto/evp/p_sign.o crypto/evp/p_verify.o crypto/evp/p_lib.o crypto/evp/p_enc.o crypto/evp/p_dec.o crypto/evp/bio_md.o crypto/evp/bio_b64.o crypto/evp/bio_enc.o crypto/evp/evp_err.o crypto/evp/e_null.o crypto/evp/c_all.o crypto/evp/c_allc.o crypto/evp/c_alld.o crypto/evp/evp_lib.o crypto/evp/bio_ok.o crypto/evp/evp_pkey.o crypto/evp/evp_pbe.o crypto/evp/p5_crpt.o crypto/evp/p5_crpt2.o crypto/evp/e_old.o crypto/evp/pmeth_lib.o crypto/evp/pmeth_fn.o crypto/evp/pmeth_gn.o crypto/evp/m_sigver.o crypto/evp/e_aes_cbc_hmac_sha1.o crypto/evp/e_aes_cbc_hmac_sha256.o crypto/evp/e_rc4_hmac_md5.o crypto/asn1/a_object.o crypto/asn1/a_bitstr.o crypto/asn1/a_utctm.o crypto/asn1/a_gentm.o crypto/asn1/a_time.o crypto/asn1/a_int.o crypto/asn1/a_octet.o crypto/asn1/a_print.o crypto/asn1/a_type.o crypto/asn1/a_set.o crypto/asn1/a_dup.o crypto/asn1/a_d2i_fp.o crypto/asn1/a_i2d_fp.o crypto/asn1/a_enum.o crypto/asn1/a_utf8.o crypto/asn1/a_sign.o crypto/asn1/a_digest.o crypto/asn1/a_verify.o crypto/asn1/a_mbstr.o crypto/asn1/a_strex.o crypto/asn1/x_algor.o crypto/asn1/x_val.o crypto/asn1/x_pubkey.o crypto/asn1/x_sig.o crypto/asn1/x_req.o crypto/asn1/x_attrib.o crypto/asn1/x_bignum.o crypto/asn1/x_long.o crypto/asn1/x_name.o crypto/asn1/x_x509.o crypto/asn1/x_x509a.o crypto/asn1/x_crl.o crypto/asn1/x_info.o crypto/asn1/x_spki.o crypto/asn1/nsseq.o crypto/asn1/x_nx509.o crypto/asn1/d2i_pu.o crypto/asn1/d2i_pr.o crypto/asn1/i2d_pu.o crypto/asn1/i2d_pr.o crypto/asn1/t_req.o crypto/asn1/t_x509.o crypto/asn1/t_x509a.o crypto/asn1/t_crl.o crypto/asn1/t_pkey.o crypto/asn1/t_spki.o crypto/asn1/t_bitst.o crypto/asn1/tasn_new.o crypto/asn1/tasn_fre.o crypto/asn1/tasn_enc.o crypto/asn1/tasn_dec.o crypto/asn1/tasn_utl.o crypto/asn1/tasn_typ.o crypto/asn1/tasn_prn.o crypto/asn1/ameth_lib.o crypto/asn1/f_int.o crypto/asn1/f_string.o crypto/asn1/n_pkey.o crypto/asn1/f_enum.o crypto/asn1/x_pkey.o crypto/asn1/a_bool.o crypto/asn1/x_exten.o crypto/asn1/bio_asn1.o crypto/asn1/bio_ndef.o crypto/asn1/asn_mime.o crypto/asn1/asn1_gen.o crypto/asn1/asn1_par.o crypto/asn1/asn1_lib.o crypto/asn1/asn1_err.o crypto/asn1/a_bytes.o crypto/asn1/a_strnid.o crypto/asn1/evp_asn1.o crypto/asn1/asn_pack.o crypto/asn1/p5_pbe.o crypto/asn1/p5_pbev2.o crypto/asn1/p8_pkey.o crypto/asn1/asn_moid.o crypto/pem/pem_sign.o crypto/pem/pem_seal.o crypto/pem/pem_info.o crypto/pem/pem_lib.o crypto/pem/pem_all.o crypto/pem/pem_err.o crypto/pem/pem_x509.o crypto/pem/pem_xaux.o crypto/pem/pem_oth.o crypto/pem/pem_pk8.o crypto/pem/pem_pkey.o crypto/pem/pvkfmt.o crypto/x509/x509_def.o crypto/x509/x509_d2.o crypto/x509/x509_r2x.o crypto/x509/x509_cmp.o crypto/x509/x509_obj.o crypto/x509/x509_req.o crypto/x509/x509spki.o crypto/x509/x509_vfy.o crypto/x509/x509_set.o crypto/x509/x509cset.o crypto/x509/x509rset.o crypto/x509/x509_err.o crypto/x509/x509name.o crypto/x509/x509_v3.o crypto/x509/x509_ext.o crypto/x509/x509_att.o crypto/x509/x509type.o crypto/x509/x509_lu.o crypto/x509/x_all.o crypto/x509/x509_txt.o crypto/x509/x509_trs.o crypto/x509/x509_vpm.o crypto/x509v3/v3_bcons.o crypto/x509v3/v3_bitst.o crypto/x509v3/v3_conf.o crypto/x509v3/v3_extku.o crypto/x509v3/v3_ia5.o crypto/x509v3/v3_lib.o crypto/x509v3/v3_prn.o crypto/x509v3/v3_utl.o crypto/x509v3/v3err.o crypto/x509v3/v3_genn.o crypto/x509v3/v3_alt.o crypto/x509v3/v3_skey.o crypto/x509v3/v3_akey.o crypto/x509v3/v3_pku.o crypto/x509v3/v3_int.o crypto/x509v3/v3_enum.o crypto/x509v3/v3_sxnet.o crypto/x509v3/v3_cpols.o crypto/x509v3/v3_crld.o crypto/x509v3/v3_purp.o crypto/x509v3/v3_info.o crypto/x509v3/v3_ocsp.o crypto/x509v3/v3_akeya.o crypto/x509v3/v3_pmaps.o crypto/x509v3/v3_pcons.o crypto/x509v3/v3_ncons.o crypto/x509v3/v3_pcia.o crypto/x509v3/v3_pci.o crypto/x509v3/pcy_cache.o crypto/x509v3/pcy_node.o crypto/x509v3/pcy_data.o crypto/x509v3/pcy_map.o crypto/x509v3/pcy_tree.o crypto/x509v3/pcy_lib.o crypto/x509v3/v3_asid.o crypto/x509v3/v3_addr.o crypto/conf/conf_err.o crypto/conf/conf_lib.o crypto/conf/conf_api.o crypto/conf/conf_def.o crypto/conf/conf_mod.o crypto/conf/conf_mall.o crypto/conf/conf_sap.o crypto/txt_db/txt_db.o crypto/pkcs7/pk7_asn1.o crypto/pkcs7/pk7_lib.o crypto/pkcs7/pkcs7err.o crypto/pkcs7/pk7_doit.o crypto/pkcs7/pk7_smime.o crypto/pkcs7/pk7_attr.o crypto/pkcs7/pk7_mime.o crypto/pkcs7/bio_pk7.o crypto/pkcs12/p12_add.o crypto/pkcs12/p12_asn.o crypto/pkcs12/p12_attr.o crypto/pkcs12/p12_crpt.o crypto/pkcs12/p12_crt.o crypto/pkcs12/p12_decr.o crypto/pkcs12/p12_init.o crypto/pkcs12/p12_key.o crypto/pkcs12/p12_kiss.o crypto/pkcs12/p12_mutl.o crypto/pkcs12/p12_utl.o crypto/pkcs12/p12_npas.o crypto/pkcs12/pk12err.o crypto/pkcs12/p12_p8d.o crypto/pkcs12/p12_p8e.o crypto/comp/comp_lib.o crypto/comp/comp_err.o crypto/comp/c_rle.o crypto/comp/c_zlib.o crypto/ocsp/ocsp_asn.o crypto/ocsp/ocsp_ext.o crypto/ocsp/ocsp_ht.o crypto/ocsp/ocsp_lib.o crypto/ocsp/ocsp_cl.o crypto/ocsp/ocsp_srv.o crypto/ocsp/ocsp_prn.o crypto/ocsp/ocsp_vfy.o crypto/ocsp/ocsp_err.o crypto/cmac/cmac.o crypto/cmac/cm_ameth.o crypto/cmac/cm_pmeth.o 
#14 29.34 Removing .pc/
#14 29.34 make: Leaving directory '/shim/Cryptlib/OpenSSL'
#14 29.46 make: Entering directory '/shim/Cryptlib'
#14 29.46 rm -f libcryptlib.a Hash/CryptMd4Null.o Hash/CryptMd5.o Hash/CryptSha1.o Hash/CryptSha256.o Hash/CryptSha512.o Hmac/CryptHmacMd5Null.o Hmac/CryptHmacSha1Null.o Hmac/CryptHmacSha256Null.o Cipher/CryptAesNull.o Cipher/CryptTdesNull.o Cipher/CryptArc4Null.o Rand/CryptRand.o Pk/CryptRsaBasic.o Pk/CryptRsaExtNull.o Pk/CryptPkcs7SignNull.o Pk/CryptPkcs7Verify.o Pk/CryptDhNull.o Pk/CryptTs.o Pk/CryptX509.o Pk/CryptAuthenticode.o Pem/CryptPemNull.o SysCall/CrtWrapper.o SysCall/TimerWrapper.o SysCall/BaseMemAllocation.o SysCall/BaseStrings.o
#14 29.49 make: Leaving directory '/shim/Cryptlib'
#14 29.54 make: Leaving directory '/shim/gnu-efi'
#14 29.58 make: Entering directory '/shim/lib'
#14 29.58 rm -f lib.a
#14 29.61 rm -f configtable.o console.o execute.o guid.o print_crypto.o security_policy.o shell.o simple_file.o string.o variables.o
#14 29.64 make: Leaving directory '/shim/lib'
#14 29.67 rm -f dbx.esl data/sbat.igel.csv sbat.*.csv BOOT*.CSV
#14 29.74 rm -f test-csv test-sbat test-str test-load-options
#14 29.76 rm -f test-mock-variables test-mok-mirror test-pe-relocate test-pe-util
#14 29.80 make[1]: Leaving directory '/shim'
#14 29.81    dh_clean
#14 31.15  debian/rules binary
#14 32.41 dh binary
#14 34.76    dh_update_autotools_config
#14 35.81    dh_autoreconf
#14 36.90    dh_auto_configure
#14 37.95    debian/rules override_dh_auto_build
#14 38.01 make[1]: Entering directory '/shim'
#14 39.18 ./debian/generate_dbx_list aa64 debian/igel-dbx.hashes dbx.esl
#14 39.36 rm -f data/sbat.igel.csv
#14 39.40 set -e; \
#14 39.40 sed -e "s/@DEB_VERSION@/16.1-2/g" \
#14 39.40 	-e "s/@UPSTREAM_VERSION@/16.1/g" \
#14 39.40 	< debian/sbat.igel.csv.in > data/sbat.igel.csv
#14 39.52 # If we have an empty data/sbat.igel.csv, delete
#14 39.56 if [ ! -s data/sbat.igel.csv ]; then rm -f data/sbat.igel.csv; fi
#14 39.61 dh_auto_build -- INSTALL=install RELEASE=16.1 COMMIT_ID=afc49558b34548644c1cd0ad1b6526a9470182ed MAKELEVEL=0 ENABLE_HTTPBOOT=true VENDOR_CERT_FILE=debian/igel-uefi-ca.der VENDOR_DBX_FILE=dbx.esl EFIDIR=igel CROSS_COMPILE=aarch64-linux-gnu- CC=gcc  SBAT_AUTOMATIC_DATE=2025021800
#14 40.80 	make -j4 "INSTALL=install --strip-program=true" INSTALL=install RELEASE=16.1 COMMIT_ID=afc49558b34548644c1cd0ad1b6526a9470182ed MAKELEVEL=0 ENABLE_HTTPBOOT=true VENDOR_CERT_FILE=debian/igel-uefi-ca.der VENDOR_DBX_FILE=dbx.esl EFIDIR=igel CROSS_COMPILE=aarch64-linux-gnu- CC=gcc SBAT_AUTOMATIC_DATE=2025021800
#14 43.50 gcc -std=gnu11 -Og -g3 -Wall -Wextra -Wno-missing-field-initializers -Werror -o generate_sbat_var_defs /shim/generate_sbat_var_defs.c
#14 43.62 sed	-e "s,@@VERSION@@,16.1," \
#14 43.62 	-e "s,@@UNAME@@,buildhost," \
#14 43.62 	-e "s,@@COMMIT@@,afc49558b34548644c1cd0ad1b6526a9470182ed," \
#14 43.62 	< /shim/version.c.in > version.c
#14 44.10 gcc -std=gnu11 -ggdb -gdwarf-4 -gstrict-dwarf -ffreestanding -fmacro-prefix-map=/shim/= -fno-stack-protector -fno-strict-aliasing -fpic -fshort-wchar -Os -Wall -Wextra -Wno-missing-field-initializers  -DMDE_CPU_AARCH64 -DPAGE_SIZE=4096 -mstrict-align -Werror -nostdinc -I/shim/Cryptlib -I/shim/Cryptlib/Include -I/shim/gnu-efi/inc -I/shim/gnu-efi/inc/aarch64 -I/shim/gnu-efi/inc/protocol -I/shim/include -iquote /shim -iquote /shim -isystem /shim/include/system -isystem /usr/lib/gcc/aarch64-linux-gnu/14/include -DDEFAULT_LOADER='L"\\\\igelaa64.efi"' -DDEFAULT_LOADER_CHAR='"\\\\igelaa64.efi"' -DEFI_ARCH='L"aa64"' -DDEBUGDIR='L"/usr/lib/debug/usr/share/shim/aa64-16.1-16.1/"' -DVENDOR_CERT_FILE=\"debian/igel-uefi-ca.der\" -DVENDOR_DBX_FILE=\"dbx.esl\" -DSBAT_AUTOMATIC_DATE=2025021800 -Wdate-time -D_FORTIFY_SOURCE=2  -c -o globals.o globals.c
#14 44.53 gcc -std=gnu11 -ggdb -gdwarf-4 -gstrict-dwarf -ffreestanding -fmacro-prefix-map=/shim/= -fno-stack-protector -fno-strict-aliasing -fpic -fshort-wchar -Os -Wall -Wextra -Wno-missing-field-initializers  -DMDE_CPU_AARCH64 -DPAGE_SIZE=4096 -mstrict-align -Werror -nostdinc -I/shim/Cryptlib -I/shim/Cryptlib/Include -I/shim/gnu-efi/inc -I/shim/gnu-efi/inc/aarch64 -I/shim/gnu-efi/inc/protocol -I/shim/include -iquote /shim -iquote /shim -isystem /shim/include/system -isystem /usr/lib/gcc/aarch64-linux-gnu/14/include -DDEFAULT_LOADER='L"\\\\igelaa64.efi"' -DDEFAULT_LOADER_CHAR='"\\\\igelaa64.efi"' -DEFI_ARCH='L"aa64"' -DDEBUGDIR='L"/usr/lib/debug/usr/share/shim/aa64-16.1-16.1/"' -DVENDOR_CERT_FILE=\"debian/igel-uefi-ca.der\" -DVENDOR_DBX_FILE=\"dbx.esl\" -DSBAT_AUTOMATIC_DATE=2025021800 -Wdate-time -D_FORTIFY_SOURCE=2  -c -o memattrs.o memattrs.c
#14 45.11 gcc -std=gnu11 -ggdb -gdwarf-4 -gstrict-dwarf -ffreestanding -fmacro-prefix-map=/shim/= -fno-stack-protector -fno-strict-aliasing -fpic -fshort-wchar -Os -Wall -Wextra -Wno-missing-field-initializers  -DMDE_CPU_AARCH64 -DPAGE_SIZE=4096 -mstrict-align -Werror -nostdinc -I/shim/Cryptlib -I/shim/Cryptlib/Include -I/shim/gnu-efi/inc -I/shim/gnu-efi/inc/aarch64 -I/shim/gnu-efi/inc/protocol -I/shim/include -iquote /shim -iquote /shim -isystem /shim/include/system -isystem /usr/lib/gcc/aarch64-linux-gnu/14/include -DDEFAULT_LOADER='L"\\\\igelaa64.efi"' -DDEFAULT_LOADER_CHAR='"\\\\igelaa64.efi"' -DEFI_ARCH='L"aa64"' -DDEBUGDIR='L"/usr/lib/debug/usr/share/shim/aa64-16.1-16.1/"' -DVENDOR_CERT_FILE=\"debian/igel-uefi-ca.der\" -DVENDOR_DBX_FILE=\"dbx.esl\" -DSBAT_AUTOMATIC_DATE=2025021800 -Wdate-time -D_FORTIFY_SOURCE=2  -c -o mok.o mok.c
#14 45.67 gcc -std=gnu11 -ggdb -gdwarf-4 -gstrict-dwarf -ffreestanding -fmacro-prefix-map=/shim/= -fno-stack-protector -fno-strict-aliasing -fpic -fshort-wchar -Os -Wall -Wextra -Wno-missing-field-initializers  -DMDE_CPU_AARCH64 -DPAGE_SIZE=4096 -mstrict-align -Werror -nostdinc -I/shim/Cryptlib -I/shim/Cryptlib/Include -I/shim/gnu-efi/inc -I/shim/gnu-efi/inc/aarch64 -I/shim/gnu-efi/inc/protocol -I/shim/include -iquote /shim -iquote /shim -isystem /shim/include/system -isystem /usr/lib/gcc/aarch64-linux-gnu/14/include -DDEFAULT_LOADER='L"\\\\igelaa64.efi"' -DDEFAULT_LOADER_CHAR='"\\\\igelaa64.efi"' -DEFI_ARCH='L"aa64"' -DDEBUGDIR='L"/usr/lib/debug/usr/share/shim/aa64-16.1-16.1/"' -DVENDOR_CERT_FILE=\"debian/igel-uefi-ca.der\" -DVENDOR_DBX_FILE=\"dbx.esl\" -DSBAT_AUTOMATIC_DATE=2025021800 -Wdate-time -D_FORTIFY_SOURCE=2  -c -o netboot.o netboot.c
#14 46.27 gcc -std=gnu11 -ggdb -gdwarf-4 -gstrict-dwarf -ffreestanding -fmacro-prefix-map=/shim/= -fno-stack-protector -fno-strict-aliasing -fpic -fshort-wchar -Os -Wall -Wextra -Wno-missing-field-initializers  -DMDE_CPU_AARCH64 -DPAGE_SIZE=4096 -mstrict-align -Werror -nostdinc -I/shim/Cryptlib -I/shim/Cryptlib/Include -I/shim/gnu-efi/inc -I/shim/gnu-efi/inc/aarch64 -I/shim/gnu-efi/inc/protocol -I/shim/include -iquote /shim -iquote /shim -isystem /shim/include/system -isystem /usr/lib/gcc/aarch64-linux-gnu/14/include -DDEFAULT_LOADER='L"\\\\igelaa64.efi"' -DDEFAULT_LOADER_CHAR='"\\\\igelaa64.efi"' -DEFI_ARCH='L"aa64"' -DDEBUGDIR='L"/usr/lib/debug/usr/share/shim/aa64-16.1-16.1/"' -DVENDOR_CERT_FILE=\"debian/igel-uefi-ca.der\" -DVENDOR_DBX_FILE=\"dbx.esl\" -DSBAT_AUTOMATIC_DATE=2025021800 -c -o cert.o cert.S 
#14 47.19 cert.S: Assembler messages:
#14 47.19 cert.S:55: Warning: setting incorrect section attributes for .note.GNU-stack
#14 47.23 gcc -std=gnu11 -ggdb -gdwarf-4 -gstrict-dwarf -ffreestanding -fmacro-prefix-map=/shim/= -fno-stack-protector -fno-strict-aliasing -fpic -fshort-wchar -Os -Wall -Wextra -Wno-missing-field-initializers  -DMDE_CPU_AARCH64 -DPAGE_SIZE=4096 -mstrict-align -Werror -nostdinc -I/shim/Cryptlib -I/shim/Cryptlib/Include -I/shim/gnu-efi/inc -I/shim/gnu-efi/inc/aarch64 -I/shim/gnu-efi/inc/protocol -I/shim/include -iquote /shim -iquote /shim -isystem /shim/include/system -isystem /usr/lib/gcc/aarch64-linux-gnu/14/include -DDEFAULT_LOADER='L"\\\\igelaa64.efi"' -DDEFAULT_LOADER_CHAR='"\\\\igelaa64.efi"' -DEFI_ARCH='L"aa64"' -DDEBUGDIR='L"/usr/lib/debug/usr/share/shim/aa64-16.1-16.1/"' -DVENDOR_CERT_FILE=\"debian/igel-uefi-ca.der\" -DVENDOR_DBX_FILE=\"dbx.esl\" -DSBAT_AUTOMATIC_DATE=2025021800 -Wdate-time -D_FORTIFY_SOURCE=2  -c -o dp.o dp.c
#14 50.22 gcc -std=gnu11 -ggdb -gdwarf-4 -gstrict-dwarf -ffreestanding -fmacro-prefix-map=/shim/= -fno-stack-protector -fno-strict-aliasing -fpic -fshort-wchar -Os -Wall -Wextra -Wno-missing-field-initializers  -DMDE_CPU_AARCH64 -DPAGE_SIZE=4096 -mstrict-align -Werror -nostdinc -I/shim/Cryptlib -I/shim/Cryptlib/Include -I/shim/gnu-efi/inc -I/shim/gnu-efi/inc/aarch64 -I/shim/gnu-efi/inc/protocol -I/shim/include -iquote /shim -iquote /shim -isystem /shim/include/system -isystem /usr/lib/gcc/aarch64-linux-gnu/14/include -DDEFAULT_LOADER='L"\\\\igelaa64.efi"' -DDEFAULT_LOADER_CHAR='"\\\\igelaa64.efi"' -DEFI_ARCH='L"aa64"' -DDEBUGDIR='L"/usr/lib/debug/usr/share/shim/aa64-16.1-16.1/"' -DVENDOR_CERT_FILE=\"debian/igel-uefi-ca.der\" -DVENDOR_DBX_FILE=\"dbx.esl\" -DSBAT_AUTOMATIC_DATE=2025021800 -Wdate-time -D_FORTIFY_SOURCE=2  -c -o loader-proto.o loader-proto.c
#14 50.79 gcc -std=gnu11 -ggdb -gdwarf-4 -gstrict-dwarf -ffreestanding -fmacro-prefix-map=/shim/= -fno-stack-protector -fno-strict-aliasing -fpic -fshort-wchar -Os -Wall -Wextra -Wno-missing-field-initializers  -DMDE_CPU_AARCH64 -DPAGE_SIZE=4096 -mstrict-align -Werror -nostdinc -I/shim/Cryptlib -I/shim/Cryptlib/Include -I/shim/gnu-efi/inc -I/shim/gnu-efi/inc/aarch64 -I/shim/gnu-efi/inc/protocol -I/shim/include -iquote /shim -iquote /shim -isystem /shim/include/system -isystem /usr/lib/gcc/aarch64-linux-gnu/14/include -DDEFAULT_LOADER='L"\\\\igelaa64.efi"' -DDEFAULT_LOADER_CHAR='"\\\\igelaa64.efi"' -DEFI_ARCH='L"aa64"' -DDEBUGDIR='L"/usr/lib/debug/usr/share/shim/aa64-16.1-16.1/"' -DVENDOR_CERT_FILE=\"debian/igel-uefi-ca.der\" -DVENDOR_DBX_FILE=\"dbx.esl\" -DSBAT_AUTOMATIC_DATE=2025021800 -Wdate-time -D_FORTIFY_SOURCE=2  -c -o tpm.o tpm.c
#14 51.44 gcc -std=gnu11 -ggdb -gdwarf-4 -gstrict-dwarf -ffreestanding -fmacro-prefix-map=/shim/= -fno-stack-protector -fno-strict-aliasing -fpic -fshort-wchar -Os -Wall -Wextra -Wno-missing-field-initializers  -DMDE_CPU_AARCH64 -DPAGE_SIZE=4096 -mstrict-align -Werror -nostdinc -I/shim/Cryptlib -I/shim/Cryptlib/Include -I/shim/gnu-efi/inc -I/shim/gnu-efi/inc/aarch64 -I/shim/gnu-efi/inc/protocol -I/shim/include -iquote /shim -iquote /shim -isystem /shim/include/system -isystem /usr/lib/gcc/aarch64-linux-gnu/14/include -DDEFAULT_LOADER='L"\\\\igelaa64.efi"' -DDEFAULT_LOADER_CHAR='"\\\\igelaa64.efi"' -DEFI_ARCH='L"aa64"' -DDEBUGDIR='L"/usr/lib/debug/usr/share/shim/aa64-16.1-16.1/"' -DVENDOR_CERT_FILE=\"debian/igel-uefi-ca.der\" -DVENDOR_DBX_FILE=\"dbx.esl\" -DSBAT_AUTOMATIC_DATE=2025021800 -Wdate-time -D_FORTIFY_SOURCE=2  -c -o version.o version.c
#14 52.40 gcc -std=gnu11 -ggdb -gdwarf-4 -gstrict-dwarf -ffreestanding -fmacro-prefix-map=/shim/= -fno-stack-protector -fno-strict-aliasing -fpic -fshort-wchar -Os -Wall -Wextra -Wno-missing-field-initializers  -DMDE_CPU_AARCH64 -DPAGE_SIZE=4096 -mstrict-align -Werror -nostdinc -I/shim/Cryptlib -I/shim/Cryptlib/Include -I/shim/gnu-efi/inc -I/shim/gnu-efi/inc/aarch64 -I/shim/gnu-efi/inc/protocol -I/shim/include -iquote /shim -iquote /shim -isystem /shim/include/system -isystem /usr/lib/gcc/aarch64-linux-gnu/14/include -DDEFAULT_LOADER='L"\\\\igelaa64.efi"' -DDEFAULT_LOADER_CHAR='"\\\\igelaa64.efi"' -DEFI_ARCH='L"aa64"' -DDEBUGDIR='L"/usr/lib/debug/usr/share/shim/aa64-16.1-16.1/"' -DVENDOR_CERT_FILE=\"debian/igel-uefi-ca.der\" -DVENDOR_DBX_FILE=\"dbx.esl\" -DSBAT_AUTOMATIC_DATE=2025021800 -Wdate-time -D_FORTIFY_SOURCE=2  -c -o errlog.o errlog.c
#14 54.25 gcc -std=gnu11 -ggdb -gdwarf-4 -gstrict-dwarf -ffreestanding -fmacro-prefix-map=/shim/= -fno-stack-protector -fno-strict-aliasing -fpic -fshort-wchar -Os -Wall -Wextra -Wno-missing-field-initializers  -DMDE_CPU_AARCH64 -DPAGE_SIZE=4096 -mstrict-align -Werror -nostdinc -I/shim/Cryptlib -I/shim/Cryptlib/Include -I/shim/gnu-efi/inc -I/shim/gnu-efi/inc/aarch64 -I/shim/gnu-efi/inc/protocol -I/shim/include -iquote /shim -iquote /shim -isystem /shim/include/system -isystem /usr/lib/gcc/aarch64-linux-gnu/14/include -DDEFAULT_LOADER='L"\\\\igelaa64.efi"' -DDEFAULT_LOADER_CHAR='"\\\\igelaa64.efi"' -DEFI_ARCH='L"aa64"' -DDEBUGDIR='L"/usr/lib/debug/usr/share/shim/aa64-16.1-16.1/"' -DVENDOR_CERT_FILE=\"debian/igel-uefi-ca.der\" -DVENDOR_DBX_FILE=\"dbx.esl\" -DSBAT_AUTOMATIC_DATE=2025021800 -Wdate-time -D_FORTIFY_SOURCE=2  -c -o sbat.o sbat.c
#14 54.95 dos2unix -r -l -F -f -n data/sbat.igel.csv sbat.igel.csv
#14 55.15 dos2unix: converting file data/sbat.igel.csv to file sbat.igel.csv in Unix format...
#14 55.27 tail -c1 sbat.igel.csv | read -r _ || echo >> sbat.igel.csv # ensure a trailing newline
#14 55.50 gcc -std=gnu11 -ggdb -gdwarf-4 -gstrict-dwarf -ffreestanding -fmacro-prefix-map=/shim/= -fno-stack-protector -fno-strict-aliasing -fpic -fshort-wchar -Os -Wall -Wextra -Wno-missing-field-initializers  -DMDE_CPU_AARCH64 -DPAGE_SIZE=4096 -mstrict-align -Werror -nostdinc -I/shim/Cryptlib -I/shim/Cryptlib/Include -I/shim/gnu-efi/inc -I/shim/gnu-efi/inc/aarch64 -I/shim/gnu-efi/inc/protocol -I/shim/include -iquote /shim -iquote /shim -isystem /shim/include/system -isystem /usr/lib/gcc/aarch64-linux-gnu/14/include -DDEFAULT_LOADER='L"\\\\igelaa64.efi"' -DDEFAULT_LOADER_CHAR='"\\\\igelaa64.efi"' -DEFI_ARCH='L"aa64"' -DDEBUGDIR='L"/usr/lib/debug/usr/share/shim/aa64-16.1-16.1/"' -DVENDOR_CERT_FILE=\"debian/igel-uefi-ca.der\" -DVENDOR_DBX_FILE=\"dbx.esl\" -DSBAT_AUTOMATIC_DATE=2025021800 -Wdate-time -D_FORTIFY_SOURCE=2  -c -o pe.o pe.c
#14 56.02 gcc -std=gnu11 -ggdb -gdwarf-4 -gstrict-dwarf -ffreestanding -fmacro-prefix-map=/shim/= -fno-stack-protector -fno-strict-aliasing -fpic -fshort-wchar -Os -Wall -Wextra -Wno-missing-field-initializers  -DMDE_CPU_AARCH64 -DPAGE_SIZE=4096 -mstrict-align -Werror -nostdinc -I/shim/Cryptlib -I/shim/Cryptlib/Include -I/shim/gnu-efi/inc -I/shim/gnu-efi/inc/aarch64 -I/shim/gnu-efi/inc/protocol -I/shim/include -iquote /shim -iquote /shim -isystem /shim/include/system -isystem /usr/lib/gcc/aarch64-linux-gnu/14/include -DDEFAULT_LOADER='L"\\\\igelaa64.efi"' -DDEFAULT_LOADER_CHAR='"\\\\igelaa64.efi"' -DEFI_ARCH='L"aa64"' -DDEBUGDIR='L"/usr/lib/debug/usr/share/shim/aa64-16.1-16.1/"' -DVENDOR_CERT_FILE=\"debian/igel-uefi-ca.der\" -DVENDOR_DBX_FILE=\"dbx.esl\" -DSBAT_AUTOMATIC_DATE=2025021800 -Wdate-time -D_FORTIFY_SOURCE=2  -c -o pe-relocate.o pe-relocate.c
#14 57.14 gcc -std=gnu11 -ggdb -gdwarf-4 -gstrict-dwarf -ffreestanding -fmacro-prefix-map=/shim/= -fno-stack-protector -fno-strict-aliasing -fpic -fshort-wchar -Os -Wall -Wextra -Wno-missing-field-initializers  -DMDE_CPU_AARCH64 -DPAGE_SIZE=4096 -mstrict-align -Werror -nostdinc -I/shim/Cryptlib -I/shim/Cryptlib/Include -I/shim/gnu-efi/inc -I/shim/gnu-efi/inc/aarch64 -I/shim/gnu-efi/inc/protocol -I/shim/include -iquote /shim -iquote /shim -isystem /shim/include/system -isystem /usr/lib/gcc/aarch64-linux-gnu/14/include -DDEFAULT_LOADER='L"\\\\igelaa64.efi"' -DDEFAULT_LOADER_CHAR='"\\\\igelaa64.efi"' -DEFI_ARCH='L"aa64"' -DDEBUGDIR='L"/usr/lib/debug/usr/share/shim/aa64-16.1-16.1/"' -DVENDOR_CERT_FILE=\"debian/igel-uefi-ca.der\" -DVENDOR_DBX_FILE=\"dbx.esl\" -DSBAT_AUTOMATIC_DATE=2025021800 -Wdate-time -D_FORTIFY_SOURCE=2  -c -o httpboot.o httpboot.c
#14 60.13 gcc -std=gnu11 -ggdb -gdwarf-4 -gstrict-dwarf -ffreestanding -fmacro-prefix-map=/shim/= -fno-stack-protector -fno-strict-aliasing -fpic -fshort-wchar -Os -Wall -Wextra -Wno-missing-field-initializers  -DMDE_CPU_AARCH64 -DPAGE_SIZE=4096 -mstrict-align -Werror -nostdinc -I/shim/Cryptlib -I/shim/Cryptlib/Include -I/shim/gnu-efi/inc -I/shim/gnu-efi/inc/aarch64 -I/shim/gnu-efi/inc/protocol -I/shim/include -iquote /shim -iquote /shim -isystem /shim/include/system -isystem /usr/lib/gcc/aarch64-linux-gnu/14/include -DDEFAULT_LOADER='L"\\\\igelaa64.efi"' -DDEFAULT_LOADER_CHAR='"\\\\igelaa64.efi"' -DEFI_ARCH='L"aa64"' -DDEBUGDIR='L"/usr/lib/debug/usr/share/shim/aa64-16.1-16.1/"' -DVENDOR_CERT_FILE=\"debian/igel-uefi-ca.der\" -DVENDOR_DBX_FILE=\"dbx.esl\" -DSBAT_AUTOMATIC_DATE=2025021800 -Wdate-time -D_FORTIFY_SOURCE=2  -c -o csv.o csv.c
#14 60.80 gcc -std=gnu11 -ggdb -gdwarf-4 -gstrict-dwarf -ffreestanding -fmacro-prefix-map=/shim/= -fno-stack-protector -fno-strict-aliasing -fpic -fshort-wchar -Os -Wall -Wextra -Wno-missing-field-initializers  -DMDE_CPU_AARCH64 -DPAGE_SIZE=4096 -mstrict-align -Werror -nostdinc -I/shim/Cryptlib -I/shim/Cryptlib/Include -I/shim/gnu-efi/inc -I/shim/gnu-efi/inc/aarch64 -I/shim/gnu-efi/inc/protocol -I/shim/include -iquote /shim -iquote /shim -isystem /shim/include/system -isystem /usr/lib/gcc/aarch64-linux-gnu/14/include -DDEFAULT_LOADER='L"\\\\igelaa64.efi"' -DDEFAULT_LOADER_CHAR='"\\\\igelaa64.efi"' -DEFI_ARCH='L"aa64"' -DDEBUGDIR='L"/usr/lib/debug/usr/share/shim/aa64-16.1-16.1/"' -DVENDOR_CERT_FILE=\"debian/igel-uefi-ca.der\" -DVENDOR_DBX_FILE=\"dbx.esl\" -DSBAT_AUTOMATIC_DATE=2025021800 -Wdate-time -D_FORTIFY_SOURCE=2  -c -o load-options.o load-options.c
#14 62.74 gcc -std=gnu11 -ggdb -gdwarf-4 -gstrict-dwarf -ffreestanding -fmacro-prefix-map=/shim/= -fno-stack-protector -fno-strict-aliasing -fpic -fshort-wchar -Os -Wall -Wextra -Wno-missing-field-initializers  -DMDE_CPU_AARCH64 -DPAGE_SIZE=4096 -mstrict-align -Werror -nostdinc -I/shim/Cryptlib -I/shim/Cryptlib/Include -I/shim/gnu-efi/inc -I/shim/gnu-efi/inc/aarch64 -I/shim/gnu-efi/inc/protocol -I/shim/include -iquote /shim -iquote /shim -isystem /shim/include/system -isystem /usr/lib/gcc/aarch64-linux-gnu/14/include -DDEFAULT_LOADER='L"\\\\igelaa64.efi"' -DDEFAULT_LOADER_CHAR='"\\\\igelaa64.efi"' -DEFI_ARCH='L"aa64"' -DDEBUGDIR='L"/usr/lib/debug/usr/share/shim/aa64-16.1-16.1/"' -DVENDOR_CERT_FILE=\"debian/igel-uefi-ca.der\" -DVENDOR_DBX_FILE=\"dbx.esl\" -DSBAT_AUTOMATIC_DATE=2025021800 -Wdate-time -D_FORTIFY_SOURCE=2  -c -o utils.o utils.c
#14 63.53 gcc -std=gnu11 -ggdb -gdwarf-4 -gstrict-dwarf -ffreestanding -fmacro-prefix-map=/shim/= -fno-stack-protector -fno-strict-aliasing -fpic -fshort-wchar -Os -Wall -Wextra -Wno-missing-field-initializers  -DMDE_CPU_AARCH64 -DPAGE_SIZE=4096 -mstrict-align -Werror -nostdinc -I/shim/Cryptlib -I/shim/Cryptlib/Include -I/shim/gnu-efi/inc -I/shim/gnu-efi/inc/aarch64 -I/shim/gnu-efi/inc/protocol -I/shim/include -iquote /shim -iquote /shim -isystem /shim/include/system -isystem /usr/lib/gcc/aarch64-linux-gnu/14/include -DDEFAULT_LOADER='L"\\\\igelaa64.efi"' -DDEFAULT_LOADER_CHAR='"\\\\igelaa64.efi"' -DEFI_ARCH='L"aa64"' -DDEBUGDIR='L"/usr/lib/debug/usr/share/shim/aa64-16.1-16.1/"' -DVENDOR_CERT_FILE=\"debian/igel-uefi-ca.der\" -DVENDOR_DBX_FILE=\"dbx.esl\" -DSBAT_AUTOMATIC_DATE=2025021800 -Wdate-time -D_FORTIFY_SOURCE=2  -c -o verify.o verify.c
#14 63.96 for i in Hash Hmac Cipher Rand Pk Pem SysCall; do mkdir -p Cryptlib/$i; done
#14 64.37 make TOPDIR=/shim VPATH=/shim/Cryptlib -C Cryptlib -f /shim/Cryptlib/Makefile 
#14 64.46 make: Entering directory '/shim/Cryptlib'
#14 64.53 gcc -std=gnu11 -ggdb -gdwarf-4 -gstrict-dwarf -ffreestanding -fmacro-prefix-map=/shim/= -fno-stack-protector -fno-strict-aliasing -fpic -fshort-wchar -nostdinc -Os -Wall -Wextra -Wno-missing-field-initializers -Wno-unused-parameter -Wno-unused-but-set-variable -Werror -Wno-error=unused-but-set-variable -Wno-error=unused-parameter -I/shim/Cryptlib -I/shim/Cryptlib/Include -I/shim/gnu-efi/inc -I/shim/gnu-efi/inc/aarch64 -I/shim/gnu-efi/inc/protocol -isystem /shim/include/system -isystem /usr/lib/gcc/aarch64-linux-gnu/14/include -DDEFAULT_LOADER='L"\\\\igelaa64.efi"' -DDEFAULT_LOADER_CHAR='"\\\\igelaa64.efi"' -DEFI_ARCH='L"aa64"' -DDEBUGDIR='L"/usr/lib/debug/usr/share/shim/aa64-16.1-16.1/"' -DVENDOR_CERT_FILE=\"debian/igel-uefi-ca.der\" -DVENDOR_DBX_FILE=\"dbx.esl\" -DSBAT_AUTOMATIC_DATE=2025021800 -DMDE_CPU_AARCH64   -c -o Hash/CryptMd4Null.o Hash/CryptMd4Null.c
#14 65.57 for i in x509v3 x509 txt_db stack sha rsa rc4 rand pkcs7 pkcs12 pem ocsp objects modes md5 lhash kdf hmac evp err dso dh conf comp cmac buffer bn bio async/arch asn1 aes; do mkdir -p Cryptlib/OpenSSL/crypto/$i; done
#14 66.11 mkdir -p lib
#14 66.15 gcc -std=gnu11 -ggdb -gdwarf-4 -gstrict-dwarf -ffreestanding -fmacro-prefix-map=/shim/= -fno-stack-protector -fno-strict-aliasing -fpic -fshort-wchar -nostdinc -Os -Wall -Wextra -Wno-missing-field-initializers -Wno-unused-parameter -Wno-unused-but-set-variable -Werror -Wno-error=unused-but-set-variable -Wno-error=unused-parameter -I/shim/Cryptlib -I/shim/Cryptlib/Include -I/shim/gnu-efi/inc -I/shim/gnu-efi/inc/aarch64 -I/shim/gnu-efi/inc/protocol -isystem /shim/include/system -isystem /usr/lib/gcc/aarch64-linux-gnu/14/include -DDEFAULT_LOADER='L"\\\\igelaa64.efi"' -DDEFAULT_LOADER_CHAR='"\\\\igelaa64.efi"' -DEFI_ARCH='L"aa64"' -DDEBUGDIR='L"/usr/lib/debug/usr/share/shim/aa64-16.1-16.1/"' -DVENDOR_CERT_FILE=\"debian/igel-uefi-ca.der\" -DVENDOR_DBX_FILE=\"dbx.esl\" -DSBAT_AUTOMATIC_DATE=2025021800 -DMDE_CPU_AARCH64   -c -o Hash/CryptMd5.o Hash/CryptMd5.c
#14 66.34 make VPATH=/shim/lib TOPDIR=/shim -C lib -f /shim/lib/Makefile 
#14 66.40 make: Entering directory '/shim/lib'
#14 66.49 gcc -std=gnu11 -ggdb -gdwarf-4 -gstrict-dwarf -ffreestanding -fmacro-prefix-map=/shim/= -fno-stack-protector -fno-strict-aliasing -fpic -fshort-wchar -Os -Wall -Wextra -Wno-missing-field-initializers -Werror -I/shim/gnu-efi/inc -I/shim/gnu-efi/inc/aarch64 -I/shim/gnu-efi/inc/protocol -I/shim/include -I/shim/Cryptlib/Include/openssl/ -I/shim/Cryptlib/Include/ -I/shim/Cryptlib -I/shim -isystem /shim/include/system -isystem /usr/lib/gcc/aarch64-linux-gnu/14/include -DDEFAULT_LOADER='L"\\\\igelaa64.efi"' -DDEFAULT_LOADER_CHAR='"\\\\igelaa64.efi"' -DEFI_ARCH='L"aa64"' -DDEBUGDIR='L"/usr/lib/debug/usr/share/shim/aa64-16.1-16.1/"' -DVENDOR_CERT_FILE=\"debian/igel-uefi-ca.der\" -DVENDOR_DBX_FILE=\"dbx.esl\" -DSBAT_AUTOMATIC_DATE=2025021800 -DMDE_CPU_AARCH64   -c -o configtable.o configtable.c
#14 67.13 make TOPDIR=/shim VPATH=/shim/Cryptlib/OpenSSL -C Cryptlib/OpenSSL -f /shim/Cryptlib/OpenSSL/Makefile 
#14 67.21 make: Entering directory '/shim/Cryptlib/OpenSSL'
#14 67.26 gcc -std=gnu11 -ggdb -gdwarf-4 -gstrict-dwarf -ffreestanding -fmacro-prefix-map=/shim/= -fno-stack-protector -fno-strict-aliasing -fpic -fshort-wchar -nostdinc -Os -Wall -Wextra -Wno-missing-field-initializers -Wno-empty-body -Wno-implicit-fallthrough -Wno-old-style-declaration -Wno-unused-but-set-variable -Wno-unused-parameter -Werror -Wno-error=unused-but-set-variable -Wno-error=unused-parameter -I/shim/Cryptlib/OpenSSL -I/shim/Cryptlib -I/shim/Cryptlib/OpenSSL/Include/ -I/shim/Cryptlib/OpenSSL/crypto -I/shim/Cryptlib/Include -I/shim/gnu-efi/inc -I/shim/gnu-efi/inc/aarch64 -I/shim/gnu-efi/inc/protocol -I/shim/Cryptlib/OpenSSL/crypto/asn1 -I/shim/Cryptlib/OpenSSL/crypto/evp -I/shim/Cryptlib/OpenSSL/crypto/modes -I/shim/Cryptlib/OpenSSL/crypto/include -isystem /shim/include/system -isystem /usr/lib/gcc/aarch64-linux-gnu/14/include -DL_ENDIAN -D_CRT_SECURE_NO_DEPRECATE -D_CRT_NONSTDC_NO_DEPRECATE -DOPENSSL_SMALL_FOOTPRINT -DPEDANTIC -DMDE_CPU_AARCH64   -c -o crypto/cryptlib.o crypto/cryptlib.c
#14 67.92 gcc -std=gnu11 -ggdb -gdwarf-4 -gstrict-dwarf -ffreestanding -fmacro-prefix-map=/shim/= -fno-stack-protector -fno-strict-aliasing -fpic -fshort-wchar -nostdinc -Os -Wall -Wextra -Wno-missing-field-initializers -Wno-unused-parameter -Wno-unused-but-set-variable -Werror -Wno-error=unused-but-set-variable -Wno-error=unused-parameter -I/shim/Cryptlib -I/shim/Cryptlib/Include -I/shim/gnu-efi/inc -I/shim/gnu-efi/inc/aarch64 -I/shim/gnu-efi/inc/protocol -isystem /shim/include/system -isystem /usr/lib/gcc/aarch64-linux-gnu/14/include -DDEFAULT_LOADER='L"\\\\igelaa64.efi"' -DDEFAULT_LOADER_CHAR='"\\\\igelaa64.efi"' -DEFI_ARCH='L"aa64"' -DDEBUGDIR='L"/usr/lib/debug/usr/share/shim/aa64-16.1-16.1/"' -DVENDOR_CERT_FILE=\"debian/igel-uefi-ca.der\" -DVENDOR_DBX_FILE=\"dbx.esl\" -DSBAT_AUTOMATIC_DATE=2025021800 -DMDE_CPU_AARCH64   -c -o Hash/CryptSha1.o Hash/CryptSha1.c
#14 68.95 gcc -std=gnu11 -ggdb -gdwarf-4 -gstrict-dwarf -ffreestanding -fmacro-prefix-map=/shim/= -fno-stack-protector -fno-strict-aliasing -fpic -fshort-wchar -Os -Wall -Wextra -Wno-missing-field-initializers -Werror -I/shim/gnu-efi/inc -I/shim/gnu-efi/inc/aarch64 -I/shim/gnu-efi/inc/protocol -I/shim/include -I/shim/Cryptlib/Include/openssl/ -I/shim/Cryptlib/Include/ -I/shim/Cryptlib -I/shim -isystem /shim/include/system -isystem /usr/lib/gcc/aarch64-linux-gnu/14/include -DDEFAULT_LOADER='L"\\\\igelaa64.efi"' -DDEFAULT_LOADER_CHAR='"\\\\igelaa64.efi"' -DEFI_ARCH='L"aa64"' -DDEBUGDIR='L"/usr/lib/debug/usr/share/shim/aa64-16.1-16.1/"' -DVENDOR_CERT_FILE=\"debian/igel-uefi-ca.der\" -DVENDOR_DBX_FILE=\"dbx.esl\" -DSBAT_AUTOMATIC_DATE=2025021800 -DMDE_CPU_AARCH64   -c -o console.o console.c
#14 69.61 mkdir -p gnu-efi/lib gnu-efi/gnuefi
#14 69.78 make -C gnu-efi \
#14 69.78 	COMPILER="gcc" \
#14 69.78 	CCC_CC="gcc" \
#14 69.78 	CC="gcc" \
#14 69.78 	ARCH=aarch64 \
#14 69.78 	TOPDIR=/shim/gnu-efi \
#14 69.78 	-f /shim/gnu-efi/Makefile \
#14 69.78 	lib gnuefi inc 
#14 69.86 make: Entering directory '/shim/gnu-efi'
#14 69.88 gcc -std=gnu11 -ggdb -gdwarf-4 -gstrict-dwarf -ffreestanding -fmacro-prefix-map=/shim/= -fno-stack-protector -fno-strict-aliasing -fpic -fshort-wchar -nostdinc -Os -Wall -Wextra -Wno-missing-field-initializers -Wno-unused-parameter -Wno-unused-but-set-variable -Werror -Wno-error=unused-but-set-variable -Wno-error=unused-parameter -I/shim/Cryptlib -I/shim/Cryptlib/Include -I/shim/gnu-efi/inc -I/shim/gnu-efi/inc/aarch64 -I/shim/gnu-efi/inc/protocol -isystem /shim/include/system -isystem /usr/lib/gcc/aarch64-linux-gnu/14/include -DDEFAULT_LOADER='L"\\\\igelaa64.efi"' -DDEFAULT_LOADER_CHAR='"\\\\igelaa64.efi"' -DEFI_ARCH='L"aa64"' -DDEBUGDIR='L"/usr/lib/debug/usr/share/shim/aa64-16.1-16.1/"' -DVENDOR_CERT_FILE=\"debian/igel-uefi-ca.der\" -DVENDOR_DBX_FILE=\"dbx.esl\" -DSBAT_AUTOMATIC_DATE=2025021800 -DMDE_CPU_AARCH64   -c -o Hash/CryptSha256.o Hash/CryptSha256.c
#14 70.02 mkdir -p /shim/gnu-efi/aarch64/lib
#14 70.18 make -C /shim/gnu-efi/aarch64/lib -f /shim/gnu-efi//lib/Makefile SRCDIR=/shim/gnu-efi//lib ARCH=aarch64
#14 70.24 make: Entering directory '/shim/gnu-efi/aarch64/lib'
#14 70.41 gcc -std=gnu11 -ggdb -gdwarf-4 -gstrict-dwarf -ffreestanding -fmacro-prefix-map=/shim/= -fno-stack-protector -fno-strict-aliasing -fpic -fshort-wchar -nostdinc -Os -Wall -Wextra -Wno-missing-field-initializers -Wno-empty-body -Wno-implicit-fallthrough -Wno-old-style-declaration -Wno-unused-but-set-variable -Wno-unused-parameter -Werror -Wno-error=unused-but-set-variable -Wno-error=unused-parameter -I/shim/Cryptlib/OpenSSL -I/shim/Cryptlib -I/shim/Cryptlib/OpenSSL/Include/ -I/shim/Cryptlib/OpenSSL/crypto -I/shim/Cryptlib/Include -I/shim/gnu-efi/inc -I/shim/gnu-efi/inc/aarch64 -I/shim/gnu-efi/inc/protocol -I/shim/Cryptlib/OpenSSL/crypto/asn1 -I/shim/Cryptlib/OpenSSL/crypto/evp -I/shim/Cryptlib/OpenSSL/crypto/modes -I/shim/Cryptlib/OpenSSL/crypto/include -isystem /shim/include/system -isystem /usr/lib/gcc/aarch64-linux-gnu/14/include -DL_ENDIAN -D_CRT_SECURE_NO_DEPRECATE -D_CRT_NONSTDC_NO_DEPRECATE -DOPENSSL_SMALL_FOOTPRINT -DPEDANTIC -DMDE_CPU_AARCH64   -c -o crypto/mem.o crypto/mem.c
#14 70.87 gcc -I/shim/gnu-efi//lib -I/shim/gnu-efi/inc -I/shim/gnu-efi/inc/aarch64 -I/shim/gnu-efi/inc/protocol -Wno-error=pragmas -fpic  -Os -Wall -Wextra -Wno-missing-field-initializers -Werror -fshort-wchar -fno-strict-aliasing -ffreestanding -fno-stack-protector -fno-stack-check -nostdinc   -isystem /shim/gnu-efi/../include/system -isystem /usr/lib/gcc/aarch64-linux-gnu/14/include -fno-merge-all-constants -DCONFIG_aarch64 -c /shim/gnu-efi//lib/boxdraw.c -o boxdraw.o
#14 71.66 gcc -std=gnu11 -ggdb -gdwarf-4 -gstrict-dwarf -ffreestanding -fmacro-prefix-map=/shim/= -fno-stack-protector -fno-strict-aliasing -fpic -fshort-wchar -nostdinc -Os -Wall -Wextra -Wno-missing-field-initializers -Wno-unused-parameter -Wno-unused-but-set-variable -Werror -Wno-error=unused-but-set-variable -Wno-error=unused-parameter -I/shim/Cryptlib -I/shim/Cryptlib/Include -I/shim/gnu-efi/inc -I/shim/gnu-efi/inc/aarch64 -I/shim/gnu-efi/inc/protocol -isystem /shim/include/system -isystem /usr/lib/gcc/aarch64-linux-gnu/14/include -DDEFAULT_LOADER='L"\\\\igelaa64.efi"' -DDEFAULT_LOADER_CHAR='"\\\\igelaa64.efi"' -DEFI_ARCH='L"aa64"' -DDEBUGDIR='L"/usr/lib/debug/usr/share/shim/aa64-16.1-16.1/"' -DVENDOR_CERT_FILE=\"debian/igel-uefi-ca.der\" -DVENDOR_DBX_FILE=\"dbx.esl\" -DSBAT_AUTOMATIC_DATE=2025021800 -DMDE_CPU_AARCH64   -c -o Hash/CryptSha512.o Hash/CryptSha512.c
#14 72.91 gcc -I/shim/gnu-efi//lib -I/shim/gnu-efi/inc -I/shim/gnu-efi/inc/aarch64 -I/shim/gnu-efi/inc/protocol -Wno-error=pragmas -fpic  -Os -Wall -Wextra -Wno-missing-field-initializers -Werror -fshort-wchar -fno-strict-aliasing -ffreestanding -fno-stack-protector -fno-stack-check -nostdinc   -isystem /shim/gnu-efi/../include/system -isystem /usr/lib/gcc/aarch64-linux-gnu/14/include -fno-merge-all-constants -DCONFIG_aarch64 -c /shim/gnu-efi//lib/smbios.c -o smbios.o
#14 73.61 gcc -std=gnu11 -ggdb -gdwarf-4 -gstrict-dwarf -ffreestanding -fmacro-prefix-map=/shim/= -fno-stack-protector -fno-strict-aliasing -fpic -fshort-wchar -Os -Wall -Wextra -Wno-missing-field-initializers -Werror -I/shim/gnu-efi/inc -I/shim/gnu-efi/inc/aarch64 -I/shim/gnu-efi/inc/protocol -I/shim/include -I/shim/Cryptlib/Include/openssl/ -I/shim/Cryptlib/Include/ -I/shim/Cryptlib -I/shim -isystem /shim/include/system -isystem /usr/lib/gcc/aarch64-linux-gnu/14/include -DDEFAULT_LOADER='L"\\\\igelaa64.efi"' -DDEFAULT_LOADER_CHAR='"\\\\igelaa64.efi"' -DEFI_ARCH='L"aa64"' -DDEBUGDIR='L"/usr/lib/debug/usr/share/shim/aa64-16.1-16.1/"' -DVENDOR_CERT_FILE=\"debian/igel-uefi-ca.der\" -DVENDOR_DBX_FILE=\"dbx.esl\" -DSBAT_AUTOMATIC_DATE=2025021800 -DMDE_CPU_AARCH64   -c -o execute.o execute.c
#14 73.79 gcc -std=gnu11 -ggdb -gdwarf-4 -gstrict-dwarf -ffreestanding -fmacro-prefix-map=/shim/= -fno-stack-protector -fno-strict-aliasing -fpic -fshort-wchar -nostdinc -Os -Wall -Wextra -Wno-missing-field-initializers -Wno-empty-body -Wno-implicit-fallthrough -Wno-old-style-declaration -Wno-unused-but-set-variable -Wno-unused-parameter -Werror -Wno-error=unused-but-set-variable -Wno-error=unused-parameter -I/shim/Cryptlib/OpenSSL -I/shim/Cryptlib -I/shim/Cryptlib/OpenSSL/Include/ -I/shim/Cryptlib/OpenSSL/crypto -I/shim/Cryptlib/Include -I/shim/gnu-efi/inc -I/shim/gnu-efi/inc/aarch64 -I/shim/gnu-efi/inc/protocol -I/shim/Cryptlib/OpenSSL/crypto/asn1 -I/shim/Cryptlib/OpenSSL/crypto/evp -I/shim/Cryptlib/OpenSSL/crypto/modes -I/shim/Cryptlib/OpenSSL/crypto/include -isystem /shim/include/system -isystem /usr/lib/gcc/aarch64-linux-gnu/14/include -DL_ENDIAN -D_CRT_SECURE_NO_DEPRECATE -D_CRT_NONSTDC_NO_DEPRECATE -DOPENSSL_SMALL_FOOTPRINT -DPEDANTIC -DMDE_CPU_AARCH64   -c -o crypto/mem_clr.o crypto/mem_clr.c
#14 73.96 gcc -std=gnu11 -ggdb -gdwarf-4 -gstrict-dwarf -ffreestanding -fmacro-prefix-map=/shim/= -fno-stack-protector -fno-strict-aliasing -fpic -fshort-wchar -nostdinc -Os -Wall -Wextra -Wno-missing-field-initializers -Wno-unused-parameter -Wno-unused-but-set-variable -Werror -Wno-error=unused-but-set-variable -Wno-error=unused-parameter -I/shim/Cryptlib -I/shim/Cryptlib/Include -I/shim/gnu-efi/inc -I/shim/gnu-efi/inc/aarch64 -I/shim/gnu-efi/inc/protocol -isystem /shim/include/system -isystem /usr/lib/gcc/aarch64-linux-gnu/14/include -DDEFAULT_LOADER='L"\\\\igelaa64.efi"' -DDEFAULT_LOADER_CHAR='"\\\\igelaa64.efi"' -DEFI_ARCH='L"aa64"' -DDEBUGDIR='L"/usr/lib/debug/usr/share/shim/aa64-16.1-16.1/"' -DVENDOR_CERT_FILE=\"debian/igel-uefi-ca.der\" -DVENDOR_DBX_FILE=\"dbx.esl\" -DSBAT_AUTOMATIC_DATE=2025021800 -DMDE_CPU_AARCH64   -c -o Hmac/CryptHmacMd5Null.o Hmac/CryptHmacMd5Null.c
#14 74.86 gcc -I/shim/gnu-efi//lib -I/shim/gnu-efi/inc -I/shim/gnu-efi/inc/aarch64 -I/shim/gnu-efi/inc/protocol -Wno-error=pragmas -fpic  -Os -Wall -Wextra -Wno-missing-field-initializers -Werror -fshort-wchar -fno-strict-aliasing -ffreestanding -fno-stack-protector -fno-stack-check -nostdinc   -isystem /shim/gnu-efi/../include/system -isystem /usr/lib/gcc/aarch64-linux-gnu/14/include -fno-merge-all-constants -DCONFIG_aarch64 -c /shim/gnu-efi//lib/console.c -o console.o
#14 74.87 gcc -std=gnu11 -ggdb -gdwarf-4 -gstrict-dwarf -ffreestanding -fmacro-prefix-map=/shim/= -fno-stack-protector -fno-strict-aliasing -fpic -fshort-wchar -nostdinc -Os -Wall -Wextra -Wno-missing-field-initializers -Wno-empty-body -Wno-implicit-fallthrough -Wno-old-style-declaration -Wno-unused-but-set-variable -Wno-unused-parameter -Werror -Wno-error=unused-but-set-variable -Wno-error=unused-parameter -I/shim/Cryptlib/OpenSSL -I/shim/Cryptlib -I/shim/Cryptlib/OpenSSL/Include/ -I/shim/Cryptlib/OpenSSL/crypto -I/shim/Cryptlib/Include -I/shim/gnu-efi/inc -I/shim/gnu-efi/inc/aarch64 -I/shim/gnu-efi/inc/protocol -I/shim/Cryptlib/OpenSSL/crypto/asn1 -I/shim/Cryptlib/OpenSSL/crypto/evp -I/shim/Cryptlib/OpenSSL/crypto/modes -I/shim/Cryptlib/OpenSSL/crypto/include -isystem /shim/include/system -isystem /usr/lib/gcc/aarch64-linux-gnu/14/include -DL_ENDIAN -D_CRT_SECURE_NO_DEPRECATE -D_CRT_NONSTDC_NO_DEPRECATE -DOPENSSL_SMALL_FOOTPRINT -DPEDANTIC -DMDE_CPU_AARCH64   -c -o crypto/mem_dbg.o crypto/mem_dbg.c
#14 75.33 gcc -std=gnu11 -ggdb -gdwarf-4 -gstrict-dwarf -ffreestanding -fmacro-prefix-map=/shim/= -fno-stack-protector -fno-strict-aliasing -fpic -fshort-wchar -nostdinc -Os -Wall -Wextra -Wno-missing-field-initializers -Wno-unused-parameter -Wno-unused-but-set-variable -Werror -Wno-error=unused-but-set-variable -Wno-error=unused-parameter -I/shim/Cryptlib -I/shim/Cryptlib/Include -I/shim/gnu-efi/inc -I/shim/gnu-efi/inc/aarch64 -I/shim/gnu-efi/inc/protocol -isystem /shim/include/system -isystem /usr/lib/gcc/aarch64-linux-gnu/14/include -DDEFAULT_LOADER='L"\\\\igelaa64.efi"' -DDEFAULT_LOADER_CHAR='"\\\\igelaa64.efi"' -DEFI_ARCH='L"aa64"' -DDEBUGDIR='L"/usr/lib/debug/usr/share/shim/aa64-16.1-16.1/"' -DVENDOR_CERT_FILE=\"debian/igel-uefi-ca.der\" -DVENDOR_DBX_FILE=\"dbx.esl\" -DSBAT_AUTOMATIC_DATE=2025021800 -DMDE_CPU_AARCH64   -c -o Hmac/CryptHmacSha1Null.o Hmac/CryptHmacSha1Null.c
#14 75.97 gcc -std=gnu11 -ggdb -gdwarf-4 -gstrict-dwarf -ffreestanding -fmacro-prefix-map=/shim/= -fno-stack-protector -fno-strict-aliasing -fpic -fshort-wchar -Os -Wall -Wextra -Wno-missing-field-initializers -Werror -I/shim/gnu-efi/inc -I/shim/gnu-efi/inc/aarch64 -I/shim/gnu-efi/inc/protocol -I/shim/include -I/shim/Cryptlib/Include/openssl/ -I/shim/Cryptlib/Include/ -I/shim/Cryptlib -I/shim -isystem /shim/include/system -isystem /usr/lib/gcc/aarch64-linux-gnu/14/include -DDEFAULT_LOADER='L"\\\\igelaa64.efi"' -DDEFAULT_LOADER_CHAR='"\\\\igelaa64.efi"' -DEFI_ARCH='L"aa64"' -DDEBUGDIR='L"/usr/lib/debug/usr/share/shim/aa64-16.1-16.1/"' -DVENDOR_CERT_FILE=\"debian/igel-uefi-ca.der\" -DVENDOR_DBX_FILE=\"dbx.esl\" -DSBAT_AUTOMATIC_DATE=2025021800 -DMDE_CPU_AARCH64   -c -o guid.o guid.c
#14 76.57 gcc -std=gnu11 -ggdb -gdwarf-4 -gstrict-dwarf -ffreestanding -fmacro-prefix-map=/shim/= -fno-stack-protector -fno-strict-aliasing -fpic -fshort-wchar -nostdinc -Os -Wall -Wextra -Wno-missing-field-initializers -Wno-unused-parameter -Wno-unused-but-set-variable -Werror -Wno-error=unused-but-set-variable -Wno-error=unused-parameter -I/shim/Cryptlib -I/shim/Cryptlib/Include -I/shim/gnu-efi/inc -I/shim/gnu-efi/inc/aarch64 -I/shim/gnu-efi/inc/protocol -isystem /shim/include/system -isystem /usr/lib/gcc/aarch64-linux-gnu/14/include -DDEFAULT_LOADER='L"\\\\igelaa64.efi"' -DDEFAULT_LOADER_CHAR='"\\\\igelaa64.efi"' -DEFI_ARCH='L"aa64"' -DDEBUGDIR='L"/usr/lib/debug/usr/share/shim/aa64-16.1-16.1/"' -DVENDOR_CERT_FILE=\"debian/igel-uefi-ca.der\" -DVENDOR_DBX_FILE=\"dbx.esl\" -DSBAT_AUTOMATIC_DATE=2025021800 -DMDE_CPU_AARCH64   -c -o Hmac/CryptHmacSha256Null.o Hmac/CryptHmacSha256Null.c
#14 77.00 gcc -std=gnu11 -ggdb -gdwarf-4 -gstrict-dwarf -ffreestanding -fmacro-prefix-map=/shim/= -fno-stack-protector -fno-strict-aliasing -fpic -fshort-wchar -Os -Wall -Wextra -Wno-missing-field-initializers -Werror -I/shim/gnu-efi/inc -I/shim/gnu-efi/inc/aarch64 -I/shim/gnu-efi/inc/protocol -I/shim/include -I/shim/Cryptlib/Include/openssl/ -I/shim/Cryptlib/Include/ -I/shim/Cryptlib -I/shim -isystem /shim/include/system -isystem /usr/lib/gcc/aarch64-linux-gnu/14/include -DDEFAULT_LOADER='L"\\\\igelaa64.efi"' -DDEFAULT_LOADER_CHAR='"\\\\igelaa64.efi"' -DEFI_ARCH='L"aa64"' -DDEBUGDIR='L"/usr/lib/debug/usr/share/shim/aa64-16.1-16.1/"' -DVENDOR_CERT_FILE=\"debian/igel-uefi-ca.der\" -DVENDOR_DBX_FILE=\"dbx.esl\" -DSBAT_AUTOMATIC_DATE=2025021800 -DMDE_CPU_AARCH64   -c -o print_crypto.o print_crypto.c
#14 77.02 gcc -I/shim/gnu-efi//lib -I/shim/gnu-efi/inc -I/shim/gnu-efi/inc/aarch64 -I/shim/gnu-efi/inc/protocol -Wno-error=pragmas -fpic  -Os -Wall -Wextra -Wno-missing-field-initializers -Werror -fshort-wchar -fno-strict-aliasing -ffreestanding -fno-stack-protector -fno-stack-check -nostdinc   -isystem /shim/gnu-efi/../include/system -isystem /usr/lib/gcc/aarch64-linux-gnu/14/include -fno-merge-all-constants -DCONFIG_aarch64 -c /shim/gnu-efi//lib/crc.c -o crc.o
#14 77.87 gcc -std=gnu11 -ggdb -gdwarf-4 -gstrict-dwarf -ffreestanding -fmacro-prefix-map=/shim/= -fno-stack-protector -fno-strict-aliasing -fpic -fshort-wchar -nostdinc -Os -Wall -Wextra -Wno-missing-field-initializers -Wno-unused-parameter -Wno-unused-but-set-variable -Werror -Wno-error=unused-but-set-variable -Wno-error=unused-parameter -I/shim/Cryptlib -I/shim/Cryptlib/Include -I/shim/gnu-efi/inc -I/shim/gnu-efi/inc/aarch64 -I/shim/gnu-efi/inc/protocol -isystem /shim/include/system -isystem /usr/lib/gcc/aarch64-linux-gnu/14/include -DDEFAULT_LOADER='L"\\\\igelaa64.efi"' -DDEFAULT_LOADER_CHAR='"\\\\igelaa64.efi"' -DEFI_ARCH='L"aa64"' -DDEBUGDIR='L"/usr/lib/debug/usr/share/shim/aa64-16.1-16.1/"' -DVENDOR_CERT_FILE=\"debian/igel-uefi-ca.der\" -DVENDOR_DBX_FILE=\"dbx.esl\" -DSBAT_AUTOMATIC_DATE=2025021800 -DMDE_CPU_AARCH64   -c -o Cipher/CryptAesNull.o Cipher/CryptAesNull.c
#14 78.53 gcc -std=gnu11 -ggdb -gdwarf-4 -gstrict-dwarf -ffreestanding -fmacro-prefix-map=/shim/= -fno-stack-protector -fno-strict-aliasing -fpic -fshort-wchar -nostdinc -Os -Wall -Wextra -Wno-missing-field-initializers -Wno-empty-body -Wno-implicit-fallthrough -Wno-old-style-declaration -Wno-unused-but-set-variable -Wno-unused-parameter -Werror -Wno-error=unused-but-set-variable -Wno-error=unused-parameter -I/shim/Cryptlib/OpenSSL -I/shim/Cryptlib -I/shim/Cryptlib/OpenSSL/Include/ -I/shim/Cryptlib/OpenSSL/crypto -I/shim/Cryptlib/Include -I/shim/gnu-efi/inc -I/shim/gnu-efi/inc/aarch64 -I/shim/gnu-efi/inc/protocol -I/shim/Cryptlib/OpenSSL/crypto/asn1 -I/shim/Cryptlib/OpenSSL/crypto/evp -I/shim/Cryptlib/OpenSSL/crypto/modes -I/shim/Cryptlib/OpenSSL/crypto/include -isystem /shim/include/system -isystem /usr/lib/gcc/aarch64-linux-gnu/14/include -DL_ENDIAN -D_CRT_SECURE_NO_DEPRECATE -D_CRT_NONSTDC_NO_DEPRECATE -DOPENSSL_SMALL_FOOTPRINT -DPEDANTIC -DMDE_CPU_AARCH64   -c -o crypto/cversion.o crypto/cversion.c
#14 78.83 gcc -std=gnu11 -ggdb -gdwarf-4 -gstrict-dwarf -ffreestanding -fmacro-prefix-map=/shim/= -fno-stack-protector -fno-strict-aliasing -fpic -fshort-wchar -Os -Wall -Wextra -Wno-missing-field-initializers -Werror -I/shim/gnu-efi/inc -I/shim/gnu-efi/inc/aarch64 -I/shim/gnu-efi/inc/protocol -I/shim/include -I/shim/Cryptlib/Include/openssl/ -I/shim/Cryptlib/Include/ -I/shim/Cryptlib -I/shim -isystem /shim/include/system -isystem /usr/lib/gcc/aarch64-linux-gnu/14/include -DDEFAULT_LOADER='L"\\\\igelaa64.efi"' -DDEFAULT_LOADER_CHAR='"\\\\igelaa64.efi"' -DEFI_ARCH='L"aa64"' -DDEBUGDIR='L"/usr/lib/debug/usr/share/shim/aa64-16.1-16.1/"' -DVENDOR_CERT_FILE=\"debian/igel-uefi-ca.der\" -DVENDOR_DBX_FILE=\"dbx.esl\" -DSBAT_AUTOMATIC_DATE=2025021800 -DMDE_CPU_AARCH64   -c -o security_policy.o security_policy.c
#14 79.26 gcc -std=gnu11 -ggdb -gdwarf-4 -gstrict-dwarf -ffreestanding -fmacro-prefix-map=/shim/= -fno-stack-protector -fno-strict-aliasing -fpic -fshort-wchar -nostdinc -Os -Wall -Wextra -Wno-missing-field-initializers -Wno-unused-parameter -Wno-unused-but-set-variable -Werror -Wno-error=unused-but-set-variable -Wno-error=unused-parameter -I/shim/Cryptlib -I/shim/Cryptlib/Include -I/shim/gnu-efi/inc -I/shim/gnu-efi/inc/aarch64 -I/shim/gnu-efi/inc/protocol -isystem /shim/include/system -isystem /usr/lib/gcc/aarch64-linux-gnu/14/include -DDEFAULT_LOADER='L"\\\\igelaa64.efi"' -DDEFAULT_LOADER_CHAR='"\\\\igelaa64.efi"' -DEFI_ARCH='L"aa64"' -DDEBUGDIR='L"/usr/lib/debug/usr/share/shim/aa64-16.1-16.1/"' -DVENDOR_CERT_FILE=\"debian/igel-uefi-ca.der\" -DVENDOR_DBX_FILE=\"dbx.esl\" -DSBAT_AUTOMATIC_DATE=2025021800 -DMDE_CPU_AARCH64   -c -o Cipher/CryptTdesNull.o Cipher/CryptTdesNull.c
#14 79.34 gcc -I/shim/gnu-efi//lib -I/shim/gnu-efi/inc -I/shim/gnu-efi/inc/aarch64 -I/shim/gnu-efi/inc/protocol -Wno-error=pragmas -fpic  -Os -Wall -Wextra -Wno-missing-field-initializers -Werror -fshort-wchar -fno-strict-aliasing -ffreestanding -fno-stack-protector -fno-stack-check -nostdinc   -isystem /shim/gnu-efi/../include/system -isystem /usr/lib/gcc/aarch64-linux-gnu/14/include -fno-merge-all-constants -DCONFIG_aarch64 -c /shim/gnu-efi//lib/data.c -o data.o
#14 79.71 gcc -std=gnu11 -ggdb -gdwarf-4 -gstrict-dwarf -ffreestanding -fmacro-prefix-map=/shim/= -fno-stack-protector -fno-strict-aliasing -fpic -fshort-wchar -Os -Wall -Wextra -Wno-missing-field-initializers -Werror -I/shim/gnu-efi/inc -I/shim/gnu-efi/inc/aarch64 -I/shim/gnu-efi/inc/protocol -I/shim/include -I/shim/Cryptlib/Include/openssl/ -I/shim/Cryptlib/Include/ -I/shim/Cryptlib -I/shim -isystem /shim/include/system -isystem /usr/lib/gcc/aarch64-linux-gnu/14/include -DDEFAULT_LOADER='L"\\\\igelaa64.efi"' -DDEFAULT_LOADER_CHAR='"\\\\igelaa64.efi"' -DEFI_ARCH='L"aa64"' -DDEBUGDIR='L"/usr/lib/debug/usr/share/shim/aa64-16.1-16.1/"' -DVENDOR_CERT_FILE=\"debian/igel-uefi-ca.der\" -DVENDOR_DBX_FILE=\"dbx.esl\" -DSBAT_AUTOMATIC_DATE=2025021800 -DMDE_CPU_AARCH64   -c -o shell.o shell.c
#14 80.11 gcc -I/shim/gnu-efi//lib -I/shim/gnu-efi/inc -I/shim/gnu-efi/inc/aarch64 -I/shim/gnu-efi/inc/protocol -Wno-error=pragmas -fpic  -Os -Wall -Wextra -Wno-missing-field-initializers -Werror -fshort-wchar -fno-strict-aliasing -ffreestanding -fno-stack-protector -fno-stack-check -nostdinc   -isystem /shim/gnu-efi/../include/system -isystem /usr/lib/gcc/aarch64-linux-gnu/14/include -fno-merge-all-constants -DCONFIG_aarch64 -c /shim/gnu-efi//lib/debug.c -o debug.o
#14 80.15 gcc -std=gnu11 -ggdb -gdwarf-4 -gstrict-dwarf -ffreestanding -fmacro-prefix-map=/shim/= -fno-stack-protector -fno-strict-aliasing -fpic -fshort-wchar -nostdinc -Os -Wall -Wextra -Wno-missing-field-initializers -Wno-empty-body -Wno-implicit-fallthrough -Wno-old-style-declaration -Wno-unused-but-set-variable -Wno-unused-parameter -Werror -Wno-error=unused-but-set-variable -Wno-error=unused-parameter -I/shim/Cryptlib/OpenSSL -I/shim/Cryptlib -I/shim/Cryptlib/OpenSSL/Include/ -I/shim/Cryptlib/OpenSSL/crypto -I/shim/Cryptlib/Include -I/shim/gnu-efi/inc -I/shim/gnu-efi/inc/aarch64 -I/shim/gnu-efi/inc/protocol -I/shim/Cryptlib/OpenSSL/crypto/asn1 -I/shim/Cryptlib/OpenSSL/crypto/evp -I/shim/Cryptlib/OpenSSL/crypto/modes -I/shim/Cryptlib/OpenSSL/crypto/include -isystem /shim/include/system -isystem /usr/lib/gcc/aarch64-linux-gnu/14/include -DL_ENDIAN -D_CRT_SECURE_NO_DEPRECATE -D_CRT_NONSTDC_NO_DEPRECATE -DOPENSSL_SMALL_FOOTPRINT -DPEDANTIC -DMDE_CPU_AARCH64   -c -o crypto/ex_data.o crypto/ex_data.c
#14 80.60 gcc -std=gnu11 -ggdb -gdwarf-4 -gstrict-dwarf -ffreestanding -fmacro-prefix-map=/shim/= -fno-stack-protector -fno-strict-aliasing -fpic -fshort-wchar -nostdinc -Os -Wall -Wextra -Wno-missing-field-initializers -Wno-unused-parameter -Wno-unused-but-set-variable -Werror -Wno-error=unused-but-set-variable -Wno-error=unused-parameter -I/shim/Cryptlib -I/shim/Cryptlib/Include -I/shim/gnu-efi/inc -I/shim/gnu-efi/inc/aarch64 -I/shim/gnu-efi/inc/protocol -isystem /shim/include/system -isystem /usr/lib/gcc/aarch64-linux-gnu/14/include -DDEFAULT_LOADER='L"\\\\igelaa64.efi"' -DDEFAULT_LOADER_CHAR='"\\\\igelaa64.efi"' -DEFI_ARCH='L"aa64"' -DDEBUGDIR='L"/usr/lib/debug/usr/share/shim/aa64-16.1-16.1/"' -DVENDOR_CERT_FILE=\"debian/igel-uefi-ca.der\" -DVENDOR_DBX_FILE=\"dbx.esl\" -DSBAT_AUTOMATIC_DATE=2025021800 -DMDE_CPU_AARCH64   -c -o Cipher/CryptArc4Null.o Cipher/CryptArc4Null.c
#14 81.41 gcc -I/shim/gnu-efi//lib -I/shim/gnu-efi/inc -I/shim/gnu-efi/inc/aarch64 -I/shim/gnu-efi/inc/protocol -Wno-error=pragmas -fpic  -Os -Wall -Wextra -Wno-missing-field-initializers -Werror -fshort-wchar -fno-strict-aliasing -ffreestanding -fno-stack-protector -fno-stack-check -nostdinc   -isystem /shim/gnu-efi/../include/system -isystem /usr/lib/gcc/aarch64-linux-gnu/14/include -fno-merge-all-constants -DCONFIG_aarch64 -c /shim/gnu-efi//lib/dpath.c -o dpath.o
#14 81.69 gcc -std=gnu11 -ggdb -gdwarf-4 -gstrict-dwarf -ffreestanding -fmacro-prefix-map=/shim/= -fno-stack-protector -fno-strict-aliasing -fpic -fshort-wchar -nostdinc -Os -Wall -Wextra -Wno-missing-field-initializers -Wno-unused-parameter -Wno-unused-but-set-variable -Werror -Wno-error=unused-but-set-variable -Wno-error=unused-parameter -I/shim/Cryptlib -I/shim/Cryptlib/Include -I/shim/gnu-efi/inc -I/shim/gnu-efi/inc/aarch64 -I/shim/gnu-efi/inc/protocol -isystem /shim/include/system -isystem /usr/lib/gcc/aarch64-linux-gnu/14/include -DDEFAULT_LOADER='L"\\\\igelaa64.efi"' -DDEFAULT_LOADER_CHAR='"\\\\igelaa64.efi"' -DEFI_ARCH='L"aa64"' -DDEBUGDIR='L"/usr/lib/debug/usr/share/shim/aa64-16.1-16.1/"' -DVENDOR_CERT_FILE=\"debian/igel-uefi-ca.der\" -DVENDOR_DBX_FILE=\"dbx.esl\" -DSBAT_AUTOMATIC_DATE=2025021800 -DMDE_CPU_AARCH64   -c -o Rand/CryptRand.o Rand/CryptRand.c
#14 81.91 gcc -std=gnu11 -ggdb -gdwarf-4 -gstrict-dwarf -ffreestanding -fmacro-prefix-map=/shim/= -fno-stack-protector -fno-strict-aliasing -fpic -fshort-wchar -Os -Wall -Wextra -Wno-missing-field-initializers -Werror -I/shim/gnu-efi/inc -I/shim/gnu-efi/inc/aarch64 -I/shim/gnu-efi/inc/protocol -I/shim/include -I/shim/Cryptlib/Include/openssl/ -I/shim/Cryptlib/Include/ -I/shim/Cryptlib -I/shim -isystem /shim/include/system -isystem /usr/lib/gcc/aarch64-linux-gnu/14/include -DDEFAULT_LOADER='L"\\\\igelaa64.efi"' -DDEFAULT_LOADER_CHAR='"\\\\igelaa64.efi"' -DEFI_ARCH='L"aa64"' -DDEBUGDIR='L"/usr/lib/debug/usr/share/shim/aa64-16.1-16.1/"' -DVENDOR_CERT_FILE=\"debian/igel-uefi-ca.der\" -DVENDOR_DBX_FILE=\"dbx.esl\" -DSBAT_AUTOMATIC_DATE=2025021800 -DMDE_CPU_AARCH64   -c -o simple_file.o simple_file.c
#14 83.40 gcc -std=gnu11 -ggdb -gdwarf-4 -gstrict-dwarf -ffreestanding -fmacro-prefix-map=/shim/= -fno-stack-protector -fno-strict-aliasing -fpic -fshort-wchar -nostdinc -Os -Wall -Wextra -Wno-missing-field-initializers -Wno-unused-parameter -Wno-unused-but-set-variable -Werror -Wno-error=unused-but-set-variable -Wno-error=unused-parameter -I/shim/Cryptlib -I/shim/Cryptlib/Include -I/shim/gnu-efi/inc -I/shim/gnu-efi/inc/aarch64 -I/shim/gnu-efi/inc/protocol -isystem /shim/include/system -isystem /usr/lib/gcc/aarch64-linux-gnu/14/include -DDEFAULT_LOADER='L"\\\\igelaa64.efi"' -DDEFAULT_LOADER_CHAR='"\\\\igelaa64.efi"' -DEFI_ARCH='L"aa64"' -DDEBUGDIR='L"/usr/lib/debug/usr/share/shim/aa64-16.1-16.1/"' -DVENDOR_CERT_FILE=\"debian/igel-uefi-ca.der\" -DVENDOR_DBX_FILE=\"dbx.esl\" -DSBAT_AUTOMATIC_DATE=2025021800 -DMDE_CPU_AARCH64   -c -o Pk/CryptRsaBasic.o Pk/CryptRsaBasic.c
#14 83.48 gcc -std=gnu11 -ggdb -gdwarf-4 -gstrict-dwarf -ffreestanding -fmacro-prefix-map=/shim/= -fno-stack-protector -fno-strict-aliasing -fpic -fshort-wchar -nostdinc -Os -Wall -Wextra -Wno-missing-field-initializers -Wno-empty-body -Wno-implicit-fallthrough -Wno-old-style-declaration -Wno-unused-but-set-variable -Wno-unused-parameter -Werror -Wno-error=unused-but-set-variable -Wno-error=unused-parameter -I/shim/Cryptlib/OpenSSL -I/shim/Cryptlib -I/shim/Cryptlib/OpenSSL/Include/ -I/shim/Cryptlib/OpenSSL/crypto -I/shim/Cryptlib/Include -I/shim/gnu-efi/inc -I/shim/gnu-efi/inc/aarch64 -I/shim/gnu-efi/inc/protocol -I/shim/Cryptlib/OpenSSL/crypto/asn1 -I/shim/Cryptlib/OpenSSL/crypto/evp -I/shim/Cryptlib/OpenSSL/crypto/modes -I/shim/Cryptlib/OpenSSL/crypto/include -isystem /shim/include/system -isystem /usr/lib/gcc/aarch64-linux-gnu/14/include -DL_ENDIAN -D_CRT_SECURE_NO_DEPRECATE -D_CRT_NONSTDC_NO_DEPRECATE -DOPENSSL_SMALL_FOOTPRINT -DPEDANTIC -DMDE_CPU_AARCH64   -c -o crypto/cpt_err.o crypto/cpt_err.c
#14 84.41 gcc -std=gnu11 -ggdb -gdwarf-4 -gstrict-dwarf -ffreestanding -fmacro-prefix-map=/shim/= -fno-stack-protector -fno-strict-aliasing -fpic -fshort-wchar -nostdinc -Os -Wall -Wextra -Wno-missing-field-initializers -Wno-empty-body -Wno-implicit-fallthrough -Wno-old-style-declaration -Wno-unused-but-set-variable -Wno-unused-parameter -Werror -Wno-error=unused-but-set-variable -Wno-error=unused-parameter -I/shim/Cryptlib/OpenSSL -I/shim/Cryptlib -I/shim/Cryptlib/OpenSSL/Include/ -I/shim/Cryptlib/OpenSSL/crypto -I/shim/Cryptlib/Include -I/shim/gnu-efi/inc -I/shim/gnu-efi/inc/aarch64 -I/shim/gnu-efi/inc/protocol -I/shim/Cryptlib/OpenSSL/crypto/asn1 -I/shim/Cryptlib/OpenSSL/crypto/evp -I/shim/Cryptlib/OpenSSL/crypto/modes -I/shim/Cryptlib/OpenSSL/crypto/include -isystem /shim/include/system -isystem /usr/lib/gcc/aarch64-linux-gnu/14/include -DL_ENDIAN -D_CRT_SECURE_NO_DEPRECATE -D_CRT_NONSTDC_NO_DEPRECATE -DOPENSSL_SMALL_FOOTPRINT -DPEDANTIC -DMDE_CPU_AARCH64   -c -o crypto/ebcdic.o crypto/ebcdic.c
#14 84.85 gcc -std=gnu11 -ggdb -gdwarf-4 -gstrict-dwarf -ffreestanding -fmacro-prefix-map=/shim/= -fno-stack-protector -fno-strict-aliasing -fpic -fshort-wchar -nostdinc -Os -Wall -Wextra -Wno-missing-field-initializers -Wno-empty-body -Wno-implicit-fallthrough -Wno-old-style-declaration -Wno-unused-but-set-variable -Wno-unused-parameter -Werror -Wno-error=unused-but-set-variable -Wno-error=unused-parameter -I/shim/Cryptlib/OpenSSL -I/shim/Cryptlib -I/shim/Cryptlib/OpenSSL/Include/ -I/shim/Cryptlib/OpenSSL/crypto -I/shim/Cryptlib/Include -I/shim/gnu-efi/inc -I/shim/gnu-efi/inc/aarch64 -I/shim/gnu-efi/inc/protocol -I/shim/Cryptlib/OpenSSL/crypto/asn1 -I/shim/Cryptlib/OpenSSL/crypto/evp -I/shim/Cryptlib/OpenSSL/crypto/modes -I/shim/Cryptlib/OpenSSL/crypto/include -isystem /shim/include/system -isystem /usr/lib/gcc/aarch64-linux-gnu/14/include -DL_ENDIAN -D_CRT_SECURE_NO_DEPRECATE -D_CRT_NONSTDC_NO_DEPRECATE -DOPENSSL_SMALL_FOOTPRINT -DPEDANTIC -DMDE_CPU_AARCH64   -c -o crypto/uid.o crypto/uid.c
#14 85.32 gcc -std=gnu11 -ggdb -gdwarf-4 -gstrict-dwarf -ffreestanding -fmacro-prefix-map=/shim/= -fno-stack-protector -fno-strict-aliasing -fpic -fshort-wchar -Os -Wall -Wextra -Wno-missing-field-initializers -Werror -I/shim/gnu-efi/inc -I/shim/gnu-efi/inc/aarch64 -I/shim/gnu-efi/inc/protocol -I/shim/include -I/shim/Cryptlib/Include/openssl/ -I/shim/Cryptlib/Include/ -I/shim/Cryptlib -I/shim -isystem /shim/include/system -isystem /usr/lib/gcc/aarch64-linux-gnu/14/include -DDEFAULT_LOADER='L"\\\\igelaa64.efi"' -DDEFAULT_LOADER_CHAR='"\\\\igelaa64.efi"' -DEFI_ARCH='L"aa64"' -DDEBUGDIR='L"/usr/lib/debug/usr/share/shim/aa64-16.1-16.1/"' -DVENDOR_CERT_FILE=\"debian/igel-uefi-ca.der\" -DVENDOR_DBX_FILE=\"dbx.esl\" -DSBAT_AUTOMATIC_DATE=2025021800 -DMDE_CPU_AARCH64   -c -o string.o string.c
#14 85.53 gcc -I/shim/gnu-efi//lib -I/shim/gnu-efi/inc -I/shim/gnu-efi/inc/aarch64 -I/shim/gnu-efi/inc/protocol -Wno-error=pragmas -fpic  -Os -Wall -Wextra -Wno-missing-field-initializers -Werror -fshort-wchar -fno-strict-aliasing -ffreestanding -fno-stack-protector -fno-stack-check -nostdinc   -isystem /shim/gnu-efi/../include/system -isystem /usr/lib/gcc/aarch64-linux-gnu/14/include -fno-merge-all-constants -DCONFIG_aarch64 -c /shim/gnu-efi//lib/error.c -o error.o
#14 85.62 gcc -std=gnu11 -ggdb -gdwarf-4 -gstrict-dwarf -ffreestanding -fmacro-prefix-map=/shim/= -fno-stack-protector -fno-strict-aliasing -fpic -fshort-wchar -nostdinc -Os -Wall -Wextra -Wno-missing-field-initializers -Wno-unused-parameter -Wno-unused-but-set-variable -Werror -Wno-error=unused-but-set-variable -Wno-error=unused-parameter -I/shim/Cryptlib -I/shim/Cryptlib/Include -I/shim/gnu-efi/inc -I/shim/gnu-efi/inc/aarch64 -I/shim/gnu-efi/inc/protocol -isystem /shim/include/system -isystem /usr/lib/gcc/aarch64-linux-gnu/14/include -DDEFAULT_LOADER='L"\\\\igelaa64.efi"' -DDEFAULT_LOADER_CHAR='"\\\\igelaa64.efi"' -DEFI_ARCH='L"aa64"' -DDEBUGDIR='L"/usr/lib/debug/usr/share/shim/aa64-16.1-16.1/"' -DVENDOR_CERT_FILE=\"debian/igel-uefi-ca.der\" -DVENDOR_DBX_FILE=\"dbx.esl\" -DSBAT_AUTOMATIC_DATE=2025021800 -DMDE_CPU_AARCH64   -c -o Pk/CryptRsaExtNull.o Pk/CryptRsaExtNull.c
#14 86.24 gcc -std=gnu11 -ggdb -gdwarf-4 -gstrict-dwarf -ffreestanding -fmacro-prefix-map=/shim/= -fno-stack-protector -fno-strict-aliasing -fpic -fshort-wchar -nostdinc -Os -Wall -Wextra -Wno-missing-field-initializers -Wno-empty-body -Wno-implicit-fallthrough -Wno-old-style-declaration -Wno-unused-but-set-variable -Wno-unused-parameter -Werror -Wno-error=unused-but-set-variable -Wno-error=unused-parameter -I/shim/Cryptlib/OpenSSL -I/shim/Cryptlib -I/shim/Cryptlib/OpenSSL/Include/ -I/shim/Cryptlib/OpenSSL/crypto -I/shim/Cryptlib/Include -I/shim/gnu-efi/inc -I/shim/gnu-efi/inc/aarch64 -I/shim/gnu-efi/inc/protocol -I/shim/Cryptlib/OpenSSL/crypto/asn1 -I/shim/Cryptlib/OpenSSL/crypto/evp -I/shim/Cryptlib/OpenSSL/crypto/modes -I/shim/Cryptlib/OpenSSL/crypto/include -isystem /shim/include/system -isystem /usr/lib/gcc/aarch64-linux-gnu/14/include -DL_ENDIAN -D_CRT_SECURE_NO_DEPRECATE -D_CRT_NONSTDC_NO_DEPRECATE -DOPENSSL_SMALL_FOOTPRINT -DPEDANTIC -DMDE_CPU_AARCH64   -c -o crypto/o_time.o crypto/o_time.c
#14 86.67 gcc -std=gnu11 -ggdb -gdwarf-4 -gstrict-dwarf -ffreestanding -fmacro-prefix-map=/shim/= -fno-stack-protector -fno-strict-aliasing -fpic -fshort-wchar -nostdinc -Os -Wall -Wextra -Wno-missing-field-initializers -Wno-unused-parameter -Wno-unused-but-set-variable -Werror -Wno-error=unused-but-set-variable -Wno-error=unused-parameter -I/shim/Cryptlib -I/shim/Cryptlib/Include -I/shim/gnu-efi/inc -I/shim/gnu-efi/inc/aarch64 -I/shim/gnu-efi/inc/protocol -isystem /shim/include/system -isystem /usr/lib/gcc/aarch64-linux-gnu/14/include -DDEFAULT_LOADER='L"\\\\igelaa64.efi"' -DDEFAULT_LOADER_CHAR='"\\\\igelaa64.efi"' -DEFI_ARCH='L"aa64"' -DDEBUGDIR='L"/usr/lib/debug/usr/share/shim/aa64-16.1-16.1/"' -DVENDOR_CERT_FILE=\"debian/igel-uefi-ca.der\" -DVENDOR_DBX_FILE=\"dbx.esl\" -DSBAT_AUTOMATIC_DATE=2025021800 -DMDE_CPU_AARCH64   -c -o Pk/CryptPkcs7SignNull.o Pk/CryptPkcs7SignNull.c
#14 87.06 gcc -I/shim/gnu-efi//lib -I/shim/gnu-efi/inc -I/shim/gnu-efi/inc/aarch64 -I/shim/gnu-efi/inc/protocol -Wno-error=pragmas -fpic  -Os -Wall -Wextra -Wno-missing-field-initializers -Werror -fshort-wchar -fno-strict-aliasing -ffreestanding -fno-stack-protector -fno-stack-check -nostdinc   -isystem /shim/gnu-efi/../include/system -isystem /usr/lib/gcc/aarch64-linux-gnu/14/include -fno-merge-all-constants -DCONFIG_aarch64 -c /shim/gnu-efi//lib/event.c -o event.o
#14 87.75 gcc -std=gnu11 -ggdb -gdwarf-4 -gstrict-dwarf -ffreestanding -fmacro-prefix-map=/shim/= -fno-stack-protector -fno-strict-aliasing -fpic -fshort-wchar -nostdinc -Os -Wall -Wextra -Wno-missing-field-initializers -Wno-unused-parameter -Wno-unused-but-set-variable -Werror -Wno-error=unused-but-set-variable -Wno-error=unused-parameter -I/shim/Cryptlib -I/shim/Cryptlib/Include -I/shim/gnu-efi/inc -I/shim/gnu-efi/inc/aarch64 -I/shim/gnu-efi/inc/protocol -isystem /shim/include/system -isystem /usr/lib/gcc/aarch64-linux-gnu/14/include -DDEFAULT_LOADER='L"\\\\igelaa64.efi"' -DDEFAULT_LOADER_CHAR='"\\\\igelaa64.efi"' -DEFI_ARCH='L"aa64"' -DDEBUGDIR='L"/usr/lib/debug/usr/share/shim/aa64-16.1-16.1/"' -DVENDOR_CERT_FILE=\"debian/igel-uefi-ca.der\" -DVENDOR_DBX_FILE=\"dbx.esl\" -DSBAT_AUTOMATIC_DATE=2025021800 -DMDE_CPU_AARCH64   -c -o Pk/CryptPkcs7Verify.o Pk/CryptPkcs7Verify.c
#14 88.16 gcc -std=gnu11 -ggdb -gdwarf-4 -gstrict-dwarf -ffreestanding -fmacro-prefix-map=/shim/= -fno-stack-protector -fno-strict-aliasing -fpic -fshort-wchar -Os -Wall -Wextra -Wno-missing-field-initializers -Werror -I/shim/gnu-efi/inc -I/shim/gnu-efi/inc/aarch64 -I/shim/gnu-efi/inc/protocol -I/shim/include -I/shim/Cryptlib/Include/openssl/ -I/shim/Cryptlib/Include/ -I/shim/Cryptlib -I/shim -isystem /shim/include/system -isystem /usr/lib/gcc/aarch64-linux-gnu/14/include -DDEFAULT_LOADER='L"\\\\igelaa64.efi"' -DDEFAULT_LOADER_CHAR='"\\\\igelaa64.efi"' -DEFI_ARCH='L"aa64"' -DDEBUGDIR='L"/usr/lib/debug/usr/share/shim/aa64-16.1-16.1/"' -DVENDOR_CERT_FILE=\"debian/igel-uefi-ca.der\" -DVENDOR_DBX_FILE=\"dbx.esl\" -DSBAT_AUTOMATIC_DATE=2025021800 -DMDE_CPU_AARCH64   -c -o variables.o variables.c
#14 88.51 gcc -std=gnu11 -ggdb -gdwarf-4 -gstrict-dwarf -ffreestanding -fmacro-prefix-map=/shim/= -fno-stack-protector -fno-strict-aliasing -fpic -fshort-wchar -nostdinc -Os -Wall -Wextra -Wno-missing-field-initializers -Wno-empty-body -Wno-implicit-fallthrough -Wno-old-style-declaration -Wno-unused-but-set-variable -Wno-unused-parameter -Werror -Wno-error=unused-but-set-variable -Wno-error=unused-parameter -I/shim/Cryptlib/OpenSSL -I/shim/Cryptlib -I/shim/Cryptlib/OpenSSL/Include/ -I/shim/Cryptlib/OpenSSL/crypto -I/shim/Cryptlib/Include -I/shim/gnu-efi/inc -I/shim/gnu-efi/inc/aarch64 -I/shim/gnu-efi/inc/protocol -I/shim/Cryptlib/OpenSSL/crypto/asn1 -I/shim/Cryptlib/OpenSSL/crypto/evp -I/shim/Cryptlib/OpenSSL/crypto/modes -I/shim/Cryptlib/OpenSSL/crypto/include -isystem /shim/include/system -isystem /usr/lib/gcc/aarch64-linux-gnu/14/include -DL_ENDIAN -D_CRT_SECURE_NO_DEPRECATE -D_CRT_NONSTDC_NO_DEPRECATE -DOPENSSL_SMALL_FOOTPRINT -DPEDANTIC -DMDE_CPU_AARCH64   -c -o crypto/o_str.o crypto/o_str.c
#14 88.83 gcc -I/shim/gnu-efi//lib -I/shim/gnu-efi/inc -I/shim/gnu-efi/inc/aarch64 -I/shim/gnu-efi/inc/protocol -Wno-error=pragmas -fpic  -Os -Wall -Wextra -Wno-missing-field-initializers -Werror -fshort-wchar -fno-strict-aliasing -ffreestanding -fno-stack-protector -fno-stack-check -nostdinc   -isystem /shim/gnu-efi/../include/system -isystem /usr/lib/gcc/aarch64-linux-gnu/14/include -fno-merge-all-constants -DCONFIG_aarch64 -c /shim/gnu-efi//lib/exit.c -o exit.o
#14 90.23 gcc -I/shim/gnu-efi//lib -I/shim/gnu-efi/inc -I/shim/gnu-efi/inc/aarch64 -I/shim/gnu-efi/inc/protocol -Wno-error=pragmas -fpic  -Os -Wall -Wextra -Wno-missing-field-initializers -Werror -fshort-wchar -fno-strict-aliasing -ffreestanding -fno-stack-protector -fno-stack-check -nostdinc   -isystem /shim/gnu-efi/../include/system -isystem /usr/lib/gcc/aarch64-linux-gnu/14/include -fno-merge-all-constants -DCONFIG_aarch64 -c /shim/gnu-efi//lib/guid.c -o guid.o
#14 90.28 gcc -std=gnu11 -ggdb -gdwarf-4 -gstrict-dwarf -ffreestanding -fmacro-prefix-map=/shim/= -fno-stack-protector -fno-strict-aliasing -fpic -fshort-wchar -nostdinc -Os -Wall -Wextra -Wno-missing-field-initializers -Wno-empty-body -Wno-implicit-fallthrough -Wno-old-style-declaration -Wno-unused-but-set-variable -Wno-unused-parameter -Werror -Wno-error=unused-but-set-variable -Wno-error=unused-parameter -I/shim/Cryptlib/OpenSSL -I/shim/Cryptlib -I/shim/Cryptlib/OpenSSL/Include/ -I/shim/Cryptlib/OpenSSL/crypto -I/shim/Cryptlib/Include -I/shim/gnu-efi/inc -I/shim/gnu-efi/inc/aarch64 -I/shim/gnu-efi/inc/protocol -I/shim/Cryptlib/OpenSSL/crypto/asn1 -I/shim/Cryptlib/OpenSSL/crypto/evp -I/shim/Cryptlib/OpenSSL/crypto/modes -I/shim/Cryptlib/OpenSSL/crypto/include -isystem /shim/include/system -isystem /usr/lib/gcc/aarch64-linux-gnu/14/include -DL_ENDIAN -D_CRT_SECURE_NO_DEPRECATE -D_CRT_NONSTDC_NO_DEPRECATE -DOPENSSL_SMALL_FOOTPRINT -DPEDANTIC -DMDE_CPU_AARCH64   -c -o crypto/o_dir.o crypto/o_dir.c
#14 91.15 gcc -std=gnu11 -ggdb -gdwarf-4 -gstrict-dwarf -ffreestanding -fmacro-prefix-map=/shim/= -fno-stack-protector -fno-strict-aliasing -fpic -fshort-wchar -nostdinc -Os -Wall -Wextra -Wno-missing-field-initializers -Wno-unused-parameter -Wno-unused-but-set-variable -Werror -Wno-error=unused-but-set-variable -Wno-error=unused-parameter -I/shim/Cryptlib -I/shim/Cryptlib/Include -I/shim/gnu-efi/inc -I/shim/gnu-efi/inc/aarch64 -I/shim/gnu-efi/inc/protocol -isystem /shim/include/system -isystem /usr/lib/gcc/aarch64-linux-gnu/14/include -DDEFAULT_LOADER='L"\\\\igelaa64.efi"' -DDEFAULT_LOADER_CHAR='"\\\\igelaa64.efi"' -DEFI_ARCH='L"aa64"' -DDEBUGDIR='L"/usr/lib/debug/usr/share/shim/aa64-16.1-16.1/"' -DVENDOR_CERT_FILE=\"debian/igel-uefi-ca.der\" -DVENDOR_DBX_FILE=\"dbx.esl\" -DSBAT_AUTOMATIC_DATE=2025021800 -DMDE_CPU_AARCH64   -c -o Pk/CryptDhNull.o Pk/CryptDhNull.c
#14 91.56 gcc -std=gnu11 -ggdb -gdwarf-4 -gstrict-dwarf -ffreestanding -fmacro-prefix-map=/shim/= -fno-stack-protector -fno-strict-aliasing -fpic -fshort-wchar -nostdinc -Os -Wall -Wextra -Wno-missing-field-initializers -Wno-empty-body -Wno-implicit-fallthrough -Wno-old-style-declaration -Wno-unused-but-set-variable -Wno-unused-parameter -Werror -Wno-error=unused-but-set-variable -Wno-error=unused-parameter -I/shim/Cryptlib/OpenSSL -I/shim/Cryptlib -I/shim/Cryptlib/OpenSSL/Include/ -I/shim/Cryptlib/OpenSSL/crypto -I/shim/Cryptlib/Include -I/shim/gnu-efi/inc -I/shim/gnu-efi/inc/aarch64 -I/shim/gnu-efi/inc/protocol -I/shim/Cryptlib/OpenSSL/crypto/asn1 -I/shim/Cryptlib/OpenSSL/crypto/evp -I/shim/Cryptlib/OpenSSL/crypto/modes -I/shim/Cryptlib/OpenSSL/crypto/include -isystem /shim/include/system -isystem /usr/lib/gcc/aarch64-linux-gnu/14/include -DL_ENDIAN -D_CRT_SECURE_NO_DEPRECATE -D_CRT_NONSTDC_NO_DEPRECATE -DOPENSSL_SMALL_FOOTPRINT -DPEDANTIC -DMDE_CPU_AARCH64   -c -o crypto/o_fips.o crypto/o_fips.c
#14 91.66 ar rcs lib.a configtable.o console.o execute.o guid.o print_crypto.o security_policy.o shell.o simple_file.o string.o variables.o
#14 91.79 make: Leaving directory '/shim/lib'
#14 91.80 mkdir -p gnu-efi/lib gnu-efi/gnuefi
#14 91.97 make -C gnu-efi \
#14 91.97 	COMPILER="gcc" \
#14 91.97 	CCC_CC="gcc" \
#14 91.97 	CC="gcc" \
#14 91.97 	ARCH=aarch64 \
#14 91.97 	TOPDIR=/shim/gnu-efi \
#14 91.97 	-f /shim/gnu-efi/Makefile \
#14 91.97 	lib gnuefi inc 
#14 92.08 make: Entering directory '/shim/gnu-efi'
#14 92.16 gcc -I/shim/gnu-efi//lib -I/shim/gnu-efi/inc -I/shim/gnu-efi/inc/aarch64 -I/shim/gnu-efi/inc/protocol -Wno-error=pragmas -fpic  -Os -Wall -Wextra -Wno-missing-field-initializers -Werror -fshort-wchar -fno-strict-aliasing -ffreestanding -fno-stack-protector -fno-stack-check -nostdinc   -isystem /shim/gnu-efi/../include/system -isystem /usr/lib/gcc/aarch64-linux-gnu/14/include -fno-merge-all-constants -DCONFIG_aarch64 -c /shim/gnu-efi//lib/hand.c -o hand.o
#14 92.26 mkdir -p /shim/gnu-efi/aarch64/lib
#14 92.48 make -C /shim/gnu-efi/aarch64/lib -f /shim/gnu-efi//lib/Makefile SRCDIR=/shim/gnu-efi//lib ARCH=aarch64
#14 92.57 make: Entering directory '/shim/gnu-efi/aarch64/lib'
#14 92.69 gcc -std=gnu11 -ggdb -gdwarf-4 -gstrict-dwarf -ffreestanding -fmacro-prefix-map=/shim/= -fno-stack-protector -fno-strict-aliasing -fpic -fshort-wchar -nostdinc -Os -Wall -Wextra -Wno-missing-field-initializers -Wno-unused-parameter -Wno-unused-but-set-variable -Werror -Wno-error=unused-but-set-variable -Wno-error=unused-parameter -I/shim/Cryptlib -I/shim/Cryptlib/Include -I/shim/gnu-efi/inc -I/shim/gnu-efi/inc/aarch64 -I/shim/gnu-efi/inc/protocol -isystem /shim/include/system -isystem /usr/lib/gcc/aarch64-linux-gnu/14/include -DDEFAULT_LOADER='L"\\\\igelaa64.efi"' -DDEFAULT_LOADER_CHAR='"\\\\igelaa64.efi"' -DEFI_ARCH='L"aa64"' -DDEBUGDIR='L"/usr/lib/debug/usr/share/shim/aa64-16.1-16.1/"' -DVENDOR_CERT_FILE=\"debian/igel-uefi-ca.der\" -DVENDOR_DBX_FILE=\"dbx.esl\" -DSBAT_AUTOMATIC_DATE=2025021800 -DMDE_CPU_AARCH64   -c -o Pk/CryptTs.o Pk/CryptTs.c
#14 93.13 gcc -std=gnu11 -ggdb -gdwarf-4 -gstrict-dwarf -ffreestanding -fmacro-prefix-map=/shim/= -fno-stack-protector -fno-strict-aliasing -fpic -fshort-wchar -nostdinc -Os -Wall -Wextra -Wno-missing-field-initializers -Wno-empty-body -Wno-implicit-fallthrough -Wno-old-style-declaration -Wno-unused-but-set-variable -Wno-unused-parameter -Werror -Wno-error=unused-but-set-variable -Wno-error=unused-parameter -I/shim/Cryptlib/OpenSSL -I/shim/Cryptlib -I/shim/Cryptlib/OpenSSL/Include/ -I/shim/Cryptlib/OpenSSL/crypto -I/shim/Cryptlib/Include -I/shim/gnu-efi/inc -I/shim/gnu-efi/inc/aarch64 -I/shim/gnu-efi/inc/protocol -I/shim/Cryptlib/OpenSSL/crypto/asn1 -I/shim/Cryptlib/OpenSSL/crypto/evp -I/shim/Cryptlib/OpenSSL/crypto/modes -I/shim/Cryptlib/OpenSSL/crypto/include -isystem /shim/include/system -isystem /usr/lib/gcc/aarch64-linux-gnu/14/include -DL_ENDIAN -D_CRT_SECURE_NO_DEPRECATE -D_CRT_NONSTDC_NO_DEPRECATE -DOPENSSL_SMALL_FOOTPRINT -DPEDANTIC -DMDE_CPU_AARCH64   -c -o crypto/o_init.o crypto/o_init.c
#14 93.26 gcc -I/shim/gnu-efi//lib -I/shim/gnu-efi/inc -I/shim/gnu-efi/inc/aarch64 -I/shim/gnu-efi/inc/protocol -Wno-error=pragmas -fpic  -Os -Wall -Wextra -Wno-missing-field-initializers -Werror -fshort-wchar -fno-strict-aliasing -ffreestanding -fno-stack-protector -fno-stack-check -nostdinc   -isystem /shim/gnu-efi/../include/system -isystem /usr/lib/gcc/aarch64-linux-gnu/14/include -fno-merge-all-constants -DCONFIG_aarch64 -c /shim/gnu-efi//lib/hand.c -o hand.o
#14 94.28 gcc -std=gnu11 -ggdb -gdwarf-4 -gstrict-dwarf -ffreestanding -fmacro-prefix-map=/shim/= -fno-stack-protector -fno-strict-aliasing -fpic -fshort-wchar -nostdinc -Os -Wall -Wextra -Wno-missing-field-initializers -Wno-empty-body -Wno-implicit-fallthrough -Wno-old-style-declaration -Wno-unused-but-set-variable -Wno-unused-parameter -Werror -Wno-error=unused-but-set-variable -Wno-error=unused-parameter -I/shim/Cryptlib/OpenSSL -I/shim/Cryptlib -I/shim/Cryptlib/OpenSSL/Include/ -I/shim/Cryptlib/OpenSSL/crypto -I/shim/Cryptlib/Include -I/shim/gnu-efi/inc -I/shim/gnu-efi/inc/aarch64 -I/shim/gnu-efi/inc/protocol -I/shim/Cryptlib/OpenSSL/crypto/asn1 -I/shim/Cryptlib/OpenSSL/crypto/evp -I/shim/Cryptlib/OpenSSL/crypto/modes -I/shim/Cryptlib/OpenSSL/crypto/include -isystem /shim/include/system -isystem /usr/lib/gcc/aarch64-linux-gnu/14/include -DL_ENDIAN -D_CRT_SECURE_NO_DEPRECATE -D_CRT_NONSTDC_NO_DEPRECATE -DOPENSSL_SMALL_FOOTPRINT -DPEDANTIC -DMDE_CPU_AARCH64   -c -o crypto/fips_ers.o crypto/fips_ers.c
#14 94.77 gcc -std=gnu11 -ggdb -gdwarf-4 -gstrict-dwarf -ffreestanding -fmacro-prefix-map=/shim/= -fno-stack-protector -fno-strict-aliasing -fpic -fshort-wchar -nostdinc -Os -Wall -Wextra -Wno-missing-field-initializers -Wno-empty-body -Wno-implicit-fallthrough -Wno-old-style-declaration -Wno-unused-but-set-variable -Wno-unused-parameter -Werror -Wno-error=unused-but-set-variable -Wno-error=unused-parameter -I/shim/Cryptlib/OpenSSL -I/shim/Cryptlib -I/shim/Cryptlib/OpenSSL/Include/ -I/shim/Cryptlib/OpenSSL/crypto -I/shim/Cryptlib/Include -I/shim/gnu-efi/inc -I/shim/gnu-efi/inc/aarch64 -I/shim/gnu-efi/inc/protocol -I/shim/Cryptlib/OpenSSL/crypto/asn1 -I/shim/Cryptlib/OpenSSL/crypto/evp -I/shim/Cryptlib/OpenSSL/crypto/modes -I/shim/Cryptlib/OpenSSL/crypto/include -isystem /shim/include/system -isystem /usr/lib/gcc/aarch64-linux-gnu/14/include -DL_ENDIAN -D_CRT_SECURE_NO_DEPRECATE -D_CRT_NONSTDC_NO_DEPRECATE -DOPENSSL_SMALL_FOOTPRINT -DPEDANTIC -DMDE_CPU_AARCH64   -c -o crypto/md5/md5_dgst.o crypto/md5/md5_dgst.c
#14 95.10 gcc -I/shim/gnu-efi//lib -I/shim/gnu-efi/inc -I/shim/gnu-efi/inc/aarch64 -I/shim/gnu-efi/inc/protocol -Wno-error=pragmas -fpic  -Os -Wall -Wextra -Wno-missing-field-initializers -Werror -fshort-wchar -fno-strict-aliasing -ffreestanding -fno-stack-protector -fno-stack-check -nostdinc   -isystem /shim/gnu-efi/../include/system -isystem /usr/lib/gcc/aarch64-linux-gnu/14/include -fno-merge-all-constants -DCONFIG_aarch64 -c /shim/gnu-efi//lib/hw.c -o hw.o
#14 95.66 gcc -std=gnu11 -ggdb -gdwarf-4 -gstrict-dwarf -ffreestanding -fmacro-prefix-map=/shim/= -fno-stack-protector -fno-strict-aliasing -fpic -fshort-wchar -nostdinc -Os -Wall -Wextra -Wno-missing-field-initializers -Wno-unused-parameter -Wno-unused-but-set-variable -Werror -Wno-error=unused-but-set-variable -Wno-error=unused-parameter -I/shim/Cryptlib -I/shim/Cryptlib/Include -I/shim/gnu-efi/inc -I/shim/gnu-efi/inc/aarch64 -I/shim/gnu-efi/inc/protocol -isystem /shim/include/system -isystem /usr/lib/gcc/aarch64-linux-gnu/14/include -DDEFAULT_LOADER='L"\\\\igelaa64.efi"' -DDEFAULT_LOADER_CHAR='"\\\\igelaa64.efi"' -DEFI_ARCH='L"aa64"' -DDEBUGDIR='L"/usr/lib/debug/usr/share/shim/aa64-16.1-16.1/"' -DVENDOR_CERT_FILE=\"debian/igel-uefi-ca.der\" -DVENDOR_DBX_FILE=\"dbx.esl\" -DSBAT_AUTOMATIC_DATE=2025021800 -DMDE_CPU_AARCH64   -c -o Pk/CryptX509.o Pk/CryptX509.c
#14 96.11 gcc -I/shim/gnu-efi//lib -I/shim/gnu-efi/inc -I/shim/gnu-efi/inc/aarch64 -I/shim/gnu-efi/inc/protocol -Wno-error=pragmas -fpic  -Os -Wall -Wextra -Wno-missing-field-initializers -Werror -fshort-wchar -fno-strict-aliasing -ffreestanding -fno-stack-protector -fno-stack-check -nostdinc   -isystem /shim/gnu-efi/../include/system -isystem /usr/lib/gcc/aarch64-linux-gnu/14/include -fno-merge-all-constants -DCONFIG_aarch64 -c /shim/gnu-efi//lib/hw.c -o hw.o
#14 96.62 gcc -I/shim/gnu-efi//lib -I/shim/gnu-efi/inc -I/shim/gnu-efi/inc/aarch64 -I/shim/gnu-efi/inc/protocol -Wno-error=pragmas -fpic  -Os -Wall -Wextra -Wno-missing-field-initializers -Werror -fshort-wchar -fno-strict-aliasing -ffreestanding -fno-stack-protector -fno-stack-check -nostdinc   -isystem /shim/gnu-efi/../include/system -isystem /usr/lib/gcc/aarch64-linux-gnu/14/include -fno-merge-all-constants -DCONFIG_aarch64 -c /shim/gnu-efi//lib/init.c -o init.o
#14 97.79 gcc -I/shim/gnu-efi//lib -I/shim/gnu-efi/inc -I/shim/gnu-efi/inc/aarch64 -I/shim/gnu-efi/inc/protocol -Wno-error=pragmas -fpic  -Os -Wall -Wextra -Wno-missing-field-initializers -Werror -fshort-wchar -fno-strict-aliasing -ffreestanding -fno-stack-protector -fno-stack-check -nostdinc   -isystem /shim/gnu-efi/../include/system -isystem /usr/lib/gcc/aarch64-linux-gnu/14/include -fno-merge-all-constants -DCONFIG_aarch64 -c /shim/gnu-efi//lib/init.c -o init.o
#14 97.81 gcc -std=gnu11 -ggdb -gdwarf-4 -gstrict-dwarf -ffreestanding -fmacro-prefix-map=/shim/= -fno-stack-protector -fno-strict-aliasing -fpic -fshort-wchar -nostdinc -Os -Wall -Wextra -Wno-missing-field-initializers -Wno-empty-body -Wno-implicit-fallthrough -Wno-old-style-declaration -Wno-unused-but-set-variable -Wno-unused-parameter -Werror -Wno-error=unused-but-set-variable -Wno-error=unused-parameter -I/shim/Cryptlib/OpenSSL -I/shim/Cryptlib -I/shim/Cryptlib/OpenSSL/Include/ -I/shim/Cryptlib/OpenSSL/crypto -I/shim/Cryptlib/Include -I/shim/gnu-efi/inc -I/shim/gnu-efi/inc/aarch64 -I/shim/gnu-efi/inc/protocol -I/shim/Cryptlib/OpenSSL/crypto/asn1 -I/shim/Cryptlib/OpenSSL/crypto/evp -I/shim/Cryptlib/OpenSSL/crypto/modes -I/shim/Cryptlib/OpenSSL/crypto/include -isystem /shim/include/system -isystem /usr/lib/gcc/aarch64-linux-gnu/14/include -DL_ENDIAN -D_CRT_SECURE_NO_DEPRECATE -D_CRT_NONSTDC_NO_DEPRECATE -DOPENSSL_SMALL_FOOTPRINT -DPEDANTIC -DMDE_CPU_AARCH64   -c -o crypto/md5/md5_one.o crypto/md5/md5_one.c
#14 98.26 gcc -std=gnu11 -ggdb -gdwarf-4 -gstrict-dwarf -ffreestanding -fmacro-prefix-map=/shim/= -fno-stack-protector -fno-strict-aliasing -fpic -fshort-wchar -nostdinc -Os -Wall -Wextra -Wno-missing-field-initializers -Wno-unused-parameter -Wno-unused-but-set-variable -Werror -Wno-error=unused-but-set-variable -Wno-error=unused-parameter -I/shim/Cryptlib -I/shim/Cryptlib/Include -I/shim/gnu-efi/inc -I/shim/gnu-efi/inc/aarch64 -I/shim/gnu-efi/inc/protocol -isystem /shim/include/system -isystem /usr/lib/gcc/aarch64-linux-gnu/14/include -DDEFAULT_LOADER='L"\\\\igelaa64.efi"' -DDEFAULT_LOADER_CHAR='"\\\\igelaa64.efi"' -DEFI_ARCH='L"aa64"' -DDEBUGDIR='L"/usr/lib/debug/usr/share/shim/aa64-16.1-16.1/"' -DVENDOR_CERT_FILE=\"debian/igel-uefi-ca.der\" -DVENDOR_DBX_FILE=\"dbx.esl\" -DSBAT_AUTOMATIC_DATE=2025021800 -DMDE_CPU_AARCH64   -c -o Pk/CryptAuthenticode.o Pk/CryptAuthenticode.c
#14 98.78 gcc -I/shim/gnu-efi//lib -I/shim/gnu-efi/inc -I/shim/gnu-efi/inc/aarch64 -I/shim/gnu-efi/inc/protocol -Wno-error=pragmas -fpic  -Os -Wall -Wextra -Wno-missing-field-initializers -Werror -fshort-wchar -fno-strict-aliasing -ffreestanding -fno-stack-protector -fno-stack-check -nostdinc   -isystem /shim/gnu-efi/../include/system -isystem /usr/lib/gcc/aarch64-linux-gnu/14/include -fno-merge-all-constants -DCONFIG_aarch64 -c /shim/gnu-efi//lib/lock.c -o lock.o
#14 99.45 gcc -std=gnu11 -ggdb -gdwarf-4 -gstrict-dwarf -ffreestanding -fmacro-prefix-map=/shim/= -fno-stack-protector -fno-strict-aliasing -fpic -fshort-wchar -nostdinc -Os -Wall -Wextra -Wno-missing-field-initializers -Wno-empty-body -Wno-implicit-fallthrough -Wno-old-style-declaration -Wno-unused-but-set-variable -Wno-unused-parameter -Werror -Wno-error=unused-but-set-variable -Wno-error=unused-parameter -I/shim/Cryptlib/OpenSSL -I/shim/Cryptlib -I/shim/Cryptlib/OpenSSL/Include/ -I/shim/Cryptlib/OpenSSL/crypto -I/shim/Cryptlib/Include -I/shim/gnu-efi/inc -I/shim/gnu-efi/inc/aarch64 -I/shim/gnu-efi/inc/protocol -I/shim/Cryptlib/OpenSSL/crypto/asn1 -I/shim/Cryptlib/OpenSSL/crypto/evp -I/shim/Cryptlib/OpenSSL/crypto/modes -I/shim/Cryptlib/OpenSSL/crypto/include -isystem /shim/include/system -isystem /usr/lib/gcc/aarch64-linux-gnu/14/include -DL_ENDIAN -D_CRT_SECURE_NO_DEPRECATE -D_CRT_NONSTDC_NO_DEPRECATE -DOPENSSL_SMALL_FOOTPRINT -DPEDANTIC -DMDE_CPU_AARCH64   -c -o crypto/sha/sha_dgst.o crypto/sha/sha_dgst.c
#14 100.0 gcc -std=gnu11 -ggdb -gdwarf-4 -gstrict-dwarf -ffreestanding -fmacro-prefix-map=/shim/= -fno-stack-protector -fno-strict-aliasing -fpic -fshort-wchar -nostdinc -Os -Wall -Wextra -Wno-missing-field-initializers -Wno-empty-body -Wno-implicit-fallthrough -Wno-old-style-declaration -Wno-unused-but-set-variable -Wno-unused-parameter -Werror -Wno-error=unused-but-set-variable -Wno-error=unused-parameter -I/shim/Cryptlib/OpenSSL -I/shim/Cryptlib -I/shim/Cryptlib/OpenSSL/Include/ -I/shim/Cryptlib/OpenSSL/crypto -I/shim/Cryptlib/Include -I/shim/gnu-efi/inc -I/shim/gnu-efi/inc/aarch64 -I/shim/gnu-efi/inc/protocol -I/shim/Cryptlib/OpenSSL/crypto/asn1 -I/shim/Cryptlib/OpenSSL/crypto/evp -I/shim/Cryptlib/OpenSSL/crypto/modes -I/shim/Cryptlib/OpenSSL/crypto/include -isystem /shim/include/system -isystem /usr/lib/gcc/aarch64-linux-gnu/14/include -DL_ENDIAN -D_CRT_SECURE_NO_DEPRECATE -D_CRT_NONSTDC_NO_DEPRECATE -DOPENSSL_SMALL_FOOTPRINT -DPEDANTIC -DMDE_CPU_AARCH64   -c -o crypto/sha/sha1dgst.o crypto/sha/sha1dgst.c
#14 100.2 gcc -I/shim/gnu-efi//lib -I/shim/gnu-efi/inc -I/shim/gnu-efi/inc/aarch64 -I/shim/gnu-efi/inc/protocol -Wno-error=pragmas -fpic  -Os -Wall -Wextra -Wno-missing-field-initializers -Werror -fshort-wchar -fno-strict-aliasing -ffreestanding -fno-stack-protector -fno-stack-check -nostdinc   -isystem /shim/gnu-efi/../include/system -isystem /usr/lib/gcc/aarch64-linux-gnu/14/include -fno-merge-all-constants -DCONFIG_aarch64 -c /shim/gnu-efi//lib/misc.c -o misc.o
#14 100.2 gcc -I/shim/gnu-efi//lib -I/shim/gnu-efi/inc -I/shim/gnu-efi/inc/aarch64 -I/shim/gnu-efi/inc/protocol -Wno-error=pragmas -fpic  -Os -Wall -Wextra -Wno-missing-field-initializers -Werror -fshort-wchar -fno-strict-aliasing -ffreestanding -fno-stack-protector -fno-stack-check -nostdinc   -isystem /shim/gnu-efi/../include/system -isystem /usr/lib/gcc/aarch64-linux-gnu/14/include -fno-merge-all-constants -DCONFIG_aarch64 -c /shim/gnu-efi//lib/lock.c -o lock.o
#14 100.8 gcc -std=gnu11 -ggdb -gdwarf-4 -gstrict-dwarf -ffreestanding -fmacro-prefix-map=/shim/= -fno-stack-protector -fno-strict-aliasing -fpic -fshort-wchar -nostdinc -Os -Wall -Wextra -Wno-missing-field-initializers -Wno-unused-parameter -Wno-unused-but-set-variable -Werror -Wno-error=unused-but-set-variable -Wno-error=unused-parameter -I/shim/Cryptlib -I/shim/Cryptlib/Include -I/shim/gnu-efi/inc -I/shim/gnu-efi/inc/aarch64 -I/shim/gnu-efi/inc/protocol -isystem /shim/include/system -isystem /usr/lib/gcc/aarch64-linux-gnu/14/include -DDEFAULT_LOADER='L"\\\\igelaa64.efi"' -DDEFAULT_LOADER_CHAR='"\\\\igelaa64.efi"' -DEFI_ARCH='L"aa64"' -DDEBUGDIR='L"/usr/lib/debug/usr/share/shim/aa64-16.1-16.1/"' -DVENDOR_CERT_FILE=\"debian/igel-uefi-ca.der\" -DVENDOR_DBX_FILE=\"dbx.esl\" -DSBAT_AUTOMATIC_DATE=2025021800 -DMDE_CPU_AARCH64   -c -o Pem/CryptPemNull.o Pem/CryptPemNull.c
#14 101.4 gcc -I/shim/gnu-efi//lib -I/shim/gnu-efi/inc -I/shim/gnu-efi/inc/aarch64 -I/shim/gnu-efi/inc/protocol -Wno-error=pragmas -fpic  -Os -Wall -Wextra -Wno-missing-field-initializers -Werror -fshort-wchar -fno-strict-aliasing -ffreestanding -fno-stack-protector -fno-stack-check -nostdinc   -isystem /shim/gnu-efi/../include/system -isystem /usr/lib/gcc/aarch64-linux-gnu/14/include -fno-merge-all-constants -DCONFIG_aarch64 -c /shim/gnu-efi//lib/misc.c -o misc.o
#14 101.8 gcc -std=gnu11 -ggdb -gdwarf-4 -gstrict-dwarf -ffreestanding -fmacro-prefix-map=/shim/= -fno-stack-protector -fno-strict-aliasing -fpic -fshort-wchar -nostdinc -Os -Wall -Wextra -Wno-missing-field-initializers -Wno-unused-parameter -Wno-unused-but-set-variable -Werror -Wno-error=unused-but-set-variable -Wno-error=unused-parameter -I/shim/Cryptlib -I/shim/Cryptlib/Include -I/shim/gnu-efi/inc -I/shim/gnu-efi/inc/aarch64 -I/shim/gnu-efi/inc/protocol -isystem /shim/include/system -isystem /usr/lib/gcc/aarch64-linux-gnu/14/include -DDEFAULT_LOADER='L"\\\\igelaa64.efi"' -DDEFAULT_LOADER_CHAR='"\\\\igelaa64.efi"' -DEFI_ARCH='L"aa64"' -DDEBUGDIR='L"/usr/lib/debug/usr/share/shim/aa64-16.1-16.1/"' -DVENDOR_CERT_FILE=\"debian/igel-uefi-ca.der\" -DVENDOR_DBX_FILE=\"dbx.esl\" -DSBAT_AUTOMATIC_DATE=2025021800 -DMDE_CPU_AARCH64   -c -o SysCall/CrtWrapper.o SysCall/CrtWrapper.c
#14 102.9 gcc -std=gnu11 -ggdb -gdwarf-4 -gstrict-dwarf -ffreestanding -fmacro-prefix-map=/shim/= -fno-stack-protector -fno-strict-aliasing -fpic -fshort-wchar -nostdinc -Os -Wall -Wextra -Wno-missing-field-initializers -Wno-empty-body -Wno-implicit-fallthrough -Wno-old-style-declaration -Wno-unused-but-set-variable -Wno-unused-parameter -Werror -Wno-error=unused-but-set-variable -Wno-error=unused-parameter -I/shim/Cryptlib/OpenSSL -I/shim/Cryptlib -I/shim/Cryptlib/OpenSSL/Include/ -I/shim/Cryptlib/OpenSSL/crypto -I/shim/Cryptlib/Include -I/shim/gnu-efi/inc -I/shim/gnu-efi/inc/aarch64 -I/shim/gnu-efi/inc/protocol -I/shim/Cryptlib/OpenSSL/crypto/asn1 -I/shim/Cryptlib/OpenSSL/crypto/evp -I/shim/Cryptlib/OpenSSL/crypto/modes -I/shim/Cryptlib/OpenSSL/crypto/include -isystem /shim/include/system -isystem /usr/lib/gcc/aarch64-linux-gnu/14/include -DL_ENDIAN -D_CRT_SECURE_NO_DEPRECATE -D_CRT_NONSTDC_NO_DEPRECATE -DOPENSSL_SMALL_FOOTPRINT -DPEDANTIC -DMDE_CPU_AARCH64   -c -o crypto/sha/sha_one.o crypto/sha/sha_one.c
#14 103.2 gcc -I/shim/gnu-efi//lib -I/shim/gnu-efi/inc -I/shim/gnu-efi/inc/aarch64 -I/shim/gnu-efi/inc/protocol -Wno-error=pragmas -fpic  -Os -Wall -Wextra -Wno-missing-field-initializers -Werror -fshort-wchar -fno-strict-aliasing -ffreestanding -fno-stack-protector -fno-stack-check -nostdinc   -isystem /shim/gnu-efi/../include/system -isystem /usr/lib/gcc/aarch64-linux-gnu/14/include -fno-merge-all-constants -DCONFIG_aarch64 -c /shim/gnu-efi//lib/pause.c -o pause.o
#14 103.7 gcc -std=gnu11 -ggdb -gdwarf-4 -gstrict-dwarf -ffreestanding -fmacro-prefix-map=/shim/= -fno-stack-protector -fno-strict-aliasing -fpic -fshort-wchar -nostdinc -Os -Wall -Wextra -Wno-missing-field-initializers -Wno-empty-body -Wno-implicit-fallthrough -Wno-old-style-declaration -Wno-unused-but-set-variable -Wno-unused-parameter -Werror -Wno-error=unused-but-set-variable -Wno-error=unused-parameter -I/shim/Cryptlib/OpenSSL -I/shim/Cryptlib -I/shim/Cryptlib/OpenSSL/Include/ -I/shim/Cryptlib/OpenSSL/crypto -I/shim/Cryptlib/Include -I/shim/gnu-efi/inc -I/shim/gnu-efi/inc/aarch64 -I/shim/gnu-efi/inc/protocol -I/shim/Cryptlib/OpenSSL/crypto/asn1 -I/shim/Cryptlib/OpenSSL/crypto/evp -I/shim/Cryptlib/OpenSSL/crypto/modes -I/shim/Cryptlib/OpenSSL/crypto/include -isystem /shim/include/system -isystem /usr/lib/gcc/aarch64-linux-gnu/14/include -DL_ENDIAN -D_CRT_SECURE_NO_DEPRECATE -D_CRT_NONSTDC_NO_DEPRECATE -DOPENSSL_SMALL_FOOTPRINT -DPEDANTIC -DMDE_CPU_AARCH64   -c -o crypto/sha/sha1_one.o crypto/sha/sha1_one.c
#14 104.2 gcc -std=gnu11 -ggdb -gdwarf-4 -gstrict-dwarf -ffreestanding -fmacro-prefix-map=/shim/= -fno-stack-protector -fno-strict-aliasing -fpic -fshort-wchar -nostdinc -Os -Wall -Wextra -Wno-missing-field-initializers -Wno-unused-parameter -Wno-unused-but-set-variable -Werror -Wno-error=unused-but-set-variable -Wno-error=unused-parameter -I/shim/Cryptlib -I/shim/Cryptlib/Include -I/shim/gnu-efi/inc -I/shim/gnu-efi/inc/aarch64 -I/shim/gnu-efi/inc/protocol -isystem /shim/include/system -isystem /usr/lib/gcc/aarch64-linux-gnu/14/include -DDEFAULT_LOADER='L"\\\\igelaa64.efi"' -DDEFAULT_LOADER_CHAR='"\\\\igelaa64.efi"' -DEFI_ARCH='L"aa64"' -DDEBUGDIR='L"/usr/lib/debug/usr/share/shim/aa64-16.1-16.1/"' -DVENDOR_CERT_FILE=\"debian/igel-uefi-ca.der\" -DVENDOR_DBX_FILE=\"dbx.esl\" -DSBAT_AUTOMATIC_DATE=2025021800 -DMDE_CPU_AARCH64   -c -o SysCall/TimerWrapper.o SysCall/TimerWrapper.c
#14 104.5 gcc -I/shim/gnu-efi//lib -I/shim/gnu-efi/inc -I/shim/gnu-efi/inc/aarch64 -I/shim/gnu-efi/inc/protocol -Wno-error=pragmas -fpic  -Os -Wall -Wextra -Wno-missing-field-initializers -Werror -fshort-wchar -fno-strict-aliasing -ffreestanding -fno-stack-protector -fno-stack-check -nostdinc   -isystem /shim/gnu-efi/../include/system -isystem /usr/lib/gcc/aarch64-linux-gnu/14/include -fno-merge-all-constants -DCONFIG_aarch64 -c /shim/gnu-efi//lib/print.c -o print.o
#14 104.9 gcc -I/shim/gnu-efi//lib -I/shim/gnu-efi/inc -I/shim/gnu-efi/inc/aarch64 -I/shim/gnu-efi/inc/protocol -Wno-error=pragmas -fpic  -Os -Wall -Wextra -Wno-missing-field-initializers -Werror -fshort-wchar -fno-strict-aliasing -ffreestanding -fno-stack-protector -fno-stack-check -nostdinc   -isystem /shim/gnu-efi/../include/system -isystem /usr/lib/gcc/aarch64-linux-gnu/14/include -fno-merge-all-constants -DCONFIG_aarch64 -c /shim/gnu-efi//lib/pause.c -o pause.o
#14 105.4 gcc -std=gnu11 -ggdb -gdwarf-4 -gstrict-dwarf -ffreestanding -fmacro-prefix-map=/shim/= -fno-stack-protector -fno-strict-aliasing -fpic -fshort-wchar -nostdinc -Os -Wall -Wextra -Wno-missing-field-initializers -Wno-empty-body -Wno-implicit-fallthrough -Wno-old-style-declaration -Wno-unused-but-set-variable -Wno-unused-parameter -Werror -Wno-error=unused-but-set-variable -Wno-error=unused-parameter -I/shim/Cryptlib/OpenSSL -I/shim/Cryptlib -I/shim/Cryptlib/OpenSSL/Include/ -I/shim/Cryptlib/OpenSSL/crypto -I/shim/Cryptlib/Include -I/shim/gnu-efi/inc -I/shim/gnu-efi/inc/aarch64 -I/shim/gnu-efi/inc/protocol -I/shim/Cryptlib/OpenSSL/crypto/asn1 -I/shim/Cryptlib/OpenSSL/crypto/evp -I/shim/Cryptlib/OpenSSL/crypto/modes -I/shim/Cryptlib/OpenSSL/crypto/include -isystem /shim/include/system -isystem /usr/lib/gcc/aarch64-linux-gnu/14/include -DL_ENDIAN -D_CRT_SECURE_NO_DEPRECATE -D_CRT_NONSTDC_NO_DEPRECATE -DOPENSSL_SMALL_FOOTPRINT -DPEDANTIC -DMDE_CPU_AARCH64   -c -o crypto/sha/sha256.o crypto/sha/sha256.c
#14 106.3 gcc -I/shim/gnu-efi//lib -I/shim/gnu-efi/inc -I/shim/gnu-efi/inc/aarch64 -I/shim/gnu-efi/inc/protocol -Wno-error=pragmas -fpic  -Os -Wall -Wextra -Wno-missing-field-initializers -Werror -fshort-wchar -fno-strict-aliasing -ffreestanding -fno-stack-protector -fno-stack-check -nostdinc   -isystem /shim/gnu-efi/../include/system -isystem /usr/lib/gcc/aarch64-linux-gnu/14/include -fno-merge-all-constants -DCONFIG_aarch64 -c /shim/gnu-efi//lib/print.c -o print.o
#14 107.1 gcc -std=gnu11 -ggdb -gdwarf-4 -gstrict-dwarf -ffreestanding -fmacro-prefix-map=/shim/= -fno-stack-protector -fno-strict-aliasing -fpic -fshort-wchar -nostdinc -Os -Wall -Wextra -Wno-missing-field-initializers -Wno-unused-parameter -Wno-unused-but-set-variable -Werror -Wno-error=unused-but-set-variable -Wno-error=unused-parameter -I/shim/Cryptlib -I/shim/Cryptlib/Include -I/shim/gnu-efi/inc -I/shim/gnu-efi/inc/aarch64 -I/shim/gnu-efi/inc/protocol -isystem /shim/include/system -isystem /usr/lib/gcc/aarch64-linux-gnu/14/include -DDEFAULT_LOADER='L"\\\\igelaa64.efi"' -DDEFAULT_LOADER_CHAR='"\\\\igelaa64.efi"' -DEFI_ARCH='L"aa64"' -DDEBUGDIR='L"/usr/lib/debug/usr/share/shim/aa64-16.1-16.1/"' -DVENDOR_CERT_FILE=\"debian/igel-uefi-ca.der\" -DVENDOR_DBX_FILE=\"dbx.esl\" -DSBAT_AUTOMATIC_DATE=2025021800 -DMDE_CPU_AARCH64   -c -o SysCall/BaseMemAllocation.o SysCall/BaseMemAllocation.c
#14 108.5 gcc -std=gnu11 -ggdb -gdwarf-4 -gstrict-dwarf -ffreestanding -fmacro-prefix-map=/shim/= -fno-stack-protector -fno-strict-aliasing -fpic -fshort-wchar -nostdinc -Os -Wall -Wextra -Wno-missing-field-initializers -Wno-empty-body -Wno-implicit-fallthrough -Wno-old-style-declaration -Wno-unused-but-set-variable -Wno-unused-parameter -Werror -Wno-error=unused-but-set-variable -Wno-error=unused-parameter -I/shim/Cryptlib/OpenSSL -I/shim/Cryptlib -I/shim/Cryptlib/OpenSSL/Include/ -I/shim/Cryptlib/OpenSSL/crypto -I/shim/Cryptlib/Include -I/shim/gnu-efi/inc -I/shim/gnu-efi/inc/aarch64 -I/shim/gnu-efi/inc/protocol -I/shim/Cryptlib/OpenSSL/crypto/asn1 -I/shim/Cryptlib/OpenSSL/crypto/evp -I/shim/Cryptlib/OpenSSL/crypto/modes -I/shim/Cryptlib/OpenSSL/crypto/include -isystem /shim/include/system -isystem /usr/lib/gcc/aarch64-linux-gnu/14/include -DL_ENDIAN -D_CRT_SECURE_NO_DEPRECATE -D_CRT_NONSTDC_NO_DEPRECATE -DOPENSSL_SMALL_FOOTPRINT -DPEDANTIC -DMDE_CPU_AARCH64   -c -o crypto/sha/sha512.o crypto/sha/sha512.c
#14 108.8 gcc -std=gnu11 -ggdb -gdwarf-4 -gstrict-dwarf -ffreestanding -fmacro-prefix-map=/shim/= -fno-stack-protector -fno-strict-aliasing -fpic -fshort-wchar -nostdinc -Os -Wall -Wextra -Wno-missing-field-initializers -Wno-unused-parameter -Wno-unused-but-set-variable -Werror -Wno-error=unused-but-set-variable -Wno-error=unused-parameter -I/shim/Cryptlib -I/shim/Cryptlib/Include -I/shim/gnu-efi/inc -I/shim/gnu-efi/inc/aarch64 -I/shim/gnu-efi/inc/protocol -isystem /shim/include/system -isystem /usr/lib/gcc/aarch64-linux-gnu/14/include -DDEFAULT_LOADER='L"\\\\igelaa64.efi"' -DDEFAULT_LOADER_CHAR='"\\\\igelaa64.efi"' -DEFI_ARCH='L"aa64"' -DDEBUGDIR='L"/usr/lib/debug/usr/share/shim/aa64-16.1-16.1/"' -DVENDOR_CERT_FILE=\"debian/igel-uefi-ca.der\" -DVENDOR_DBX_FILE=\"dbx.esl\" -DSBAT_AUTOMATIC_DATE=2025021800 -DMDE_CPU_AARCH64   -c -o SysCall/BaseStrings.o SysCall/BaseStrings.c
#14 109.3 gcc -I/shim/gnu-efi//lib -I/shim/gnu-efi/inc -I/shim/gnu-efi/inc/aarch64 -I/shim/gnu-efi/inc/protocol -Wno-error=pragmas -fpic  -Os -Wall -Wextra -Wno-missing-field-initializers -Werror -fshort-wchar -fno-strict-aliasing -ffreestanding -fno-stack-protector -fno-stack-check -nostdinc   -isystem /shim/gnu-efi/../include/system -isystem /usr/lib/gcc/aarch64-linux-gnu/14/include -fno-merge-all-constants -DCONFIG_aarch64 -c /shim/gnu-efi//lib/sread.c -o sread.o
#14 110.7 ar rcs libcryptlib.a Hash/CryptMd4Null.o Hash/CryptMd5.o Hash/CryptSha1.o Hash/CryptSha256.o Hash/CryptSha512.o Hmac/CryptHmacMd5Null.o Hmac/CryptHmacSha1Null.o Hmac/CryptHmacSha256Null.o Cipher/CryptAesNull.o Cipher/CryptTdesNull.o Cipher/CryptArc4Null.o Rand/CryptRand.o Pk/CryptRsaBasic.o Pk/CryptRsaExtNull.o Pk/CryptPkcs7SignNull.o Pk/CryptPkcs7Verify.o Pk/CryptDhNull.o Pk/CryptTs.o Pk/CryptX509.o Pk/CryptAuthenticode.o Pem/CryptPemNull.o SysCall/CrtWrapper.o SysCall/TimerWrapper.o SysCall/BaseMemAllocation.o SysCall/BaseStrings.o
#14 110.8 make: Leaving directory '/shim/Cryptlib'
#14 110.8 gcc -std=gnu11 -Og -g3 -Wall -Wextra -Wno-missing-field-initializers -Werror -o post-process-pe /shim/post-process-pe.c
#14 111.0 gcc -I/shim/gnu-efi//lib -I/shim/gnu-efi/inc -I/shim/gnu-efi/inc/aarch64 -I/shim/gnu-efi/inc/protocol -Wno-error=pragmas -fpic  -Os -Wall -Wextra -Wno-missing-field-initializers -Werror -fshort-wchar -fno-strict-aliasing -ffreestanding -fno-stack-protector -fno-stack-check -nostdinc   -isystem /shim/gnu-efi/../include/system -isystem /usr/lib/gcc/aarch64-linux-gnu/14/include -fno-merge-all-constants -DCONFIG_aarch64 -c /shim/gnu-efi//lib/sread.c -o sread.o
#14 111.6 gcc -std=gnu11 -ggdb -gdwarf-4 -gstrict-dwarf -ffreestanding -fmacro-prefix-map=/shim/= -fno-stack-protector -fno-strict-aliasing -fpic -fshort-wchar -nostdinc -Os -Wall -Wextra -Wno-missing-field-initializers -Wno-empty-body -Wno-implicit-fallthrough -Wno-old-style-declaration -Wno-unused-but-set-variable -Wno-unused-parameter -Werror -Wno-error=unused-but-set-variable -Wno-error=unused-parameter -I/shim/Cryptlib/OpenSSL -I/shim/Cryptlib -I/shim/Cryptlib/OpenSSL/Include/ -I/shim/Cryptlib/OpenSSL/crypto -I/shim/Cryptlib/Include -I/shim/gnu-efi/inc -I/shim/gnu-efi/inc/aarch64 -I/shim/gnu-efi/inc/protocol -I/shim/Cryptlib/OpenSSL/crypto/asn1 -I/shim/Cryptlib/OpenSSL/crypto/evp -I/shim/Cryptlib/OpenSSL/crypto/modes -I/shim/Cryptlib/OpenSSL/crypto/include -isystem /shim/include/system -isystem /usr/lib/gcc/aarch64-linux-gnu/14/include -DL_ENDIAN -D_CRT_SECURE_NO_DEPRECATE -D_CRT_NONSTDC_NO_DEPRECATE -DOPENSSL_SMALL_FOOTPRINT -DPEDANTIC -DMDE_CPU_AARCH64   -c -o crypto/hmac/hmac.o crypto/hmac/hmac.c
#14 111.6 gcc -I/shim/gnu-efi//lib -I/shim/gnu-efi/inc -I/shim/gnu-efi/inc/aarch64 -I/shim/gnu-efi/inc/protocol -Wno-error=pragmas -fpic  -Os -Wall -Wextra -Wno-missing-field-initializers -Werror -fshort-wchar -fno-strict-aliasing -ffreestanding -fno-stack-protector -fno-stack-check -nostdinc   -isystem /shim/gnu-efi/../include/system -isystem /usr/lib/gcc/aarch64-linux-gnu/14/include -fno-merge-all-constants -DCONFIG_aarch64 -c /shim/gnu-efi//lib/str.c -o str.o
#14 113.3 gcc -I/shim/gnu-efi//lib -I/shim/gnu-efi/inc -I/shim/gnu-efi/inc/aarch64 -I/shim/gnu-efi/inc/protocol -Wno-error=pragmas -fpic  -Os -Wall -Wextra -Wno-missing-field-initializers -Werror -fshort-wchar -fno-strict-aliasing -ffreestanding -fno-stack-protector -fno-stack-check -nostdinc   -isystem /shim/gnu-efi/../include/system -isystem /usr/lib/gcc/aarch64-linux-gnu/14/include -fno-merge-all-constants -DCONFIG_aarch64 -c /shim/gnu-efi//lib/str.c -o str.o
#14 114.3 gcc -I/shim/gnu-efi//lib -I/shim/gnu-efi/inc -I/shim/gnu-efi/inc/aarch64 -I/shim/gnu-efi/inc/protocol -Wno-error=pragmas -fpic  -Os -Wall -Wextra -Wno-missing-field-initializers -Werror -fshort-wchar -fno-strict-aliasing -ffreestanding -fno-stack-protector -fno-stack-check -nostdinc   -isystem /shim/gnu-efi/../include/system -isystem /usr/lib/gcc/aarch64-linux-gnu/14/include -fno-merge-all-constants -DCONFIG_aarch64 -c /shim/gnu-efi//lib/cmdline.c -o cmdline.o
#14 114.3 gcc -std=gnu11 -ggdb -gdwarf-4 -gstrict-dwarf -ffreestanding -fmacro-prefix-map=/shim/= -fno-stack-protector -fno-strict-aliasing -fpic -fshort-wchar -Os -Wall -Wextra -Wno-missing-field-initializers  -DMDE_CPU_AARCH64 -DPAGE_SIZE=4096 -mstrict-align -Werror -nostdinc -I/shim/Cryptlib -I/shim/Cryptlib/Include -I/shim/gnu-efi/inc -I/shim/gnu-efi/inc/aarch64 -I/shim/gnu-efi/inc/protocol -I/shim/include -iquote /shim -iquote /shim -isystem /shim/include/system -isystem /usr/lib/gcc/aarch64-linux-gnu/14/include -DDEFAULT_LOADER='L"\\\\igelaa64.efi"' -DDEFAULT_LOADER_CHAR='"\\\\igelaa64.efi"' -DEFI_ARCH='L"aa64"' -DDEBUGDIR='L"/usr/lib/debug/usr/share/shim/aa64-16.1-16.1/"' -DVENDOR_CERT_FILE=\"debian/igel-uefi-ca.der\" -DVENDOR_DBX_FILE=\"dbx.esl\" -DSBAT_AUTOMATIC_DATE=2025021800 -Wdate-time -D_FORTIFY_SOURCE=2  -c -o MokManager.o MokManager.c
#14 114.3 gcc -std=gnu11 -ggdb -gdwarf-4 -gstrict-dwarf -ffreestanding -fmacro-prefix-map=/shim/= -fno-stack-protector -fno-strict-aliasing -fpic -fshort-wchar -nostdinc -Os -Wall -Wextra -Wno-missing-field-initializers -Wno-empty-body -Wno-implicit-fallthrough -Wno-old-style-declaration -Wno-unused-but-set-variable -Wno-unused-parameter -Werror -Wno-error=unused-but-set-variable -Wno-error=unused-parameter -I/shim/Cryptlib/OpenSSL -I/shim/Cryptlib -I/shim/Cryptlib/OpenSSL/Include/ -I/shim/Cryptlib/OpenSSL/crypto -I/shim/Cryptlib/Include -I/shim/gnu-efi/inc -I/shim/gnu-efi/inc/aarch64 -I/shim/gnu-efi/inc/protocol -I/shim/Cryptlib/OpenSSL/crypto/asn1 -I/shim/Cryptlib/OpenSSL/crypto/evp -I/shim/Cryptlib/OpenSSL/crypto/modes -I/shim/Cryptlib/OpenSSL/crypto/include -isystem /shim/include/system -isystem /usr/lib/gcc/aarch64-linux-gnu/14/include -DL_ENDIAN -D_CRT_SECURE_NO_DEPRECATE -D_CRT_NONSTDC_NO_DEPRECATE -DOPENSSL_SMALL_FOOTPRINT -DPEDANTIC -DMDE_CPU_AARCH64   -c -o crypto/hmac/hm_ameth.o crypto/hmac/hm_ameth.c
#14 115.9 gcc -I/shim/gnu-efi//lib -I/shim/gnu-efi/inc -I/shim/gnu-efi/inc/aarch64 -I/shim/gnu-efi/inc/protocol -Wno-error=pragmas -fpic  -Os -Wall -Wextra -Wno-missing-field-initializers -Werror -fshort-wchar -fno-strict-aliasing -ffreestanding -fno-stack-protector -fno-stack-check -nostdinc   -isystem /shim/gnu-efi/../include/system -isystem /usr/lib/gcc/aarch64-linux-gnu/14/include -fno-merge-all-constants -DCONFIG_aarch64 -c /shim/gnu-efi//lib/cmdline.c -o cmdline.o
#14 116.3 gcc -I/shim/gnu-efi//lib -I/shim/gnu-efi/inc -I/shim/gnu-efi/inc/aarch64 -I/shim/gnu-efi/inc/protocol -Wno-error=pragmas -fpic  -Os -Wall -Wextra -Wno-missing-field-initializers -Werror -fshort-wchar -fno-strict-aliasing -ffreestanding -fno-stack-protector -fno-stack-check -nostdinc   -isystem /shim/gnu-efi/../include/system -isystem /usr/lib/gcc/aarch64-linux-gnu/14/include -fno-merge-all-constants -DCONFIG_aarch64 -c /shim/gnu-efi//lib/runtime/rtlock.c -o runtime/rtlock.o
#14 116.4 gcc -std=gnu11 -ggdb -gdwarf-4 -gstrict-dwarf -ffreestanding -fmacro-prefix-map=/shim/= -fno-stack-protector -fno-strict-aliasing -fpic -fshort-wchar -nostdinc -Os -Wall -Wextra -Wno-missing-field-initializers -Wno-empty-body -Wno-implicit-fallthrough -Wno-old-style-declaration -Wno-unused-but-set-variable -Wno-unused-parameter -Werror -Wno-error=unused-but-set-variable -Wno-error=unused-parameter -I/shim/Cryptlib/OpenSSL -I/shim/Cryptlib -I/shim/Cryptlib/OpenSSL/Include/ -I/shim/Cryptlib/OpenSSL/crypto -I/shim/Cryptlib/Include -I/shim/gnu-efi/inc -I/shim/gnu-efi/inc/aarch64 -I/shim/gnu-efi/inc/protocol -I/shim/Cryptlib/OpenSSL/crypto/asn1 -I/shim/Cryptlib/OpenSSL/crypto/evp -I/shim/Cryptlib/OpenSSL/crypto/modes -I/shim/Cryptlib/OpenSSL/crypto/include -isystem /shim/include/system -isystem /usr/lib/gcc/aarch64-linux-gnu/14/include -DL_ENDIAN -D_CRT_SECURE_NO_DEPRECATE -D_CRT_NONSTDC_NO_DEPRECATE -DOPENSSL_SMALL_FOOTPRINT -DPEDANTIC -DMDE_CPU_AARCH64   -c -o crypto/hmac/hm_pmeth.o crypto/hmac/hm_pmeth.c
#14 118.0 gcc -I/shim/gnu-efi//lib -I/shim/gnu-efi/inc -I/shim/gnu-efi/inc/aarch64 -I/shim/gnu-efi/inc/protocol -Wno-error=pragmas -fpic  -Os -Wall -Wextra -Wno-missing-field-initializers -Werror -fshort-wchar -fno-strict-aliasing -ffreestanding -fno-stack-protector -fno-stack-check -nostdinc   -isystem /shim/gnu-efi/../include/system -isystem /usr/lib/gcc/aarch64-linux-gnu/14/include -fno-merge-all-constants -DCONFIG_aarch64 -c /shim/gnu-efi//lib/runtime/efirtlib.c -o runtime/efirtlib.o
#14 118.1 gcc -I/shim/gnu-efi//lib -I/shim/gnu-efi/inc -I/shim/gnu-efi/inc/aarch64 -I/shim/gnu-efi/inc/protocol -Wno-error=pragmas -fpic  -Os -Wall -Wextra -Wno-missing-field-initializers -Werror -fshort-wchar -fno-strict-aliasing -ffreestanding -fno-stack-protector -fno-stack-check -nostdinc   -isystem /shim/gnu-efi/../include/system -isystem /usr/lib/gcc/aarch64-linux-gnu/14/include -fno-merge-all-constants -DCONFIG_aarch64 -c /shim/gnu-efi//lib/runtime/rtlock.c -o runtime/rtlock.o
#14 119.4 gcc -std=gnu11 -ggdb -gdwarf-4 -gstrict-dwarf -ffreestanding -fmacro-prefix-map=/shim/= -fno-stack-protector -fno-strict-aliasing -fpic -fshort-wchar -nostdinc -Os -Wall -Wextra -Wno-missing-field-initializers -Wno-empty-body -Wno-implicit-fallthrough -Wno-old-style-declaration -Wno-unused-but-set-variable -Wno-unused-parameter -Werror -Wno-error=unused-but-set-variable -Wno-error=unused-parameter -I/shim/Cryptlib/OpenSSL -I/shim/Cryptlib -I/shim/Cryptlib/OpenSSL/Include/ -I/shim/Cryptlib/OpenSSL/crypto -I/shim/Cryptlib/Include -I/shim/gnu-efi/inc -I/shim/gnu-efi/inc/aarch64 -I/shim/gnu-efi/inc/protocol -I/shim/Cryptlib/OpenSSL/crypto/asn1 -I/shim/Cryptlib/OpenSSL/crypto/evp -I/shim/Cryptlib/OpenSSL/crypto/modes -I/shim/Cryptlib/OpenSSL/crypto/include -isystem /shim/include/system -isystem /usr/lib/gcc/aarch64-linux-gnu/14/include -DL_ENDIAN -D_CRT_SECURE_NO_DEPRECATE -D_CRT_NONSTDC_NO_DEPRECATE -DOPENSSL_SMALL_FOOTPRINT -DPEDANTIC -DMDE_CPU_AARCH64   -c -o crypto/rc4/rc4_enc.o crypto/rc4/rc4_enc.c
#14 119.9 gcc -I/shim/gnu-efi//lib -I/shim/gnu-efi/inc -I/shim/gnu-efi/inc/aarch64 -I/shim/gnu-efi/inc/protocol -Wno-error=pragmas -fpic  -Os -Wall -Wextra -Wno-missing-field-initializers -Werror -fshort-wchar -fno-strict-aliasing -ffreestanding -fno-stack-protector -fno-stack-check -nostdinc   -isystem /shim/gnu-efi/../include/system -isystem /usr/lib/gcc/aarch64-linux-gnu/14/include -fno-merge-all-constants -DCONFIG_aarch64 -c /shim/gnu-efi//lib/runtime/rtstr.c -o runtime/rtstr.o
#14 119.9 gcc -I/shim/gnu-efi//lib -I/shim/gnu-efi/inc -I/shim/gnu-efi/inc/aarch64 -I/shim/gnu-efi/inc/protocol -Wno-error=pragmas -fpic  -Os -Wall -Wextra -Wno-missing-field-initializers -Werror -fshort-wchar -fno-strict-aliasing -ffreestanding -fno-stack-protector -fno-stack-check -nostdinc   -isystem /shim/gnu-efi/../include/system -isystem /usr/lib/gcc/aarch64-linux-gnu/14/include -fno-merge-all-constants -DCONFIG_aarch64 -c /shim/gnu-efi//lib/runtime/efirtlib.c -o runtime/efirtlib.o
#14 121.7 gcc -I/shim/gnu-efi//lib -I/shim/gnu-efi/inc -I/shim/gnu-efi/inc/aarch64 -I/shim/gnu-efi/inc/protocol -Wno-error=pragmas -fpic  -Os -Wall -Wextra -Wno-missing-field-initializers -Werror -fshort-wchar -fno-strict-aliasing -ffreestanding -fno-stack-protector -fno-stack-check -nostdinc   -isystem /shim/gnu-efi/../include/system -isystem /usr/lib/gcc/aarch64-linux-gnu/14/include -fno-merge-all-constants -DCONFIG_aarch64 -c /shim/gnu-efi//lib/runtime/rtstr.c -o runtime/rtstr.o
#14 121.9 gcc -std=gnu11 -ggdb -gdwarf-4 -gstrict-dwarf -ffreestanding -fmacro-prefix-map=/shim/= -fno-stack-protector -fno-strict-aliasing -fpic -fshort-wchar -nostdinc -Os -Wall -Wextra -Wno-missing-field-initializers -Wno-empty-body -Wno-implicit-fallthrough -Wno-old-style-declaration -Wno-unused-but-set-variable -Wno-unused-parameter -Werror -Wno-error=unused-but-set-variable -Wno-error=unused-parameter -I/shim/Cryptlib/OpenSSL -I/shim/Cryptlib -I/shim/Cryptlib/OpenSSL/Include/ -I/shim/Cryptlib/OpenSSL/crypto -I/shim/Cryptlib/Include -I/shim/gnu-efi/inc -I/shim/gnu-efi/inc/aarch64 -I/shim/gnu-efi/inc/protocol -I/shim/Cryptlib/OpenSSL/crypto/asn1 -I/shim/Cryptlib/OpenSSL/crypto/evp -I/shim/Cryptlib/OpenSSL/crypto/modes -I/shim/Cryptlib/OpenSSL/crypto/include -isystem /shim/include/system -isystem /usr/lib/gcc/aarch64-linux-gnu/14/include -DL_ENDIAN -D_CRT_SECURE_NO_DEPRECATE -D_CRT_NONSTDC_NO_DEPRECATE -DOPENSSL_SMALL_FOOTPRINT -DPEDANTIC -DMDE_CPU_AARCH64   -c -o crypto/rc4/rc4_skey.o crypto/rc4/rc4_skey.c
#14 122.4 gcc -I/shim/gnu-efi//lib -I/shim/gnu-efi/inc -I/shim/gnu-efi/inc/aarch64 -I/shim/gnu-efi/inc/protocol -Wno-error=pragmas -fpic  -Os -Wall -Wextra -Wno-missing-field-initializers -Werror -fshort-wchar -fno-strict-aliasing -ffreestanding -fno-stack-protector -fno-stack-check -nostdinc   -isystem /shim/gnu-efi/../include/system -isystem /usr/lib/gcc/aarch64-linux-gnu/14/include -fno-merge-all-constants -DCONFIG_aarch64 -c /shim/gnu-efi//lib/runtime/vm.c -o runtime/vm.o
#14 124.3 gcc -I/shim/gnu-efi//lib -I/shim/gnu-efi/inc -I/shim/gnu-efi/inc/aarch64 -I/shim/gnu-efi/inc/protocol -Wno-error=pragmas -fpic  -Os -Wall -Wextra -Wno-missing-field-initializers -Werror -fshort-wchar -fno-strict-aliasing -ffreestanding -fno-stack-protector -fno-stack-check -nostdinc   -isystem /shim/gnu-efi/../include/system -isystem /usr/lib/gcc/aarch64-linux-gnu/14/include -fno-merge-all-constants -DCONFIG_aarch64 -c /shim/gnu-efi//lib/runtime/vm.c -o runtime/vm.o
#14 124.5 gcc -std=gnu11 -ggdb -gdwarf-4 -gstrict-dwarf -ffreestanding -fmacro-prefix-map=/shim/= -fno-stack-protector -fno-strict-aliasing -fpic -fshort-wchar -nostdinc -Os -Wall -Wextra -Wno-missing-field-initializers -Wno-empty-body -Wno-implicit-fallthrough -Wno-old-style-declaration -Wno-unused-but-set-variable -Wno-unused-parameter -Werror -Wno-error=unused-but-set-variable -Wno-error=unused-parameter -I/shim/Cryptlib/OpenSSL -I/shim/Cryptlib -I/shim/Cryptlib/OpenSSL/Include/ -I/shim/Cryptlib/OpenSSL/crypto -I/shim/Cryptlib/Include -I/shim/gnu-efi/inc -I/shim/gnu-efi/inc/aarch64 -I/shim/gnu-efi/inc/protocol -I/shim/Cryptlib/OpenSSL/crypto/asn1 -I/shim/Cryptlib/OpenSSL/crypto/evp -I/shim/Cryptlib/OpenSSL/crypto/modes -I/shim/Cryptlib/OpenSSL/crypto/include -isystem /shim/include/system -isystem /usr/lib/gcc/aarch64-linux-gnu/14/include -DL_ENDIAN -D_CRT_SECURE_NO_DEPRECATE -D_CRT_NONSTDC_NO_DEPRECATE -DOPENSSL_SMALL_FOOTPRINT -DPEDANTIC -DMDE_CPU_AARCH64   -c -o crypto/rc4/rc4_utl.o crypto/rc4/rc4_utl.c
#14 124.5 gcc -I/shim/gnu-efi//lib -I/shim/gnu-efi/inc -I/shim/gnu-efi/inc/aarch64 -I/shim/gnu-efi/inc/protocol -Wno-error=pragmas -fpic  -Os -Wall -Wextra -Wno-missing-field-initializers -Werror -fshort-wchar -fno-strict-aliasing -ffreestanding -fno-stack-protector -fno-stack-check -nostdinc   -isystem /shim/gnu-efi/../include/system -isystem /usr/lib/gcc/aarch64-linux-gnu/14/include -fno-merge-all-constants -DCONFIG_aarch64 -c /shim/gnu-efi//lib/runtime/rtdata.c -o runtime/rtdata.o
#14 125.3 gcc -I/shim/gnu-efi//lib -I/shim/gnu-efi/inc -I/shim/gnu-efi/inc/aarch64 -I/shim/gnu-efi/inc/protocol -Wno-error=pragmas -fpic  -Os -Wall -Wextra -Wno-missing-field-initializers -Werror -fshort-wchar -fno-strict-aliasing -ffreestanding -fno-stack-protector -fno-stack-check -nostdinc   -isystem /shim/gnu-efi/../include/system -isystem /usr/lib/gcc/aarch64-linux-gnu/14/include -fno-merge-all-constants -DCONFIG_aarch64 -c /shim/gnu-efi//lib/aarch64/initplat.c -o aarch64/initplat.o
#14 125.7 gcc -std=gnu11 -ggdb -gdwarf-4 -gstrict-dwarf -ffreestanding -fmacro-prefix-map=/shim/= -fno-stack-protector -fno-strict-aliasing -fpic -fshort-wchar -nostdinc -Os -Wall -Wextra -Wno-missing-field-initializers -Wno-empty-body -Wno-implicit-fallthrough -Wno-old-style-declaration -Wno-unused-but-set-variable -Wno-unused-parameter -Werror -Wno-error=unused-but-set-variable -Wno-error=unused-parameter -I/shim/Cryptlib/OpenSSL -I/shim/Cryptlib -I/shim/Cryptlib/OpenSSL/Include/ -I/shim/Cryptlib/OpenSSL/crypto -I/shim/Cryptlib/Include -I/shim/gnu-efi/inc -I/shim/gnu-efi/inc/aarch64 -I/shim/gnu-efi/inc/protocol -I/shim/Cryptlib/OpenSSL/crypto/asn1 -I/shim/Cryptlib/OpenSSL/crypto/evp -I/shim/Cryptlib/OpenSSL/crypto/modes -I/shim/Cryptlib/OpenSSL/crypto/include -isystem /shim/include/system -isystem /usr/lib/gcc/aarch64-linux-gnu/14/include -DL_ENDIAN -D_CRT_SECURE_NO_DEPRECATE -D_CRT_NONSTDC_NO_DEPRECATE -DOPENSSL_SMALL_FOOTPRINT -DPEDANTIC -DMDE_CPU_AARCH64   -c -o crypto/aes/aes_misc.o crypto/aes/aes_misc.c
#14 126.3 gcc -I/shim/gnu-efi//lib -I/shim/gnu-efi/inc -I/shim/gnu-efi/inc/aarch64 -I/shim/gnu-efi/inc/protocol -Wno-error=pragmas -fpic  -Os -Wall -Wextra -Wno-missing-field-initializers -Werror -fshort-wchar -fno-strict-aliasing -ffreestanding -fno-stack-protector -fno-stack-check -nostdinc   -isystem /shim/gnu-efi/../include/system -isystem /usr/lib/gcc/aarch64-linux-gnu/14/include -fno-merge-all-constants -DCONFIG_aarch64 -c /shim/gnu-efi//lib/runtime/rtdata.c -o runtime/rtdata.o
#14 126.4 gcc -std=gnu11 -ggdb -gdwarf-4 -gstrict-dwarf -ffreestanding -fmacro-prefix-map=/shim/= -fno-stack-protector -fno-strict-aliasing -fpic -fshort-wchar -Os -Wall -Wextra -Wno-missing-field-initializers  -DMDE_CPU_AARCH64 -DPAGE_SIZE=4096 -mstrict-align -Werror -nostdinc -I/shim/Cryptlib -I/shim/Cryptlib/Include -I/shim/gnu-efi/inc -I/shim/gnu-efi/inc/aarch64 -I/shim/gnu-efi/inc/protocol -I/shim/include -iquote /shim -iquote /shim -isystem /shim/include/system -isystem /usr/lib/gcc/aarch64-linux-gnu/14/include -DDEFAULT_LOADER='L"\\\\igelaa64.efi"' -DDEFAULT_LOADER_CHAR='"\\\\igelaa64.efi"' -DEFI_ARCH='L"aa64"' -DDEBUGDIR='L"/usr/lib/debug/usr/share/shim/aa64-16.1-16.1/"' -DVENDOR_CERT_FILE=\"debian/igel-uefi-ca.der\" -DVENDOR_DBX_FILE=\"dbx.esl\" -DSBAT_AUTOMATIC_DATE=2025021800 -Wdate-time -D_FORTIFY_SOURCE=2  -c -o PasswordCrypt.o PasswordCrypt.c
#14 126.5 gcc -I/shim/gnu-efi//lib -I/shim/gnu-efi/inc -I/shim/gnu-efi/inc/aarch64 -I/shim/gnu-efi/inc/protocol -Wno-error=pragmas -fpic  -Os -Wall -Wextra -Wno-missing-field-initializers -Werror -fshort-wchar -fno-strict-aliasing -ffreestanding -fno-stack-protector -fno-stack-check -nostdinc   -isystem /shim/gnu-efi/../include/system -isystem /usr/lib/gcc/aarch64-linux-gnu/14/include -fno-merge-all-constants -DCONFIG_aarch64 -c /shim/gnu-efi//lib/aarch64/math.c -o aarch64/math.o
#14 127.3 gcc -I/shim/gnu-efi//lib -I/shim/gnu-efi/inc -I/shim/gnu-efi/inc/aarch64 -I/shim/gnu-efi/inc/protocol -Wno-error=pragmas -fpic  -Os -Wall -Wextra -Wno-missing-field-initializers -Werror -fshort-wchar -fno-strict-aliasing -ffreestanding -fno-stack-protector -fno-stack-check -nostdinc   -isystem /shim/gnu-efi/../include/system -isystem /usr/lib/gcc/aarch64-linux-gnu/14/include -fno-merge-all-constants -DCONFIG_aarch64 -c /shim/gnu-efi//lib/aarch64/math.c -o aarch64/math.o
#14 127.7 gcc -std=gnu11 -ggdb -gdwarf-4 -gstrict-dwarf -ffreestanding -fmacro-prefix-map=/shim/= -fno-stack-protector -fno-strict-aliasing -fpic -fshort-wchar -nostdinc -Os -Wall -Wextra -Wno-missing-field-initializers -Wno-empty-body -Wno-implicit-fallthrough -Wno-old-style-declaration -Wno-unused-but-set-variable -Wno-unused-parameter -Werror -Wno-error=unused-but-set-variable -Wno-error=unused-parameter -I/shim/Cryptlib/OpenSSL -I/shim/Cryptlib -I/shim/Cryptlib/OpenSSL/Include/ -I/shim/Cryptlib/OpenSSL/crypto -I/shim/Cryptlib/Include -I/shim/gnu-efi/inc -I/shim/gnu-efi/inc/aarch64 -I/shim/gnu-efi/inc/protocol -I/shim/Cryptlib/OpenSSL/crypto/asn1 -I/shim/Cryptlib/OpenSSL/crypto/evp -I/shim/Cryptlib/OpenSSL/crypto/modes -I/shim/Cryptlib/OpenSSL/crypto/include -isystem /shim/include/system -isystem /usr/lib/gcc/aarch64-linux-gnu/14/include -DL_ENDIAN -D_CRT_SECURE_NO_DEPRECATE -D_CRT_NONSTDC_NO_DEPRECATE -DOPENSSL_SMALL_FOOTPRINT -DPEDANTIC -DMDE_CPU_AARCH64   -c -o crypto/aes/aes_ecb.o crypto/aes/aes_ecb.c
#14 128.3 gcc -I/shim/gnu-efi//lib -I/shim/gnu-efi/inc -I/shim/gnu-efi/inc/aarch64 -I/shim/gnu-efi/inc/protocol -Wno-error=pragmas -fpic  -Os -Wall -Wextra -Wno-missing-field-initializers -Werror -fshort-wchar -fno-strict-aliasing -ffreestanding -fno-stack-protector -fno-stack-check -nostdinc   -isystem /shim/gnu-efi/../include/system -isystem /usr/lib/gcc/aarch64-linux-gnu/14/include -fno-merge-all-constants -DCONFIG_aarch64 -c /shim/gnu-efi//lib/aarch64/setjmp.S -o aarch64/setjmp.o
#14 128.8 /shim/gnu-efi//lib/aarch64/setjmp.S: Assembler messages:
#14 128.8 /shim/gnu-efi//lib/aarch64/setjmp.S:61: Warning: setting incorrect section attributes for .note.GNU-stack
#14 128.8 gcc -I/shim/gnu-efi//lib -I/shim/gnu-efi/inc -I/shim/gnu-efi/inc/aarch64 -I/shim/gnu-efi/inc/protocol -Wno-error=pragmas -fpic  -Os -Wall -Wextra -Wno-missing-field-initializers -Werror -fshort-wchar -fno-strict-aliasing -ffreestanding -fno-stack-protector -fno-stack-check -nostdinc   -isystem /shim/gnu-efi/../include/system -isystem /usr/lib/gcc/aarch64-linux-gnu/14/include -fno-merge-all-constants -DCONFIG_aarch64 -c /shim/gnu-efi//lib/aarch64/setjmp.S -o aarch64/setjmp.o
#14 128.8 aarch64-linux-gnu-gcc-ar -rv -U libefi.a boxdraw.o smbios.o console.o crc.o data.o debug.o dpath.o error.o event.o exit.o guid.o hand.o hw.o init.o lock.o misc.o pause.o print.o sread.o str.o cmdline.o runtime/rtlock.o runtime/efirtlib.o runtime/rtstr.o runtime/vm.o runtime/rtdata.o aarch64/initplat.o aarch64/math.o aarch64/setjmp.o
#14 129.0 gcc -std=gnu11 -ggdb -gdwarf-4 -gstrict-dwarf -ffreestanding -fmacro-prefix-map=/shim/= -fno-stack-protector -fno-strict-aliasing -fpic -fshort-wchar -nostdinc -Os -Wall -Wextra -Wno-missing-field-initializers -Wno-empty-body -Wno-implicit-fallthrough -Wno-old-style-declaration -Wno-unused-but-set-variable -Wno-unused-parameter -Werror -Wno-error=unused-but-set-variable -Wno-error=unused-parameter -I/shim/Cryptlib/OpenSSL -I/shim/Cryptlib -I/shim/Cryptlib/OpenSSL/Include/ -I/shim/Cryptlib/OpenSSL/crypto -I/shim/Cryptlib/Include -I/shim/gnu-efi/inc -I/shim/gnu-efi/inc/aarch64 -I/shim/gnu-efi/inc/protocol -I/shim/Cryptlib/OpenSSL/crypto/asn1 -I/shim/Cryptlib/OpenSSL/crypto/evp -I/shim/Cryptlib/OpenSSL/crypto/modes -I/shim/Cryptlib/OpenSSL/crypto/include -isystem /shim/include/system -isystem /usr/lib/gcc/aarch64-linux-gnu/14/include -DL_ENDIAN -D_CRT_SECURE_NO_DEPRECATE -D_CRT_NONSTDC_NO_DEPRECATE -DOPENSSL_SMALL_FOOTPRINT -DPEDANTIC -DMDE_CPU_AARCH64   -c -o crypto/aes/aes_cfb.o crypto/aes/aes_cfb.c
#14 129.1 /usr/bin/ar: creating libefi.a
#14 129.2 a - boxdraw.o
#14 129.2 a - smbios.o
#14 129.2 a - console.o
#14 129.2 a - crc.o
#14 129.2 a - data.o
#14 129.2 a - debug.o
#14 129.2 a - dpath.o
#14 129.2 a - error.o
#14 129.2 a - event.o
#14 129.2 a - exit.o
#14 129.2 a - guid.o
#14 129.2 a - hand.o
#14 129.2 a - hw.o
#14 129.2 a - init.o
#14 129.2 a - lock.o
#14 129.2 a - misc.o
#14 129.2 a - pause.o
#14 129.2 a - print.o
#14 129.2 a - sread.o
#14 129.2 a - str.o
#14 129.2 a - cmdline.o
#14 129.2 a - runtime/rtlock.o
#14 129.2 a - runtime/efirtlib.o
#14 129.2 a - runtime/rtstr.o
#14 129.2 a - runtime/vm.o
#14 129.2 a - runtime/rtdata.o
#14 129.2 a - aarch64/initplat.o
#14 129.2 a - aarch64/math.o
#14 129.2 a - aarch64/setjmp.o
#14 129.2 make: Leaving directory '/shim/gnu-efi/aarch64/lib'
#14 129.2 mkdir -p /shim/gnu-efi/aarch64/inc
#14 129.3 make -C /shim/gnu-efi/aarch64/inc -f /shim/gnu-efi//inc/Makefile SRCDIR=/shim/gnu-efi//inc ARCH=aarch64
#14 129.4 /shim/gnu-efi//lib/aarch64/setjmp.S: Assembler messages:
#14 129.4 /shim/gnu-efi//lib/aarch64/setjmp.S:61: Warning: setting incorrect section attributes for .note.GNU-stack
#14 129.4 aarch64-linux-gnu-gcc-ar -rv -U libefi.a boxdraw.o smbios.o console.o crc.o data.o debug.o dpath.o error.o event.o exit.o guid.o hand.o hw.o init.o lock.o misc.o pause.o print.o sread.o str.o cmdline.o runtime/rtlock.o runtime/efirtlib.o runtime/rtstr.o runtime/vm.o runtime/rtdata.o aarch64/initplat.o aarch64/math.o aarch64/setjmp.o
#14 129.4 make: Entering directory '/shim/gnu-efi/aarch64/inc'
#14 129.6 make: Nothing to be done for 'all'.
#14 129.6 make: Leaving directory '/shim/gnu-efi/aarch64/inc'
#14 129.6 mkdir -p /shim/gnu-efi/aarch64/gnuefi
#14 129.7 make -C /shim/gnu-efi/aarch64/gnuefi -f /shim/gnu-efi//gnuefi/Makefile SRCDIR=/shim/gnu-efi//gnuefi ARCH=aarch64
#14 129.7 r - boxdraw.o
#14 129.7 r - smbios.o
#14 129.7 r - console.o
#14 129.7 r - crc.o
#14 129.7 r - data.o
#14 129.7 r - debug.o
#14 129.7 r - dpath.o
#14 129.7 r - error.o
#14 129.7 r - event.o
#14 129.7 r - exit.o
#14 129.7 r - guid.o
#14 129.7 r - hand.o
#14 129.7 r - hw.o
#14 129.7 r - init.o
#14 129.7 r - lock.o
#14 129.7 r - misc.o
#14 129.7 r - pause.o
#14 129.7 r - print.o
#14 129.7 r - sread.o
#14 129.7 r - str.o
#14 129.7 r - cmdline.o
#14 129.7 r - runtime/rtlock.o
#14 129.7 r - runtime/efirtlib.o
#14 129.7 r - runtime/rtstr.o
#14 129.7 r - runtime/vm.o
#14 129.7 r - runtime/rtdata.o
#14 129.7 r - aarch64/initplat.o
#14 129.7 r - aarch64/math.o
#14 129.7 r - aarch64/setjmp.o
#14 129.7 make: Leaving directory '/shim/gnu-efi/aarch64/lib'
#14 129.7 mkdir -p /shim/gnu-efi/aarch64/inc
#14 129.8 make: Entering directory '/shim/gnu-efi/aarch64/gnuefi'
#14 129.9 make -C /shim/gnu-efi/aarch64/inc -f /shim/gnu-efi//inc/Makefile SRCDIR=/shim/gnu-efi//inc ARCH=aarch64
#14 130.0 make: Entering directory '/shim/gnu-efi/aarch64/inc'
#14 130.0 gcc -I/shim/gnu-efi//gnuefi -I/shim/gnu-efi/inc -I/shim/gnu-efi/inc/aarch64 -I/shim/gnu-efi/inc/protocol -Wno-error=pragmas -fpic  -Os -Wall -Wextra -Wno-missing-field-initializers -Werror -fshort-wchar -fno-strict-aliasing -ffreestanding -fno-stack-protector -fno-stack-check -nostdinc   -isystem /shim/gnu-efi/../include/system -isystem /usr/lib/gcc/aarch64-linux-gnu/14/include -fno-merge-all-constants -DCONFIG_aarch64 -c /shim/gnu-efi//gnuefi/crt0-efi-aarch64.S -o crt0-efi-aarch64.o
#14 130.1 gcc -std=gnu11 -ggdb -gdwarf-4 -gstrict-dwarf -ffreestanding -fmacro-prefix-map=/shim/= -fno-stack-protector -fno-strict-aliasing -fpic -fshort-wchar -Os -Wall -Wextra -Wno-missing-field-initializers  -DMDE_CPU_AARCH64 -DPAGE_SIZE=4096 -mstrict-align -Werror -nostdinc -I/shim/Cryptlib -I/shim/Cryptlib/Include -I/shim/gnu-efi/inc -I/shim/gnu-efi/inc/aarch64 -I/shim/gnu-efi/inc/protocol -I/shim/include -iquote /shim -iquote /shim -isystem /shim/include/system -isystem /usr/lib/gcc/aarch64-linux-gnu/14/include -DDEFAULT_LOADER='L"\\\\igelaa64.efi"' -DDEFAULT_LOADER_CHAR='"\\\\igelaa64.efi"' -DEFI_ARCH='L"aa64"' -DDEBUGDIR='L"/usr/lib/debug/usr/share/shim/aa64-16.1-16.1/"' -DVENDOR_CERT_FILE=\"debian/igel-uefi-ca.der\" -DVENDOR_DBX_FILE=\"dbx.esl\" -DSBAT_AUTOMATIC_DATE=2025021800 -Wdate-time -D_FORTIFY_SOURCE=2  -c -o crypt_blowfish.o crypt_blowfish.c
#14 130.1 make: Nothing to be done for 'all'.
#14 130.1 make: Leaving directory '/shim/gnu-efi/aarch64/inc'
#14 130.1 mkdir -p /shim/gnu-efi/aarch64/gnuefi
#14 130.3 make -C /shim/gnu-efi/aarch64/gnuefi -f /shim/gnu-efi//gnuefi/Makefile SRCDIR=/shim/gnu-efi//gnuefi ARCH=aarch64
#14 130.4 make: Entering directory '/shim/gnu-efi/aarch64/gnuefi'
#14 130.4 gcc -std=gnu11 -ggdb -gdwarf-4 -gstrict-dwarf -ffreestanding -fmacro-prefix-map=/shim/= -fno-stack-protector -fno-strict-aliasing -fpic -fshort-wchar -nostdinc -Os -Wall -Wextra -Wno-missing-field-initializers -Wno-empty-body -Wno-implicit-fallthrough -Wno-old-style-declaration -Wno-unused-but-set-variable -Wno-unused-parameter -Werror -Wno-error=unused-but-set-variable -Wno-error=unused-parameter -I/shim/Cryptlib/OpenSSL -I/shim/Cryptlib -I/shim/Cryptlib/OpenSSL/Include/ -I/shim/Cryptlib/OpenSSL/crypto -I/shim/Cryptlib/Include -I/shim/gnu-efi/inc -I/shim/gnu-efi/inc/aarch64 -I/shim/gnu-efi/inc/protocol -I/shim/Cryptlib/OpenSSL/crypto/asn1 -I/shim/Cryptlib/OpenSSL/crypto/evp -I/shim/Cryptlib/OpenSSL/crypto/modes -I/shim/Cryptlib/OpenSSL/crypto/include -isystem /shim/include/system -isystem /usr/lib/gcc/aarch64-linux-gnu/14/include -DL_ENDIAN -D_CRT_SECURE_NO_DEPRECATE -D_CRT_NONSTDC_NO_DEPRECATE -DOPENSSL_SMALL_FOOTPRINT -DPEDANTIC -DMDE_CPU_AARCH64   -c -o crypto/aes/aes_ofb.o crypto/aes/aes_ofb.c
#14 130.7 gcc -I/shim/gnu-efi//gnuefi -I/shim/gnu-efi/inc -I/shim/gnu-efi/inc/aarch64 -I/shim/gnu-efi/inc/protocol -Wno-error=pragmas -fpic  -Os -Wall -Wextra -Wno-missing-field-initializers -Werror -fshort-wchar -fno-strict-aliasing -ffreestanding -fno-stack-protector -fno-stack-check -nostdinc   -isystem /shim/gnu-efi/../include/system -isystem /usr/lib/gcc/aarch64-linux-gnu/14/include -fno-merge-all-constants -DCONFIG_aarch64 -c /shim/gnu-efi//gnuefi/crt0-efi-aarch64.S -o crt0-efi-aarch64.o
#14 130.7 /shim/gnu-efi//gnuefi/crt0-efi-aarch64.S: Assembler messages:
#14 130.7 /shim/gnu-efi//gnuefi/crt0-efi-aarch64.S:54: Warning: setting incorrect section attributes for .note.GNU-stack
#14 130.7 gcc -I/shim/gnu-efi//gnuefi -I/shim/gnu-efi/inc -I/shim/gnu-efi/inc/aarch64 -I/shim/gnu-efi/inc/protocol -Wno-error=pragmas -fpic  -Os -Wall -Wextra -Wno-missing-field-initializers -Werror -fshort-wchar -fno-strict-aliasing -ffreestanding -fno-stack-protector -fno-stack-check -nostdinc   -isystem /shim/gnu-efi/../include/system -isystem /usr/lib/gcc/aarch64-linux-gnu/14/include -fno-merge-all-constants -fno-jump-tables -DCONFIG_aarch64 -c /shim/gnu-efi//gnuefi/reloc_aarch64.c -o reloc_aarch64.o
#14 131.3 /shim/gnu-efi//gnuefi/crt0-efi-aarch64.S: Assembler messages:
#14 131.3 /shim/gnu-efi//gnuefi/crt0-efi-aarch64.S:54: Warning: setting incorrect section attributes for .note.GNU-stack
#14 131.3 gcc -I/shim/gnu-efi//gnuefi -I/shim/gnu-efi/inc -I/shim/gnu-efi/inc/aarch64 -I/shim/gnu-efi/inc/protocol -Wno-error=pragmas -fpic  -Os -Wall -Wextra -Wno-missing-field-initializers -Werror -fshort-wchar -fno-strict-aliasing -ffreestanding -fno-stack-protector -fno-stack-check -nostdinc   -isystem /shim/gnu-efi/../include/system -isystem /usr/lib/gcc/aarch64-linux-gnu/14/include -fno-merge-all-constants -fno-jump-tables -DCONFIG_aarch64 -c /shim/gnu-efi//gnuefi/reloc_aarch64.c -o reloc_aarch64.o
#14 131.7 gcc -std=gnu11 -ggdb -gdwarf-4 -gstrict-dwarf -ffreestanding -fmacro-prefix-map=/shim/= -fno-stack-protector -fno-strict-aliasing -fpic -fshort-wchar -nostdinc -Os -Wall -Wextra -Wno-missing-field-initializers -Wno-empty-body -Wno-implicit-fallthrough -Wno-old-style-declaration -Wno-unused-but-set-variable -Wno-unused-parameter -Werror -Wno-error=unused-but-set-variable -Wno-error=unused-parameter -I/shim/Cryptlib/OpenSSL -I/shim/Cryptlib -I/shim/Cryptlib/OpenSSL/Include/ -I/shim/Cryptlib/OpenSSL/crypto -I/shim/Cryptlib/Include -I/shim/gnu-efi/inc -I/shim/gnu-efi/inc/aarch64 -I/shim/gnu-efi/inc/protocol -I/shim/Cryptlib/OpenSSL/crypto/asn1 -I/shim/Cryptlib/OpenSSL/crypto/evp -I/shim/Cryptlib/OpenSSL/crypto/modes -I/shim/Cryptlib/OpenSSL/crypto/include -isystem /shim/include/system -isystem /usr/lib/gcc/aarch64-linux-gnu/14/include -DL_ENDIAN -D_CRT_SECURE_NO_DEPRECATE -D_CRT_NONSTDC_NO_DEPRECATE -DOPENSSL_SMALL_FOOTPRINT -DPEDANTIC -DMDE_CPU_AARCH64   -c -o crypto/aes/aes_ctr.o crypto/aes/aes_ctr.c
#14 132.7 aarch64-linux-gnu-gcc-ar -rv -U libgnuefi.a reloc_aarch64.o
#14 132.8 gcc -std=gnu11 -ggdb -gdwarf-4 -gstrict-dwarf -ffreestanding -fmacro-prefix-map=/shim/= -fno-stack-protector -fno-strict-aliasing -fpic -fshort-wchar -nostdinc -Os -Wall -Wextra -Wno-missing-field-initializers -Wno-empty-body -Wno-implicit-fallthrough -Wno-old-style-declaration -Wno-unused-but-set-variable -Wno-unused-parameter -Werror -Wno-error=unused-but-set-variable -Wno-error=unused-parameter -I/shim/Cryptlib/OpenSSL -I/shim/Cryptlib -I/shim/Cryptlib/OpenSSL/Include/ -I/shim/Cryptlib/OpenSSL/crypto -I/shim/Cryptlib/Include -I/shim/gnu-efi/inc -I/shim/gnu-efi/inc/aarch64 -I/shim/gnu-efi/inc/protocol -I/shim/Cryptlib/OpenSSL/crypto/asn1 -I/shim/Cryptlib/OpenSSL/crypto/evp -I/shim/Cryptlib/OpenSSL/crypto/modes -I/shim/Cryptlib/OpenSSL/crypto/include -isystem /shim/include/system -isystem /usr/lib/gcc/aarch64-linux-gnu/14/include -DL_ENDIAN -D_CRT_SECURE_NO_DEPRECATE -D_CRT_NONSTDC_NO_DEPRECATE -DOPENSSL_SMALL_FOOTPRINT -DPEDANTIC -DMDE_CPU_AARCH64   -c -o crypto/aes/aes_ige.o crypto/aes/aes_ige.c
#14 133.0 /usr/bin/ar: creating libgnuefi.a
#14 133.0 a - reloc_aarch64.o
#14 133.0 make: Leaving directory '/shim/gnu-efi/aarch64/gnuefi'
#14 133.0 make: Leaving directory '/shim/gnu-efi'
#14 133.0 gcc -std=gnu11 -ggdb -gdwarf-4 -gstrict-dwarf -ffreestanding -fmacro-prefix-map=/shim/= -fno-stack-protector -fno-strict-aliasing -fpic -fshort-wchar -nostdinc -Os -Wall -Wextra -Wno-missing-field-initializers -Wno-empty-body -Wno-implicit-fallthrough -Wno-old-style-declaration -Wno-unused-but-set-variable -Wno-unused-parameter -Werror -Wno-error=unused-but-set-variable -Wno-error=unused-parameter -I/shim/Cryptlib/OpenSSL -I/shim/Cryptlib -I/shim/Cryptlib/OpenSSL/Include/ -I/shim/Cryptlib/OpenSSL/crypto -I/shim/Cryptlib/Include -I/shim/gnu-efi/inc -I/shim/gnu-efi/inc/aarch64 -I/shim/gnu-efi/inc/protocol -I/shim/Cryptlib/OpenSSL/crypto/asn1 -I/shim/Cryptlib/OpenSSL/crypto/evp -I/shim/Cryptlib/OpenSSL/crypto/modes -I/shim/Cryptlib/OpenSSL/crypto/include -isystem /shim/include/system -isystem /usr/lib/gcc/aarch64-linux-gnu/14/include -DL_ENDIAN -D_CRT_SECURE_NO_DEPRECATE -D_CRT_NONSTDC_NO_DEPRECATE -DOPENSSL_SMALL_FOOTPRINT -DPEDANTIC -DMDE_CPU_AARCH64   -c -o crypto/aes/aes_wrap.o crypto/aes/aes_wrap.c
#14 133.2 aarch64-linux-gnu-gcc-ar -rv -U libgnuefi.a reloc_aarch64.o
#14 133.7 r - reloc_aarch64.o
#14 133.7 make: Leaving directory '/shim/gnu-efi/aarch64/gnuefi'
#14 133.7 make: Leaving directory '/shim/gnu-efi'
#14 133.7 gcc -std=gnu11 -ggdb -gdwarf-4 -gstrict-dwarf -ffreestanding -fmacro-prefix-map=/shim/= -fno-stack-protector -fno-strict-aliasing -fpic -fshort-wchar -Os -Wall -Wextra -Wno-missing-field-initializers  -DMDE_CPU_AARCH64 -DPAGE_SIZE=4096 -mstrict-align -Werror -nostdinc -I/shim/Cryptlib -I/shim/Cryptlib/Include -I/shim/gnu-efi/inc -I/shim/gnu-efi/inc/aarch64 -I/shim/gnu-efi/inc/protocol -I/shim/include -iquote /shim -iquote /shim -isystem /shim/include/system -isystem /usr/lib/gcc/aarch64-linux-gnu/14/include -DDEFAULT_LOADER='L"\\\\igelaa64.efi"' -DDEFAULT_LOADER_CHAR='"\\\\igelaa64.efi"' -DEFI_ARCH='L"aa64"' -DDEBUGDIR='L"/usr/lib/debug/usr/share/shim/aa64-16.1-16.1/"' -DVENDOR_CERT_FILE=\"debian/igel-uefi-ca.der\" -DVENDOR_DBX_FILE=\"dbx.esl\" -DSBAT_AUTOMATIC_DATE=2025021800 -Wdate-time -D_FORTIFY_SOURCE=2  -c -o fallback.o fallback.c
#14 134.7 ./generate_sbat_var_defs /shim > generated_sbat_var_defs.h
#14 135.0 gcc -std=gnu11 -ggdb -gdwarf-4 -gstrict-dwarf -ffreestanding -fmacro-prefix-map=/shim/= -fno-stack-protector -fno-strict-aliasing -fpic -fshort-wchar -nostdinc -Os -Wall -Wextra -Wno-missing-field-initializers -Wno-empty-body -Wno-implicit-fallthrough -Wno-old-style-declaration -Wno-unused-but-set-variable -Wno-unused-parameter -Werror -Wno-error=unused-but-set-variable -Wno-error=unused-parameter -I/shim/Cryptlib/OpenSSL -I/shim/Cryptlib -I/shim/Cryptlib/OpenSSL/Include/ -I/shim/Cryptlib/OpenSSL/crypto -I/shim/Cryptlib/Include -I/shim/gnu-efi/inc -I/shim/gnu-efi/inc/aarch64 -I/shim/gnu-efi/inc/protocol -I/shim/Cryptlib/OpenSSL/crypto/asn1 -I/shim/Cryptlib/OpenSSL/crypto/evp -I/shim/Cryptlib/OpenSSL/crypto/modes -I/shim/Cryptlib/OpenSSL/crypto/include -isystem /shim/include/system -isystem /usr/lib/gcc/aarch64-linux-gnu/14/include -DL_ENDIAN -D_CRT_SECURE_NO_DEPRECATE -D_CRT_NONSTDC_NO_DEPRECATE -DOPENSSL_SMALL_FOOTPRINT -DPEDANTIC -DMDE_CPU_AARCH64   -c -o crypto/aes/aes_core.o crypto/aes/aes_core.c
#14 136.4 gcc -std=gnu11 -ggdb -gdwarf-4 -gstrict-dwarf -ffreestanding -fmacro-prefix-map=/shim/= -fno-stack-protector -fno-strict-aliasing -fpic -fshort-wchar -nostdinc -Os -Wall -Wextra -Wno-missing-field-initializers -Wno-empty-body -Wno-implicit-fallthrough -Wno-old-style-declaration -Wno-unused-but-set-variable -Wno-unused-parameter -Werror -Wno-error=unused-but-set-variable -Wno-error=unused-parameter -I/shim/Cryptlib/OpenSSL -I/shim/Cryptlib -I/shim/Cryptlib/OpenSSL/Include/ -I/shim/Cryptlib/OpenSSL/crypto -I/shim/Cryptlib/Include -I/shim/gnu-efi/inc -I/shim/gnu-efi/inc/aarch64 -I/shim/gnu-efi/inc/protocol -I/shim/Cryptlib/OpenSSL/crypto/asn1 -I/shim/Cryptlib/OpenSSL/crypto/evp -I/shim/Cryptlib/OpenSSL/crypto/modes -I/shim/Cryptlib/OpenSSL/crypto/include -isystem /shim/include/system -isystem /usr/lib/gcc/aarch64-linux-gnu/14/include -DL_ENDIAN -D_CRT_SECURE_NO_DEPRECATE -D_CRT_NONSTDC_NO_DEPRECATE -DOPENSSL_SMALL_FOOTPRINT -DPEDANTIC -DMDE_CPU_AARCH64   -c -o crypto/aes/aes_cbc.o crypto/aes/aes_cbc.c
#14 137.6 gcc -std=gnu11 -ggdb -gdwarf-4 -gstrict-dwarf -ffreestanding -fmacro-prefix-map=/shim/= -fno-stack-protector -fno-strict-aliasing -fpic -fshort-wchar -nostdinc -Os -Wall -Wextra -Wno-missing-field-initializers -Wno-empty-body -Wno-implicit-fallthrough -Wno-old-style-declaration -Wno-unused-but-set-variable -Wno-unused-parameter -Werror -Wno-error=unused-but-set-variable -Wno-error=unused-parameter -I/shim/Cryptlib/OpenSSL -I/shim/Cryptlib -I/shim/Cryptlib/OpenSSL/Include/ -I/shim/Cryptlib/OpenSSL/crypto -I/shim/Cryptlib/Include -I/shim/gnu-efi/inc -I/shim/gnu-efi/inc/aarch64 -I/shim/gnu-efi/inc/protocol -I/shim/Cryptlib/OpenSSL/crypto/asn1 -I/shim/Cryptlib/OpenSSL/crypto/evp -I/shim/Cryptlib/OpenSSL/crypto/modes -I/shim/Cryptlib/OpenSSL/crypto/include -isystem /shim/include/system -isystem /usr/lib/gcc/aarch64-linux-gnu/14/include -DL_ENDIAN -D_CRT_SECURE_NO_DEPRECATE -D_CRT_NONSTDC_NO_DEPRECATE -DOPENSSL_SMALL_FOOTPRINT -DPEDANTIC -DMDE_CPU_AARCH64   -c -o crypto/modes/cbc128.o crypto/modes/cbc128.c
#14 138.5 gcc -std=gnu11 -ggdb -gdwarf-4 -gstrict-dwarf -ffreestanding -fmacro-prefix-map=/shim/= -fno-stack-protector -fno-strict-aliasing -fpic -fshort-wchar -Os -Wall -Wextra -Wno-missing-field-initializers  -DMDE_CPU_AARCH64 -DPAGE_SIZE=4096 -mstrict-align -Werror -nostdinc -I/shim/Cryptlib -I/shim/Cryptlib/Include -I/shim/gnu-efi/inc -I/shim/gnu-efi/inc/aarch64 -I/shim/gnu-efi/inc/protocol -I/shim/include -iquote /shim -iquote /shim -isystem /shim/include/system -isystem /usr/lib/gcc/aarch64-linux-gnu/14/include -DDEFAULT_LOADER='L"\\\\igelaa64.efi"' -DDEFAULT_LOADER_CHAR='"\\\\igelaa64.efi"' -DEFI_ARCH='L"aa64"' -DDEBUGDIR='L"/usr/lib/debug/usr/share/shim/aa64-16.1-16.1/"' -DVENDOR_CERT_FILE=\"debian/igel-uefi-ca.der\" -DVENDOR_DBX_FILE=\"dbx.esl\" -DSBAT_AUTOMATIC_DATE=2025021800 -x c -c -o sbat_data.o /dev/null
#14 139.4 aarch64-linux-gnu-objcopy --add-section .sbat=/shim/data/sbat.csv \
#14 139.4 	--set-section-flags .sbat=contents,alloc,load,readonly,data \
#14 139.4 	sbat_data.o
#14 139.5 aarch64-linux-gnu-objcopy --add-section ".sbat.igel=sbat.igel.csv" sbat_data.o
#14 139.5 gcc -std=gnu11 -ggdb -gdwarf-4 -gstrict-dwarf -ffreestanding -fmacro-prefix-map=/shim/= -fno-stack-protector -fno-strict-aliasing -fpic -fshort-wchar -Os -Wall -Wextra -Wno-missing-field-initializers  -DMDE_CPU_AARCH64 -DPAGE_SIZE=4096 -mstrict-align -Werror -nostdinc -I/shim/Cryptlib -I/shim/Cryptlib/Include -I/shim/gnu-efi/inc -I/shim/gnu-efi/inc/aarch64 -I/shim/gnu-efi/inc/protocol -I/shim/include -iquote /shim -iquote /shim -isystem /shim/include/system -isystem /usr/lib/gcc/aarch64-linux-gnu/14/include -DDEFAULT_LOADER='L"\\\\igelaa64.efi"' -DDEFAULT_LOADER_CHAR='"\\\\igelaa64.efi"' -DEFI_ARCH='L"aa64"' -DDEBUGDIR='L"/usr/lib/debug/usr/share/shim/aa64-16.1-16.1/"' -DVENDOR_CERT_FILE=\"debian/igel-uefi-ca.der\" -DVENDOR_DBX_FILE=\"dbx.esl\" -DSBAT_AUTOMATIC_DATE=2025021800 -c -o sbat_var.o sbat_var.S 
#14 139.7 gcc -std=gnu11 -ggdb -gdwarf-4 -gstrict-dwarf -ffreestanding -fmacro-prefix-map=/shim/= -fno-stack-protector -fno-strict-aliasing -fpic -fshort-wchar -nostdinc -Os -Wall -Wextra -Wno-missing-field-initializers -Wno-empty-body -Wno-implicit-fallthrough -Wno-old-style-declaration -Wno-unused-but-set-variable -Wno-unused-parameter -Werror -Wno-error=unused-but-set-variable -Wno-error=unused-parameter -I/shim/Cryptlib/OpenSSL -I/shim/Cryptlib -I/shim/Cryptlib/OpenSSL/Include/ -I/shim/Cryptlib/OpenSSL/crypto -I/shim/Cryptlib/Include -I/shim/gnu-efi/inc -I/shim/gnu-efi/inc/aarch64 -I/shim/gnu-efi/inc/protocol -I/shim/Cryptlib/OpenSSL/crypto/asn1 -I/shim/Cryptlib/OpenSSL/crypto/evp -I/shim/Cryptlib/OpenSSL/crypto/modes -I/shim/Cryptlib/OpenSSL/crypto/include -isystem /shim/include/system -isystem /usr/lib/gcc/aarch64-linux-gnu/14/include -DL_ENDIAN -D_CRT_SECURE_NO_DEPRECATE -D_CRT_NONSTDC_NO_DEPRECATE -DOPENSSL_SMALL_FOOTPRINT -DPEDANTIC -DMDE_CPU_AARCH64   -c -o crypto/modes/ctr128.o crypto/modes/ctr128.c
#14 140.2 sbat_var.S: Assembler messages:
#14 140.2 sbat_var.S:24: Warning: setting incorrect section attributes for .note.GNU-stack
#14 140.3 gcc -std=gnu11 -ggdb -gdwarf-4 -gstrict-dwarf -ffreestanding -fmacro-prefix-map=/shim/= -fno-stack-protector -fno-strict-aliasing -fpic -fshort-wchar -nostdinc -Os -Wall -Wextra -Wno-missing-field-initializers -Wno-empty-body -Wno-implicit-fallthrough -Wno-old-style-declaration -Wno-unused-but-set-variable -Wno-unused-parameter -Werror -Wno-error=unused-but-set-variable -Wno-error=unused-parameter -I/shim/Cryptlib/OpenSSL -I/shim/Cryptlib -I/shim/Cryptlib/OpenSSL/Include/ -I/shim/Cryptlib/OpenSSL/crypto -I/shim/Cryptlib/Include -I/shim/gnu-efi/inc -I/shim/gnu-efi/inc/aarch64 -I/shim/gnu-efi/inc/protocol -I/shim/Cryptlib/OpenSSL/crypto/asn1 -I/shim/Cryptlib/OpenSSL/crypto/evp -I/shim/Cryptlib/OpenSSL/crypto/modes -I/shim/Cryptlib/OpenSSL/crypto/include -isystem /shim/include/system -isystem /usr/lib/gcc/aarch64-linux-gnu/14/include -DL_ENDIAN -D_CRT_SECURE_NO_DEPRECATE -D_CRT_NONSTDC_NO_DEPRECATE -DOPENSSL_SMALL_FOOTPRINT -DPEDANTIC -DMDE_CPU_AARCH64   -c -o crypto/modes/cts128.o crypto/modes/cts128.c
#14 140.5 gcc -std=gnu11 -ggdb -gdwarf-4 -gstrict-dwarf -ffreestanding -fmacro-prefix-map=/shim/= -fno-stack-protector -fno-strict-aliasing -fpic -fshort-wchar -Os -Wall -Wextra -Wno-missing-field-initializers  -DMDE_CPU_AARCH64 -DPAGE_SIZE=4096 -mstrict-align -Werror -nostdinc -I/shim/Cryptlib -I/shim/Cryptlib/Include -I/shim/gnu-efi/inc -I/shim/gnu-efi/inc/aarch64 -I/shim/gnu-efi/inc/protocol -I/shim/include -iquote /shim -iquote /shim -isystem /shim/include/system -isystem /usr/lib/gcc/aarch64-linux-gnu/14/include -DDEFAULT_LOADER='L"\\\\igelaa64.efi"' -DDEFAULT_LOADER_CHAR='"\\\\igelaa64.efi"' -DEFI_ARCH='L"aa64"' -DDEBUGDIR='L"/usr/lib/debug/usr/share/shim/aa64-16.1-16.1/"' -DVENDOR_CERT_FILE=\"debian/igel-uefi-ca.der\" -DVENDOR_DBX_FILE=\"dbx.esl\" -DSBAT_AUTOMATIC_DATE=2025021800 -Wdate-time -D_FORTIFY_SOURCE=2  -c -o shim.o shim.c
#14 140.7 gcc -std=gnu11 -ggdb -gdwarf-4 -gstrict-dwarf -ffreestanding -fmacro-prefix-map=/shim/= -fno-stack-protector -fno-strict-aliasing -fpic -fshort-wchar -nostdinc -Os -Wall -Wextra -Wno-missing-field-initializers -Wno-empty-body -Wno-implicit-fallthrough -Wno-old-style-declaration -Wno-unused-but-set-variable -Wno-unused-parameter -Werror -Wno-error=unused-but-set-variable -Wno-error=unused-parameter -I/shim/Cryptlib/OpenSSL -I/shim/Cryptlib -I/shim/Cryptlib/OpenSSL/Include/ -I/shim/Cryptlib/OpenSSL/crypto -I/shim/Cryptlib/Include -I/shim/gnu-efi/inc -I/shim/gnu-efi/inc/aarch64 -I/shim/gnu-efi/inc/protocol -I/shim/Cryptlib/OpenSSL/crypto/asn1 -I/shim/Cryptlib/OpenSSL/crypto/evp -I/shim/Cryptlib/OpenSSL/crypto/modes -I/shim/Cryptlib/OpenSSL/crypto/include -isystem /shim/include/system -isystem /usr/lib/gcc/aarch64-linux-gnu/14/include -DL_ENDIAN -D_CRT_SECURE_NO_DEPRECATE -D_CRT_NONSTDC_NO_DEPRECATE -DOPENSSL_SMALL_FOOTPRINT -DPEDANTIC -DMDE_CPU_AARCH64   -c -o crypto/modes/cfb128.o crypto/modes/cfb128.c
#14 142.7 gcc -std=gnu11 -ggdb -gdwarf-4 -gstrict-dwarf -ffreestanding -fmacro-prefix-map=/shim/= -fno-stack-protector -fno-strict-aliasing -fpic -fshort-wchar -nostdinc -Os -Wall -Wextra -Wno-missing-field-initializers -Wno-empty-body -Wno-implicit-fallthrough -Wno-old-style-declaration -Wno-unused-but-set-variable -Wno-unused-parameter -Werror -Wno-error=unused-but-set-variable -Wno-error=unused-parameter -I/shim/Cryptlib/OpenSSL -I/shim/Cryptlib -I/shim/Cryptlib/OpenSSL/Include/ -I/shim/Cryptlib/OpenSSL/crypto -I/shim/Cryptlib/Include -I/shim/gnu-efi/inc -I/shim/gnu-efi/inc/aarch64 -I/shim/gnu-efi/inc/protocol -I/shim/Cryptlib/OpenSSL/crypto/asn1 -I/shim/Cryptlib/OpenSSL/crypto/evp -I/shim/Cryptlib/OpenSSL/crypto/modes -I/shim/Cryptlib/OpenSSL/crypto/include -isystem /shim/include/system -isystem /usr/lib/gcc/aarch64-linux-gnu/14/include -DL_ENDIAN -D_CRT_SECURE_NO_DEPRECATE -D_CRT_NONSTDC_NO_DEPRECATE -DOPENSSL_SMALL_FOOTPRINT -DPEDANTIC -DMDE_CPU_AARCH64   -c -o crypto/modes/ofb128.o crypto/modes/ofb128.c
#14 143.3 gcc -std=gnu11 -ggdb -gdwarf-4 -gstrict-dwarf -ffreestanding -fmacro-prefix-map=/shim/= -fno-stack-protector -fno-strict-aliasing -fpic -fshort-wchar -nostdinc -Os -Wall -Wextra -Wno-missing-field-initializers -Wno-empty-body -Wno-implicit-fallthrough -Wno-old-style-declaration -Wno-unused-but-set-variable -Wno-unused-parameter -Werror -Wno-error=unused-but-set-variable -Wno-error=unused-parameter -I/shim/Cryptlib/OpenSSL -I/shim/Cryptlib -I/shim/Cryptlib/OpenSSL/Include/ -I/shim/Cryptlib/OpenSSL/crypto -I/shim/Cryptlib/Include -I/shim/gnu-efi/inc -I/shim/gnu-efi/inc/aarch64 -I/shim/gnu-efi/inc/protocol -I/shim/Cryptlib/OpenSSL/crypto/asn1 -I/shim/Cryptlib/OpenSSL/crypto/evp -I/shim/Cryptlib/OpenSSL/crypto/modes -I/shim/Cryptlib/OpenSSL/crypto/include -isystem /shim/include/system -isystem /usr/lib/gcc/aarch64-linux-gnu/14/include -DL_ENDIAN -D_CRT_SECURE_NO_DEPRECATE -D_CRT_NONSTDC_NO_DEPRECATE -DOPENSSL_SMALL_FOOTPRINT -DPEDANTIC -DMDE_CPU_AARCH64   -c -o crypto/modes/gcm128.o crypto/modes/gcm128.c
#14 143.3 gcc -std=gnu11 -ggdb -gdwarf-4 -gstrict-dwarf -ffreestanding -fmacro-prefix-map=/shim/= -fno-stack-protector -fno-strict-aliasing -fpic -fshort-wchar -nostdinc -Os -Wall -Wextra -Wno-missing-field-initializers -Wno-empty-body -Wno-implicit-fallthrough -Wno-old-style-declaration -Wno-unused-but-set-variable -Wno-unused-parameter -Werror -Wno-error=unused-but-set-variable -Wno-error=unused-parameter -I/shim/Cryptlib/OpenSSL -I/shim/Cryptlib -I/shim/Cryptlib/OpenSSL/Include/ -I/shim/Cryptlib/OpenSSL/crypto -I/shim/Cryptlib/Include -I/shim/gnu-efi/inc -I/shim/gnu-efi/inc/aarch64 -I/shim/gnu-efi/inc/protocol -I/shim/Cryptlib/OpenSSL/crypto/asn1 -I/shim/Cryptlib/OpenSSL/crypto/evp -I/shim/Cryptlib/OpenSSL/crypto/modes -I/shim/Cryptlib/OpenSSL/crypto/include -isystem /shim/include/system -isystem /usr/lib/gcc/aarch64-linux-gnu/14/include -DL_ENDIAN -D_CRT_SECURE_NO_DEPRECATE -D_CRT_NONSTDC_NO_DEPRECATE -DOPENSSL_SMALL_FOOTPRINT -DPEDANTIC -DMDE_CPU_AARCH64   -c -o crypto/modes/ccm128.o crypto/modes/ccm128.c
#14 144.6 gcc -std=gnu11 -ggdb -gdwarf-4 -gstrict-dwarf -ffreestanding -fmacro-prefix-map=/shim/= -fno-stack-protector -fno-strict-aliasing -fpic -fshort-wchar -nostdinc -Os -Wall -Wextra -Wno-missing-field-initializers -Wno-empty-body -Wno-implicit-fallthrough -Wno-old-style-declaration -Wno-unused-but-set-variable -Wno-unused-parameter -Werror -Wno-error=unused-but-set-variable -Wno-error=unused-parameter -I/shim/Cryptlib/OpenSSL -I/shim/Cryptlib -I/shim/Cryptlib/OpenSSL/Include/ -I/shim/Cryptlib/OpenSSL/crypto -I/shim/Cryptlib/Include -I/shim/gnu-efi/inc -I/shim/gnu-efi/inc/aarch64 -I/shim/gnu-efi/inc/protocol -I/shim/Cryptlib/OpenSSL/crypto/asn1 -I/shim/Cryptlib/OpenSSL/crypto/evp -I/shim/Cryptlib/OpenSSL/crypto/modes -I/shim/Cryptlib/OpenSSL/crypto/include -isystem /shim/include/system -isystem /usr/lib/gcc/aarch64-linux-gnu/14/include -DL_ENDIAN -D_CRT_SECURE_NO_DEPRECATE -D_CRT_NONSTDC_NO_DEPRECATE -DOPENSSL_SMALL_FOOTPRINT -DPEDANTIC -DMDE_CPU_AARCH64   -c -o crypto/modes/xts128.o crypto/modes/xts128.c
#14 146.8 gcc -std=gnu11 -ggdb -gdwarf-4 -gstrict-dwarf -ffreestanding -fmacro-prefix-map=/shim/= -fno-stack-protector -fno-strict-aliasing -fpic -fshort-wchar -nostdinc -Os -Wall -Wextra -Wno-missing-field-initializers -Wno-empty-body -Wno-implicit-fallthrough -Wno-old-style-declaration -Wno-unused-but-set-variable -Wno-unused-parameter -Werror -Wno-error=unused-but-set-variable -Wno-error=unused-parameter -I/shim/Cryptlib/OpenSSL -I/shim/Cryptlib -I/shim/Cryptlib/OpenSSL/Include/ -I/shim/Cryptlib/OpenSSL/crypto -I/shim/Cryptlib/Include -I/shim/gnu-efi/inc -I/shim/gnu-efi/inc/aarch64 -I/shim/gnu-efi/inc/protocol -I/shim/Cryptlib/OpenSSL/crypto/asn1 -I/shim/Cryptlib/OpenSSL/crypto/evp -I/shim/Cryptlib/OpenSSL/crypto/modes -I/shim/Cryptlib/OpenSSL/crypto/include -isystem /shim/include/system -isystem /usr/lib/gcc/aarch64-linux-gnu/14/include -DL_ENDIAN -D_CRT_SECURE_NO_DEPRECATE -D_CRT_NONSTDC_NO_DEPRECATE -DOPENSSL_SMALL_FOOTPRINT -DPEDANTIC -DMDE_CPU_AARCH64   -c -o crypto/modes/wrap128.o crypto/modes/wrap128.c
#14 147.2 gcc -std=gnu11 -ggdb -gdwarf-4 -gstrict-dwarf -ffreestanding -fmacro-prefix-map=/shim/= -fno-stack-protector -fno-strict-aliasing -fpic -fshort-wchar -nostdinc -Os -Wall -Wextra -Wno-missing-field-initializers -Wno-empty-body -Wno-implicit-fallthrough -Wno-old-style-declaration -Wno-unused-but-set-variable -Wno-unused-parameter -Werror -Wno-error=unused-but-set-variable -Wno-error=unused-parameter -I/shim/Cryptlib/OpenSSL -I/shim/Cryptlib -I/shim/Cryptlib/OpenSSL/Include/ -I/shim/Cryptlib/OpenSSL/crypto -I/shim/Cryptlib/Include -I/shim/gnu-efi/inc -I/shim/gnu-efi/inc/aarch64 -I/shim/gnu-efi/inc/protocol -I/shim/Cryptlib/OpenSSL/crypto/asn1 -I/shim/Cryptlib/OpenSSL/crypto/evp -I/shim/Cryptlib/OpenSSL/crypto/modes -I/shim/Cryptlib/OpenSSL/crypto/include -isystem /shim/include/system -isystem /usr/lib/gcc/aarch64-linux-gnu/14/include -DL_ENDIAN -D_CRT_SECURE_NO_DEPRECATE -D_CRT_NONSTDC_NO_DEPRECATE -DOPENSSL_SMALL_FOOTPRINT -DPEDANTIC -DMDE_CPU_AARCH64   -c -o crypto/bn/bn_add.o crypto/bn/bn_add.c
#14 147.3 gcc -std=gnu11 -ggdb -gdwarf-4 -gstrict-dwarf -ffreestanding -fmacro-prefix-map=/shim/= -fno-stack-protector -fno-strict-aliasing -fpic -fshort-wchar -nostdinc -Os -Wall -Wextra -Wno-missing-field-initializers -Wno-empty-body -Wno-implicit-fallthrough -Wno-old-style-declaration -Wno-unused-but-set-variable -Wno-unused-parameter -Werror -Wno-error=unused-but-set-variable -Wno-error=unused-parameter -I/shim/Cryptlib/OpenSSL -I/shim/Cryptlib -I/shim/Cryptlib/OpenSSL/Include/ -I/shim/Cryptlib/OpenSSL/crypto -I/shim/Cryptlib/Include -I/shim/gnu-efi/inc -I/shim/gnu-efi/inc/aarch64 -I/shim/gnu-efi/inc/protocol -I/shim/Cryptlib/OpenSSL/crypto/asn1 -I/shim/Cryptlib/OpenSSL/crypto/evp -I/shim/Cryptlib/OpenSSL/crypto/modes -I/shim/Cryptlib/OpenSSL/crypto/include -isystem /shim/include/system -isystem /usr/lib/gcc/aarch64-linux-gnu/14/include -DL_ENDIAN -D_CRT_SECURE_NO_DEPRECATE -D_CRT_NONSTDC_NO_DEPRECATE -DOPENSSL_SMALL_FOOTPRINT -DPEDANTIC -DMDE_CPU_AARCH64   -c -o crypto/bn/bn_div.o crypto/bn/bn_div.c
#14 147.6 gcc -std=gnu11 -ggdb -gdwarf-4 -gstrict-dwarf -ffreestanding -fmacro-prefix-map=/shim/= -fno-stack-protector -fno-strict-aliasing -fpic -fshort-wchar -nostdinc -Os -Wall -Wextra -Wno-missing-field-initializers -Wno-empty-body -Wno-implicit-fallthrough -Wno-old-style-declaration -Wno-unused-but-set-variable -Wno-unused-parameter -Werror -Wno-error=unused-but-set-variable -Wno-error=unused-parameter -I/shim/Cryptlib/OpenSSL -I/shim/Cryptlib -I/shim/Cryptlib/OpenSSL/Include/ -I/shim/Cryptlib/OpenSSL/crypto -I/shim/Cryptlib/Include -I/shim/gnu-efi/inc -I/shim/gnu-efi/inc/aarch64 -I/shim/gnu-efi/inc/protocol -I/shim/Cryptlib/OpenSSL/crypto/asn1 -I/shim/Cryptlib/OpenSSL/crypto/evp -I/shim/Cryptlib/OpenSSL/crypto/modes -I/shim/Cryptlib/OpenSSL/crypto/include -isystem /shim/include/system -isystem /usr/lib/gcc/aarch64-linux-gnu/14/include -DL_ENDIAN -D_CRT_SECURE_NO_DEPRECATE -D_CRT_NONSTDC_NO_DEPRECATE -DOPENSSL_SMALL_FOOTPRINT -DPEDANTIC -DMDE_CPU_AARCH64   -c -o crypto/bn/bn_exp.o crypto/bn/bn_exp.c
#14 149.3 gcc -std=gnu11 -ggdb -gdwarf-4 -gstrict-dwarf -ffreestanding -fmacro-prefix-map=/shim/= -fno-stack-protector -fno-strict-aliasing -fpic -fshort-wchar -nostdinc -Os -Wall -Wextra -Wno-missing-field-initializers -Wno-empty-body -Wno-implicit-fallthrough -Wno-old-style-declaration -Wno-unused-but-set-variable -Wno-unused-parameter -Werror -Wno-error=unused-but-set-variable -Wno-error=unused-parameter -I/shim/Cryptlib/OpenSSL -I/shim/Cryptlib -I/shim/Cryptlib/OpenSSL/Include/ -I/shim/Cryptlib/OpenSSL/crypto -I/shim/Cryptlib/Include -I/shim/gnu-efi/inc -I/shim/gnu-efi/inc/aarch64 -I/shim/gnu-efi/inc/protocol -I/shim/Cryptlib/OpenSSL/crypto/asn1 -I/shim/Cryptlib/OpenSSL/crypto/evp -I/shim/Cryptlib/OpenSSL/crypto/modes -I/shim/Cryptlib/OpenSSL/crypto/include -isystem /shim/include/system -isystem /usr/lib/gcc/aarch64-linux-gnu/14/include -DL_ENDIAN -D_CRT_SECURE_NO_DEPRECATE -D_CRT_NONSTDC_NO_DEPRECATE -DOPENSSL_SMALL_FOOTPRINT -DPEDANTIC -DMDE_CPU_AARCH64   -c -o crypto/bn/bn_lib.o crypto/bn/bn_lib.c
#14 149.8 gcc -std=gnu11 -ggdb -gdwarf-4 -gstrict-dwarf -ffreestanding -fmacro-prefix-map=/shim/= -fno-stack-protector -fno-strict-aliasing -fpic -fshort-wchar -nostdinc -Os -Wall -Wextra -Wno-missing-field-initializers -Wno-empty-body -Wno-implicit-fallthrough -Wno-old-style-declaration -Wno-unused-but-set-variable -Wno-unused-parameter -Werror -Wno-error=unused-but-set-variable -Wno-error=unused-parameter -I/shim/Cryptlib/OpenSSL -I/shim/Cryptlib -I/shim/Cryptlib/OpenSSL/Include/ -I/shim/Cryptlib/OpenSSL/crypto -I/shim/Cryptlib/Include -I/shim/gnu-efi/inc -I/shim/gnu-efi/inc/aarch64 -I/shim/gnu-efi/inc/protocol -I/shim/Cryptlib/OpenSSL/crypto/asn1 -I/shim/Cryptlib/OpenSSL/crypto/evp -I/shim/Cryptlib/OpenSSL/crypto/modes -I/shim/Cryptlib/OpenSSL/crypto/include -isystem /shim/include/system -isystem /usr/lib/gcc/aarch64-linux-gnu/14/include -DL_ENDIAN -D_CRT_SECURE_NO_DEPRECATE -D_CRT_NONSTDC_NO_DEPRECATE -DOPENSSL_SMALL_FOOTPRINT -DPEDANTIC -DMDE_CPU_AARCH64   -c -o crypto/bn/bn_ctx.o crypto/bn/bn_ctx.c
#14 150.0 gcc -std=gnu11 -ggdb -gdwarf-4 -gstrict-dwarf -ffreestanding -fmacro-prefix-map=/shim/= -fno-stack-protector -fno-strict-aliasing -fpic -fshort-wchar -nostdinc -Os -Wall -Wextra -Wno-missing-field-initializers -Wno-empty-body -Wno-implicit-fallthrough -Wno-old-style-declaration -Wno-unused-but-set-variable -Wno-unused-parameter -Werror -Wno-error=unused-but-set-variable -Wno-error=unused-parameter -I/shim/Cryptlib/OpenSSL -I/shim/Cryptlib -I/shim/Cryptlib/OpenSSL/Include/ -I/shim/Cryptlib/OpenSSL/crypto -I/shim/Cryptlib/Include -I/shim/gnu-efi/inc -I/shim/gnu-efi/inc/aarch64 -I/shim/gnu-efi/inc/protocol -I/shim/Cryptlib/OpenSSL/crypto/asn1 -I/shim/Cryptlib/OpenSSL/crypto/evp -I/shim/Cryptlib/OpenSSL/crypto/modes -I/shim/Cryptlib/OpenSSL/crypto/include -isystem /shim/include/system -isystem /usr/lib/gcc/aarch64-linux-gnu/14/include -DL_ENDIAN -D_CRT_SECURE_NO_DEPRECATE -D_CRT_NONSTDC_NO_DEPRECATE -DOPENSSL_SMALL_FOOTPRINT -DPEDANTIC -DMDE_CPU_AARCH64   -c -o crypto/bn/bn_mul.o crypto/bn/bn_mul.c
#14 152.2 gcc -std=gnu11 -ggdb -gdwarf-4 -gstrict-dwarf -ffreestanding -fmacro-prefix-map=/shim/= -fno-stack-protector -fno-strict-aliasing -fpic -fshort-wchar -nostdinc -Os -Wall -Wextra -Wno-missing-field-initializers -Wno-empty-body -Wno-implicit-fallthrough -Wno-old-style-declaration -Wno-unused-but-set-variable -Wno-unused-parameter -Werror -Wno-error=unused-but-set-variable -Wno-error=unused-parameter -I/shim/Cryptlib/OpenSSL -I/shim/Cryptlib -I/shim/Cryptlib/OpenSSL/Include/ -I/shim/Cryptlib/OpenSSL/crypto -I/shim/Cryptlib/Include -I/shim/gnu-efi/inc -I/shim/gnu-efi/inc/aarch64 -I/shim/gnu-efi/inc/protocol -I/shim/Cryptlib/OpenSSL/crypto/asn1 -I/shim/Cryptlib/OpenSSL/crypto/evp -I/shim/Cryptlib/OpenSSL/crypto/modes -I/shim/Cryptlib/OpenSSL/crypto/include -isystem /shim/include/system -isystem /usr/lib/gcc/aarch64-linux-gnu/14/include -DL_ENDIAN -D_CRT_SECURE_NO_DEPRECATE -D_CRT_NONSTDC_NO_DEPRECATE -DOPENSSL_SMALL_FOOTPRINT -DPEDANTIC -DMDE_CPU_AARCH64   -c -o crypto/bn/bn_mod.o crypto/bn/bn_mod.c
#14 152.5 gcc -std=gnu11 -ggdb -gdwarf-4 -gstrict-dwarf -ffreestanding -fmacro-prefix-map=/shim/= -fno-stack-protector -fno-strict-aliasing -fpic -fshort-wchar -nostdinc -Os -Wall -Wextra -Wno-missing-field-initializers -Wno-empty-body -Wno-implicit-fallthrough -Wno-old-style-declaration -Wno-unused-but-set-variable -Wno-unused-parameter -Werror -Wno-error=unused-but-set-variable -Wno-error=unused-parameter -I/shim/Cryptlib/OpenSSL -I/shim/Cryptlib -I/shim/Cryptlib/OpenSSL/Include/ -I/shim/Cryptlib/OpenSSL/crypto -I/shim/Cryptlib/Include -I/shim/gnu-efi/inc -I/shim/gnu-efi/inc/aarch64 -I/shim/gnu-efi/inc/protocol -I/shim/Cryptlib/OpenSSL/crypto/asn1 -I/shim/Cryptlib/OpenSSL/crypto/evp -I/shim/Cryptlib/OpenSSL/crypto/modes -I/shim/Cryptlib/OpenSSL/crypto/include -isystem /shim/include/system -isystem /usr/lib/gcc/aarch64-linux-gnu/14/include -DL_ENDIAN -D_CRT_SECURE_NO_DEPRECATE -D_CRT_NONSTDC_NO_DEPRECATE -DOPENSSL_SMALL_FOOTPRINT -DPEDANTIC -DMDE_CPU_AARCH64   -c -o crypto/bn/bn_print.o crypto/bn/bn_print.c
#14 153.4 gcc -std=gnu11 -ggdb -gdwarf-4 -gstrict-dwarf -ffreestanding -fmacro-prefix-map=/shim/= -fno-stack-protector -fno-strict-aliasing -fpic -fshort-wchar -nostdinc -Os -Wall -Wextra -Wno-missing-field-initializers -Wno-empty-body -Wno-implicit-fallthrough -Wno-old-style-declaration -Wno-unused-but-set-variable -Wno-unused-parameter -Werror -Wno-error=unused-but-set-variable -Wno-error=unused-parameter -I/shim/Cryptlib/OpenSSL -I/shim/Cryptlib -I/shim/Cryptlib/OpenSSL/Include/ -I/shim/Cryptlib/OpenSSL/crypto -I/shim/Cryptlib/Include -I/shim/gnu-efi/inc -I/shim/gnu-efi/inc/aarch64 -I/shim/gnu-efi/inc/protocol -I/shim/Cryptlib/OpenSSL/crypto/asn1 -I/shim/Cryptlib/OpenSSL/crypto/evp -I/shim/Cryptlib/OpenSSL/crypto/modes -I/shim/Cryptlib/OpenSSL/crypto/include -isystem /shim/include/system -isystem /usr/lib/gcc/aarch64-linux-gnu/14/include -DL_ENDIAN -D_CRT_SECURE_NO_DEPRECATE -D_CRT_NONSTDC_NO_DEPRECATE -DOPENSSL_SMALL_FOOTPRINT -DPEDANTIC -DMDE_CPU_AARCH64   -c -o crypto/bn/bn_rand.o crypto/bn/bn_rand.c
#14 153.7 gcc -std=gnu11 -ggdb -gdwarf-4 -gstrict-dwarf -ffreestanding -fmacro-prefix-map=/shim/= -fno-stack-protector -fno-strict-aliasing -fpic -fshort-wchar -nostdinc -Os -Wall -Wextra -Wno-missing-field-initializers -Wno-empty-body -Wno-implicit-fallthrough -Wno-old-style-declaration -Wno-unused-but-set-variable -Wno-unused-parameter -Werror -Wno-error=unused-but-set-variable -Wno-error=unused-parameter -I/shim/Cryptlib/OpenSSL -I/shim/Cryptlib -I/shim/Cryptlib/OpenSSL/Include/ -I/shim/Cryptlib/OpenSSL/crypto -I/shim/Cryptlib/Include -I/shim/gnu-efi/inc -I/shim/gnu-efi/inc/aarch64 -I/shim/gnu-efi/inc/protocol -I/shim/Cryptlib/OpenSSL/crypto/asn1 -I/shim/Cryptlib/OpenSSL/crypto/evp -I/shim/Cryptlib/OpenSSL/crypto/modes -I/shim/Cryptlib/OpenSSL/crypto/include -isystem /shim/include/system -isystem /usr/lib/gcc/aarch64-linux-gnu/14/include -DL_ENDIAN -D_CRT_SECURE_NO_DEPRECATE -D_CRT_NONSTDC_NO_DEPRECATE -DOPENSSL_SMALL_FOOTPRINT -DPEDANTIC -DMDE_CPU_AARCH64   -c -o crypto/bn/bn_shift.o crypto/bn/bn_shift.c
#14 154.5 gcc -std=gnu11 -ggdb -gdwarf-4 -gstrict-dwarf -ffreestanding -fmacro-prefix-map=/shim/= -fno-stack-protector -fno-strict-aliasing -fpic -fshort-wchar -nostdinc -Os -Wall -Wextra -Wno-missing-field-initializers -Wno-empty-body -Wno-implicit-fallthrough -Wno-old-style-declaration -Wno-unused-but-set-variable -Wno-unused-parameter -Werror -Wno-error=unused-but-set-variable -Wno-error=unused-parameter -I/shim/Cryptlib/OpenSSL -I/shim/Cryptlib -I/shim/Cryptlib/OpenSSL/Include/ -I/shim/Cryptlib/OpenSSL/crypto -I/shim/Cryptlib/Include -I/shim/gnu-efi/inc -I/shim/gnu-efi/inc/aarch64 -I/shim/gnu-efi/inc/protocol -I/shim/Cryptlib/OpenSSL/crypto/asn1 -I/shim/Cryptlib/OpenSSL/crypto/evp -I/shim/Cryptlib/OpenSSL/crypto/modes -I/shim/Cryptlib/OpenSSL/crypto/include -isystem /shim/include/system -isystem /usr/lib/gcc/aarch64-linux-gnu/14/include -DL_ENDIAN -D_CRT_SECURE_NO_DEPRECATE -D_CRT_NONSTDC_NO_DEPRECATE -DOPENSSL_SMALL_FOOTPRINT -DPEDANTIC -DMDE_CPU_AARCH64   -c -o crypto/bn/bn_word.o crypto/bn/bn_word.c
#14 156.0 gcc -std=gnu11 -ggdb -gdwarf-4 -gstrict-dwarf -ffreestanding -fmacro-prefix-map=/shim/= -fno-stack-protector -fno-strict-aliasing -fpic -fshort-wchar -nostdinc -Os -Wall -Wextra -Wno-missing-field-initializers -Wno-empty-body -Wno-implicit-fallthrough -Wno-old-style-declaration -Wno-unused-but-set-variable -Wno-unused-parameter -Werror -Wno-error=unused-but-set-variable -Wno-error=unused-parameter -I/shim/Cryptlib/OpenSSL -I/shim/Cryptlib -I/shim/Cryptlib/OpenSSL/Include/ -I/shim/Cryptlib/OpenSSL/crypto -I/shim/Cryptlib/Include -I/shim/gnu-efi/inc -I/shim/gnu-efi/inc/aarch64 -I/shim/gnu-efi/inc/protocol -I/shim/Cryptlib/OpenSSL/crypto/asn1 -I/shim/Cryptlib/OpenSSL/crypto/evp -I/shim/Cryptlib/OpenSSL/crypto/modes -I/shim/Cryptlib/OpenSSL/crypto/include -isystem /shim/include/system -isystem /usr/lib/gcc/aarch64-linux-gnu/14/include -DL_ENDIAN -D_CRT_SECURE_NO_DEPRECATE -D_CRT_NONSTDC_NO_DEPRECATE -DOPENSSL_SMALL_FOOTPRINT -DPEDANTIC -DMDE_CPU_AARCH64   -c -o crypto/bn/bn_blind.o crypto/bn/bn_blind.c
#14 156.1 gcc -std=gnu11 -ggdb -gdwarf-4 -gstrict-dwarf -ffreestanding -fmacro-prefix-map=/shim/= -fno-stack-protector -fno-strict-aliasing -fpic -fshort-wchar -nostdinc -Os -Wall -Wextra -Wno-missing-field-initializers -Wno-empty-body -Wno-implicit-fallthrough -Wno-old-style-declaration -Wno-unused-but-set-variable -Wno-unused-parameter -Werror -Wno-error=unused-but-set-variable -Wno-error=unused-parameter -I/shim/Cryptlib/OpenSSL -I/shim/Cryptlib -I/shim/Cryptlib/OpenSSL/Include/ -I/shim/Cryptlib/OpenSSL/crypto -I/shim/Cryptlib/Include -I/shim/gnu-efi/inc -I/shim/gnu-efi/inc/aarch64 -I/shim/gnu-efi/inc/protocol -I/shim/Cryptlib/OpenSSL/crypto/asn1 -I/shim/Cryptlib/OpenSSL/crypto/evp -I/shim/Cryptlib/OpenSSL/crypto/modes -I/shim/Cryptlib/OpenSSL/crypto/include -isystem /shim/include/system -isystem /usr/lib/gcc/aarch64-linux-gnu/14/include -DL_ENDIAN -D_CRT_SECURE_NO_DEPRECATE -D_CRT_NONSTDC_NO_DEPRECATE -DOPENSSL_SMALL_FOOTPRINT -DPEDANTIC -DMDE_CPU_AARCH64   -c -o crypto/bn/bn_kron.o crypto/bn/bn_kron.c
#14 156.8 gcc -std=gnu11 -ggdb -gdwarf-4 -gstrict-dwarf -ffreestanding -fmacro-prefix-map=/shim/= -fno-stack-protector -fno-strict-aliasing -fpic -fshort-wchar -nostdinc -Os -Wall -Wextra -Wno-missing-field-initializers -Wno-empty-body -Wno-implicit-fallthrough -Wno-old-style-declaration -Wno-unused-but-set-variable -Wno-unused-parameter -Werror -Wno-error=unused-but-set-variable -Wno-error=unused-parameter -I/shim/Cryptlib/OpenSSL -I/shim/Cryptlib -I/shim/Cryptlib/OpenSSL/Include/ -I/shim/Cryptlib/OpenSSL/crypto -I/shim/Cryptlib/Include -I/shim/gnu-efi/inc -I/shim/gnu-efi/inc/aarch64 -I/shim/gnu-efi/inc/protocol -I/shim/Cryptlib/OpenSSL/crypto/asn1 -I/shim/Cryptlib/OpenSSL/crypto/evp -I/shim/Cryptlib/OpenSSL/crypto/modes -I/shim/Cryptlib/OpenSSL/crypto/include -isystem /shim/include/system -isystem /usr/lib/gcc/aarch64-linux-gnu/14/include -DL_ENDIAN -D_CRT_SECURE_NO_DEPRECATE -D_CRT_NONSTDC_NO_DEPRECATE -DOPENSSL_SMALL_FOOTPRINT -DPEDANTIC -DMDE_CPU_AARCH64   -c -o crypto/bn/bn_sqrt.o crypto/bn/bn_sqrt.c
#14 157.2 gcc -std=gnu11 -ggdb -gdwarf-4 -gstrict-dwarf -ffreestanding -fmacro-prefix-map=/shim/= -fno-stack-protector -fno-strict-aliasing -fpic -fshort-wchar -nostdinc -Os -Wall -Wextra -Wno-missing-field-initializers -Wno-empty-body -Wno-implicit-fallthrough -Wno-old-style-declaration -Wno-unused-but-set-variable -Wno-unused-parameter -Werror -Wno-error=unused-but-set-variable -Wno-error=unused-parameter -I/shim/Cryptlib/OpenSSL -I/shim/Cryptlib -I/shim/Cryptlib/OpenSSL/Include/ -I/shim/Cryptlib/OpenSSL/crypto -I/shim/Cryptlib/Include -I/shim/gnu-efi/inc -I/shim/gnu-efi/inc/aarch64 -I/shim/gnu-efi/inc/protocol -I/shim/Cryptlib/OpenSSL/crypto/asn1 -I/shim/Cryptlib/OpenSSL/crypto/evp -I/shim/Cryptlib/OpenSSL/crypto/modes -I/shim/Cryptlib/OpenSSL/crypto/include -isystem /shim/include/system -isystem /usr/lib/gcc/aarch64-linux-gnu/14/include -DL_ENDIAN -D_CRT_SECURE_NO_DEPRECATE -D_CRT_NONSTDC_NO_DEPRECATE -DOPENSSL_SMALL_FOOTPRINT -DPEDANTIC -DMDE_CPU_AARCH64   -c -o crypto/bn/bn_gcd.o crypto/bn/bn_gcd.c
#14 158.0 gcc -std=gnu11 -ggdb -gdwarf-4 -gstrict-dwarf -ffreestanding -fmacro-prefix-map=/shim/= -fno-stack-protector -fno-strict-aliasing -fpic -fshort-wchar -nostdinc -Os -Wall -Wextra -Wno-missing-field-initializers -Wno-empty-body -Wno-implicit-fallthrough -Wno-old-style-declaration -Wno-unused-but-set-variable -Wno-unused-parameter -Werror -Wno-error=unused-but-set-variable -Wno-error=unused-parameter -I/shim/Cryptlib/OpenSSL -I/shim/Cryptlib -I/shim/Cryptlib/OpenSSL/Include/ -I/shim/Cryptlib/OpenSSL/crypto -I/shim/Cryptlib/Include -I/shim/gnu-efi/inc -I/shim/gnu-efi/inc/aarch64 -I/shim/gnu-efi/inc/protocol -I/shim/Cryptlib/OpenSSL/crypto/asn1 -I/shim/Cryptlib/OpenSSL/crypto/evp -I/shim/Cryptlib/OpenSSL/crypto/modes -I/shim/Cryptlib/OpenSSL/crypto/include -isystem /shim/include/system -isystem /usr/lib/gcc/aarch64-linux-gnu/14/include -DL_ENDIAN -D_CRT_SECURE_NO_DEPRECATE -D_CRT_NONSTDC_NO_DEPRECATE -DOPENSSL_SMALL_FOOTPRINT -DPEDANTIC -DMDE_CPU_AARCH64   -c -o crypto/bn/bn_prime.o crypto/bn/bn_prime.c
#14 158.5 gcc -std=gnu11 -ggdb -gdwarf-4 -gstrict-dwarf -ffreestanding -fmacro-prefix-map=/shim/= -fno-stack-protector -fno-strict-aliasing -fpic -fshort-wchar -nostdinc -Os -Wall -Wextra -Wno-missing-field-initializers -Wno-empty-body -Wno-implicit-fallthrough -Wno-old-style-declaration -Wno-unused-but-set-variable -Wno-unused-parameter -Werror -Wno-error=unused-but-set-variable -Wno-error=unused-parameter -I/shim/Cryptlib/OpenSSL -I/shim/Cryptlib -I/shim/Cryptlib/OpenSSL/Include/ -I/shim/Cryptlib/OpenSSL/crypto -I/shim/Cryptlib/Include -I/shim/gnu-efi/inc -I/shim/gnu-efi/inc/aarch64 -I/shim/gnu-efi/inc/protocol -I/shim/Cryptlib/OpenSSL/crypto/asn1 -I/shim/Cryptlib/OpenSSL/crypto/evp -I/shim/Cryptlib/OpenSSL/crypto/modes -I/shim/Cryptlib/OpenSSL/crypto/include -isystem /shim/include/system -isystem /usr/lib/gcc/aarch64-linux-gnu/14/include -DL_ENDIAN -D_CRT_SECURE_NO_DEPRECATE -D_CRT_NONSTDC_NO_DEPRECATE -DOPENSSL_SMALL_FOOTPRINT -DPEDANTIC -DMDE_CPU_AARCH64   -c -o crypto/bn/bn_err.o crypto/bn/bn_err.c
#14 159.3 gcc -std=gnu11 -ggdb -gdwarf-4 -gstrict-dwarf -ffreestanding -fmacro-prefix-map=/shim/= -fno-stack-protector -fno-strict-aliasing -fpic -fshort-wchar -nostdinc -Os -Wall -Wextra -Wno-missing-field-initializers -Wno-empty-body -Wno-implicit-fallthrough -Wno-old-style-declaration -Wno-unused-but-set-variable -Wno-unused-parameter -Werror -Wno-error=unused-but-set-variable -Wno-error=unused-parameter -I/shim/Cryptlib/OpenSSL -I/shim/Cryptlib -I/shim/Cryptlib/OpenSSL/Include/ -I/shim/Cryptlib/OpenSSL/crypto -I/shim/Cryptlib/Include -I/shim/gnu-efi/inc -I/shim/gnu-efi/inc/aarch64 -I/shim/gnu-efi/inc/protocol -I/shim/Cryptlib/OpenSSL/crypto/asn1 -I/shim/Cryptlib/OpenSSL/crypto/evp -I/shim/Cryptlib/OpenSSL/crypto/modes -I/shim/Cryptlib/OpenSSL/crypto/include -isystem /shim/include/system -isystem /usr/lib/gcc/aarch64-linux-gnu/14/include -DL_ENDIAN -D_CRT_SECURE_NO_DEPRECATE -D_CRT_NONSTDC_NO_DEPRECATE -DOPENSSL_SMALL_FOOTPRINT -DPEDANTIC -DMDE_CPU_AARCH64   -c -o crypto/bn/bn_sqr.o crypto/bn/bn_sqr.c
#14 159.6 gcc -std=gnu11 -ggdb -gdwarf-4 -gstrict-dwarf -ffreestanding -fmacro-prefix-map=/shim/= -fno-stack-protector -fno-strict-aliasing -fpic -fshort-wchar -nostdinc -Os -Wall -Wextra -Wno-missing-field-initializers -Wno-empty-body -Wno-implicit-fallthrough -Wno-old-style-declaration -Wno-unused-but-set-variable -Wno-unused-parameter -Werror -Wno-error=unused-but-set-variable -Wno-error=unused-parameter -I/shim/Cryptlib/OpenSSL -I/shim/Cryptlib -I/shim/Cryptlib/OpenSSL/Include/ -I/shim/Cryptlib/OpenSSL/crypto -I/shim/Cryptlib/Include -I/shim/gnu-efi/inc -I/shim/gnu-efi/inc/aarch64 -I/shim/gnu-efi/inc/protocol -I/shim/Cryptlib/OpenSSL/crypto/asn1 -I/shim/Cryptlib/OpenSSL/crypto/evp -I/shim/Cryptlib/OpenSSL/crypto/modes -I/shim/Cryptlib/OpenSSL/crypto/include -isystem /shim/include/system -isystem /usr/lib/gcc/aarch64-linux-gnu/14/include -DL_ENDIAN -D_CRT_SECURE_NO_DEPRECATE -D_CRT_NONSTDC_NO_DEPRECATE -DOPENSSL_SMALL_FOOTPRINT -DPEDANTIC -DMDE_CPU_AARCH64   -c -o crypto/bn/bn_asm.o crypto/bn/bn_asm.c
#14 160.0 gcc -std=gnu11 -ggdb -gdwarf-4 -gstrict-dwarf -ffreestanding -fmacro-prefix-map=/shim/= -fno-stack-protector -fno-strict-aliasing -fpic -fshort-wchar -nostdinc -Os -Wall -Wextra -Wno-missing-field-initializers -Wno-empty-body -Wno-implicit-fallthrough -Wno-old-style-declaration -Wno-unused-but-set-variable -Wno-unused-parameter -Werror -Wno-error=unused-but-set-variable -Wno-error=unused-parameter -I/shim/Cryptlib/OpenSSL -I/shim/Cryptlib -I/shim/Cryptlib/OpenSSL/Include/ -I/shim/Cryptlib/OpenSSL/crypto -I/shim/Cryptlib/Include -I/shim/gnu-efi/inc -I/shim/gnu-efi/inc/aarch64 -I/shim/gnu-efi/inc/protocol -I/shim/Cryptlib/OpenSSL/crypto/asn1 -I/shim/Cryptlib/OpenSSL/crypto/evp -I/shim/Cryptlib/OpenSSL/crypto/modes -I/shim/Cryptlib/OpenSSL/crypto/include -isystem /shim/include/system -isystem /usr/lib/gcc/aarch64-linux-gnu/14/include -DL_ENDIAN -D_CRT_SECURE_NO_DEPRECATE -D_CRT_NONSTDC_NO_DEPRECATE -DOPENSSL_SMALL_FOOTPRINT -DPEDANTIC -DMDE_CPU_AARCH64   -c -o crypto/bn/bn_recp.o crypto/bn/bn_recp.c
#14 161.1 gcc -std=gnu11 -ggdb -gdwarf-4 -gstrict-dwarf -ffreestanding -fmacro-prefix-map=/shim/= -fno-stack-protector -fno-strict-aliasing -fpic -fshort-wchar -nostdinc -Os -Wall -Wextra -Wno-missing-field-initializers -Wno-empty-body -Wno-implicit-fallthrough -Wno-old-style-declaration -Wno-unused-but-set-variable -Wno-unused-parameter -Werror -Wno-error=unused-but-set-variable -Wno-error=unused-parameter -I/shim/Cryptlib/OpenSSL -I/shim/Cryptlib -I/shim/Cryptlib/OpenSSL/Include/ -I/shim/Cryptlib/OpenSSL/crypto -I/shim/Cryptlib/Include -I/shim/gnu-efi/inc -I/shim/gnu-efi/inc/aarch64 -I/shim/gnu-efi/inc/protocol -I/shim/Cryptlib/OpenSSL/crypto/asn1 -I/shim/Cryptlib/OpenSSL/crypto/evp -I/shim/Cryptlib/OpenSSL/crypto/modes -I/shim/Cryptlib/OpenSSL/crypto/include -isystem /shim/include/system -isystem /usr/lib/gcc/aarch64-linux-gnu/14/include -DL_ENDIAN -D_CRT_SECURE_NO_DEPRECATE -D_CRT_NONSTDC_NO_DEPRECATE -DOPENSSL_SMALL_FOOTPRINT -DPEDANTIC -DMDE_CPU_AARCH64   -c -o crypto/bn/bn_mont.o crypto/bn/bn_mont.c
#14 161.6 gcc -std=gnu11 -ggdb -gdwarf-4 -gstrict-dwarf -ffreestanding -fmacro-prefix-map=/shim/= -fno-stack-protector -fno-strict-aliasing -fpic -fshort-wchar -nostdinc -Os -Wall -Wextra -Wno-missing-field-initializers -Wno-empty-body -Wno-implicit-fallthrough -Wno-old-style-declaration -Wno-unused-but-set-variable -Wno-unused-parameter -Werror -Wno-error=unused-but-set-variable -Wno-error=unused-parameter -I/shim/Cryptlib/OpenSSL -I/shim/Cryptlib -I/shim/Cryptlib/OpenSSL/Include/ -I/shim/Cryptlib/OpenSSL/crypto -I/shim/Cryptlib/Include -I/shim/gnu-efi/inc -I/shim/gnu-efi/inc/aarch64 -I/shim/gnu-efi/inc/protocol -I/shim/Cryptlib/OpenSSL/crypto/asn1 -I/shim/Cryptlib/OpenSSL/crypto/evp -I/shim/Cryptlib/OpenSSL/crypto/modes -I/shim/Cryptlib/OpenSSL/crypto/include -isystem /shim/include/system -isystem /usr/lib/gcc/aarch64-linux-gnu/14/include -DL_ENDIAN -D_CRT_SECURE_NO_DEPRECATE -D_CRT_NONSTDC_NO_DEPRECATE -DOPENSSL_SMALL_FOOTPRINT -DPEDANTIC -DMDE_CPU_AARCH64   -c -o crypto/bn/bn_mpi.o crypto/bn/bn_mpi.c
#14 162.4 gcc -std=gnu11 -ggdb -gdwarf-4 -gstrict-dwarf -ffreestanding -fmacro-prefix-map=/shim/= -fno-stack-protector -fno-strict-aliasing -fpic -fshort-wchar -nostdinc -Os -Wall -Wextra -Wno-missing-field-initializers -Wno-empty-body -Wno-implicit-fallthrough -Wno-old-style-declaration -Wno-unused-but-set-variable -Wno-unused-parameter -Werror -Wno-error=unused-but-set-variable -Wno-error=unused-parameter -I/shim/Cryptlib/OpenSSL -I/shim/Cryptlib -I/shim/Cryptlib/OpenSSL/Include/ -I/shim/Cryptlib/OpenSSL/crypto -I/shim/Cryptlib/Include -I/shim/gnu-efi/inc -I/shim/gnu-efi/inc/aarch64 -I/shim/gnu-efi/inc/protocol -I/shim/Cryptlib/OpenSSL/crypto/asn1 -I/shim/Cryptlib/OpenSSL/crypto/evp -I/shim/Cryptlib/OpenSSL/crypto/modes -I/shim/Cryptlib/OpenSSL/crypto/include -isystem /shim/include/system -isystem /usr/lib/gcc/aarch64-linux-gnu/14/include -DL_ENDIAN -D_CRT_SECURE_NO_DEPRECATE -D_CRT_NONSTDC_NO_DEPRECATE -DOPENSSL_SMALL_FOOTPRINT -DPEDANTIC -DMDE_CPU_AARCH64   -c -o crypto/bn/bn_exp2.o crypto/bn/bn_exp2.c
#14 162.6 gcc -std=gnu11 -ggdb -gdwarf-4 -gstrict-dwarf -ffreestanding -fmacro-prefix-map=/shim/= -fno-stack-protector -fno-strict-aliasing -fpic -fshort-wchar -nostdinc -Os -Wall -Wextra -Wno-missing-field-initializers -Wno-empty-body -Wno-implicit-fallthrough -Wno-old-style-declaration -Wno-unused-but-set-variable -Wno-unused-parameter -Werror -Wno-error=unused-but-set-variable -Wno-error=unused-parameter -I/shim/Cryptlib/OpenSSL -I/shim/Cryptlib -I/shim/Cryptlib/OpenSSL/Include/ -I/shim/Cryptlib/OpenSSL/crypto -I/shim/Cryptlib/Include -I/shim/gnu-efi/inc -I/shim/gnu-efi/inc/aarch64 -I/shim/gnu-efi/inc/protocol -I/shim/Cryptlib/OpenSSL/crypto/asn1 -I/shim/Cryptlib/OpenSSL/crypto/evp -I/shim/Cryptlib/OpenSSL/crypto/modes -I/shim/Cryptlib/OpenSSL/crypto/include -isystem /shim/include/system -isystem /usr/lib/gcc/aarch64-linux-gnu/14/include -DL_ENDIAN -D_CRT_SECURE_NO_DEPRECATE -D_CRT_NONSTDC_NO_DEPRECATE -DOPENSSL_SMALL_FOOTPRINT -DPEDANTIC -DMDE_CPU_AARCH64   -c -o crypto/bn/bn_gf2m.o crypto/bn/bn_gf2m.c
#14 163.6 gcc -std=gnu11 -ggdb -gdwarf-4 -gstrict-dwarf -ffreestanding -fmacro-prefix-map=/shim/= -fno-stack-protector -fno-strict-aliasing -fpic -fshort-wchar -nostdinc -Os -Wall -Wextra -Wno-missing-field-initializers -Wno-empty-body -Wno-implicit-fallthrough -Wno-old-style-declaration -Wno-unused-but-set-variable -Wno-unused-parameter -Werror -Wno-error=unused-but-set-variable -Wno-error=unused-parameter -I/shim/Cryptlib/OpenSSL -I/shim/Cryptlib -I/shim/Cryptlib/OpenSSL/Include/ -I/shim/Cryptlib/OpenSSL/crypto -I/shim/Cryptlib/Include -I/shim/gnu-efi/inc -I/shim/gnu-efi/inc/aarch64 -I/shim/gnu-efi/inc/protocol -I/shim/Cryptlib/OpenSSL/crypto/asn1 -I/shim/Cryptlib/OpenSSL/crypto/evp -I/shim/Cryptlib/OpenSSL/crypto/modes -I/shim/Cryptlib/OpenSSL/crypto/include -isystem /shim/include/system -isystem /usr/lib/gcc/aarch64-linux-gnu/14/include -DL_ENDIAN -D_CRT_SECURE_NO_DEPRECATE -D_CRT_NONSTDC_NO_DEPRECATE -DOPENSSL_SMALL_FOOTPRINT -DPEDANTIC -DMDE_CPU_AARCH64   -c -o crypto/bn/bn_nist.o crypto/bn/bn_nist.c
#14 164.3 gcc -std=gnu11 -ggdb -gdwarf-4 -gstrict-dwarf -ffreestanding -fmacro-prefix-map=/shim/= -fno-stack-protector -fno-strict-aliasing -fpic -fshort-wchar -nostdinc -Os -Wall -Wextra -Wno-missing-field-initializers -Wno-empty-body -Wno-implicit-fallthrough -Wno-old-style-declaration -Wno-unused-but-set-variable -Wno-unused-parameter -Werror -Wno-error=unused-but-set-variable -Wno-error=unused-parameter -I/shim/Cryptlib/OpenSSL -I/shim/Cryptlib -I/shim/Cryptlib/OpenSSL/Include/ -I/shim/Cryptlib/OpenSSL/crypto -I/shim/Cryptlib/Include -I/shim/gnu-efi/inc -I/shim/gnu-efi/inc/aarch64 -I/shim/gnu-efi/inc/protocol -I/shim/Cryptlib/OpenSSL/crypto/asn1 -I/shim/Cryptlib/OpenSSL/crypto/evp -I/shim/Cryptlib/OpenSSL/crypto/modes -I/shim/Cryptlib/OpenSSL/crypto/include -isystem /shim/include/system -isystem /usr/lib/gcc/aarch64-linux-gnu/14/include -DL_ENDIAN -D_CRT_SECURE_NO_DEPRECATE -D_CRT_NONSTDC_NO_DEPRECATE -DOPENSSL_SMALL_FOOTPRINT -DPEDANTIC -DMDE_CPU_AARCH64   -c -o crypto/bn/bn_depr.o crypto/bn/bn_depr.c
#14 164.9 gcc -std=gnu11 -ggdb -gdwarf-4 -gstrict-dwarf -ffreestanding -fmacro-prefix-map=/shim/= -fno-stack-protector -fno-strict-aliasing -fpic -fshort-wchar -nostdinc -Os -Wall -Wextra -Wno-missing-field-initializers -Wno-empty-body -Wno-implicit-fallthrough -Wno-old-style-declaration -Wno-unused-but-set-variable -Wno-unused-parameter -Werror -Wno-error=unused-but-set-variable -Wno-error=unused-parameter -I/shim/Cryptlib/OpenSSL -I/shim/Cryptlib -I/shim/Cryptlib/OpenSSL/Include/ -I/shim/Cryptlib/OpenSSL/crypto -I/shim/Cryptlib/Include -I/shim/gnu-efi/inc -I/shim/gnu-efi/inc/aarch64 -I/shim/gnu-efi/inc/protocol -I/shim/Cryptlib/OpenSSL/crypto/asn1 -I/shim/Cryptlib/OpenSSL/crypto/evp -I/shim/Cryptlib/OpenSSL/crypto/modes -I/shim/Cryptlib/OpenSSL/crypto/include -isystem /shim/include/system -isystem /usr/lib/gcc/aarch64-linux-gnu/14/include -DL_ENDIAN -D_CRT_SECURE_NO_DEPRECATE -D_CRT_NONSTDC_NO_DEPRECATE -DOPENSSL_SMALL_FOOTPRINT -DPEDANTIC -DMDE_CPU_AARCH64   -c -o crypto/bn/bn_x931p.o crypto/bn/bn_x931p.c
#14 164.9 gcc -std=gnu11 -ggdb -gdwarf-4 -gstrict-dwarf -ffreestanding -fmacro-prefix-map=/shim/= -fno-stack-protector -fno-strict-aliasing -fpic -fshort-wchar -nostdinc -Os -Wall -Wextra -Wno-missing-field-initializers -Wno-empty-body -Wno-implicit-fallthrough -Wno-old-style-declaration -Wno-unused-but-set-variable -Wno-unused-parameter -Werror -Wno-error=unused-but-set-variable -Wno-error=unused-parameter -I/shim/Cryptlib/OpenSSL -I/shim/Cryptlib -I/shim/Cryptlib/OpenSSL/Include/ -I/shim/Cryptlib/OpenSSL/crypto -I/shim/Cryptlib/Include -I/shim/gnu-efi/inc -I/shim/gnu-efi/inc/aarch64 -I/shim/gnu-efi/inc/protocol -I/shim/Cryptlib/OpenSSL/crypto/asn1 -I/shim/Cryptlib/OpenSSL/crypto/evp -I/shim/Cryptlib/OpenSSL/crypto/modes -I/shim/Cryptlib/OpenSSL/crypto/include -isystem /shim/include/system -isystem /usr/lib/gcc/aarch64-linux-gnu/14/include -DL_ENDIAN -D_CRT_SECURE_NO_DEPRECATE -D_CRT_NONSTDC_NO_DEPRECATE -DOPENSSL_SMALL_FOOTPRINT -DPEDANTIC -DMDE_CPU_AARCH64   -c -o crypto/bn/bn_const.o crypto/bn/bn_const.c
#14 166.3 gcc -std=gnu11 -ggdb -gdwarf-4 -gstrict-dwarf -ffreestanding -fmacro-prefix-map=/shim/= -fno-stack-protector -fno-strict-aliasing -fpic -fshort-wchar -nostdinc -Os -Wall -Wextra -Wno-missing-field-initializers -Wno-empty-body -Wno-implicit-fallthrough -Wno-old-style-declaration -Wno-unused-but-set-variable -Wno-unused-parameter -Werror -Wno-error=unused-but-set-variable -Wno-error=unused-parameter -I/shim/Cryptlib/OpenSSL -I/shim/Cryptlib -I/shim/Cryptlib/OpenSSL/Include/ -I/shim/Cryptlib/OpenSSL/crypto -I/shim/Cryptlib/Include -I/shim/gnu-efi/inc -I/shim/gnu-efi/inc/aarch64 -I/shim/gnu-efi/inc/protocol -I/shim/Cryptlib/OpenSSL/crypto/asn1 -I/shim/Cryptlib/OpenSSL/crypto/evp -I/shim/Cryptlib/OpenSSL/crypto/modes -I/shim/Cryptlib/OpenSSL/crypto/include -isystem /shim/include/system -isystem /usr/lib/gcc/aarch64-linux-gnu/14/include -DL_ENDIAN -D_CRT_SECURE_NO_DEPRECATE -D_CRT_NONSTDC_NO_DEPRECATE -DOPENSSL_SMALL_FOOTPRINT -DPEDANTIC -DMDE_CPU_AARCH64   -c -o crypto/rsa/rsa_eay.o crypto/rsa/rsa_eay.c
#14 167.0 gcc -std=gnu11 -ggdb -gdwarf-4 -gstrict-dwarf -ffreestanding -fmacro-prefix-map=/shim/= -fno-stack-protector -fno-strict-aliasing -fpic -fshort-wchar -nostdinc -Os -Wall -Wextra -Wno-missing-field-initializers -Wno-empty-body -Wno-implicit-fallthrough -Wno-old-style-declaration -Wno-unused-but-set-variable -Wno-unused-parameter -Werror -Wno-error=unused-but-set-variable -Wno-error=unused-parameter -I/shim/Cryptlib/OpenSSL -I/shim/Cryptlib -I/shim/Cryptlib/OpenSSL/Include/ -I/shim/Cryptlib/OpenSSL/crypto -I/shim/Cryptlib/Include -I/shim/gnu-efi/inc -I/shim/gnu-efi/inc/aarch64 -I/shim/gnu-efi/inc/protocol -I/shim/Cryptlib/OpenSSL/crypto/asn1 -I/shim/Cryptlib/OpenSSL/crypto/evp -I/shim/Cryptlib/OpenSSL/crypto/modes -I/shim/Cryptlib/OpenSSL/crypto/include -isystem /shim/include/system -isystem /usr/lib/gcc/aarch64-linux-gnu/14/include -DL_ENDIAN -D_CRT_SECURE_NO_DEPRECATE -D_CRT_NONSTDC_NO_DEPRECATE -DOPENSSL_SMALL_FOOTPRINT -DPEDANTIC -DMDE_CPU_AARCH64   -c -o crypto/rsa/rsa_gen.o crypto/rsa/rsa_gen.c
#14 167.2 gcc -std=gnu11 -ggdb -gdwarf-4 -gstrict-dwarf -ffreestanding -fmacro-prefix-map=/shim/= -fno-stack-protector -fno-strict-aliasing -fpic -fshort-wchar -nostdinc -Os -Wall -Wextra -Wno-missing-field-initializers -Wno-empty-body -Wno-implicit-fallthrough -Wno-old-style-declaration -Wno-unused-but-set-variable -Wno-unused-parameter -Werror -Wno-error=unused-but-set-variable -Wno-error=unused-parameter -I/shim/Cryptlib/OpenSSL -I/shim/Cryptlib -I/shim/Cryptlib/OpenSSL/Include/ -I/shim/Cryptlib/OpenSSL/crypto -I/shim/Cryptlib/Include -I/shim/gnu-efi/inc -I/shim/gnu-efi/inc/aarch64 -I/shim/gnu-efi/inc/protocol -I/shim/Cryptlib/OpenSSL/crypto/asn1 -I/shim/Cryptlib/OpenSSL/crypto/evp -I/shim/Cryptlib/OpenSSL/crypto/modes -I/shim/Cryptlib/OpenSSL/crypto/include -isystem /shim/include/system -isystem /usr/lib/gcc/aarch64-linux-gnu/14/include -DL_ENDIAN -D_CRT_SECURE_NO_DEPRECATE -D_CRT_NONSTDC_NO_DEPRECATE -DOPENSSL_SMALL_FOOTPRINT -DPEDANTIC -DMDE_CPU_AARCH64   -c -o crypto/rsa/rsa_lib.o crypto/rsa/rsa_lib.c
#14 167.8 gcc -std=gnu11 -ggdb -gdwarf-4 -gstrict-dwarf -ffreestanding -fmacro-prefix-map=/shim/= -fno-stack-protector -fno-strict-aliasing -fpic -fshort-wchar -nostdinc -Os -Wall -Wextra -Wno-missing-field-initializers -Wno-empty-body -Wno-implicit-fallthrough -Wno-old-style-declaration -Wno-unused-but-set-variable -Wno-unused-parameter -Werror -Wno-error=unused-but-set-variable -Wno-error=unused-parameter -I/shim/Cryptlib/OpenSSL -I/shim/Cryptlib -I/shim/Cryptlib/OpenSSL/Include/ -I/shim/Cryptlib/OpenSSL/crypto -I/shim/Cryptlib/Include -I/shim/gnu-efi/inc -I/shim/gnu-efi/inc/aarch64 -I/shim/gnu-efi/inc/protocol -I/shim/Cryptlib/OpenSSL/crypto/asn1 -I/shim/Cryptlib/OpenSSL/crypto/evp -I/shim/Cryptlib/OpenSSL/crypto/modes -I/shim/Cryptlib/OpenSSL/crypto/include -isystem /shim/include/system -isystem /usr/lib/gcc/aarch64-linux-gnu/14/include -DL_ENDIAN -D_CRT_SECURE_NO_DEPRECATE -D_CRT_NONSTDC_NO_DEPRECATE -DOPENSSL_SMALL_FOOTPRINT -DPEDANTIC -DMDE_CPU_AARCH64   -c -o crypto/rsa/rsa_sign.o crypto/rsa/rsa_sign.c
#14 169.4 gcc -std=gnu11 -ggdb -gdwarf-4 -gstrict-dwarf -ffreestanding -fmacro-prefix-map=/shim/= -fno-stack-protector -fno-strict-aliasing -fpic -fshort-wchar -nostdinc -Os -Wall -Wextra -Wno-missing-field-initializers -Wno-empty-body -Wno-implicit-fallthrough -Wno-old-style-declaration -Wno-unused-but-set-variable -Wno-unused-parameter -Werror -Wno-error=unused-but-set-variable -Wno-error=unused-parameter -I/shim/Cryptlib/OpenSSL -I/shim/Cryptlib -I/shim/Cryptlib/OpenSSL/Include/ -I/shim/Cryptlib/OpenSSL/crypto -I/shim/Cryptlib/Include -I/shim/gnu-efi/inc -I/shim/gnu-efi/inc/aarch64 -I/shim/gnu-efi/inc/protocol -I/shim/Cryptlib/OpenSSL/crypto/asn1 -I/shim/Cryptlib/OpenSSL/crypto/evp -I/shim/Cryptlib/OpenSSL/crypto/modes -I/shim/Cryptlib/OpenSSL/crypto/include -isystem /shim/include/system -isystem /usr/lib/gcc/aarch64-linux-gnu/14/include -DL_ENDIAN -D_CRT_SECURE_NO_DEPRECATE -D_CRT_NONSTDC_NO_DEPRECATE -DOPENSSL_SMALL_FOOTPRINT -DPEDANTIC -DMDE_CPU_AARCH64   -c -o crypto/rsa/rsa_saos.o crypto/rsa/rsa_saos.c
#14 169.9 gcc -std=gnu11 -ggdb -gdwarf-4 -gstrict-dwarf -ffreestanding -fmacro-prefix-map=/shim/= -fno-stack-protector -fno-strict-aliasing -fpic -fshort-wchar -nostdinc -Os -Wall -Wextra -Wno-missing-field-initializers -Wno-empty-body -Wno-implicit-fallthrough -Wno-old-style-declaration -Wno-unused-but-set-variable -Wno-unused-parameter -Werror -Wno-error=unused-but-set-variable -Wno-error=unused-parameter -I/shim/Cryptlib/OpenSSL -I/shim/Cryptlib -I/shim/Cryptlib/OpenSSL/Include/ -I/shim/Cryptlib/OpenSSL/crypto -I/shim/Cryptlib/Include -I/shim/gnu-efi/inc -I/shim/gnu-efi/inc/aarch64 -I/shim/gnu-efi/inc/protocol -I/shim/Cryptlib/OpenSSL/crypto/asn1 -I/shim/Cryptlib/OpenSSL/crypto/evp -I/shim/Cryptlib/OpenSSL/crypto/modes -I/shim/Cryptlib/OpenSSL/crypto/include -isystem /shim/include/system -isystem /usr/lib/gcc/aarch64-linux-gnu/14/include -DL_ENDIAN -D_CRT_SECURE_NO_DEPRECATE -D_CRT_NONSTDC_NO_DEPRECATE -DOPENSSL_SMALL_FOOTPRINT -DPEDANTIC -DMDE_CPU_AARCH64   -c -o crypto/rsa/rsa_err.o crypto/rsa/rsa_err.c
#14 170.1 gcc -std=gnu11 -ggdb -gdwarf-4 -gstrict-dwarf -ffreestanding -fmacro-prefix-map=/shim/= -fno-stack-protector -fno-strict-aliasing -fpic -fshort-wchar -nostdinc -Os -Wall -Wextra -Wno-missing-field-initializers -Wno-empty-body -Wno-implicit-fallthrough -Wno-old-style-declaration -Wno-unused-but-set-variable -Wno-unused-parameter -Werror -Wno-error=unused-but-set-variable -Wno-error=unused-parameter -I/shim/Cryptlib/OpenSSL -I/shim/Cryptlib -I/shim/Cryptlib/OpenSSL/Include/ -I/shim/Cryptlib/OpenSSL/crypto -I/shim/Cryptlib/Include -I/shim/gnu-efi/inc -I/shim/gnu-efi/inc/aarch64 -I/shim/gnu-efi/inc/protocol -I/shim/Cryptlib/OpenSSL/crypto/asn1 -I/shim/Cryptlib/OpenSSL/crypto/evp -I/shim/Cryptlib/OpenSSL/crypto/modes -I/shim/Cryptlib/OpenSSL/crypto/include -isystem /shim/include/system -isystem /usr/lib/gcc/aarch64-linux-gnu/14/include -DL_ENDIAN -D_CRT_SECURE_NO_DEPRECATE -D_CRT_NONSTDC_NO_DEPRECATE -DOPENSSL_SMALL_FOOTPRINT -DPEDANTIC -DMDE_CPU_AARCH64   -c -o crypto/rsa/rsa_pk1.o crypto/rsa/rsa_pk1.c
#14 170.3 gcc -std=gnu11 -ggdb -gdwarf-4 -gstrict-dwarf -ffreestanding -fmacro-prefix-map=/shim/= -fno-stack-protector -fno-strict-aliasing -fpic -fshort-wchar -nostdinc -Os -Wall -Wextra -Wno-missing-field-initializers -Wno-empty-body -Wno-implicit-fallthrough -Wno-old-style-declaration -Wno-unused-but-set-variable -Wno-unused-parameter -Werror -Wno-error=unused-but-set-variable -Wno-error=unused-parameter -I/shim/Cryptlib/OpenSSL -I/shim/Cryptlib -I/shim/Cryptlib/OpenSSL/Include/ -I/shim/Cryptlib/OpenSSL/crypto -I/shim/Cryptlib/Include -I/shim/gnu-efi/inc -I/shim/gnu-efi/inc/aarch64 -I/shim/gnu-efi/inc/protocol -I/shim/Cryptlib/OpenSSL/crypto/asn1 -I/shim/Cryptlib/OpenSSL/crypto/evp -I/shim/Cryptlib/OpenSSL/crypto/modes -I/shim/Cryptlib/OpenSSL/crypto/include -isystem /shim/include/system -isystem /usr/lib/gcc/aarch64-linux-gnu/14/include -DL_ENDIAN -D_CRT_SECURE_NO_DEPRECATE -D_CRT_NONSTDC_NO_DEPRECATE -DOPENSSL_SMALL_FOOTPRINT -DPEDANTIC -DMDE_CPU_AARCH64   -c -o crypto/rsa/rsa_ssl.o crypto/rsa/rsa_ssl.c
#14 171.1 gcc -std=gnu11 -ggdb -gdwarf-4 -gstrict-dwarf -ffreestanding -fmacro-prefix-map=/shim/= -fno-stack-protector -fno-strict-aliasing -fpic -fshort-wchar -nostdinc -Os -Wall -Wextra -Wno-missing-field-initializers -Wno-empty-body -Wno-implicit-fallthrough -Wno-old-style-declaration -Wno-unused-but-set-variable -Wno-unused-parameter -Werror -Wno-error=unused-but-set-variable -Wno-error=unused-parameter -I/shim/Cryptlib/OpenSSL -I/shim/Cryptlib -I/shim/Cryptlib/OpenSSL/Include/ -I/shim/Cryptlib/OpenSSL/crypto -I/shim/Cryptlib/Include -I/shim/gnu-efi/inc -I/shim/gnu-efi/inc/aarch64 -I/shim/gnu-efi/inc/protocol -I/shim/Cryptlib/OpenSSL/crypto/asn1 -I/shim/Cryptlib/OpenSSL/crypto/evp -I/shim/Cryptlib/OpenSSL/crypto/modes -I/shim/Cryptlib/OpenSSL/crypto/include -isystem /shim/include/system -isystem /usr/lib/gcc/aarch64-linux-gnu/14/include -DL_ENDIAN -D_CRT_SECURE_NO_DEPRECATE -D_CRT_NONSTDC_NO_DEPRECATE -DOPENSSL_SMALL_FOOTPRINT -DPEDANTIC -DMDE_CPU_AARCH64   -c -o crypto/rsa/rsa_none.o crypto/rsa/rsa_none.c
#14 171.5 gcc -std=gnu11 -ggdb -gdwarf-4 -gstrict-dwarf -ffreestanding -fmacro-prefix-map=/shim/= -fno-stack-protector -fno-strict-aliasing -fpic -fshort-wchar -nostdinc -Os -Wall -Wextra -Wno-missing-field-initializers -Wno-empty-body -Wno-implicit-fallthrough -Wno-old-style-declaration -Wno-unused-but-set-variable -Wno-unused-parameter -Werror -Wno-error=unused-but-set-variable -Wno-error=unused-parameter -I/shim/Cryptlib/OpenSSL -I/shim/Cryptlib -I/shim/Cryptlib/OpenSSL/Include/ -I/shim/Cryptlib/OpenSSL/crypto -I/shim/Cryptlib/Include -I/shim/gnu-efi/inc -I/shim/gnu-efi/inc/aarch64 -I/shim/gnu-efi/inc/protocol -I/shim/Cryptlib/OpenSSL/crypto/asn1 -I/shim/Cryptlib/OpenSSL/crypto/evp -I/shim/Cryptlib/OpenSSL/crypto/modes -I/shim/Cryptlib/OpenSSL/crypto/include -isystem /shim/include/system -isystem /usr/lib/gcc/aarch64-linux-gnu/14/include -DL_ENDIAN -D_CRT_SECURE_NO_DEPRECATE -D_CRT_NONSTDC_NO_DEPRECATE -DOPENSSL_SMALL_FOOTPRINT -DPEDANTIC -DMDE_CPU_AARCH64   -c -o crypto/rsa/rsa_oaep.o crypto/rsa/rsa_oaep.c
#14 172.4 gcc -std=gnu11 -ggdb -gdwarf-4 -gstrict-dwarf -ffreestanding -fmacro-prefix-map=/shim/= -fno-stack-protector -fno-strict-aliasing -fpic -fshort-wchar -nostdinc -Os -Wall -Wextra -Wno-missing-field-initializers -Wno-empty-body -Wno-implicit-fallthrough -Wno-old-style-declaration -Wno-unused-but-set-variable -Wno-unused-parameter -Werror -Wno-error=unused-but-set-variable -Wno-error=unused-parameter -I/shim/Cryptlib/OpenSSL -I/shim/Cryptlib -I/shim/Cryptlib/OpenSSL/Include/ -I/shim/Cryptlib/OpenSSL/crypto -I/shim/Cryptlib/Include -I/shim/gnu-efi/inc -I/shim/gnu-efi/inc/aarch64 -I/shim/gnu-efi/inc/protocol -I/shim/Cryptlib/OpenSSL/crypto/asn1 -I/shim/Cryptlib/OpenSSL/crypto/evp -I/shim/Cryptlib/OpenSSL/crypto/modes -I/shim/Cryptlib/OpenSSL/crypto/include -isystem /shim/include/system -isystem /usr/lib/gcc/aarch64-linux-gnu/14/include -DL_ENDIAN -D_CRT_SECURE_NO_DEPRECATE -D_CRT_NONSTDC_NO_DEPRECATE -DOPENSSL_SMALL_FOOTPRINT -DPEDANTIC -DMDE_CPU_AARCH64   -c -o crypto/rsa/rsa_chk.o crypto/rsa/rsa_chk.c
#14 172.6 gcc -std=gnu11 -ggdb -gdwarf-4 -gstrict-dwarf -ffreestanding -fmacro-prefix-map=/shim/= -fno-stack-protector -fno-strict-aliasing -fpic -fshort-wchar -nostdinc -Os -Wall -Wextra -Wno-missing-field-initializers -Wno-empty-body -Wno-implicit-fallthrough -Wno-old-style-declaration -Wno-unused-but-set-variable -Wno-unused-parameter -Werror -Wno-error=unused-but-set-variable -Wno-error=unused-parameter -I/shim/Cryptlib/OpenSSL -I/shim/Cryptlib -I/shim/Cryptlib/OpenSSL/Include/ -I/shim/Cryptlib/OpenSSL/crypto -I/shim/Cryptlib/Include -I/shim/gnu-efi/inc -I/shim/gnu-efi/inc/aarch64 -I/shim/gnu-efi/inc/protocol -I/shim/Cryptlib/OpenSSL/crypto/asn1 -I/shim/Cryptlib/OpenSSL/crypto/evp -I/shim/Cryptlib/OpenSSL/crypto/modes -I/shim/Cryptlib/OpenSSL/crypto/include -isystem /shim/include/system -isystem /usr/lib/gcc/aarch64-linux-gnu/14/include -DL_ENDIAN -D_CRT_SECURE_NO_DEPRECATE -D_CRT_NONSTDC_NO_DEPRECATE -DOPENSSL_SMALL_FOOTPRINT -DPEDANTIC -DMDE_CPU_AARCH64   -c -o crypto/rsa/rsa_null.o crypto/rsa/rsa_null.c
#14 172.8 gcc -std=gnu11 -ggdb -gdwarf-4 -gstrict-dwarf -ffreestanding -fmacro-prefix-map=/shim/= -fno-stack-protector -fno-strict-aliasing -fpic -fshort-wchar -nostdinc -Os -Wall -Wextra -Wno-missing-field-initializers -Wno-empty-body -Wno-implicit-fallthrough -Wno-old-style-declaration -Wno-unused-but-set-variable -Wno-unused-parameter -Werror -Wno-error=unused-but-set-variable -Wno-error=unused-parameter -I/shim/Cryptlib/OpenSSL -I/shim/Cryptlib -I/shim/Cryptlib/OpenSSL/Include/ -I/shim/Cryptlib/OpenSSL/crypto -I/shim/Cryptlib/Include -I/shim/gnu-efi/inc -I/shim/gnu-efi/inc/aarch64 -I/shim/gnu-efi/inc/protocol -I/shim/Cryptlib/OpenSSL/crypto/asn1 -I/shim/Cryptlib/OpenSSL/crypto/evp -I/shim/Cryptlib/OpenSSL/crypto/modes -I/shim/Cryptlib/OpenSSL/crypto/include -isystem /shim/include/system -isystem /usr/lib/gcc/aarch64-linux-gnu/14/include -DL_ENDIAN -D_CRT_SECURE_NO_DEPRECATE -D_CRT_NONSTDC_NO_DEPRECATE -DOPENSSL_SMALL_FOOTPRINT -DPEDANTIC -DMDE_CPU_AARCH64   -c -o crypto/rsa/rsa_pss.o crypto/rsa/rsa_pss.c
#14 174.1 gcc -std=gnu11 -ggdb -gdwarf-4 -gstrict-dwarf -ffreestanding -fmacro-prefix-map=/shim/= -fno-stack-protector -fno-strict-aliasing -fpic -fshort-wchar -nostdinc -Os -Wall -Wextra -Wno-missing-field-initializers -Wno-empty-body -Wno-implicit-fallthrough -Wno-old-style-declaration -Wno-unused-but-set-variable -Wno-unused-parameter -Werror -Wno-error=unused-but-set-variable -Wno-error=unused-parameter -I/shim/Cryptlib/OpenSSL -I/shim/Cryptlib -I/shim/Cryptlib/OpenSSL/Include/ -I/shim/Cryptlib/OpenSSL/crypto -I/shim/Cryptlib/Include -I/shim/gnu-efi/inc -I/shim/gnu-efi/inc/aarch64 -I/shim/gnu-efi/inc/protocol -I/shim/Cryptlib/OpenSSL/crypto/asn1 -I/shim/Cryptlib/OpenSSL/crypto/evp -I/shim/Cryptlib/OpenSSL/crypto/modes -I/shim/Cryptlib/OpenSSL/crypto/include -isystem /shim/include/system -isystem /usr/lib/gcc/aarch64-linux-gnu/14/include -DL_ENDIAN -D_CRT_SECURE_NO_DEPRECATE -D_CRT_NONSTDC_NO_DEPRECATE -DOPENSSL_SMALL_FOOTPRINT -DPEDANTIC -DMDE_CPU_AARCH64   -c -o crypto/rsa/rsa_x931.o crypto/rsa/rsa_x931.c
#14 174.3 gcc -std=gnu11 -ggdb -gdwarf-4 -gstrict-dwarf -ffreestanding -fmacro-prefix-map=/shim/= -fno-stack-protector -fno-strict-aliasing -fpic -fshort-wchar -nostdinc -Os -Wall -Wextra -Wno-missing-field-initializers -Wno-empty-body -Wno-implicit-fallthrough -Wno-old-style-declaration -Wno-unused-but-set-variable -Wno-unused-parameter -Werror -Wno-error=unused-but-set-variable -Wno-error=unused-parameter -I/shim/Cryptlib/OpenSSL -I/shim/Cryptlib -I/shim/Cryptlib/OpenSSL/Include/ -I/shim/Cryptlib/OpenSSL/crypto -I/shim/Cryptlib/Include -I/shim/gnu-efi/inc -I/shim/gnu-efi/inc/aarch64 -I/shim/gnu-efi/inc/protocol -I/shim/Cryptlib/OpenSSL/crypto/asn1 -I/shim/Cryptlib/OpenSSL/crypto/evp -I/shim/Cryptlib/OpenSSL/crypto/modes -I/shim/Cryptlib/OpenSSL/crypto/include -isystem /shim/include/system -isystem /usr/lib/gcc/aarch64-linux-gnu/14/include -DL_ENDIAN -D_CRT_SECURE_NO_DEPRECATE -D_CRT_NONSTDC_NO_DEPRECATE -DOPENSSL_SMALL_FOOTPRINT -DPEDANTIC -DMDE_CPU_AARCH64   -c -o crypto/rsa/rsa_asn1.o crypto/rsa/rsa_asn1.c
#14 174.5 gcc -std=gnu11 -ggdb -gdwarf-4 -gstrict-dwarf -ffreestanding -fmacro-prefix-map=/shim/= -fno-stack-protector -fno-strict-aliasing -fpic -fshort-wchar -nostdinc -Os -Wall -Wextra -Wno-missing-field-initializers -Wno-empty-body -Wno-implicit-fallthrough -Wno-old-style-declaration -Wno-unused-but-set-variable -Wno-unused-parameter -Werror -Wno-error=unused-but-set-variable -Wno-error=unused-parameter -I/shim/Cryptlib/OpenSSL -I/shim/Cryptlib -I/shim/Cryptlib/OpenSSL/Include/ -I/shim/Cryptlib/OpenSSL/crypto -I/shim/Cryptlib/Include -I/shim/gnu-efi/inc -I/shim/gnu-efi/inc/aarch64 -I/shim/gnu-efi/inc/protocol -I/shim/Cryptlib/OpenSSL/crypto/asn1 -I/shim/Cryptlib/OpenSSL/crypto/evp -I/shim/Cryptlib/OpenSSL/crypto/modes -I/shim/Cryptlib/OpenSSL/crypto/include -isystem /shim/include/system -isystem /usr/lib/gcc/aarch64-linux-gnu/14/include -DL_ENDIAN -D_CRT_SECURE_NO_DEPRECATE -D_CRT_NONSTDC_NO_DEPRECATE -DOPENSSL_SMALL_FOOTPRINT -DPEDANTIC -DMDE_CPU_AARCH64   -c -o crypto/rsa/rsa_depr.o crypto/rsa/rsa_depr.c
#14 175.3 gcc -std=gnu11 -ggdb -gdwarf-4 -gstrict-dwarf -ffreestanding -fmacro-prefix-map=/shim/= -fno-stack-protector -fno-strict-aliasing -fpic -fshort-wchar -nostdinc -Os -Wall -Wextra -Wno-missing-field-initializers -Wno-empty-body -Wno-implicit-fallthrough -Wno-old-style-declaration -Wno-unused-but-set-variable -Wno-unused-parameter -Werror -Wno-error=unused-but-set-variable -Wno-error=unused-parameter -I/shim/Cryptlib/OpenSSL -I/shim/Cryptlib -I/shim/Cryptlib/OpenSSL/Include/ -I/shim/Cryptlib/OpenSSL/crypto -I/shim/Cryptlib/Include -I/shim/gnu-efi/inc -I/shim/gnu-efi/inc/aarch64 -I/shim/gnu-efi/inc/protocol -I/shim/Cryptlib/OpenSSL/crypto/asn1 -I/shim/Cryptlib/OpenSSL/crypto/evp -I/shim/Cryptlib/OpenSSL/crypto/modes -I/shim/Cryptlib/OpenSSL/crypto/include -isystem /shim/include/system -isystem /usr/lib/gcc/aarch64-linux-gnu/14/include -DL_ENDIAN -D_CRT_SECURE_NO_DEPRECATE -D_CRT_NONSTDC_NO_DEPRECATE -DOPENSSL_SMALL_FOOTPRINT -DPEDANTIC -DMDE_CPU_AARCH64   -c -o crypto/rsa/rsa_ameth.o crypto/rsa/rsa_ameth.c
#14 175.6 gcc -std=gnu11 -ggdb -gdwarf-4 -gstrict-dwarf -ffreestanding -fmacro-prefix-map=/shim/= -fno-stack-protector -fno-strict-aliasing -fpic -fshort-wchar -nostdinc -Os -Wall -Wextra -Wno-missing-field-initializers -Wno-empty-body -Wno-implicit-fallthrough -Wno-old-style-declaration -Wno-unused-but-set-variable -Wno-unused-parameter -Werror -Wno-error=unused-but-set-variable -Wno-error=unused-parameter -I/shim/Cryptlib/OpenSSL -I/shim/Cryptlib -I/shim/Cryptlib/OpenSSL/Include/ -I/shim/Cryptlib/OpenSSL/crypto -I/shim/Cryptlib/Include -I/shim/gnu-efi/inc -I/shim/gnu-efi/inc/aarch64 -I/shim/gnu-efi/inc/protocol -I/shim/Cryptlib/OpenSSL/crypto/asn1 -I/shim/Cryptlib/OpenSSL/crypto/evp -I/shim/Cryptlib/OpenSSL/crypto/modes -I/shim/Cryptlib/OpenSSL/crypto/include -isystem /shim/include/system -isystem /usr/lib/gcc/aarch64-linux-gnu/14/include -DL_ENDIAN -D_CRT_SECURE_NO_DEPRECATE -D_CRT_NONSTDC_NO_DEPRECATE -DOPENSSL_SMALL_FOOTPRINT -DPEDANTIC -DMDE_CPU_AARCH64   -c -o crypto/rsa/rsa_prn.o crypto/rsa/rsa_prn.c
#14 176.4 gcc -std=gnu11 -ggdb -gdwarf-4 -gstrict-dwarf -ffreestanding -fmacro-prefix-map=/shim/= -fno-stack-protector -fno-strict-aliasing -fpic -fshort-wchar -nostdinc -Os -Wall -Wextra -Wno-missing-field-initializers -Wno-empty-body -Wno-implicit-fallthrough -Wno-old-style-declaration -Wno-unused-but-set-variable -Wno-unused-parameter -Werror -Wno-error=unused-but-set-variable -Wno-error=unused-parameter -I/shim/Cryptlib/OpenSSL -I/shim/Cryptlib -I/shim/Cryptlib/OpenSSL/Include/ -I/shim/Cryptlib/OpenSSL/crypto -I/shim/Cryptlib/Include -I/shim/gnu-efi/inc -I/shim/gnu-efi/inc/aarch64 -I/shim/gnu-efi/inc/protocol -I/shim/Cryptlib/OpenSSL/crypto/asn1 -I/shim/Cryptlib/OpenSSL/crypto/evp -I/shim/Cryptlib/OpenSSL/crypto/modes -I/shim/Cryptlib/OpenSSL/crypto/include -isystem /shim/include/system -isystem /usr/lib/gcc/aarch64-linux-gnu/14/include -DL_ENDIAN -D_CRT_SECURE_NO_DEPRECATE -D_CRT_NONSTDC_NO_DEPRECATE -DOPENSSL_SMALL_FOOTPRINT -DPEDANTIC -DMDE_CPU_AARCH64   -c -o crypto/rsa/rsa_pmeth.o crypto/rsa/rsa_pmeth.c
#14 176.5 gcc -std=gnu11 -ggdb -gdwarf-4 -gstrict-dwarf -ffreestanding -fmacro-prefix-map=/shim/= -fno-stack-protector -fno-strict-aliasing -fpic -fshort-wchar -nostdinc -Os -Wall -Wextra -Wno-missing-field-initializers -Wno-empty-body -Wno-implicit-fallthrough -Wno-old-style-declaration -Wno-unused-but-set-variable -Wno-unused-parameter -Werror -Wno-error=unused-but-set-variable -Wno-error=unused-parameter -I/shim/Cryptlib/OpenSSL -I/shim/Cryptlib -I/shim/Cryptlib/OpenSSL/Include/ -I/shim/Cryptlib/OpenSSL/crypto -I/shim/Cryptlib/Include -I/shim/gnu-efi/inc -I/shim/gnu-efi/inc/aarch64 -I/shim/gnu-efi/inc/protocol -I/shim/Cryptlib/OpenSSL/crypto/asn1 -I/shim/Cryptlib/OpenSSL/crypto/evp -I/shim/Cryptlib/OpenSSL/crypto/modes -I/shim/Cryptlib/OpenSSL/crypto/include -isystem /shim/include/system -isystem /usr/lib/gcc/aarch64-linux-gnu/14/include -DL_ENDIAN -D_CRT_SECURE_NO_DEPRECATE -D_CRT_NONSTDC_NO_DEPRECATE -DOPENSSL_SMALL_FOOTPRINT -DPEDANTIC -DMDE_CPU_AARCH64   -c -o crypto/rsa/rsa_crpt.o crypto/rsa/rsa_crpt.c
#14 177.0 gcc -std=gnu11 -ggdb -gdwarf-4 -gstrict-dwarf -ffreestanding -fmacro-prefix-map=/shim/= -fno-stack-protector -fno-strict-aliasing -fpic -fshort-wchar -nostdinc -Os -Wall -Wextra -Wno-missing-field-initializers -Wno-empty-body -Wno-implicit-fallthrough -Wno-old-style-declaration -Wno-unused-but-set-variable -Wno-unused-parameter -Werror -Wno-error=unused-but-set-variable -Wno-error=unused-parameter -I/shim/Cryptlib/OpenSSL -I/shim/Cryptlib -I/shim/Cryptlib/OpenSSL/Include/ -I/shim/Cryptlib/OpenSSL/crypto -I/shim/Cryptlib/Include -I/shim/gnu-efi/inc -I/shim/gnu-efi/inc/aarch64 -I/shim/gnu-efi/inc/protocol -I/shim/Cryptlib/OpenSSL/crypto/asn1 -I/shim/Cryptlib/OpenSSL/crypto/evp -I/shim/Cryptlib/OpenSSL/crypto/modes -I/shim/Cryptlib/OpenSSL/crypto/include -isystem /shim/include/system -isystem /usr/lib/gcc/aarch64-linux-gnu/14/include -DL_ENDIAN -D_CRT_SECURE_NO_DEPRECATE -D_CRT_NONSTDC_NO_DEPRECATE -DOPENSSL_SMALL_FOOTPRINT -DPEDANTIC -DMDE_CPU_AARCH64   -c -o crypto/dso/dso_dl.o crypto/dso/dso_dl.c
#14 178.1 gcc -std=gnu11 -ggdb -gdwarf-4 -gstrict-dwarf -ffreestanding -fmacro-prefix-map=/shim/= -fno-stack-protector -fno-strict-aliasing -fpic -fshort-wchar -nostdinc -Os -Wall -Wextra -Wno-missing-field-initializers -Wno-empty-body -Wno-implicit-fallthrough -Wno-old-style-declaration -Wno-unused-but-set-variable -Wno-unused-parameter -Werror -Wno-error=unused-but-set-variable -Wno-error=unused-parameter -I/shim/Cryptlib/OpenSSL -I/shim/Cryptlib -I/shim/Cryptlib/OpenSSL/Include/ -I/shim/Cryptlib/OpenSSL/crypto -I/shim/Cryptlib/Include -I/shim/gnu-efi/inc -I/shim/gnu-efi/inc/aarch64 -I/shim/gnu-efi/inc/protocol -I/shim/Cryptlib/OpenSSL/crypto/asn1 -I/shim/Cryptlib/OpenSSL/crypto/evp -I/shim/Cryptlib/OpenSSL/crypto/modes -I/shim/Cryptlib/OpenSSL/crypto/include -isystem /shim/include/system -isystem /usr/lib/gcc/aarch64-linux-gnu/14/include -DL_ENDIAN -D_CRT_SECURE_NO_DEPRECATE -D_CRT_NONSTDC_NO_DEPRECATE -DOPENSSL_SMALL_FOOTPRINT -DPEDANTIC -DMDE_CPU_AARCH64   -c -o crypto/dso/dso_dlfcn.o crypto/dso/dso_dlfcn.c
#14 178.8 gcc -std=gnu11 -ggdb -gdwarf-4 -gstrict-dwarf -ffreestanding -fmacro-prefix-map=/shim/= -fno-stack-protector -fno-strict-aliasing -fpic -fshort-wchar -nostdinc -Os -Wall -Wextra -Wno-missing-field-initializers -Wno-empty-body -Wno-implicit-fallthrough -Wno-old-style-declaration -Wno-unused-but-set-variable -Wno-unused-parameter -Werror -Wno-error=unused-but-set-variable -Wno-error=unused-parameter -I/shim/Cryptlib/OpenSSL -I/shim/Cryptlib -I/shim/Cryptlib/OpenSSL/Include/ -I/shim/Cryptlib/OpenSSL/crypto -I/shim/Cryptlib/Include -I/shim/gnu-efi/inc -I/shim/gnu-efi/inc/aarch64 -I/shim/gnu-efi/inc/protocol -I/shim/Cryptlib/OpenSSL/crypto/asn1 -I/shim/Cryptlib/OpenSSL/crypto/evp -I/shim/Cryptlib/OpenSSL/crypto/modes -I/shim/Cryptlib/OpenSSL/crypto/include -isystem /shim/include/system -isystem /usr/lib/gcc/aarch64-linux-gnu/14/include -DL_ENDIAN -D_CRT_SECURE_NO_DEPRECATE -D_CRT_NONSTDC_NO_DEPRECATE -DOPENSSL_SMALL_FOOTPRINT -DPEDANTIC -DMDE_CPU_AARCH64   -c -o crypto/dso/dso_err.o crypto/dso/dso_err.c
#14 178.9 gcc -std=gnu11 -ggdb -gdwarf-4 -gstrict-dwarf -ffreestanding -fmacro-prefix-map=/shim/= -fno-stack-protector -fno-strict-aliasing -fpic -fshort-wchar -nostdinc -Os -Wall -Wextra -Wno-missing-field-initializers -Wno-empty-body -Wno-implicit-fallthrough -Wno-old-style-declaration -Wno-unused-but-set-variable -Wno-unused-parameter -Werror -Wno-error=unused-but-set-variable -Wno-error=unused-parameter -I/shim/Cryptlib/OpenSSL -I/shim/Cryptlib -I/shim/Cryptlib/OpenSSL/Include/ -I/shim/Cryptlib/OpenSSL/crypto -I/shim/Cryptlib/Include -I/shim/gnu-efi/inc -I/shim/gnu-efi/inc/aarch64 -I/shim/gnu-efi/inc/protocol -I/shim/Cryptlib/OpenSSL/crypto/asn1 -I/shim/Cryptlib/OpenSSL/crypto/evp -I/shim/Cryptlib/OpenSSL/crypto/modes -I/shim/Cryptlib/OpenSSL/crypto/include -isystem /shim/include/system -isystem /usr/lib/gcc/aarch64-linux-gnu/14/include -DL_ENDIAN -D_CRT_SECURE_NO_DEPRECATE -D_CRT_NONSTDC_NO_DEPRECATE -DOPENSSL_SMALL_FOOTPRINT -DPEDANTIC -DMDE_CPU_AARCH64   -c -o crypto/dso/dso_lib.o crypto/dso/dso_lib.c
#14 179.2 gcc -std=gnu11 -ggdb -gdwarf-4 -gstrict-dwarf -ffreestanding -fmacro-prefix-map=/shim/= -fno-stack-protector -fno-strict-aliasing -fpic -fshort-wchar -nostdinc -Os -Wall -Wextra -Wno-missing-field-initializers -Wno-empty-body -Wno-implicit-fallthrough -Wno-old-style-declaration -Wno-unused-but-set-variable -Wno-unused-parameter -Werror -Wno-error=unused-but-set-variable -Wno-error=unused-parameter -I/shim/Cryptlib/OpenSSL -I/shim/Cryptlib -I/shim/Cryptlib/OpenSSL/Include/ -I/shim/Cryptlib/OpenSSL/crypto -I/shim/Cryptlib/Include -I/shim/gnu-efi/inc -I/shim/gnu-efi/inc/aarch64 -I/shim/gnu-efi/inc/protocol -I/shim/Cryptlib/OpenSSL/crypto/asn1 -I/shim/Cryptlib/OpenSSL/crypto/evp -I/shim/Cryptlib/OpenSSL/crypto/modes -I/shim/Cryptlib/OpenSSL/crypto/include -isystem /shim/include/system -isystem /usr/lib/gcc/aarch64-linux-gnu/14/include -DL_ENDIAN -D_CRT_SECURE_NO_DEPRECATE -D_CRT_NONSTDC_NO_DEPRECATE -DOPENSSL_SMALL_FOOTPRINT -DPEDANTIC -DMDE_CPU_AARCH64   -c -o crypto/dso/dso_null.o crypto/dso/dso_null.c
#14 179.8 gcc -std=gnu11 -ggdb -gdwarf-4 -gstrict-dwarf -ffreestanding -fmacro-prefix-map=/shim/= -fno-stack-protector -fno-strict-aliasing -fpic -fshort-wchar -nostdinc -Os -Wall -Wextra -Wno-missing-field-initializers -Wno-empty-body -Wno-implicit-fallthrough -Wno-old-style-declaration -Wno-unused-but-set-variable -Wno-unused-parameter -Werror -Wno-error=unused-but-set-variable -Wno-error=unused-parameter -I/shim/Cryptlib/OpenSSL -I/shim/Cryptlib -I/shim/Cryptlib/OpenSSL/Include/ -I/shim/Cryptlib/OpenSSL/crypto -I/shim/Cryptlib/Include -I/shim/gnu-efi/inc -I/shim/gnu-efi/inc/aarch64 -I/shim/gnu-efi/inc/protocol -I/shim/Cryptlib/OpenSSL/crypto/asn1 -I/shim/Cryptlib/OpenSSL/crypto/evp -I/shim/Cryptlib/OpenSSL/crypto/modes -I/shim/Cryptlib/OpenSSL/crypto/include -isystem /shim/include/system -isystem /usr/lib/gcc/aarch64-linux-gnu/14/include -DL_ENDIAN -D_CRT_SECURE_NO_DEPRECATE -D_CRT_NONSTDC_NO_DEPRECATE -DOPENSSL_SMALL_FOOTPRINT -DPEDANTIC -DMDE_CPU_AARCH64   -c -o crypto/dso/dso_openssl.o crypto/dso/dso_openssl.c
#14 180.0 gcc -std=gnu11 -ggdb -gdwarf-4 -gstrict-dwarf -ffreestanding -fmacro-prefix-map=/shim/= -fno-stack-protector -fno-strict-aliasing -fpic -fshort-wchar -nostdinc -Os -Wall -Wextra -Wno-missing-field-initializers -Wno-empty-body -Wno-implicit-fallthrough -Wno-old-style-declaration -Wno-unused-but-set-variable -Wno-unused-parameter -Werror -Wno-error=unused-but-set-variable -Wno-error=unused-parameter -I/shim/Cryptlib/OpenSSL -I/shim/Cryptlib -I/shim/Cryptlib/OpenSSL/Include/ -I/shim/Cryptlib/OpenSSL/crypto -I/shim/Cryptlib/Include -I/shim/gnu-efi/inc -I/shim/gnu-efi/inc/aarch64 -I/shim/gnu-efi/inc/protocol -I/shim/Cryptlib/OpenSSL/crypto/asn1 -I/shim/Cryptlib/OpenSSL/crypto/evp -I/shim/Cryptlib/OpenSSL/crypto/modes -I/shim/Cryptlib/OpenSSL/crypto/include -isystem /shim/include/system -isystem /usr/lib/gcc/aarch64-linux-gnu/14/include -DL_ENDIAN -D_CRT_SECURE_NO_DEPRECATE -D_CRT_NONSTDC_NO_DEPRECATE -DOPENSSL_SMALL_FOOTPRINT -DPEDANTIC -DMDE_CPU_AARCH64   -c -o crypto/dso/dso_win32.o crypto/dso/dso_win32.c
#14 180.6 gcc -std=gnu11 -ggdb -gdwarf-4 -gstrict-dwarf -ffreestanding -fmacro-prefix-map=/shim/= -fno-stack-protector -fno-strict-aliasing -fpic -fshort-wchar -nostdinc -Os -Wall -Wextra -Wno-missing-field-initializers -Wno-empty-body -Wno-implicit-fallthrough -Wno-old-style-declaration -Wno-unused-but-set-variable -Wno-unused-parameter -Werror -Wno-error=unused-but-set-variable -Wno-error=unused-parameter -I/shim/Cryptlib/OpenSSL -I/shim/Cryptlib -I/shim/Cryptlib/OpenSSL/Include/ -I/shim/Cryptlib/OpenSSL/crypto -I/shim/Cryptlib/Include -I/shim/gnu-efi/inc -I/shim/gnu-efi/inc/aarch64 -I/shim/gnu-efi/inc/protocol -I/shim/Cryptlib/OpenSSL/crypto/asn1 -I/shim/Cryptlib/OpenSSL/crypto/evp -I/shim/Cryptlib/OpenSSL/crypto/modes -I/shim/Cryptlib/OpenSSL/crypto/include -isystem /shim/include/system -isystem /usr/lib/gcc/aarch64-linux-gnu/14/include -DL_ENDIAN -D_CRT_SECURE_NO_DEPRECATE -D_CRT_NONSTDC_NO_DEPRECATE -DOPENSSL_SMALL_FOOTPRINT -DPEDANTIC -DMDE_CPU_AARCH64   -c -o crypto/dso/dso_vms.o crypto/dso/dso_vms.c
#14 181.1 gcc -std=gnu11 -ggdb -gdwarf-4 -gstrict-dwarf -ffreestanding -fmacro-prefix-map=/shim/= -fno-stack-protector -fno-strict-aliasing -fpic -fshort-wchar -nostdinc -Os -Wall -Wextra -Wno-missing-field-initializers -Wno-empty-body -Wno-implicit-fallthrough -Wno-old-style-declaration -Wno-unused-but-set-variable -Wno-unused-parameter -Werror -Wno-error=unused-but-set-variable -Wno-error=unused-parameter -I/shim/Cryptlib/OpenSSL -I/shim/Cryptlib -I/shim/Cryptlib/OpenSSL/Include/ -I/shim/Cryptlib/OpenSSL/crypto -I/shim/Cryptlib/Include -I/shim/gnu-efi/inc -I/shim/gnu-efi/inc/aarch64 -I/shim/gnu-efi/inc/protocol -I/shim/Cryptlib/OpenSSL/crypto/asn1 -I/shim/Cryptlib/OpenSSL/crypto/evp -I/shim/Cryptlib/OpenSSL/crypto/modes -I/shim/Cryptlib/OpenSSL/crypto/include -isystem /shim/include/system -isystem /usr/lib/gcc/aarch64-linux-gnu/14/include -DL_ENDIAN -D_CRT_SECURE_NO_DEPRECATE -D_CRT_NONSTDC_NO_DEPRECATE -DOPENSSL_SMALL_FOOTPRINT -DPEDANTIC -DMDE_CPU_AARCH64   -c -o crypto/dso/dso_beos.o crypto/dso/dso_beos.c
#14 181.1 gcc -std=gnu11 -ggdb -gdwarf-4 -gstrict-dwarf -ffreestanding -fmacro-prefix-map=/shim/= -fno-stack-protector -fno-strict-aliasing -fpic -fshort-wchar -nostdinc -Os -Wall -Wextra -Wno-missing-field-initializers -Wno-empty-body -Wno-implicit-fallthrough -Wno-old-style-declaration -Wno-unused-but-set-variable -Wno-unused-parameter -Werror -Wno-error=unused-but-set-variable -Wno-error=unused-parameter -I/shim/Cryptlib/OpenSSL -I/shim/Cryptlib -I/shim/Cryptlib/OpenSSL/Include/ -I/shim/Cryptlib/OpenSSL/crypto -I/shim/Cryptlib/Include -I/shim/gnu-efi/inc -I/shim/gnu-efi/inc/aarch64 -I/shim/gnu-efi/inc/protocol -I/shim/Cryptlib/OpenSSL/crypto/asn1 -I/shim/Cryptlib/OpenSSL/crypto/evp -I/shim/Cryptlib/OpenSSL/crypto/modes -I/shim/Cryptlib/OpenSSL/crypto/include -isystem /shim/include/system -isystem /usr/lib/gcc/aarch64-linux-gnu/14/include -DL_ENDIAN -D_CRT_SECURE_NO_DEPRECATE -D_CRT_NONSTDC_NO_DEPRECATE -DOPENSSL_SMALL_FOOTPRINT -DPEDANTIC -DMDE_CPU_AARCH64   -c -o crypto/dh/dh_asn1.o crypto/dh/dh_asn1.c
#14 181.8 gcc -std=gnu11 -ggdb -gdwarf-4 -gstrict-dwarf -ffreestanding -fmacro-prefix-map=/shim/= -fno-stack-protector -fno-strict-aliasing -fpic -fshort-wchar -nostdinc -Os -Wall -Wextra -Wno-missing-field-initializers -Wno-empty-body -Wno-implicit-fallthrough -Wno-old-style-declaration -Wno-unused-but-set-variable -Wno-unused-parameter -Werror -Wno-error=unused-but-set-variable -Wno-error=unused-parameter -I/shim/Cryptlib/OpenSSL -I/shim/Cryptlib -I/shim/Cryptlib/OpenSSL/Include/ -I/shim/Cryptlib/OpenSSL/crypto -I/shim/Cryptlib/Include -I/shim/gnu-efi/inc -I/shim/gnu-efi/inc/aarch64 -I/shim/gnu-efi/inc/protocol -I/shim/Cryptlib/OpenSSL/crypto/asn1 -I/shim/Cryptlib/OpenSSL/crypto/evp -I/shim/Cryptlib/OpenSSL/crypto/modes -I/shim/Cryptlib/OpenSSL/crypto/include -isystem /shim/include/system -isystem /usr/lib/gcc/aarch64-linux-gnu/14/include -DL_ENDIAN -D_CRT_SECURE_NO_DEPRECATE -D_CRT_NONSTDC_NO_DEPRECATE -DOPENSSL_SMALL_FOOTPRINT -DPEDANTIC -DMDE_CPU_AARCH64   -c -o crypto/dh/dh_gen.o crypto/dh/dh_gen.c
#14 181.9 gcc -std=gnu11 -ggdb -gdwarf-4 -gstrict-dwarf -ffreestanding -fmacro-prefix-map=/shim/= -fno-stack-protector -fno-strict-aliasing -fpic -fshort-wchar -nostdinc -Os -Wall -Wextra -Wno-missing-field-initializers -Wno-empty-body -Wno-implicit-fallthrough -Wno-old-style-declaration -Wno-unused-but-set-variable -Wno-unused-parameter -Werror -Wno-error=unused-but-set-variable -Wno-error=unused-parameter -I/shim/Cryptlib/OpenSSL -I/shim/Cryptlib -I/shim/Cryptlib/OpenSSL/Include/ -I/shim/Cryptlib/OpenSSL/crypto -I/shim/Cryptlib/Include -I/shim/gnu-efi/inc -I/shim/gnu-efi/inc/aarch64 -I/shim/gnu-efi/inc/protocol -I/shim/Cryptlib/OpenSSL/crypto/asn1 -I/shim/Cryptlib/OpenSSL/crypto/evp -I/shim/Cryptlib/OpenSSL/crypto/modes -I/shim/Cryptlib/OpenSSL/crypto/include -isystem /shim/include/system -isystem /usr/lib/gcc/aarch64-linux-gnu/14/include -DL_ENDIAN -D_CRT_SECURE_NO_DEPRECATE -D_CRT_NONSTDC_NO_DEPRECATE -DOPENSSL_SMALL_FOOTPRINT -DPEDANTIC -DMDE_CPU_AARCH64   -c -o crypto/dh/dh_key.o crypto/dh/dh_key.c
#14 182.4 gcc -std=gnu11 -ggdb -gdwarf-4 -gstrict-dwarf -ffreestanding -fmacro-prefix-map=/shim/= -fno-stack-protector -fno-strict-aliasing -fpic -fshort-wchar -nostdinc -Os -Wall -Wextra -Wno-missing-field-initializers -Wno-empty-body -Wno-implicit-fallthrough -Wno-old-style-declaration -Wno-unused-but-set-variable -Wno-unused-parameter -Werror -Wno-error=unused-but-set-variable -Wno-error=unused-parameter -I/shim/Cryptlib/OpenSSL -I/shim/Cryptlib -I/shim/Cryptlib/OpenSSL/Include/ -I/shim/Cryptlib/OpenSSL/crypto -I/shim/Cryptlib/Include -I/shim/gnu-efi/inc -I/shim/gnu-efi/inc/aarch64 -I/shim/gnu-efi/inc/protocol -I/shim/Cryptlib/OpenSSL/crypto/asn1 -I/shim/Cryptlib/OpenSSL/crypto/evp -I/shim/Cryptlib/OpenSSL/crypto/modes -I/shim/Cryptlib/OpenSSL/crypto/include -isystem /shim/include/system -isystem /usr/lib/gcc/aarch64-linux-gnu/14/include -DL_ENDIAN -D_CRT_SECURE_NO_DEPRECATE -D_CRT_NONSTDC_NO_DEPRECATE -DOPENSSL_SMALL_FOOTPRINT -DPEDANTIC -DMDE_CPU_AARCH64   -c -o crypto/dh/dh_lib.o crypto/dh/dh_lib.c
#14 183.4 gcc -std=gnu11 -ggdb -gdwarf-4 -gstrict-dwarf -ffreestanding -fmacro-prefix-map=/shim/= -fno-stack-protector -fno-strict-aliasing -fpic -fshort-wchar -nostdinc -Os -Wall -Wextra -Wno-missing-field-initializers -Wno-empty-body -Wno-implicit-fallthrough -Wno-old-style-declaration -Wno-unused-but-set-variable -Wno-unused-parameter -Werror -Wno-error=unused-but-set-variable -Wno-error=unused-parameter -I/shim/Cryptlib/OpenSSL -I/shim/Cryptlib -I/shim/Cryptlib/OpenSSL/Include/ -I/shim/Cryptlib/OpenSSL/crypto -I/shim/Cryptlib/Include -I/shim/gnu-efi/inc -I/shim/gnu-efi/inc/aarch64 -I/shim/gnu-efi/inc/protocol -I/shim/Cryptlib/OpenSSL/crypto/asn1 -I/shim/Cryptlib/OpenSSL/crypto/evp -I/shim/Cryptlib/OpenSSL/crypto/modes -I/shim/Cryptlib/OpenSSL/crypto/include -isystem /shim/include/system -isystem /usr/lib/gcc/aarch64-linux-gnu/14/include -DL_ENDIAN -D_CRT_SECURE_NO_DEPRECATE -D_CRT_NONSTDC_NO_DEPRECATE -DOPENSSL_SMALL_FOOTPRINT -DPEDANTIC -DMDE_CPU_AARCH64   -c -o crypto/dh/dh_check.o crypto/dh/dh_check.c
#14 183.7 gcc -std=gnu11 -ggdb -gdwarf-4 -gstrict-dwarf -ffreestanding -fmacro-prefix-map=/shim/= -fno-stack-protector -fno-strict-aliasing -fpic -fshort-wchar -nostdinc -Os -Wall -Wextra -Wno-missing-field-initializers -Wno-empty-body -Wno-implicit-fallthrough -Wno-old-style-declaration -Wno-unused-but-set-variable -Wno-unused-parameter -Werror -Wno-error=unused-but-set-variable -Wno-error=unused-parameter -I/shim/Cryptlib/OpenSSL -I/shim/Cryptlib -I/shim/Cryptlib/OpenSSL/Include/ -I/shim/Cryptlib/OpenSSL/crypto -I/shim/Cryptlib/Include -I/shim/gnu-efi/inc -I/shim/gnu-efi/inc/aarch64 -I/shim/gnu-efi/inc/protocol -I/shim/Cryptlib/OpenSSL/crypto/asn1 -I/shim/Cryptlib/OpenSSL/crypto/evp -I/shim/Cryptlib/OpenSSL/crypto/modes -I/shim/Cryptlib/OpenSSL/crypto/include -isystem /shim/include/system -isystem /usr/lib/gcc/aarch64-linux-gnu/14/include -DL_ENDIAN -D_CRT_SECURE_NO_DEPRECATE -D_CRT_NONSTDC_NO_DEPRECATE -DOPENSSL_SMALL_FOOTPRINT -DPEDANTIC -DMDE_CPU_AARCH64   -c -o crypto/dh/dh_err.o crypto/dh/dh_err.c
#14 184.7 gcc -std=gnu11 -ggdb -gdwarf-4 -gstrict-dwarf -ffreestanding -fmacro-prefix-map=/shim/= -fno-stack-protector -fno-strict-aliasing -fpic -fshort-wchar -nostdinc -Os -Wall -Wextra -Wno-missing-field-initializers -Wno-empty-body -Wno-implicit-fallthrough -Wno-old-style-declaration -Wno-unused-but-set-variable -Wno-unused-parameter -Werror -Wno-error=unused-but-set-variable -Wno-error=unused-parameter -I/shim/Cryptlib/OpenSSL -I/shim/Cryptlib -I/shim/Cryptlib/OpenSSL/Include/ -I/shim/Cryptlib/OpenSSL/crypto -I/shim/Cryptlib/Include -I/shim/gnu-efi/inc -I/shim/gnu-efi/inc/aarch64 -I/shim/gnu-efi/inc/protocol -I/shim/Cryptlib/OpenSSL/crypto/asn1 -I/shim/Cryptlib/OpenSSL/crypto/evp -I/shim/Cryptlib/OpenSSL/crypto/modes -I/shim/Cryptlib/OpenSSL/crypto/include -isystem /shim/include/system -isystem /usr/lib/gcc/aarch64-linux-gnu/14/include -DL_ENDIAN -D_CRT_SECURE_NO_DEPRECATE -D_CRT_NONSTDC_NO_DEPRECATE -DOPENSSL_SMALL_FOOTPRINT -DPEDANTIC -DMDE_CPU_AARCH64   -c -o crypto/dh/dh_depr.o crypto/dh/dh_depr.c
#14 184.8 gcc -std=gnu11 -ggdb -gdwarf-4 -gstrict-dwarf -ffreestanding -fmacro-prefix-map=/shim/= -fno-stack-protector -fno-strict-aliasing -fpic -fshort-wchar -nostdinc -Os -Wall -Wextra -Wno-missing-field-initializers -Wno-empty-body -Wno-implicit-fallthrough -Wno-old-style-declaration -Wno-unused-but-set-variable -Wno-unused-parameter -Werror -Wno-error=unused-but-set-variable -Wno-error=unused-parameter -I/shim/Cryptlib/OpenSSL -I/shim/Cryptlib -I/shim/Cryptlib/OpenSSL/Include/ -I/shim/Cryptlib/OpenSSL/crypto -I/shim/Cryptlib/Include -I/shim/gnu-efi/inc -I/shim/gnu-efi/inc/aarch64 -I/shim/gnu-efi/inc/protocol -I/shim/Cryptlib/OpenSSL/crypto/asn1 -I/shim/Cryptlib/OpenSSL/crypto/evp -I/shim/Cryptlib/OpenSSL/crypto/modes -I/shim/Cryptlib/OpenSSL/crypto/include -isystem /shim/include/system -isystem /usr/lib/gcc/aarch64-linux-gnu/14/include -DL_ENDIAN -D_CRT_SECURE_NO_DEPRECATE -D_CRT_NONSTDC_NO_DEPRECATE -DOPENSSL_SMALL_FOOTPRINT -DPEDANTIC -DMDE_CPU_AARCH64   -c -o crypto/dh/dh_ameth.o crypto/dh/dh_ameth.c
#14 184.9 gcc -std=gnu11 -ggdb -gdwarf-4 -gstrict-dwarf -ffreestanding -fmacro-prefix-map=/shim/= -fno-stack-protector -fno-strict-aliasing -fpic -fshort-wchar -nostdinc -Os -Wall -Wextra -Wno-missing-field-initializers -Wno-empty-body -Wno-implicit-fallthrough -Wno-old-style-declaration -Wno-unused-but-set-variable -Wno-unused-parameter -Werror -Wno-error=unused-but-set-variable -Wno-error=unused-parameter -I/shim/Cryptlib/OpenSSL -I/shim/Cryptlib -I/shim/Cryptlib/OpenSSL/Include/ -I/shim/Cryptlib/OpenSSL/crypto -I/shim/Cryptlib/Include -I/shim/gnu-efi/inc -I/shim/gnu-efi/inc/aarch64 -I/shim/gnu-efi/inc/protocol -I/shim/Cryptlib/OpenSSL/crypto/asn1 -I/shim/Cryptlib/OpenSSL/crypto/evp -I/shim/Cryptlib/OpenSSL/crypto/modes -I/shim/Cryptlib/OpenSSL/crypto/include -isystem /shim/include/system -isystem /usr/lib/gcc/aarch64-linux-gnu/14/include -DL_ENDIAN -D_CRT_SECURE_NO_DEPRECATE -D_CRT_NONSTDC_NO_DEPRECATE -DOPENSSL_SMALL_FOOTPRINT -DPEDANTIC -DMDE_CPU_AARCH64   -c -o crypto/dh/dh_pmeth.o crypto/dh/dh_pmeth.c
#14 185.5 gcc -std=gnu11 -ggdb -gdwarf-4 -gstrict-dwarf -ffreestanding -fmacro-prefix-map=/shim/= -fno-stack-protector -fno-strict-aliasing -fpic -fshort-wchar -nostdinc -Os -Wall -Wextra -Wno-missing-field-initializers -Wno-empty-body -Wno-implicit-fallthrough -Wno-old-style-declaration -Wno-unused-but-set-variable -Wno-unused-parameter -Werror -Wno-error=unused-but-set-variable -Wno-error=unused-parameter -I/shim/Cryptlib/OpenSSL -I/shim/Cryptlib -I/shim/Cryptlib/OpenSSL/Include/ -I/shim/Cryptlib/OpenSSL/crypto -I/shim/Cryptlib/Include -I/shim/gnu-efi/inc -I/shim/gnu-efi/inc/aarch64 -I/shim/gnu-efi/inc/protocol -I/shim/Cryptlib/OpenSSL/crypto/asn1 -I/shim/Cryptlib/OpenSSL/crypto/evp -I/shim/Cryptlib/OpenSSL/crypto/modes -I/shim/Cryptlib/OpenSSL/crypto/include -isystem /shim/include/system -isystem /usr/lib/gcc/aarch64-linux-gnu/14/include -DL_ENDIAN -D_CRT_SECURE_NO_DEPRECATE -D_CRT_NONSTDC_NO_DEPRECATE -DOPENSSL_SMALL_FOOTPRINT -DPEDANTIC -DMDE_CPU_AARCH64   -c -o crypto/dh/dh_prn.o crypto/dh/dh_prn.c
#14 185.6 gcc -std=gnu11 -ggdb -gdwarf-4 -gstrict-dwarf -ffreestanding -fmacro-prefix-map=/shim/= -fno-stack-protector -fno-strict-aliasing -fpic -fshort-wchar -nostdinc -Os -Wall -Wextra -Wno-missing-field-initializers -Wno-empty-body -Wno-implicit-fallthrough -Wno-old-style-declaration -Wno-unused-but-set-variable -Wno-unused-parameter -Werror -Wno-error=unused-but-set-variable -Wno-error=unused-parameter -I/shim/Cryptlib/OpenSSL -I/shim/Cryptlib -I/shim/Cryptlib/OpenSSL/Include/ -I/shim/Cryptlib/OpenSSL/crypto -I/shim/Cryptlib/Include -I/shim/gnu-efi/inc -I/shim/gnu-efi/inc/aarch64 -I/shim/gnu-efi/inc/protocol -I/shim/Cryptlib/OpenSSL/crypto/asn1 -I/shim/Cryptlib/OpenSSL/crypto/evp -I/shim/Cryptlib/OpenSSL/crypto/modes -I/shim/Cryptlib/OpenSSL/crypto/include -isystem /shim/include/system -isystem /usr/lib/gcc/aarch64-linux-gnu/14/include -DL_ENDIAN -D_CRT_SECURE_NO_DEPRECATE -D_CRT_NONSTDC_NO_DEPRECATE -DOPENSSL_SMALL_FOOTPRINT -DPEDANTIC -DMDE_CPU_AARCH64   -c -o crypto/dh/dh_rfc5114.o crypto/dh/dh_rfc5114.c
#14 186.2 gcc -std=gnu11 -ggdb -gdwarf-4 -gstrict-dwarf -ffreestanding -fmacro-prefix-map=/shim/= -fno-stack-protector -fno-strict-aliasing -fpic -fshort-wchar -nostdinc -Os -Wall -Wextra -Wno-missing-field-initializers -Wno-empty-body -Wno-implicit-fallthrough -Wno-old-style-declaration -Wno-unused-but-set-variable -Wno-unused-parameter -Werror -Wno-error=unused-but-set-variable -Wno-error=unused-parameter -I/shim/Cryptlib/OpenSSL -I/shim/Cryptlib -I/shim/Cryptlib/OpenSSL/Include/ -I/shim/Cryptlib/OpenSSL/crypto -I/shim/Cryptlib/Include -I/shim/gnu-efi/inc -I/shim/gnu-efi/inc/aarch64 -I/shim/gnu-efi/inc/protocol -I/shim/Cryptlib/OpenSSL/crypto/asn1 -I/shim/Cryptlib/OpenSSL/crypto/evp -I/shim/Cryptlib/OpenSSL/crypto/modes -I/shim/Cryptlib/OpenSSL/crypto/include -isystem /shim/include/system -isystem /usr/lib/gcc/aarch64-linux-gnu/14/include -DL_ENDIAN -D_CRT_SECURE_NO_DEPRECATE -D_CRT_NONSTDC_NO_DEPRECATE -DOPENSSL_SMALL_FOOTPRINT -DPEDANTIC -DMDE_CPU_AARCH64   -c -o crypto/buffer/buffer.o crypto/buffer/buffer.c
#14 187.3 gcc -std=gnu11 -ggdb -gdwarf-4 -gstrict-dwarf -ffreestanding -fmacro-prefix-map=/shim/= -fno-stack-protector -fno-strict-aliasing -fpic -fshort-wchar -nostdinc -Os -Wall -Wextra -Wno-missing-field-initializers -Wno-empty-body -Wno-implicit-fallthrough -Wno-old-style-declaration -Wno-unused-but-set-variable -Wno-unused-parameter -Werror -Wno-error=unused-but-set-variable -Wno-error=unused-parameter -I/shim/Cryptlib/OpenSSL -I/shim/Cryptlib -I/shim/Cryptlib/OpenSSL/Include/ -I/shim/Cryptlib/OpenSSL/crypto -I/shim/Cryptlib/Include -I/shim/gnu-efi/inc -I/shim/gnu-efi/inc/aarch64 -I/shim/gnu-efi/inc/protocol -I/shim/Cryptlib/OpenSSL/crypto/asn1 -I/shim/Cryptlib/OpenSSL/crypto/evp -I/shim/Cryptlib/OpenSSL/crypto/modes -I/shim/Cryptlib/OpenSSL/crypto/include -isystem /shim/include/system -isystem /usr/lib/gcc/aarch64-linux-gnu/14/include -DL_ENDIAN -D_CRT_SECURE_NO_DEPRECATE -D_CRT_NONSTDC_NO_DEPRECATE -DOPENSSL_SMALL_FOOTPRINT -DPEDANTIC -DMDE_CPU_AARCH64   -c -o crypto/buffer/buf_str.o crypto/buffer/buf_str.c
#14 187.6 gcc -std=gnu11 -ggdb -gdwarf-4 -gstrict-dwarf -ffreestanding -fmacro-prefix-map=/shim/= -fno-stack-protector -fno-strict-aliasing -fpic -fshort-wchar -nostdinc -Os -Wall -Wextra -Wno-missing-field-initializers -Wno-empty-body -Wno-implicit-fallthrough -Wno-old-style-declaration -Wno-unused-but-set-variable -Wno-unused-parameter -Werror -Wno-error=unused-but-set-variable -Wno-error=unused-parameter -I/shim/Cryptlib/OpenSSL -I/shim/Cryptlib -I/shim/Cryptlib/OpenSSL/Include/ -I/shim/Cryptlib/OpenSSL/crypto -I/shim/Cryptlib/Include -I/shim/gnu-efi/inc -I/shim/gnu-efi/inc/aarch64 -I/shim/gnu-efi/inc/protocol -I/shim/Cryptlib/OpenSSL/crypto/asn1 -I/shim/Cryptlib/OpenSSL/crypto/evp -I/shim/Cryptlib/OpenSSL/crypto/modes -I/shim/Cryptlib/OpenSSL/crypto/include -isystem /shim/include/system -isystem /usr/lib/gcc/aarch64-linux-gnu/14/include -DL_ENDIAN -D_CRT_SECURE_NO_DEPRECATE -D_CRT_NONSTDC_NO_DEPRECATE -DOPENSSL_SMALL_FOOTPRINT -DPEDANTIC -DMDE_CPU_AARCH64   -c -o crypto/buffer/buf_err.o crypto/buffer/buf_err.c
#14 188.5 gcc -std=gnu11 -ggdb -gdwarf-4 -gstrict-dwarf -ffreestanding -fmacro-prefix-map=/shim/= -fno-stack-protector -fno-strict-aliasing -fpic -fshort-wchar -nostdinc -Os -Wall -Wextra -Wno-missing-field-initializers -Wno-empty-body -Wno-implicit-fallthrough -Wno-old-style-declaration -Wno-unused-but-set-variable -Wno-unused-parameter -Werror -Wno-error=unused-but-set-variable -Wno-error=unused-parameter -I/shim/Cryptlib/OpenSSL -I/shim/Cryptlib -I/shim/Cryptlib/OpenSSL/Include/ -I/shim/Cryptlib/OpenSSL/crypto -I/shim/Cryptlib/Include -I/shim/gnu-efi/inc -I/shim/gnu-efi/inc/aarch64 -I/shim/gnu-efi/inc/protocol -I/shim/Cryptlib/OpenSSL/crypto/asn1 -I/shim/Cryptlib/OpenSSL/crypto/evp -I/shim/Cryptlib/OpenSSL/crypto/modes -I/shim/Cryptlib/OpenSSL/crypto/include -isystem /shim/include/system -isystem /usr/lib/gcc/aarch64-linux-gnu/14/include -DL_ENDIAN -D_CRT_SECURE_NO_DEPRECATE -D_CRT_NONSTDC_NO_DEPRECATE -DOPENSSL_SMALL_FOOTPRINT -DPEDANTIC -DMDE_CPU_AARCH64   -c -o crypto/bio/bio_lib.o crypto/bio/bio_lib.c
#14 188.5 gcc -std=gnu11 -ggdb -gdwarf-4 -gstrict-dwarf -ffreestanding -fmacro-prefix-map=/shim/= -fno-stack-protector -fno-strict-aliasing -fpic -fshort-wchar -nostdinc -Os -Wall -Wextra -Wno-missing-field-initializers -Wno-empty-body -Wno-implicit-fallthrough -Wno-old-style-declaration -Wno-unused-but-set-variable -Wno-unused-parameter -Werror -Wno-error=unused-but-set-variable -Wno-error=unused-parameter -I/shim/Cryptlib/OpenSSL -I/shim/Cryptlib -I/shim/Cryptlib/OpenSSL/Include/ -I/shim/Cryptlib/OpenSSL/crypto -I/shim/Cryptlib/Include -I/shim/gnu-efi/inc -I/shim/gnu-efi/inc/aarch64 -I/shim/gnu-efi/inc/protocol -I/shim/Cryptlib/OpenSSL/crypto/asn1 -I/shim/Cryptlib/OpenSSL/crypto/evp -I/shim/Cryptlib/OpenSSL/crypto/modes -I/shim/Cryptlib/OpenSSL/crypto/include -isystem /shim/include/system -isystem /usr/lib/gcc/aarch64-linux-gnu/14/include -DL_ENDIAN -D_CRT_SECURE_NO_DEPRECATE -D_CRT_NONSTDC_NO_DEPRECATE -DOPENSSL_SMALL_FOOTPRINT -DPEDANTIC -DMDE_CPU_AARCH64   -c -o crypto/bio/bio_cb.o crypto/bio/bio_cb.c
#14 188.8 gcc -std=gnu11 -ggdb -gdwarf-4 -gstrict-dwarf -ffreestanding -fmacro-prefix-map=/shim/= -fno-stack-protector -fno-strict-aliasing -fpic -fshort-wchar -nostdinc -Os -Wall -Wextra -Wno-missing-field-initializers -Wno-empty-body -Wno-implicit-fallthrough -Wno-old-style-declaration -Wno-unused-but-set-variable -Wno-unused-parameter -Werror -Wno-error=unused-but-set-variable -Wno-error=unused-parameter -I/shim/Cryptlib/OpenSSL -I/shim/Cryptlib -I/shim/Cryptlib/OpenSSL/Include/ -I/shim/Cryptlib/OpenSSL/crypto -I/shim/Cryptlib/Include -I/shim/gnu-efi/inc -I/shim/gnu-efi/inc/aarch64 -I/shim/gnu-efi/inc/protocol -I/shim/Cryptlib/OpenSSL/crypto/asn1 -I/shim/Cryptlib/OpenSSL/crypto/evp -I/shim/Cryptlib/OpenSSL/crypto/modes -I/shim/Cryptlib/OpenSSL/crypto/include -isystem /shim/include/system -isystem /usr/lib/gcc/aarch64-linux-gnu/14/include -DL_ENDIAN -D_CRT_SECURE_NO_DEPRECATE -D_CRT_NONSTDC_NO_DEPRECATE -DOPENSSL_SMALL_FOOTPRINT -DPEDANTIC -DMDE_CPU_AARCH64   -c -o crypto/bio/bio_err.o crypto/bio/bio_err.c
#14 189.6 gcc -std=gnu11 -ggdb -gdwarf-4 -gstrict-dwarf -ffreestanding -fmacro-prefix-map=/shim/= -fno-stack-protector -fno-strict-aliasing -fpic -fshort-wchar -nostdinc -Os -Wall -Wextra -Wno-missing-field-initializers -Wno-empty-body -Wno-implicit-fallthrough -Wno-old-style-declaration -Wno-unused-but-set-variable -Wno-unused-parameter -Werror -Wno-error=unused-but-set-variable -Wno-error=unused-parameter -I/shim/Cryptlib/OpenSSL -I/shim/Cryptlib -I/shim/Cryptlib/OpenSSL/Include/ -I/shim/Cryptlib/OpenSSL/crypto -I/shim/Cryptlib/Include -I/shim/gnu-efi/inc -I/shim/gnu-efi/inc/aarch64 -I/shim/gnu-efi/inc/protocol -I/shim/Cryptlib/OpenSSL/crypto/asn1 -I/shim/Cryptlib/OpenSSL/crypto/evp -I/shim/Cryptlib/OpenSSL/crypto/modes -I/shim/Cryptlib/OpenSSL/crypto/include -isystem /shim/include/system -isystem /usr/lib/gcc/aarch64-linux-gnu/14/include -DL_ENDIAN -D_CRT_SECURE_NO_DEPRECATE -D_CRT_NONSTDC_NO_DEPRECATE -DOPENSSL_SMALL_FOOTPRINT -DPEDANTIC -DMDE_CPU_AARCH64   -c -o crypto/bio/bss_mem.o crypto/bio/bss_mem.c
#14 190.0 gcc -std=gnu11 -ggdb -gdwarf-4 -gstrict-dwarf -ffreestanding -fmacro-prefix-map=/shim/= -fno-stack-protector -fno-strict-aliasing -fpic -fshort-wchar -nostdinc -Os -Wall -Wextra -Wno-missing-field-initializers -Wno-empty-body -Wno-implicit-fallthrough -Wno-old-style-declaration -Wno-unused-but-set-variable -Wno-unused-parameter -Werror -Wno-error=unused-but-set-variable -Wno-error=unused-parameter -I/shim/Cryptlib/OpenSSL -I/shim/Cryptlib -I/shim/Cryptlib/OpenSSL/Include/ -I/shim/Cryptlib/OpenSSL/crypto -I/shim/Cryptlib/Include -I/shim/gnu-efi/inc -I/shim/gnu-efi/inc/aarch64 -I/shim/gnu-efi/inc/protocol -I/shim/Cryptlib/OpenSSL/crypto/asn1 -I/shim/Cryptlib/OpenSSL/crypto/evp -I/shim/Cryptlib/OpenSSL/crypto/modes -I/shim/Cryptlib/OpenSSL/crypto/include -isystem /shim/include/system -isystem /usr/lib/gcc/aarch64-linux-gnu/14/include -DL_ENDIAN -D_CRT_SECURE_NO_DEPRECATE -D_CRT_NONSTDC_NO_DEPRECATE -DOPENSSL_SMALL_FOOTPRINT -DPEDANTIC -DMDE_CPU_AARCH64   -c -o crypto/bio/bss_null.o crypto/bio/bss_null.c
#14 190.7 gcc -std=gnu11 -ggdb -gdwarf-4 -gstrict-dwarf -ffreestanding -fmacro-prefix-map=/shim/= -fno-stack-protector -fno-strict-aliasing -fpic -fshort-wchar -nostdinc -Os -Wall -Wextra -Wno-missing-field-initializers -Wno-empty-body -Wno-implicit-fallthrough -Wno-old-style-declaration -Wno-unused-but-set-variable -Wno-unused-parameter -Werror -Wno-error=unused-but-set-variable -Wno-error=unused-parameter -I/shim/Cryptlib/OpenSSL -I/shim/Cryptlib -I/shim/Cryptlib/OpenSSL/Include/ -I/shim/Cryptlib/OpenSSL/crypto -I/shim/Cryptlib/Include -I/shim/gnu-efi/inc -I/shim/gnu-efi/inc/aarch64 -I/shim/gnu-efi/inc/protocol -I/shim/Cryptlib/OpenSSL/crypto/asn1 -I/shim/Cryptlib/OpenSSL/crypto/evp -I/shim/Cryptlib/OpenSSL/crypto/modes -I/shim/Cryptlib/OpenSSL/crypto/include -isystem /shim/include/system -isystem /usr/lib/gcc/aarch64-linux-gnu/14/include -DL_ENDIAN -D_CRT_SECURE_NO_DEPRECATE -D_CRT_NONSTDC_NO_DEPRECATE -DOPENSSL_SMALL_FOOTPRINT -DPEDANTIC -DMDE_CPU_AARCH64   -c -o crypto/bio/bss_fd.o crypto/bio/bss_fd.c
#14 191.8 gcc -std=gnu11 -ggdb -gdwarf-4 -gstrict-dwarf -ffreestanding -fmacro-prefix-map=/shim/= -fno-stack-protector -fno-strict-aliasing -fpic -fshort-wchar -nostdinc -Os -Wall -Wextra -Wno-missing-field-initializers -Wno-empty-body -Wno-implicit-fallthrough -Wno-old-style-declaration -Wno-unused-but-set-variable -Wno-unused-parameter -Werror -Wno-error=unused-but-set-variable -Wno-error=unused-parameter -I/shim/Cryptlib/OpenSSL -I/shim/Cryptlib -I/shim/Cryptlib/OpenSSL/Include/ -I/shim/Cryptlib/OpenSSL/crypto -I/shim/Cryptlib/Include -I/shim/gnu-efi/inc -I/shim/gnu-efi/inc/aarch64 -I/shim/gnu-efi/inc/protocol -I/shim/Cryptlib/OpenSSL/crypto/asn1 -I/shim/Cryptlib/OpenSSL/crypto/evp -I/shim/Cryptlib/OpenSSL/crypto/modes -I/shim/Cryptlib/OpenSSL/crypto/include -isystem /shim/include/system -isystem /usr/lib/gcc/aarch64-linux-gnu/14/include -DL_ENDIAN -D_CRT_SECURE_NO_DEPRECATE -D_CRT_NONSTDC_NO_DEPRECATE -DOPENSSL_SMALL_FOOTPRINT -DPEDANTIC -DMDE_CPU_AARCH64   -c -o crypto/bio/bss_file.o crypto/bio/bss_file.c
#14 192.0 gcc -std=gnu11 -ggdb -gdwarf-4 -gstrict-dwarf -ffreestanding -fmacro-prefix-map=/shim/= -fno-stack-protector -fno-strict-aliasing -fpic -fshort-wchar -nostdinc -Os -Wall -Wextra -Wno-missing-field-initializers -Wno-empty-body -Wno-implicit-fallthrough -Wno-old-style-declaration -Wno-unused-but-set-variable -Wno-unused-parameter -Werror -Wno-error=unused-but-set-variable -Wno-error=unused-parameter -I/shim/Cryptlib/OpenSSL -I/shim/Cryptlib -I/shim/Cryptlib/OpenSSL/Include/ -I/shim/Cryptlib/OpenSSL/crypto -I/shim/Cryptlib/Include -I/shim/gnu-efi/inc -I/shim/gnu-efi/inc/aarch64 -I/shim/gnu-efi/inc/protocol -I/shim/Cryptlib/OpenSSL/crypto/asn1 -I/shim/Cryptlib/OpenSSL/crypto/evp -I/shim/Cryptlib/OpenSSL/crypto/modes -I/shim/Cryptlib/OpenSSL/crypto/include -isystem /shim/include/system -isystem /usr/lib/gcc/aarch64-linux-gnu/14/include -DL_ENDIAN -D_CRT_SECURE_NO_DEPRECATE -D_CRT_NONSTDC_NO_DEPRECATE -DOPENSSL_SMALL_FOOTPRINT -DPEDANTIC -DMDE_CPU_AARCH64   -c -o crypto/bio/bss_sock.o crypto/bio/bss_sock.c
#14 192.1 gcc -std=gnu11 -ggdb -gdwarf-4 -gstrict-dwarf -ffreestanding -fmacro-prefix-map=/shim/= -fno-stack-protector -fno-strict-aliasing -fpic -fshort-wchar -nostdinc -Os -Wall -Wextra -Wno-missing-field-initializers -Wno-empty-body -Wno-implicit-fallthrough -Wno-old-style-declaration -Wno-unused-but-set-variable -Wno-unused-parameter -Werror -Wno-error=unused-but-set-variable -Wno-error=unused-parameter -I/shim/Cryptlib/OpenSSL -I/shim/Cryptlib -I/shim/Cryptlib/OpenSSL/Include/ -I/shim/Cryptlib/OpenSSL/crypto -I/shim/Cryptlib/Include -I/shim/gnu-efi/inc -I/shim/gnu-efi/inc/aarch64 -I/shim/gnu-efi/inc/protocol -I/shim/Cryptlib/OpenSSL/crypto/asn1 -I/shim/Cryptlib/OpenSSL/crypto/evp -I/shim/Cryptlib/OpenSSL/crypto/modes -I/shim/Cryptlib/OpenSSL/crypto/include -isystem /shim/include/system -isystem /usr/lib/gcc/aarch64-linux-gnu/14/include -DL_ENDIAN -D_CRT_SECURE_NO_DEPRECATE -D_CRT_NONSTDC_NO_DEPRECATE -DOPENSSL_SMALL_FOOTPRINT -DPEDANTIC -DMDE_CPU_AARCH64   -c -o crypto/bio/bss_conn.o crypto/bio/bss_conn.c
#14 192.2 gcc -std=gnu11 -ggdb -gdwarf-4 -gstrict-dwarf -ffreestanding -fmacro-prefix-map=/shim/= -fno-stack-protector -fno-strict-aliasing -fpic -fshort-wchar -nostdinc -Os -Wall -Wextra -Wno-missing-field-initializers -Wno-empty-body -Wno-implicit-fallthrough -Wno-old-style-declaration -Wno-unused-but-set-variable -Wno-unused-parameter -Werror -Wno-error=unused-but-set-variable -Wno-error=unused-parameter -I/shim/Cryptlib/OpenSSL -I/shim/Cryptlib -I/shim/Cryptlib/OpenSSL/Include/ -I/shim/Cryptlib/OpenSSL/crypto -I/shim/Cryptlib/Include -I/shim/gnu-efi/inc -I/shim/gnu-efi/inc/aarch64 -I/shim/gnu-efi/inc/protocol -I/shim/Cryptlib/OpenSSL/crypto/asn1 -I/shim/Cryptlib/OpenSSL/crypto/evp -I/shim/Cryptlib/OpenSSL/crypto/modes -I/shim/Cryptlib/OpenSSL/crypto/include -isystem /shim/include/system -isystem /usr/lib/gcc/aarch64-linux-gnu/14/include -DL_ENDIAN -D_CRT_SECURE_NO_DEPRECATE -D_CRT_NONSTDC_NO_DEPRECATE -DOPENSSL_SMALL_FOOTPRINT -DPEDANTIC -DMDE_CPU_AARCH64   -c -o crypto/bio/bf_null.o crypto/bio/bf_null.c
#14 192.7 gcc -std=gnu11 -ggdb -gdwarf-4 -gstrict-dwarf -ffreestanding -fmacro-prefix-map=/shim/= -fno-stack-protector -fno-strict-aliasing -fpic -fshort-wchar -nostdinc -Os -Wall -Wextra -Wno-missing-field-initializers -Wno-empty-body -Wno-implicit-fallthrough -Wno-old-style-declaration -Wno-unused-but-set-variable -Wno-unused-parameter -Werror -Wno-error=unused-but-set-variable -Wno-error=unused-parameter -I/shim/Cryptlib/OpenSSL -I/shim/Cryptlib -I/shim/Cryptlib/OpenSSL/Include/ -I/shim/Cryptlib/OpenSSL/crypto -I/shim/Cryptlib/Include -I/shim/gnu-efi/inc -I/shim/gnu-efi/inc/aarch64 -I/shim/gnu-efi/inc/protocol -I/shim/Cryptlib/OpenSSL/crypto/asn1 -I/shim/Cryptlib/OpenSSL/crypto/evp -I/shim/Cryptlib/OpenSSL/crypto/modes -I/shim/Cryptlib/OpenSSL/crypto/include -isystem /shim/include/system -isystem /usr/lib/gcc/aarch64-linux-gnu/14/include -DL_ENDIAN -D_CRT_SECURE_NO_DEPRECATE -D_CRT_NONSTDC_NO_DEPRECATE -DOPENSSL_SMALL_FOOTPRINT -DPEDANTIC -DMDE_CPU_AARCH64   -c -o crypto/bio/bf_buff.o crypto/bio/bf_buff.c
#14 192.9 gcc -std=gnu11 -ggdb -gdwarf-4 -gstrict-dwarf -ffreestanding -fmacro-prefix-map=/shim/= -fno-stack-protector -fno-strict-aliasing -fpic -fshort-wchar -nostdinc -Os -Wall -Wextra -Wno-missing-field-initializers -Wno-empty-body -Wno-implicit-fallthrough -Wno-old-style-declaration -Wno-unused-but-set-variable -Wno-unused-parameter -Werror -Wno-error=unused-but-set-variable -Wno-error=unused-parameter -I/shim/Cryptlib/OpenSSL -I/shim/Cryptlib -I/shim/Cryptlib/OpenSSL/Include/ -I/shim/Cryptlib/OpenSSL/crypto -I/shim/Cryptlib/Include -I/shim/gnu-efi/inc -I/shim/gnu-efi/inc/aarch64 -I/shim/gnu-efi/inc/protocol -I/shim/Cryptlib/OpenSSL/crypto/asn1 -I/shim/Cryptlib/OpenSSL/crypto/evp -I/shim/Cryptlib/OpenSSL/crypto/modes -I/shim/Cryptlib/OpenSSL/crypto/include -isystem /shim/include/system -isystem /usr/lib/gcc/aarch64-linux-gnu/14/include -DL_ENDIAN -D_CRT_SECURE_NO_DEPRECATE -D_CRT_NONSTDC_NO_DEPRECATE -DOPENSSL_SMALL_FOOTPRINT -DPEDANTIC -DMDE_CPU_AARCH64   -c -o crypto/bio/b_dump.o crypto/bio/b_dump.c
#14 192.9 gcc -std=gnu11 -ggdb -gdwarf-4 -gstrict-dwarf -ffreestanding -fmacro-prefix-map=/shim/= -fno-stack-protector -fno-strict-aliasing -fpic -fshort-wchar -nostdinc -Os -Wall -Wextra -Wno-missing-field-initializers -Wno-empty-body -Wno-implicit-fallthrough -Wno-old-style-declaration -Wno-unused-but-set-variable -Wno-unused-parameter -Werror -Wno-error=unused-but-set-variable -Wno-error=unused-parameter -I/shim/Cryptlib/OpenSSL -I/shim/Cryptlib -I/shim/Cryptlib/OpenSSL/Include/ -I/shim/Cryptlib/OpenSSL/crypto -I/shim/Cryptlib/Include -I/shim/gnu-efi/inc -I/shim/gnu-efi/inc/aarch64 -I/shim/gnu-efi/inc/protocol -I/shim/Cryptlib/OpenSSL/crypto/asn1 -I/shim/Cryptlib/OpenSSL/crypto/evp -I/shim/Cryptlib/OpenSSL/crypto/modes -I/shim/Cryptlib/OpenSSL/crypto/include -isystem /shim/include/system -isystem /usr/lib/gcc/aarch64-linux-gnu/14/include -DL_ENDIAN -D_CRT_SECURE_NO_DEPRECATE -D_CRT_NONSTDC_NO_DEPRECATE -DOPENSSL_SMALL_FOOTPRINT -DPEDANTIC -DMDE_CPU_AARCH64   -c -o crypto/bio/b_print.o crypto/bio/b_print.c
#14 194.3 gcc -std=gnu11 -ggdb -gdwarf-4 -gstrict-dwarf -ffreestanding -fmacro-prefix-map=/shim/= -fno-stack-protector -fno-strict-aliasing -fpic -fshort-wchar -nostdinc -Os -Wall -Wextra -Wno-missing-field-initializers -Wno-empty-body -Wno-implicit-fallthrough -Wno-old-style-declaration -Wno-unused-but-set-variable -Wno-unused-parameter -Werror -Wno-error=unused-but-set-variable -Wno-error=unused-parameter -I/shim/Cryptlib/OpenSSL -I/shim/Cryptlib -I/shim/Cryptlib/OpenSSL/Include/ -I/shim/Cryptlib/OpenSSL/crypto -I/shim/Cryptlib/Include -I/shim/gnu-efi/inc -I/shim/gnu-efi/inc/aarch64 -I/shim/gnu-efi/inc/protocol -I/shim/Cryptlib/OpenSSL/crypto/asn1 -I/shim/Cryptlib/OpenSSL/crypto/evp -I/shim/Cryptlib/OpenSSL/crypto/modes -I/shim/Cryptlib/OpenSSL/crypto/include -isystem /shim/include/system -isystem /usr/lib/gcc/aarch64-linux-gnu/14/include -DL_ENDIAN -D_CRT_SECURE_NO_DEPRECATE -D_CRT_NONSTDC_NO_DEPRECATE -DOPENSSL_SMALL_FOOTPRINT -DPEDANTIC -DMDE_CPU_AARCH64   -c -o crypto/bio/b_sock.o crypto/bio/b_sock.c
#14 195.0 gcc -std=gnu11 -ggdb -gdwarf-4 -gstrict-dwarf -ffreestanding -fmacro-prefix-map=/shim/= -fno-stack-protector -fno-strict-aliasing -fpic -fshort-wchar -nostdinc -Os -Wall -Wextra -Wno-missing-field-initializers -Wno-empty-body -Wno-implicit-fallthrough -Wno-old-style-declaration -Wno-unused-but-set-variable -Wno-unused-parameter -Werror -Wno-error=unused-but-set-variable -Wno-error=unused-parameter -I/shim/Cryptlib/OpenSSL -I/shim/Cryptlib -I/shim/Cryptlib/OpenSSL/Include/ -I/shim/Cryptlib/OpenSSL/crypto -I/shim/Cryptlib/Include -I/shim/gnu-efi/inc -I/shim/gnu-efi/inc/aarch64 -I/shim/gnu-efi/inc/protocol -I/shim/Cryptlib/OpenSSL/crypto/asn1 -I/shim/Cryptlib/OpenSSL/crypto/evp -I/shim/Cryptlib/OpenSSL/crypto/modes -I/shim/Cryptlib/OpenSSL/crypto/include -isystem /shim/include/system -isystem /usr/lib/gcc/aarch64-linux-gnu/14/include -DL_ENDIAN -D_CRT_SECURE_NO_DEPRECATE -D_CRT_NONSTDC_NO_DEPRECATE -DOPENSSL_SMALL_FOOTPRINT -DPEDANTIC -DMDE_CPU_AARCH64   -c -o crypto/bio/bss_acpt.o crypto/bio/bss_acpt.c
#14 195.4 gcc -std=gnu11 -ggdb -gdwarf-4 -gstrict-dwarf -ffreestanding -fmacro-prefix-map=/shim/= -fno-stack-protector -fno-strict-aliasing -fpic -fshort-wchar -nostdinc -Os -Wall -Wextra -Wno-missing-field-initializers -Wno-empty-body -Wno-implicit-fallthrough -Wno-old-style-declaration -Wno-unused-but-set-variable -Wno-unused-parameter -Werror -Wno-error=unused-but-set-variable -Wno-error=unused-parameter -I/shim/Cryptlib/OpenSSL -I/shim/Cryptlib -I/shim/Cryptlib/OpenSSL/Include/ -I/shim/Cryptlib/OpenSSL/crypto -I/shim/Cryptlib/Include -I/shim/gnu-efi/inc -I/shim/gnu-efi/inc/aarch64 -I/shim/gnu-efi/inc/protocol -I/shim/Cryptlib/OpenSSL/crypto/asn1 -I/shim/Cryptlib/OpenSSL/crypto/evp -I/shim/Cryptlib/OpenSSL/crypto/modes -I/shim/Cryptlib/OpenSSL/crypto/include -isystem /shim/include/system -isystem /usr/lib/gcc/aarch64-linux-gnu/14/include -DL_ENDIAN -D_CRT_SECURE_NO_DEPRECATE -D_CRT_NONSTDC_NO_DEPRECATE -DOPENSSL_SMALL_FOOTPRINT -DPEDANTIC -DMDE_CPU_AARCH64   -c -o crypto/bio/bf_nbio.o crypto/bio/bf_nbio.c
#14 195.7 gcc -std=gnu11 -ggdb -gdwarf-4 -gstrict-dwarf -ffreestanding -fmacro-prefix-map=/shim/= -fno-stack-protector -fno-strict-aliasing -fpic -fshort-wchar -nostdinc -Os -Wall -Wextra -Wno-missing-field-initializers -Wno-empty-body -Wno-implicit-fallthrough -Wno-old-style-declaration -Wno-unused-but-set-variable -Wno-unused-parameter -Werror -Wno-error=unused-but-set-variable -Wno-error=unused-parameter -I/shim/Cryptlib/OpenSSL -I/shim/Cryptlib -I/shim/Cryptlib/OpenSSL/Include/ -I/shim/Cryptlib/OpenSSL/crypto -I/shim/Cryptlib/Include -I/shim/gnu-efi/inc -I/shim/gnu-efi/inc/aarch64 -I/shim/gnu-efi/inc/protocol -I/shim/Cryptlib/OpenSSL/crypto/asn1 -I/shim/Cryptlib/OpenSSL/crypto/evp -I/shim/Cryptlib/OpenSSL/crypto/modes -I/shim/Cryptlib/OpenSSL/crypto/include -isystem /shim/include/system -isystem /usr/lib/gcc/aarch64-linux-gnu/14/include -DL_ENDIAN -D_CRT_SECURE_NO_DEPRECATE -D_CRT_NONSTDC_NO_DEPRECATE -DOPENSSL_SMALL_FOOTPRINT -DPEDANTIC -DMDE_CPU_AARCH64   -c -o crypto/bio/bss_log.o crypto/bio/bss_log.c
#14 195.8 gcc -std=gnu11 -ggdb -gdwarf-4 -gstrict-dwarf -ffreestanding -fmacro-prefix-map=/shim/= -fno-stack-protector -fno-strict-aliasing -fpic -fshort-wchar -nostdinc -Os -Wall -Wextra -Wno-missing-field-initializers -Wno-empty-body -Wno-implicit-fallthrough -Wno-old-style-declaration -Wno-unused-but-set-variable -Wno-unused-parameter -Werror -Wno-error=unused-but-set-variable -Wno-error=unused-parameter -I/shim/Cryptlib/OpenSSL -I/shim/Cryptlib -I/shim/Cryptlib/OpenSSL/Include/ -I/shim/Cryptlib/OpenSSL/crypto -I/shim/Cryptlib/Include -I/shim/gnu-efi/inc -I/shim/gnu-efi/inc/aarch64 -I/shim/gnu-efi/inc/protocol -I/shim/Cryptlib/OpenSSL/crypto/asn1 -I/shim/Cryptlib/OpenSSL/crypto/evp -I/shim/Cryptlib/OpenSSL/crypto/modes -I/shim/Cryptlib/OpenSSL/crypto/include -isystem /shim/include/system -isystem /usr/lib/gcc/aarch64-linux-gnu/14/include -DL_ENDIAN -D_CRT_SECURE_NO_DEPRECATE -D_CRT_NONSTDC_NO_DEPRECATE -DOPENSSL_SMALL_FOOTPRINT -DPEDANTIC -DMDE_CPU_AARCH64   -c -o crypto/bio/bss_bio.o crypto/bio/bss_bio.c
#14 196.9 gcc -std=gnu11 -ggdb -gdwarf-4 -gstrict-dwarf -ffreestanding -fmacro-prefix-map=/shim/= -fno-stack-protector -fno-strict-aliasing -fpic -fshort-wchar -nostdinc -Os -Wall -Wextra -Wno-missing-field-initializers -Wno-empty-body -Wno-implicit-fallthrough -Wno-old-style-declaration -Wno-unused-but-set-variable -Wno-unused-parameter -Werror -Wno-error=unused-but-set-variable -Wno-error=unused-parameter -I/shim/Cryptlib/OpenSSL -I/shim/Cryptlib -I/shim/Cryptlib/OpenSSL/Include/ -I/shim/Cryptlib/OpenSSL/crypto -I/shim/Cryptlib/Include -I/shim/gnu-efi/inc -I/shim/gnu-efi/inc/aarch64 -I/shim/gnu-efi/inc/protocol -I/shim/Cryptlib/OpenSSL/crypto/asn1 -I/shim/Cryptlib/OpenSSL/crypto/evp -I/shim/Cryptlib/OpenSSL/crypto/modes -I/shim/Cryptlib/OpenSSL/crypto/include -isystem /shim/include/system -isystem /usr/lib/gcc/aarch64-linux-gnu/14/include -DL_ENDIAN -D_CRT_SECURE_NO_DEPRECATE -D_CRT_NONSTDC_NO_DEPRECATE -DOPENSSL_SMALL_FOOTPRINT -DPEDANTIC -DMDE_CPU_AARCH64   -c -o crypto/bio/bss_dgram.o crypto/bio/bss_dgram.c
#14 197.5 gcc -std=gnu11 -ggdb -gdwarf-4 -gstrict-dwarf -ffreestanding -fmacro-prefix-map=/shim/= -fno-stack-protector -fno-strict-aliasing -fpic -fshort-wchar -nostdinc -Os -Wall -Wextra -Wno-missing-field-initializers -Wno-empty-body -Wno-implicit-fallthrough -Wno-old-style-declaration -Wno-unused-but-set-variable -Wno-unused-parameter -Werror -Wno-error=unused-but-set-variable -Wno-error=unused-parameter -I/shim/Cryptlib/OpenSSL -I/shim/Cryptlib -I/shim/Cryptlib/OpenSSL/Include/ -I/shim/Cryptlib/OpenSSL/crypto -I/shim/Cryptlib/Include -I/shim/gnu-efi/inc -I/shim/gnu-efi/inc/aarch64 -I/shim/gnu-efi/inc/protocol -I/shim/Cryptlib/OpenSSL/crypto/asn1 -I/shim/Cryptlib/OpenSSL/crypto/evp -I/shim/Cryptlib/OpenSSL/crypto/modes -I/shim/Cryptlib/OpenSSL/crypto/include -isystem /shim/include/system -isystem /usr/lib/gcc/aarch64-linux-gnu/14/include -DL_ENDIAN -D_CRT_SECURE_NO_DEPRECATE -D_CRT_NONSTDC_NO_DEPRECATE -DOPENSSL_SMALL_FOOTPRINT -DPEDANTIC -DMDE_CPU_AARCH64   -c -o crypto/stack/stack.o crypto/stack/stack.c
#14 197.6 gcc -std=gnu11 -ggdb -gdwarf-4 -gstrict-dwarf -ffreestanding -fmacro-prefix-map=/shim/= -fno-stack-protector -fno-strict-aliasing -fpic -fshort-wchar -nostdinc -Os -Wall -Wextra -Wno-missing-field-initializers -Wno-empty-body -Wno-implicit-fallthrough -Wno-old-style-declaration -Wno-unused-but-set-variable -Wno-unused-parameter -Werror -Wno-error=unused-but-set-variable -Wno-error=unused-parameter -I/shim/Cryptlib/OpenSSL -I/shim/Cryptlib -I/shim/Cryptlib/OpenSSL/Include/ -I/shim/Cryptlib/OpenSSL/crypto -I/shim/Cryptlib/Include -I/shim/gnu-efi/inc -I/shim/gnu-efi/inc/aarch64 -I/shim/gnu-efi/inc/protocol -I/shim/Cryptlib/OpenSSL/crypto/asn1 -I/shim/Cryptlib/OpenSSL/crypto/evp -I/shim/Cryptlib/OpenSSL/crypto/modes -I/shim/Cryptlib/OpenSSL/crypto/include -isystem /shim/include/system -isystem /usr/lib/gcc/aarch64-linux-gnu/14/include -DL_ENDIAN -D_CRT_SECURE_NO_DEPRECATE -D_CRT_NONSTDC_NO_DEPRECATE -DOPENSSL_SMALL_FOOTPRINT -DPEDANTIC -DMDE_CPU_AARCH64   -c -o crypto/lhash/lhash.o crypto/lhash/lhash.c
#14 197.8 gcc -std=gnu11 -ggdb -gdwarf-4 -gstrict-dwarf -ffreestanding -fmacro-prefix-map=/shim/= -fno-stack-protector -fno-strict-aliasing -fpic -fshort-wchar -nostdinc -Os -Wall -Wextra -Wno-missing-field-initializers -Wno-empty-body -Wno-implicit-fallthrough -Wno-old-style-declaration -Wno-unused-but-set-variable -Wno-unused-parameter -Werror -Wno-error=unused-but-set-variable -Wno-error=unused-parameter -I/shim/Cryptlib/OpenSSL -I/shim/Cryptlib -I/shim/Cryptlib/OpenSSL/Include/ -I/shim/Cryptlib/OpenSSL/crypto -I/shim/Cryptlib/Include -I/shim/gnu-efi/inc -I/shim/gnu-efi/inc/aarch64 -I/shim/gnu-efi/inc/protocol -I/shim/Cryptlib/OpenSSL/crypto/asn1 -I/shim/Cryptlib/OpenSSL/crypto/evp -I/shim/Cryptlib/OpenSSL/crypto/modes -I/shim/Cryptlib/OpenSSL/crypto/include -isystem /shim/include/system -isystem /usr/lib/gcc/aarch64-linux-gnu/14/include -DL_ENDIAN -D_CRT_SECURE_NO_DEPRECATE -D_CRT_NONSTDC_NO_DEPRECATE -DOPENSSL_SMALL_FOOTPRINT -DPEDANTIC -DMDE_CPU_AARCH64   -c -o crypto/lhash/lh_stats.o crypto/lhash/lh_stats.c
#14 199.0 gcc -std=gnu11 -ggdb -gdwarf-4 -gstrict-dwarf -ffreestanding -fmacro-prefix-map=/shim/= -fno-stack-protector -fno-strict-aliasing -fpic -fshort-wchar -nostdinc -Os -Wall -Wextra -Wno-missing-field-initializers -Wno-empty-body -Wno-implicit-fallthrough -Wno-old-style-declaration -Wno-unused-but-set-variable -Wno-unused-parameter -Werror -Wno-error=unused-but-set-variable -Wno-error=unused-parameter -I/shim/Cryptlib/OpenSSL -I/shim/Cryptlib -I/shim/Cryptlib/OpenSSL/Include/ -I/shim/Cryptlib/OpenSSL/crypto -I/shim/Cryptlib/Include -I/shim/gnu-efi/inc -I/shim/gnu-efi/inc/aarch64 -I/shim/gnu-efi/inc/protocol -I/shim/Cryptlib/OpenSSL/crypto/asn1 -I/shim/Cryptlib/OpenSSL/crypto/evp -I/shim/Cryptlib/OpenSSL/crypto/modes -I/shim/Cryptlib/OpenSSL/crypto/include -isystem /shim/include/system -isystem /usr/lib/gcc/aarch64-linux-gnu/14/include -DL_ENDIAN -D_CRT_SECURE_NO_DEPRECATE -D_CRT_NONSTDC_NO_DEPRECATE -DOPENSSL_SMALL_FOOTPRINT -DPEDANTIC -DMDE_CPU_AARCH64   -c -o crypto/rand/md_rand.o crypto/rand/md_rand.c
#14 199.8 gcc -std=gnu11 -ggdb -gdwarf-4 -gstrict-dwarf -ffreestanding -fmacro-prefix-map=/shim/= -fno-stack-protector -fno-strict-aliasing -fpic -fshort-wchar -nostdinc -Os -Wall -Wextra -Wno-missing-field-initializers -Wno-empty-body -Wno-implicit-fallthrough -Wno-old-style-declaration -Wno-unused-but-set-variable -Wno-unused-parameter -Werror -Wno-error=unused-but-set-variable -Wno-error=unused-parameter -I/shim/Cryptlib/OpenSSL -I/shim/Cryptlib -I/shim/Cryptlib/OpenSSL/Include/ -I/shim/Cryptlib/OpenSSL/crypto -I/shim/Cryptlib/Include -I/shim/gnu-efi/inc -I/shim/gnu-efi/inc/aarch64 -I/shim/gnu-efi/inc/protocol -I/shim/Cryptlib/OpenSSL/crypto/asn1 -I/shim/Cryptlib/OpenSSL/crypto/evp -I/shim/Cryptlib/OpenSSL/crypto/modes -I/shim/Cryptlib/OpenSSL/crypto/include -isystem /shim/include/system -isystem /usr/lib/gcc/aarch64-linux-gnu/14/include -DL_ENDIAN -D_CRT_SECURE_NO_DEPRECATE -D_CRT_NONSTDC_NO_DEPRECATE -DOPENSSL_SMALL_FOOTPRINT -DPEDANTIC -DMDE_CPU_AARCH64   -c -o crypto/rand/randfile.o crypto/rand/randfile.c
#14 200.7 gcc -std=gnu11 -ggdb -gdwarf-4 -gstrict-dwarf -ffreestanding -fmacro-prefix-map=/shim/= -fno-stack-protector -fno-strict-aliasing -fpic -fshort-wchar -nostdinc -Os -Wall -Wextra -Wno-missing-field-initializers -Wno-empty-body -Wno-implicit-fallthrough -Wno-old-style-declaration -Wno-unused-but-set-variable -Wno-unused-parameter -Werror -Wno-error=unused-but-set-variable -Wno-error=unused-parameter -I/shim/Cryptlib/OpenSSL -I/shim/Cryptlib -I/shim/Cryptlib/OpenSSL/Include/ -I/shim/Cryptlib/OpenSSL/crypto -I/shim/Cryptlib/Include -I/shim/gnu-efi/inc -I/shim/gnu-efi/inc/aarch64 -I/shim/gnu-efi/inc/protocol -I/shim/Cryptlib/OpenSSL/crypto/asn1 -I/shim/Cryptlib/OpenSSL/crypto/evp -I/shim/Cryptlib/OpenSSL/crypto/modes -I/shim/Cryptlib/OpenSSL/crypto/include -isystem /shim/include/system -isystem /usr/lib/gcc/aarch64-linux-gnu/14/include -DL_ENDIAN -D_CRT_SECURE_NO_DEPRECATE -D_CRT_NONSTDC_NO_DEPRECATE -DOPENSSL_SMALL_FOOTPRINT -DPEDANTIC -DMDE_CPU_AARCH64   -c -o crypto/rand/rand_lib.o crypto/rand/rand_lib.c
#14 200.9 gcc -std=gnu11 -ggdb -gdwarf-4 -gstrict-dwarf -ffreestanding -fmacro-prefix-map=/shim/= -fno-stack-protector -fno-strict-aliasing -fpic -fshort-wchar -nostdinc -Os -Wall -Wextra -Wno-missing-field-initializers -Wno-empty-body -Wno-implicit-fallthrough -Wno-old-style-declaration -Wno-unused-but-set-variable -Wno-unused-parameter -Werror -Wno-error=unused-but-set-variable -Wno-error=unused-parameter -I/shim/Cryptlib/OpenSSL -I/shim/Cryptlib -I/shim/Cryptlib/OpenSSL/Include/ -I/shim/Cryptlib/OpenSSL/crypto -I/shim/Cryptlib/Include -I/shim/gnu-efi/inc -I/shim/gnu-efi/inc/aarch64 -I/shim/gnu-efi/inc/protocol -I/shim/Cryptlib/OpenSSL/crypto/asn1 -I/shim/Cryptlib/OpenSSL/crypto/evp -I/shim/Cryptlib/OpenSSL/crypto/modes -I/shim/Cryptlib/OpenSSL/crypto/include -isystem /shim/include/system -isystem /usr/lib/gcc/aarch64-linux-gnu/14/include -DL_ENDIAN -D_CRT_SECURE_NO_DEPRECATE -D_CRT_NONSTDC_NO_DEPRECATE -DOPENSSL_SMALL_FOOTPRINT -DPEDANTIC -DMDE_CPU_AARCH64   -c -o crypto/rand/rand_err.o crypto/rand/rand_err.c
#14 202.0 gcc -std=gnu11 -ggdb -gdwarf-4 -gstrict-dwarf -ffreestanding -fmacro-prefix-map=/shim/= -fno-stack-protector -fno-strict-aliasing -fpic -fshort-wchar -nostdinc -Os -Wall -Wextra -Wno-missing-field-initializers -Wno-empty-body -Wno-implicit-fallthrough -Wno-old-style-declaration -Wno-unused-but-set-variable -Wno-unused-parameter -Werror -Wno-error=unused-but-set-variable -Wno-error=unused-parameter -I/shim/Cryptlib/OpenSSL -I/shim/Cryptlib -I/shim/Cryptlib/OpenSSL/Include/ -I/shim/Cryptlib/OpenSSL/crypto -I/shim/Cryptlib/Include -I/shim/gnu-efi/inc -I/shim/gnu-efi/inc/aarch64 -I/shim/gnu-efi/inc/protocol -I/shim/Cryptlib/OpenSSL/crypto/asn1 -I/shim/Cryptlib/OpenSSL/crypto/evp -I/shim/Cryptlib/OpenSSL/crypto/modes -I/shim/Cryptlib/OpenSSL/crypto/include -isystem /shim/include/system -isystem /usr/lib/gcc/aarch64-linux-gnu/14/include -DL_ENDIAN -D_CRT_SECURE_NO_DEPRECATE -D_CRT_NONSTDC_NO_DEPRECATE -DOPENSSL_SMALL_FOOTPRINT -DPEDANTIC -DMDE_CPU_AARCH64   -c -o crypto/rand/rand_unix.o crypto/rand/rand_unix.c
#14 202.1 gcc -std=gnu11 -ggdb -gdwarf-4 -gstrict-dwarf -ffreestanding -fmacro-prefix-map=/shim/= -fno-stack-protector -fno-strict-aliasing -fpic -fshort-wchar -nostdinc -Os -Wall -Wextra -Wno-missing-field-initializers -Wno-empty-body -Wno-implicit-fallthrough -Wno-old-style-declaration -Wno-unused-but-set-variable -Wno-unused-parameter -Werror -Wno-error=unused-but-set-variable -Wno-error=unused-parameter -I/shim/Cryptlib/OpenSSL -I/shim/Cryptlib -I/shim/Cryptlib/OpenSSL/Include/ -I/shim/Cryptlib/OpenSSL/crypto -I/shim/Cryptlib/Include -I/shim/gnu-efi/inc -I/shim/gnu-efi/inc/aarch64 -I/shim/gnu-efi/inc/protocol -I/shim/Cryptlib/OpenSSL/crypto/asn1 -I/shim/Cryptlib/OpenSSL/crypto/evp -I/shim/Cryptlib/OpenSSL/crypto/modes -I/shim/Cryptlib/OpenSSL/crypto/include -isystem /shim/include/system -isystem /usr/lib/gcc/aarch64-linux-gnu/14/include -DL_ENDIAN -D_CRT_SECURE_NO_DEPRECATE -D_CRT_NONSTDC_NO_DEPRECATE -DOPENSSL_SMALL_FOOTPRINT -DPEDANTIC -DMDE_CPU_AARCH64   -c -o crypto/err/err.o crypto/err/err.c
#14 202.4 gcc -std=gnu11 -ggdb -gdwarf-4 -gstrict-dwarf -ffreestanding -fmacro-prefix-map=/shim/= -fno-stack-protector -fno-strict-aliasing -fpic -fshort-wchar -nostdinc -Os -Wall -Wextra -Wno-missing-field-initializers -Wno-empty-body -Wno-implicit-fallthrough -Wno-old-style-declaration -Wno-unused-but-set-variable -Wno-unused-parameter -Werror -Wno-error=unused-but-set-variable -Wno-error=unused-parameter -I/shim/Cryptlib/OpenSSL -I/shim/Cryptlib -I/shim/Cryptlib/OpenSSL/Include/ -I/shim/Cryptlib/OpenSSL/crypto -I/shim/Cryptlib/Include -I/shim/gnu-efi/inc -I/shim/gnu-efi/inc/aarch64 -I/shim/gnu-efi/inc/protocol -I/shim/Cryptlib/OpenSSL/crypto/asn1 -I/shim/Cryptlib/OpenSSL/crypto/evp -I/shim/Cryptlib/OpenSSL/crypto/modes -I/shim/Cryptlib/OpenSSL/crypto/include -isystem /shim/include/system -isystem /usr/lib/gcc/aarch64-linux-gnu/14/include -DL_ENDIAN -D_CRT_SECURE_NO_DEPRECATE -D_CRT_NONSTDC_NO_DEPRECATE -DOPENSSL_SMALL_FOOTPRINT -DPEDANTIC -DMDE_CPU_AARCH64   -c -o crypto/err/err_all.o crypto/err/err_all.c
#14 202.7 gcc -std=gnu11 -ggdb -gdwarf-4 -gstrict-dwarf -ffreestanding -fmacro-prefix-map=/shim/= -fno-stack-protector -fno-strict-aliasing -fpic -fshort-wchar -nostdinc -Os -Wall -Wextra -Wno-missing-field-initializers -Wno-empty-body -Wno-implicit-fallthrough -Wno-old-style-declaration -Wno-unused-but-set-variable -Wno-unused-parameter -Werror -Wno-error=unused-but-set-variable -Wno-error=unused-parameter -I/shim/Cryptlib/OpenSSL -I/shim/Cryptlib -I/shim/Cryptlib/OpenSSL/Include/ -I/shim/Cryptlib/OpenSSL/crypto -I/shim/Cryptlib/Include -I/shim/gnu-efi/inc -I/shim/gnu-efi/inc/aarch64 -I/shim/gnu-efi/inc/protocol -I/shim/Cryptlib/OpenSSL/crypto/asn1 -I/shim/Cryptlib/OpenSSL/crypto/evp -I/shim/Cryptlib/OpenSSL/crypto/modes -I/shim/Cryptlib/OpenSSL/crypto/include -isystem /shim/include/system -isystem /usr/lib/gcc/aarch64-linux-gnu/14/include -DL_ENDIAN -D_CRT_SECURE_NO_DEPRECATE -D_CRT_NONSTDC_NO_DEPRECATE -DOPENSSL_SMALL_FOOTPRINT -DPEDANTIC -DMDE_CPU_AARCH64   -c -o crypto/err/err_prn.o crypto/err/err_prn.c
#14 203.5 gcc -std=gnu11 -ggdb -gdwarf-4 -gstrict-dwarf -ffreestanding -fmacro-prefix-map=/shim/= -fno-stack-protector -fno-strict-aliasing -fpic -fshort-wchar -nostdinc -Os -Wall -Wextra -Wno-missing-field-initializers -Wno-empty-body -Wno-implicit-fallthrough -Wno-old-style-declaration -Wno-unused-but-set-variable -Wno-unused-parameter -Werror -Wno-error=unused-but-set-variable -Wno-error=unused-parameter -I/shim/Cryptlib/OpenSSL -I/shim/Cryptlib -I/shim/Cryptlib/OpenSSL/Include/ -I/shim/Cryptlib/OpenSSL/crypto -I/shim/Cryptlib/Include -I/shim/gnu-efi/inc -I/shim/gnu-efi/inc/aarch64 -I/shim/gnu-efi/inc/protocol -I/shim/Cryptlib/OpenSSL/crypto/asn1 -I/shim/Cryptlib/OpenSSL/crypto/evp -I/shim/Cryptlib/OpenSSL/crypto/modes -I/shim/Cryptlib/OpenSSL/crypto/include -isystem /shim/include/system -isystem /usr/lib/gcc/aarch64-linux-gnu/14/include -DL_ENDIAN -D_CRT_SECURE_NO_DEPRECATE -D_CRT_NONSTDC_NO_DEPRECATE -DOPENSSL_SMALL_FOOTPRINT -DPEDANTIC -DMDE_CPU_AARCH64   -c -o crypto/objects/o_names.o crypto/objects/o_names.c
#14 203.9 gcc -std=gnu11 -ggdb -gdwarf-4 -gstrict-dwarf -ffreestanding -fmacro-prefix-map=/shim/= -fno-stack-protector -fno-strict-aliasing -fpic -fshort-wchar -nostdinc -Os -Wall -Wextra -Wno-missing-field-initializers -Wno-empty-body -Wno-implicit-fallthrough -Wno-old-style-declaration -Wno-unused-but-set-variable -Wno-unused-parameter -Werror -Wno-error=unused-but-set-variable -Wno-error=unused-parameter -I/shim/Cryptlib/OpenSSL -I/shim/Cryptlib -I/shim/Cryptlib/OpenSSL/Include/ -I/shim/Cryptlib/OpenSSL/crypto -I/shim/Cryptlib/Include -I/shim/gnu-efi/inc -I/shim/gnu-efi/inc/aarch64 -I/shim/gnu-efi/inc/protocol -I/shim/Cryptlib/OpenSSL/crypto/asn1 -I/shim/Cryptlib/OpenSSL/crypto/evp -I/shim/Cryptlib/OpenSSL/crypto/modes -I/shim/Cryptlib/OpenSSL/crypto/include -isystem /shim/include/system -isystem /usr/lib/gcc/aarch64-linux-gnu/14/include -DL_ENDIAN -D_CRT_SECURE_NO_DEPRECATE -D_CRT_NONSTDC_NO_DEPRECATE -DOPENSSL_SMALL_FOOTPRINT -DPEDANTIC -DMDE_CPU_AARCH64   -c -o crypto/objects/obj_dat.o crypto/objects/obj_dat.c
#14 204.5 gcc -std=gnu11 -ggdb -gdwarf-4 -gstrict-dwarf -ffreestanding -fmacro-prefix-map=/shim/= -fno-stack-protector -fno-strict-aliasing -fpic -fshort-wchar -nostdinc -Os -Wall -Wextra -Wno-missing-field-initializers -Wno-empty-body -Wno-implicit-fallthrough -Wno-old-style-declaration -Wno-unused-but-set-variable -Wno-unused-parameter -Werror -Wno-error=unused-but-set-variable -Wno-error=unused-parameter -I/shim/Cryptlib/OpenSSL -I/shim/Cryptlib -I/shim/Cryptlib/OpenSSL/Include/ -I/shim/Cryptlib/OpenSSL/crypto -I/shim/Cryptlib/Include -I/shim/gnu-efi/inc -I/shim/gnu-efi/inc/aarch64 -I/shim/gnu-efi/inc/protocol -I/shim/Cryptlib/OpenSSL/crypto/asn1 -I/shim/Cryptlib/OpenSSL/crypto/evp -I/shim/Cryptlib/OpenSSL/crypto/modes -I/shim/Cryptlib/OpenSSL/crypto/include -isystem /shim/include/system -isystem /usr/lib/gcc/aarch64-linux-gnu/14/include -DL_ENDIAN -D_CRT_SECURE_NO_DEPRECATE -D_CRT_NONSTDC_NO_DEPRECATE -DOPENSSL_SMALL_FOOTPRINT -DPEDANTIC -DMDE_CPU_AARCH64   -c -o crypto/objects/obj_lib.o crypto/objects/obj_lib.c
#14 206.5 gcc -std=gnu11 -ggdb -gdwarf-4 -gstrict-dwarf -ffreestanding -fmacro-prefix-map=/shim/= -fno-stack-protector -fno-strict-aliasing -fpic -fshort-wchar -nostdinc -Os -Wall -Wextra -Wno-missing-field-initializers -Wno-empty-body -Wno-implicit-fallthrough -Wno-old-style-declaration -Wno-unused-but-set-variable -Wno-unused-parameter -Werror -Wno-error=unused-but-set-variable -Wno-error=unused-parameter -I/shim/Cryptlib/OpenSSL -I/shim/Cryptlib -I/shim/Cryptlib/OpenSSL/Include/ -I/shim/Cryptlib/OpenSSL/crypto -I/shim/Cryptlib/Include -I/shim/gnu-efi/inc -I/shim/gnu-efi/inc/aarch64 -I/shim/gnu-efi/inc/protocol -I/shim/Cryptlib/OpenSSL/crypto/asn1 -I/shim/Cryptlib/OpenSSL/crypto/evp -I/shim/Cryptlib/OpenSSL/crypto/modes -I/shim/Cryptlib/OpenSSL/crypto/include -isystem /shim/include/system -isystem /usr/lib/gcc/aarch64-linux-gnu/14/include -DL_ENDIAN -D_CRT_SECURE_NO_DEPRECATE -D_CRT_NONSTDC_NO_DEPRECATE -DOPENSSL_SMALL_FOOTPRINT -DPEDANTIC -DMDE_CPU_AARCH64   -c -o crypto/objects/obj_err.o crypto/objects/obj_err.c
#14 206.8 gcc -std=gnu11 -ggdb -gdwarf-4 -gstrict-dwarf -ffreestanding -fmacro-prefix-map=/shim/= -fno-stack-protector -fno-strict-aliasing -fpic -fshort-wchar -nostdinc -Os -Wall -Wextra -Wno-missing-field-initializers -Wno-empty-body -Wno-implicit-fallthrough -Wno-old-style-declaration -Wno-unused-but-set-variable -Wno-unused-parameter -Werror -Wno-error=unused-but-set-variable -Wno-error=unused-parameter -I/shim/Cryptlib/OpenSSL -I/shim/Cryptlib -I/shim/Cryptlib/OpenSSL/Include/ -I/shim/Cryptlib/OpenSSL/crypto -I/shim/Cryptlib/Include -I/shim/gnu-efi/inc -I/shim/gnu-efi/inc/aarch64 -I/shim/gnu-efi/inc/protocol -I/shim/Cryptlib/OpenSSL/crypto/asn1 -I/shim/Cryptlib/OpenSSL/crypto/evp -I/shim/Cryptlib/OpenSSL/crypto/modes -I/shim/Cryptlib/OpenSSL/crypto/include -isystem /shim/include/system -isystem /usr/lib/gcc/aarch64-linux-gnu/14/include -DL_ENDIAN -D_CRT_SECURE_NO_DEPRECATE -D_CRT_NONSTDC_NO_DEPRECATE -DOPENSSL_SMALL_FOOTPRINT -DPEDANTIC -DMDE_CPU_AARCH64   -c -o crypto/objects/obj_xref.o crypto/objects/obj_xref.c
#14 206.9 gcc -std=gnu11 -ggdb -gdwarf-4 -gstrict-dwarf -ffreestanding -fmacro-prefix-map=/shim/= -fno-stack-protector -fno-strict-aliasing -fpic -fshort-wchar -nostdinc -Os -Wall -Wextra -Wno-missing-field-initializers -Wno-empty-body -Wno-implicit-fallthrough -Wno-old-style-declaration -Wno-unused-but-set-variable -Wno-unused-parameter -Werror -Wno-error=unused-but-set-variable -Wno-error=unused-parameter -I/shim/Cryptlib/OpenSSL -I/shim/Cryptlib -I/shim/Cryptlib/OpenSSL/Include/ -I/shim/Cryptlib/OpenSSL/crypto -I/shim/Cryptlib/Include -I/shim/gnu-efi/inc -I/shim/gnu-efi/inc/aarch64 -I/shim/gnu-efi/inc/protocol -I/shim/Cryptlib/OpenSSL/crypto/asn1 -I/shim/Cryptlib/OpenSSL/crypto/evp -I/shim/Cryptlib/OpenSSL/crypto/modes -I/shim/Cryptlib/OpenSSL/crypto/include -isystem /shim/include/system -isystem /usr/lib/gcc/aarch64-linux-gnu/14/include -DL_ENDIAN -D_CRT_SECURE_NO_DEPRECATE -D_CRT_NONSTDC_NO_DEPRECATE -DOPENSSL_SMALL_FOOTPRINT -DPEDANTIC -DMDE_CPU_AARCH64   -c -o crypto/evp/encode.o crypto/evp/encode.c
#14 207.6 gcc -std=gnu11 -ggdb -gdwarf-4 -gstrict-dwarf -ffreestanding -fmacro-prefix-map=/shim/= -fno-stack-protector -fno-strict-aliasing -fpic -fshort-wchar -nostdinc -Os -Wall -Wextra -Wno-missing-field-initializers -Wno-empty-body -Wno-implicit-fallthrough -Wno-old-style-declaration -Wno-unused-but-set-variable -Wno-unused-parameter -Werror -Wno-error=unused-but-set-variable -Wno-error=unused-parameter -I/shim/Cryptlib/OpenSSL -I/shim/Cryptlib -I/shim/Cryptlib/OpenSSL/Include/ -I/shim/Cryptlib/OpenSSL/crypto -I/shim/Cryptlib/Include -I/shim/gnu-efi/inc -I/shim/gnu-efi/inc/aarch64 -I/shim/gnu-efi/inc/protocol -I/shim/Cryptlib/OpenSSL/crypto/asn1 -I/shim/Cryptlib/OpenSSL/crypto/evp -I/shim/Cryptlib/OpenSSL/crypto/modes -I/shim/Cryptlib/OpenSSL/crypto/include -isystem /shim/include/system -isystem /usr/lib/gcc/aarch64-linux-gnu/14/include -DL_ENDIAN -D_CRT_SECURE_NO_DEPRECATE -D_CRT_NONSTDC_NO_DEPRECATE -DOPENSSL_SMALL_FOOTPRINT -DPEDANTIC -DMDE_CPU_AARCH64   -c -o crypto/evp/digest.o crypto/evp/digest.c
#14 209.0 gcc -std=gnu11 -ggdb -gdwarf-4 -gstrict-dwarf -ffreestanding -fmacro-prefix-map=/shim/= -fno-stack-protector -fno-strict-aliasing -fpic -fshort-wchar -nostdinc -Os -Wall -Wextra -Wno-missing-field-initializers -Wno-empty-body -Wno-implicit-fallthrough -Wno-old-style-declaration -Wno-unused-but-set-variable -Wno-unused-parameter -Werror -Wno-error=unused-but-set-variable -Wno-error=unused-parameter -I/shim/Cryptlib/OpenSSL -I/shim/Cryptlib -I/shim/Cryptlib/OpenSSL/Include/ -I/shim/Cryptlib/OpenSSL/crypto -I/shim/Cryptlib/Include -I/shim/gnu-efi/inc -I/shim/gnu-efi/inc/aarch64 -I/shim/gnu-efi/inc/protocol -I/shim/Cryptlib/OpenSSL/crypto/asn1 -I/shim/Cryptlib/OpenSSL/crypto/evp -I/shim/Cryptlib/OpenSSL/crypto/modes -I/shim/Cryptlib/OpenSSL/crypto/include -isystem /shim/include/system -isystem /usr/lib/gcc/aarch64-linux-gnu/14/include -DL_ENDIAN -D_CRT_SECURE_NO_DEPRECATE -D_CRT_NONSTDC_NO_DEPRECATE -DOPENSSL_SMALL_FOOTPRINT -DPEDANTIC -DMDE_CPU_AARCH64   -c -o crypto/evp/evp_enc.o crypto/evp/evp_enc.c
#14 209.1 gcc -std=gnu11 -ggdb -gdwarf-4 -gstrict-dwarf -ffreestanding -fmacro-prefix-map=/shim/= -fno-stack-protector -fno-strict-aliasing -fpic -fshort-wchar -nostdinc -Os -Wall -Wextra -Wno-missing-field-initializers -Wno-empty-body -Wno-implicit-fallthrough -Wno-old-style-declaration -Wno-unused-but-set-variable -Wno-unused-parameter -Werror -Wno-error=unused-but-set-variable -Wno-error=unused-parameter -I/shim/Cryptlib/OpenSSL -I/shim/Cryptlib -I/shim/Cryptlib/OpenSSL/Include/ -I/shim/Cryptlib/OpenSSL/crypto -I/shim/Cryptlib/Include -I/shim/gnu-efi/inc -I/shim/gnu-efi/inc/aarch64 -I/shim/gnu-efi/inc/protocol -I/shim/Cryptlib/OpenSSL/crypto/asn1 -I/shim/Cryptlib/OpenSSL/crypto/evp -I/shim/Cryptlib/OpenSSL/crypto/modes -I/shim/Cryptlib/OpenSSL/crypto/include -isystem /shim/include/system -isystem /usr/lib/gcc/aarch64-linux-gnu/14/include -DL_ENDIAN -D_CRT_SECURE_NO_DEPRECATE -D_CRT_NONSTDC_NO_DEPRECATE -DOPENSSL_SMALL_FOOTPRINT -DPEDANTIC -DMDE_CPU_AARCH64   -c -o crypto/evp/evp_key.o crypto/evp/evp_key.c
#14 210.1 gcc -std=gnu11 -ggdb -gdwarf-4 -gstrict-dwarf -ffreestanding -fmacro-prefix-map=/shim/= -fno-stack-protector -fno-strict-aliasing -fpic -fshort-wchar -nostdinc -Os -Wall -Wextra -Wno-missing-field-initializers -Wno-empty-body -Wno-implicit-fallthrough -Wno-old-style-declaration -Wno-unused-but-set-variable -Wno-unused-parameter -Werror -Wno-error=unused-but-set-variable -Wno-error=unused-parameter -I/shim/Cryptlib/OpenSSL -I/shim/Cryptlib -I/shim/Cryptlib/OpenSSL/Include/ -I/shim/Cryptlib/OpenSSL/crypto -I/shim/Cryptlib/Include -I/shim/gnu-efi/inc -I/shim/gnu-efi/inc/aarch64 -I/shim/gnu-efi/inc/protocol -I/shim/Cryptlib/OpenSSL/crypto/asn1 -I/shim/Cryptlib/OpenSSL/crypto/evp -I/shim/Cryptlib/OpenSSL/crypto/modes -I/shim/Cryptlib/OpenSSL/crypto/include -isystem /shim/include/system -isystem /usr/lib/gcc/aarch64-linux-gnu/14/include -DL_ENDIAN -D_CRT_SECURE_NO_DEPRECATE -D_CRT_NONSTDC_NO_DEPRECATE -DOPENSSL_SMALL_FOOTPRINT -DPEDANTIC -DMDE_CPU_AARCH64   -c -o crypto/evp/evp_acnf.o crypto/evp/evp_acnf.c
#14 210.2 gcc -std=gnu11 -ggdb -gdwarf-4 -gstrict-dwarf -ffreestanding -fmacro-prefix-map=/shim/= -fno-stack-protector -fno-strict-aliasing -fpic -fshort-wchar -nostdinc -Os -Wall -Wextra -Wno-missing-field-initializers -Wno-empty-body -Wno-implicit-fallthrough -Wno-old-style-declaration -Wno-unused-but-set-variable -Wno-unused-parameter -Werror -Wno-error=unused-but-set-variable -Wno-error=unused-parameter -I/shim/Cryptlib/OpenSSL -I/shim/Cryptlib -I/shim/Cryptlib/OpenSSL/Include/ -I/shim/Cryptlib/OpenSSL/crypto -I/shim/Cryptlib/Include -I/shim/gnu-efi/inc -I/shim/gnu-efi/inc/aarch64 -I/shim/gnu-efi/inc/protocol -I/shim/Cryptlib/OpenSSL/crypto/asn1 -I/shim/Cryptlib/OpenSSL/crypto/evp -I/shim/Cryptlib/OpenSSL/crypto/modes -I/shim/Cryptlib/OpenSSL/crypto/include -isystem /shim/include/system -isystem /usr/lib/gcc/aarch64-linux-gnu/14/include -DL_ENDIAN -D_CRT_SECURE_NO_DEPRECATE -D_CRT_NONSTDC_NO_DEPRECATE -DOPENSSL_SMALL_FOOTPRINT -DPEDANTIC -DMDE_CPU_AARCH64   -c -o crypto/evp/evp_cnf.o crypto/evp/evp_cnf.c
#14 211.4 gcc -std=gnu11 -ggdb -gdwarf-4 -gstrict-dwarf -ffreestanding -fmacro-prefix-map=/shim/= -fno-stack-protector -fno-strict-aliasing -fpic -fshort-wchar -nostdinc -Os -Wall -Wextra -Wno-missing-field-initializers -Wno-empty-body -Wno-implicit-fallthrough -Wno-old-style-declaration -Wno-unused-but-set-variable -Wno-unused-parameter -Werror -Wno-error=unused-but-set-variable -Wno-error=unused-parameter -I/shim/Cryptlib/OpenSSL -I/shim/Cryptlib -I/shim/Cryptlib/OpenSSL/Include/ -I/shim/Cryptlib/OpenSSL/crypto -I/shim/Cryptlib/Include -I/shim/gnu-efi/inc -I/shim/gnu-efi/inc/aarch64 -I/shim/gnu-efi/inc/protocol -I/shim/Cryptlib/OpenSSL/crypto/asn1 -I/shim/Cryptlib/OpenSSL/crypto/evp -I/shim/Cryptlib/OpenSSL/crypto/modes -I/shim/Cryptlib/OpenSSL/crypto/include -isystem /shim/include/system -isystem /usr/lib/gcc/aarch64-linux-gnu/14/include -DL_ENDIAN -D_CRT_SECURE_NO_DEPRECATE -D_CRT_NONSTDC_NO_DEPRECATE -DOPENSSL_SMALL_FOOTPRINT -DPEDANTIC -DMDE_CPU_AARCH64   -c -o crypto/evp/e_des.o crypto/evp/e_des.c
#14 211.5 gcc -std=gnu11 -ggdb -gdwarf-4 -gstrict-dwarf -ffreestanding -fmacro-prefix-map=/shim/= -fno-stack-protector -fno-strict-aliasing -fpic -fshort-wchar -nostdinc -Os -Wall -Wextra -Wno-missing-field-initializers -Wno-empty-body -Wno-implicit-fallthrough -Wno-old-style-declaration -Wno-unused-but-set-variable -Wno-unused-parameter -Werror -Wno-error=unused-but-set-variable -Wno-error=unused-parameter -I/shim/Cryptlib/OpenSSL -I/shim/Cryptlib -I/shim/Cryptlib/OpenSSL/Include/ -I/shim/Cryptlib/OpenSSL/crypto -I/shim/Cryptlib/Include -I/shim/gnu-efi/inc -I/shim/gnu-efi/inc/aarch64 -I/shim/gnu-efi/inc/protocol -I/shim/Cryptlib/OpenSSL/crypto/asn1 -I/shim/Cryptlib/OpenSSL/crypto/evp -I/shim/Cryptlib/OpenSSL/crypto/modes -I/shim/Cryptlib/OpenSSL/crypto/include -isystem /shim/include/system -isystem /usr/lib/gcc/aarch64-linux-gnu/14/include -DL_ENDIAN -D_CRT_SECURE_NO_DEPRECATE -D_CRT_NONSTDC_NO_DEPRECATE -DOPENSSL_SMALL_FOOTPRINT -DPEDANTIC -DMDE_CPU_AARCH64   -c -o crypto/evp/e_bf.o crypto/evp/e_bf.c
#14 212.1 gcc -std=gnu11 -ggdb -gdwarf-4 -gstrict-dwarf -ffreestanding -fmacro-prefix-map=/shim/= -fno-stack-protector -fno-strict-aliasing -fpic -fshort-wchar -nostdinc -Os -Wall -Wextra -Wno-missing-field-initializers -Wno-empty-body -Wno-implicit-fallthrough -Wno-old-style-declaration -Wno-unused-but-set-variable -Wno-unused-parameter -Werror -Wno-error=unused-but-set-variable -Wno-error=unused-parameter -I/shim/Cryptlib/OpenSSL -I/shim/Cryptlib -I/shim/Cryptlib/OpenSSL/Include/ -I/shim/Cryptlib/OpenSSL/crypto -I/shim/Cryptlib/Include -I/shim/gnu-efi/inc -I/shim/gnu-efi/inc/aarch64 -I/shim/gnu-efi/inc/protocol -I/shim/Cryptlib/OpenSSL/crypto/asn1 -I/shim/Cryptlib/OpenSSL/crypto/evp -I/shim/Cryptlib/OpenSSL/crypto/modes -I/shim/Cryptlib/OpenSSL/crypto/include -isystem /shim/include/system -isystem /usr/lib/gcc/aarch64-linux-gnu/14/include -DL_ENDIAN -D_CRT_SECURE_NO_DEPRECATE -D_CRT_NONSTDC_NO_DEPRECATE -DOPENSSL_SMALL_FOOTPRINT -DPEDANTIC -DMDE_CPU_AARCH64   -c -o crypto/evp/e_idea.o crypto/evp/e_idea.c
#14 212.2 gcc -std=gnu11 -ggdb -gdwarf-4 -gstrict-dwarf -ffreestanding -fmacro-prefix-map=/shim/= -fno-stack-protector -fno-strict-aliasing -fpic -fshort-wchar -nostdinc -Os -Wall -Wextra -Wno-missing-field-initializers -Wno-empty-body -Wno-implicit-fallthrough -Wno-old-style-declaration -Wno-unused-but-set-variable -Wno-unused-parameter -Werror -Wno-error=unused-but-set-variable -Wno-error=unused-parameter -I/shim/Cryptlib/OpenSSL -I/shim/Cryptlib -I/shim/Cryptlib/OpenSSL/Include/ -I/shim/Cryptlib/OpenSSL/crypto -I/shim/Cryptlib/Include -I/shim/gnu-efi/inc -I/shim/gnu-efi/inc/aarch64 -I/shim/gnu-efi/inc/protocol -I/shim/Cryptlib/OpenSSL/crypto/asn1 -I/shim/Cryptlib/OpenSSL/crypto/evp -I/shim/Cryptlib/OpenSSL/crypto/modes -I/shim/Cryptlib/OpenSSL/crypto/include -isystem /shim/include/system -isystem /usr/lib/gcc/aarch64-linux-gnu/14/include -DL_ENDIAN -D_CRT_SECURE_NO_DEPRECATE -D_CRT_NONSTDC_NO_DEPRECATE -DOPENSSL_SMALL_FOOTPRINT -DPEDANTIC -DMDE_CPU_AARCH64   -c -o crypto/evp/e_des3.o crypto/evp/e_des3.c
#14 212.3 gcc -std=gnu11 -ggdb -gdwarf-4 -gstrict-dwarf -ffreestanding -fmacro-prefix-map=/shim/= -fno-stack-protector -fno-strict-aliasing -fpic -fshort-wchar -nostdinc -Os -Wall -Wextra -Wno-missing-field-initializers -Wno-empty-body -Wno-implicit-fallthrough -Wno-old-style-declaration -Wno-unused-but-set-variable -Wno-unused-parameter -Werror -Wno-error=unused-but-set-variable -Wno-error=unused-parameter -I/shim/Cryptlib/OpenSSL -I/shim/Cryptlib -I/shim/Cryptlib/OpenSSL/Include/ -I/shim/Cryptlib/OpenSSL/crypto -I/shim/Cryptlib/Include -I/shim/gnu-efi/inc -I/shim/gnu-efi/inc/aarch64 -I/shim/gnu-efi/inc/protocol -I/shim/Cryptlib/OpenSSL/crypto/asn1 -I/shim/Cryptlib/OpenSSL/crypto/evp -I/shim/Cryptlib/OpenSSL/crypto/modes -I/shim/Cryptlib/OpenSSL/crypto/include -isystem /shim/include/system -isystem /usr/lib/gcc/aarch64-linux-gnu/14/include -DL_ENDIAN -D_CRT_SECURE_NO_DEPRECATE -D_CRT_NONSTDC_NO_DEPRECATE -DOPENSSL_SMALL_FOOTPRINT -DPEDANTIC -DMDE_CPU_AARCH64   -c -o crypto/evp/e_camellia.o crypto/evp/e_camellia.c
#14 212.8 gcc -std=gnu11 -ggdb -gdwarf-4 -gstrict-dwarf -ffreestanding -fmacro-prefix-map=/shim/= -fno-stack-protector -fno-strict-aliasing -fpic -fshort-wchar -nostdinc -Os -Wall -Wextra -Wno-missing-field-initializers -Wno-empty-body -Wno-implicit-fallthrough -Wno-old-style-declaration -Wno-unused-but-set-variable -Wno-unused-parameter -Werror -Wno-error=unused-but-set-variable -Wno-error=unused-parameter -I/shim/Cryptlib/OpenSSL -I/shim/Cryptlib -I/shim/Cryptlib/OpenSSL/Include/ -I/shim/Cryptlib/OpenSSL/crypto -I/shim/Cryptlib/Include -I/shim/gnu-efi/inc -I/shim/gnu-efi/inc/aarch64 -I/shim/gnu-efi/inc/protocol -I/shim/Cryptlib/OpenSSL/crypto/asn1 -I/shim/Cryptlib/OpenSSL/crypto/evp -I/shim/Cryptlib/OpenSSL/crypto/modes -I/shim/Cryptlib/OpenSSL/crypto/include -isystem /shim/include/system -isystem /usr/lib/gcc/aarch64-linux-gnu/14/include -DL_ENDIAN -D_CRT_SECURE_NO_DEPRECATE -D_CRT_NONSTDC_NO_DEPRECATE -DOPENSSL_SMALL_FOOTPRINT -DPEDANTIC -DMDE_CPU_AARCH64   -c -o crypto/evp/e_rc4.o crypto/evp/e_rc4.c
#14 212.8 gcc -std=gnu11 -ggdb -gdwarf-4 -gstrict-dwarf -ffreestanding -fmacro-prefix-map=/shim/= -fno-stack-protector -fno-strict-aliasing -fpic -fshort-wchar -nostdinc -Os -Wall -Wextra -Wno-missing-field-initializers -Wno-empty-body -Wno-implicit-fallthrough -Wno-old-style-declaration -Wno-unused-but-set-variable -Wno-unused-parameter -Werror -Wno-error=unused-but-set-variable -Wno-error=unused-parameter -I/shim/Cryptlib/OpenSSL -I/shim/Cryptlib -I/shim/Cryptlib/OpenSSL/Include/ -I/shim/Cryptlib/OpenSSL/crypto -I/shim/Cryptlib/Include -I/shim/gnu-efi/inc -I/shim/gnu-efi/inc/aarch64 -I/shim/gnu-efi/inc/protocol -I/shim/Cryptlib/OpenSSL/crypto/asn1 -I/shim/Cryptlib/OpenSSL/crypto/evp -I/shim/Cryptlib/OpenSSL/crypto/modes -I/shim/Cryptlib/OpenSSL/crypto/include -isystem /shim/include/system -isystem /usr/lib/gcc/aarch64-linux-gnu/14/include -DL_ENDIAN -D_CRT_SECURE_NO_DEPRECATE -D_CRT_NONSTDC_NO_DEPRECATE -DOPENSSL_SMALL_FOOTPRINT -DPEDANTIC -DMDE_CPU_AARCH64   -c -o crypto/evp/e_aes.o crypto/evp/e_aes.c
#14 212.9 gcc -std=gnu11 -ggdb -gdwarf-4 -gstrict-dwarf -ffreestanding -fmacro-prefix-map=/shim/= -fno-stack-protector -fno-strict-aliasing -fpic -fshort-wchar -nostdinc -Os -Wall -Wextra -Wno-missing-field-initializers -Wno-empty-body -Wno-implicit-fallthrough -Wno-old-style-declaration -Wno-unused-but-set-variable -Wno-unused-parameter -Werror -Wno-error=unused-but-set-variable -Wno-error=unused-parameter -I/shim/Cryptlib/OpenSSL -I/shim/Cryptlib -I/shim/Cryptlib/OpenSSL/Include/ -I/shim/Cryptlib/OpenSSL/crypto -I/shim/Cryptlib/Include -I/shim/gnu-efi/inc -I/shim/gnu-efi/inc/aarch64 -I/shim/gnu-efi/inc/protocol -I/shim/Cryptlib/OpenSSL/crypto/asn1 -I/shim/Cryptlib/OpenSSL/crypto/evp -I/shim/Cryptlib/OpenSSL/crypto/modes -I/shim/Cryptlib/OpenSSL/crypto/include -isystem /shim/include/system -isystem /usr/lib/gcc/aarch64-linux-gnu/14/include -DL_ENDIAN -D_CRT_SECURE_NO_DEPRECATE -D_CRT_NONSTDC_NO_DEPRECATE -DOPENSSL_SMALL_FOOTPRINT -DPEDANTIC -DMDE_CPU_AARCH64   -c -o crypto/evp/names.o crypto/evp/names.c
#14 213.0 gcc -std=gnu11 -ggdb -gdwarf-4 -gstrict-dwarf -ffreestanding -fmacro-prefix-map=/shim/= -fno-stack-protector -fno-strict-aliasing -fpic -fshort-wchar -nostdinc -Os -Wall -Wextra -Wno-missing-field-initializers -Wno-empty-body -Wno-implicit-fallthrough -Wno-old-style-declaration -Wno-unused-but-set-variable -Wno-unused-parameter -Werror -Wno-error=unused-but-set-variable -Wno-error=unused-parameter -I/shim/Cryptlib/OpenSSL -I/shim/Cryptlib -I/shim/Cryptlib/OpenSSL/Include/ -I/shim/Cryptlib/OpenSSL/crypto -I/shim/Cryptlib/Include -I/shim/gnu-efi/inc -I/shim/gnu-efi/inc/aarch64 -I/shim/gnu-efi/inc/protocol -I/shim/Cryptlib/OpenSSL/crypto/asn1 -I/shim/Cryptlib/OpenSSL/crypto/evp -I/shim/Cryptlib/OpenSSL/crypto/modes -I/shim/Cryptlib/OpenSSL/crypto/include -isystem /shim/include/system -isystem /usr/lib/gcc/aarch64-linux-gnu/14/include -DL_ENDIAN -D_CRT_SECURE_NO_DEPRECATE -D_CRT_NONSTDC_NO_DEPRECATE -DOPENSSL_SMALL_FOOTPRINT -DPEDANTIC -DMDE_CPU_AARCH64   -c -o crypto/evp/e_seed.o crypto/evp/e_seed.c
#14 213.6 gcc -std=gnu11 -ggdb -gdwarf-4 -gstrict-dwarf -ffreestanding -fmacro-prefix-map=/shim/= -fno-stack-protector -fno-strict-aliasing -fpic -fshort-wchar -nostdinc -Os -Wall -Wextra -Wno-missing-field-initializers -Wno-empty-body -Wno-implicit-fallthrough -Wno-old-style-declaration -Wno-unused-but-set-variable -Wno-unused-parameter -Werror -Wno-error=unused-but-set-variable -Wno-error=unused-parameter -I/shim/Cryptlib/OpenSSL -I/shim/Cryptlib -I/shim/Cryptlib/OpenSSL/Include/ -I/shim/Cryptlib/OpenSSL/crypto -I/shim/Cryptlib/Include -I/shim/gnu-efi/inc -I/shim/gnu-efi/inc/aarch64 -I/shim/gnu-efi/inc/protocol -I/shim/Cryptlib/OpenSSL/crypto/asn1 -I/shim/Cryptlib/OpenSSL/crypto/evp -I/shim/Cryptlib/OpenSSL/crypto/modes -I/shim/Cryptlib/OpenSSL/crypto/include -isystem /shim/include/system -isystem /usr/lib/gcc/aarch64-linux-gnu/14/include -DL_ENDIAN -D_CRT_SECURE_NO_DEPRECATE -D_CRT_NONSTDC_NO_DEPRECATE -DOPENSSL_SMALL_FOOTPRINT -DPEDANTIC -DMDE_CPU_AARCH64   -c -o crypto/evp/e_xcbc_d.o crypto/evp/e_xcbc_d.c
#14 214.3 gcc -std=gnu11 -ggdb -gdwarf-4 -gstrict-dwarf -ffreestanding -fmacro-prefix-map=/shim/= -fno-stack-protector -fno-strict-aliasing -fpic -fshort-wchar -nostdinc -Os -Wall -Wextra -Wno-missing-field-initializers -Wno-empty-body -Wno-implicit-fallthrough -Wno-old-style-declaration -Wno-unused-but-set-variable -Wno-unused-parameter -Werror -Wno-error=unused-but-set-variable -Wno-error=unused-parameter -I/shim/Cryptlib/OpenSSL -I/shim/Cryptlib -I/shim/Cryptlib/OpenSSL/Include/ -I/shim/Cryptlib/OpenSSL/crypto -I/shim/Cryptlib/Include -I/shim/gnu-efi/inc -I/shim/gnu-efi/inc/aarch64 -I/shim/gnu-efi/inc/protocol -I/shim/Cryptlib/OpenSSL/crypto/asn1 -I/shim/Cryptlib/OpenSSL/crypto/evp -I/shim/Cryptlib/OpenSSL/crypto/modes -I/shim/Cryptlib/OpenSSL/crypto/include -isystem /shim/include/system -isystem /usr/lib/gcc/aarch64-linux-gnu/14/include -DL_ENDIAN -D_CRT_SECURE_NO_DEPRECATE -D_CRT_NONSTDC_NO_DEPRECATE -DOPENSSL_SMALL_FOOTPRINT -DPEDANTIC -DMDE_CPU_AARCH64   -c -o crypto/evp/e_rc2.o crypto/evp/e_rc2.c
#14 214.4 gcc -std=gnu11 -ggdb -gdwarf-4 -gstrict-dwarf -ffreestanding -fmacro-prefix-map=/shim/= -fno-stack-protector -fno-strict-aliasing -fpic -fshort-wchar -nostdinc -Os -Wall -Wextra -Wno-missing-field-initializers -Wno-empty-body -Wno-implicit-fallthrough -Wno-old-style-declaration -Wno-unused-but-set-variable -Wno-unused-parameter -Werror -Wno-error=unused-but-set-variable -Wno-error=unused-parameter -I/shim/Cryptlib/OpenSSL -I/shim/Cryptlib -I/shim/Cryptlib/OpenSSL/Include/ -I/shim/Cryptlib/OpenSSL/crypto -I/shim/Cryptlib/Include -I/shim/gnu-efi/inc -I/shim/gnu-efi/inc/aarch64 -I/shim/gnu-efi/inc/protocol -I/shim/Cryptlib/OpenSSL/crypto/asn1 -I/shim/Cryptlib/OpenSSL/crypto/evp -I/shim/Cryptlib/OpenSSL/crypto/modes -I/shim/Cryptlib/OpenSSL/crypto/include -isystem /shim/include/system -isystem /usr/lib/gcc/aarch64-linux-gnu/14/include -DL_ENDIAN -D_CRT_SECURE_NO_DEPRECATE -D_CRT_NONSTDC_NO_DEPRECATE -DOPENSSL_SMALL_FOOTPRINT -DPEDANTIC -DMDE_CPU_AARCH64   -c -o crypto/evp/e_cast.o crypto/evp/e_cast.c
#14 215.0 gcc -std=gnu11 -ggdb -gdwarf-4 -gstrict-dwarf -ffreestanding -fmacro-prefix-map=/shim/= -fno-stack-protector -fno-strict-aliasing -fpic -fshort-wchar -nostdinc -Os -Wall -Wextra -Wno-missing-field-initializers -Wno-empty-body -Wno-implicit-fallthrough -Wno-old-style-declaration -Wno-unused-but-set-variable -Wno-unused-parameter -Werror -Wno-error=unused-but-set-variable -Wno-error=unused-parameter -I/shim/Cryptlib/OpenSSL -I/shim/Cryptlib -I/shim/Cryptlib/OpenSSL/Include/ -I/shim/Cryptlib/OpenSSL/crypto -I/shim/Cryptlib/Include -I/shim/gnu-efi/inc -I/shim/gnu-efi/inc/aarch64 -I/shim/gnu-efi/inc/protocol -I/shim/Cryptlib/OpenSSL/crypto/asn1 -I/shim/Cryptlib/OpenSSL/crypto/evp -I/shim/Cryptlib/OpenSSL/crypto/modes -I/shim/Cryptlib/OpenSSL/crypto/include -isystem /shim/include/system -isystem /usr/lib/gcc/aarch64-linux-gnu/14/include -DL_ENDIAN -D_CRT_SECURE_NO_DEPRECATE -D_CRT_NONSTDC_NO_DEPRECATE -DOPENSSL_SMALL_FOOTPRINT -DPEDANTIC -DMDE_CPU_AARCH64   -c -o crypto/evp/e_rc5.o crypto/evp/e_rc5.c
#14 215.1 gcc -std=gnu11 -ggdb -gdwarf-4 -gstrict-dwarf -ffreestanding -fmacro-prefix-map=/shim/= -fno-stack-protector -fno-strict-aliasing -fpic -fshort-wchar -nostdinc -Os -Wall -Wextra -Wno-missing-field-initializers -Wno-empty-body -Wno-implicit-fallthrough -Wno-old-style-declaration -Wno-unused-but-set-variable -Wno-unused-parameter -Werror -Wno-error=unused-but-set-variable -Wno-error=unused-parameter -I/shim/Cryptlib/OpenSSL -I/shim/Cryptlib -I/shim/Cryptlib/OpenSSL/Include/ -I/shim/Cryptlib/OpenSSL/crypto -I/shim/Cryptlib/Include -I/shim/gnu-efi/inc -I/shim/gnu-efi/inc/aarch64 -I/shim/gnu-efi/inc/protocol -I/shim/Cryptlib/OpenSSL/crypto/asn1 -I/shim/Cryptlib/OpenSSL/crypto/evp -I/shim/Cryptlib/OpenSSL/crypto/modes -I/shim/Cryptlib/OpenSSL/crypto/include -isystem /shim/include/system -isystem /usr/lib/gcc/aarch64-linux-gnu/14/include -DL_ENDIAN -D_CRT_SECURE_NO_DEPRECATE -D_CRT_NONSTDC_NO_DEPRECATE -DOPENSSL_SMALL_FOOTPRINT -DPEDANTIC -DMDE_CPU_AARCH64   -c -o crypto/evp/m_null.o crypto/evp/m_null.c
#14 215.2 gcc -std=gnu11 -ggdb -gdwarf-4 -gstrict-dwarf -ffreestanding -fmacro-prefix-map=/shim/= -fno-stack-protector -fno-strict-aliasing -fpic -fshort-wchar -nostdinc -Os -Wall -Wextra -Wno-missing-field-initializers -Wno-empty-body -Wno-implicit-fallthrough -Wno-old-style-declaration -Wno-unused-but-set-variable -Wno-unused-parameter -Werror -Wno-error=unused-but-set-variable -Wno-error=unused-parameter -I/shim/Cryptlib/OpenSSL -I/shim/Cryptlib -I/shim/Cryptlib/OpenSSL/Include/ -I/shim/Cryptlib/OpenSSL/crypto -I/shim/Cryptlib/Include -I/shim/gnu-efi/inc -I/shim/gnu-efi/inc/aarch64 -I/shim/gnu-efi/inc/protocol -I/shim/Cryptlib/OpenSSL/crypto/asn1 -I/shim/Cryptlib/OpenSSL/crypto/evp -I/shim/Cryptlib/OpenSSL/crypto/modes -I/shim/Cryptlib/OpenSSL/crypto/include -isystem /shim/include/system -isystem /usr/lib/gcc/aarch64-linux-gnu/14/include -DL_ENDIAN -D_CRT_SECURE_NO_DEPRECATE -D_CRT_NONSTDC_NO_DEPRECATE -DOPENSSL_SMALL_FOOTPRINT -DPEDANTIC -DMDE_CPU_AARCH64   -c -o crypto/evp/m_md2.o crypto/evp/m_md2.c
#14 215.9 gcc -std=gnu11 -ggdb -gdwarf-4 -gstrict-dwarf -ffreestanding -fmacro-prefix-map=/shim/= -fno-stack-protector -fno-strict-aliasing -fpic -fshort-wchar -nostdinc -Os -Wall -Wextra -Wno-missing-field-initializers -Wno-empty-body -Wno-implicit-fallthrough -Wno-old-style-declaration -Wno-unused-but-set-variable -Wno-unused-parameter -Werror -Wno-error=unused-but-set-variable -Wno-error=unused-parameter -I/shim/Cryptlib/OpenSSL -I/shim/Cryptlib -I/shim/Cryptlib/OpenSSL/Include/ -I/shim/Cryptlib/OpenSSL/crypto -I/shim/Cryptlib/Include -I/shim/gnu-efi/inc -I/shim/gnu-efi/inc/aarch64 -I/shim/gnu-efi/inc/protocol -I/shim/Cryptlib/OpenSSL/crypto/asn1 -I/shim/Cryptlib/OpenSSL/crypto/evp -I/shim/Cryptlib/OpenSSL/crypto/modes -I/shim/Cryptlib/OpenSSL/crypto/include -isystem /shim/include/system -isystem /usr/lib/gcc/aarch64-linux-gnu/14/include -DL_ENDIAN -D_CRT_SECURE_NO_DEPRECATE -D_CRT_NONSTDC_NO_DEPRECATE -DOPENSSL_SMALL_FOOTPRINT -DPEDANTIC -DMDE_CPU_AARCH64   -c -o crypto/evp/m_md4.o crypto/evp/m_md4.c
#14 216.2 gcc -std=gnu11 -ggdb -gdwarf-4 -gstrict-dwarf -ffreestanding -fmacro-prefix-map=/shim/= -fno-stack-protector -fno-strict-aliasing -fpic -fshort-wchar -nostdinc -Os -Wall -Wextra -Wno-missing-field-initializers -Wno-empty-body -Wno-implicit-fallthrough -Wno-old-style-declaration -Wno-unused-but-set-variable -Wno-unused-parameter -Werror -Wno-error=unused-but-set-variable -Wno-error=unused-parameter -I/shim/Cryptlib/OpenSSL -I/shim/Cryptlib -I/shim/Cryptlib/OpenSSL/Include/ -I/shim/Cryptlib/OpenSSL/crypto -I/shim/Cryptlib/Include -I/shim/gnu-efi/inc -I/shim/gnu-efi/inc/aarch64 -I/shim/gnu-efi/inc/protocol -I/shim/Cryptlib/OpenSSL/crypto/asn1 -I/shim/Cryptlib/OpenSSL/crypto/evp -I/shim/Cryptlib/OpenSSL/crypto/modes -I/shim/Cryptlib/OpenSSL/crypto/include -isystem /shim/include/system -isystem /usr/lib/gcc/aarch64-linux-gnu/14/include -DL_ENDIAN -D_CRT_SECURE_NO_DEPRECATE -D_CRT_NONSTDC_NO_DEPRECATE -DOPENSSL_SMALL_FOOTPRINT -DPEDANTIC -DMDE_CPU_AARCH64   -c -o crypto/evp/m_md5.o crypto/evp/m_md5.c
#14 216.7 gcc -std=gnu11 -ggdb -gdwarf-4 -gstrict-dwarf -ffreestanding -fmacro-prefix-map=/shim/= -fno-stack-protector -fno-strict-aliasing -fpic -fshort-wchar -nostdinc -Os -Wall -Wextra -Wno-missing-field-initializers -Wno-empty-body -Wno-implicit-fallthrough -Wno-old-style-declaration -Wno-unused-but-set-variable -Wno-unused-parameter -Werror -Wno-error=unused-but-set-variable -Wno-error=unused-parameter -I/shim/Cryptlib/OpenSSL -I/shim/Cryptlib -I/shim/Cryptlib/OpenSSL/Include/ -I/shim/Cryptlib/OpenSSL/crypto -I/shim/Cryptlib/Include -I/shim/gnu-efi/inc -I/shim/gnu-efi/inc/aarch64 -I/shim/gnu-efi/inc/protocol -I/shim/Cryptlib/OpenSSL/crypto/asn1 -I/shim/Cryptlib/OpenSSL/crypto/evp -I/shim/Cryptlib/OpenSSL/crypto/modes -I/shim/Cryptlib/OpenSSL/crypto/include -isystem /shim/include/system -isystem /usr/lib/gcc/aarch64-linux-gnu/14/include -DL_ENDIAN -D_CRT_SECURE_NO_DEPRECATE -D_CRT_NONSTDC_NO_DEPRECATE -DOPENSSL_SMALL_FOOTPRINT -DPEDANTIC -DMDE_CPU_AARCH64   -c -o crypto/evp/m_sha.o crypto/evp/m_sha.c
#14 216.8 gcc -std=gnu11 -ggdb -gdwarf-4 -gstrict-dwarf -ffreestanding -fmacro-prefix-map=/shim/= -fno-stack-protector -fno-strict-aliasing -fpic -fshort-wchar -nostdinc -Os -Wall -Wextra -Wno-missing-field-initializers -Wno-empty-body -Wno-implicit-fallthrough -Wno-old-style-declaration -Wno-unused-but-set-variable -Wno-unused-parameter -Werror -Wno-error=unused-but-set-variable -Wno-error=unused-parameter -I/shim/Cryptlib/OpenSSL -I/shim/Cryptlib -I/shim/Cryptlib/OpenSSL/Include/ -I/shim/Cryptlib/OpenSSL/crypto -I/shim/Cryptlib/Include -I/shim/gnu-efi/inc -I/shim/gnu-efi/inc/aarch64 -I/shim/gnu-efi/inc/protocol -I/shim/Cryptlib/OpenSSL/crypto/asn1 -I/shim/Cryptlib/OpenSSL/crypto/evp -I/shim/Cryptlib/OpenSSL/crypto/modes -I/shim/Cryptlib/OpenSSL/crypto/include -isystem /shim/include/system -isystem /usr/lib/gcc/aarch64-linux-gnu/14/include -DL_ENDIAN -D_CRT_SECURE_NO_DEPRECATE -D_CRT_NONSTDC_NO_DEPRECATE -DOPENSSL_SMALL_FOOTPRINT -DPEDANTIC -DMDE_CPU_AARCH64   -c -o crypto/evp/m_sha1.o crypto/evp/m_sha1.c
#14 217.7 gcc -std=gnu11 -ggdb -gdwarf-4 -gstrict-dwarf -ffreestanding -fmacro-prefix-map=/shim/= -fno-stack-protector -fno-strict-aliasing -fpic -fshort-wchar -nostdinc -Os -Wall -Wextra -Wno-missing-field-initializers -Wno-empty-body -Wno-implicit-fallthrough -Wno-old-style-declaration -Wno-unused-but-set-variable -Wno-unused-parameter -Werror -Wno-error=unused-but-set-variable -Wno-error=unused-parameter -I/shim/Cryptlib/OpenSSL -I/shim/Cryptlib -I/shim/Cryptlib/OpenSSL/Include/ -I/shim/Cryptlib/OpenSSL/crypto -I/shim/Cryptlib/Include -I/shim/gnu-efi/inc -I/shim/gnu-efi/inc/aarch64 -I/shim/gnu-efi/inc/protocol -I/shim/Cryptlib/OpenSSL/crypto/asn1 -I/shim/Cryptlib/OpenSSL/crypto/evp -I/shim/Cryptlib/OpenSSL/crypto/modes -I/shim/Cryptlib/OpenSSL/crypto/include -isystem /shim/include/system -isystem /usr/lib/gcc/aarch64-linux-gnu/14/include -DL_ENDIAN -D_CRT_SECURE_NO_DEPRECATE -D_CRT_NONSTDC_NO_DEPRECATE -DOPENSSL_SMALL_FOOTPRINT -DPEDANTIC -DMDE_CPU_AARCH64   -c -o crypto/evp/m_wp.o crypto/evp/m_wp.c
#14 218.0 gcc -std=gnu11 -ggdb -gdwarf-4 -gstrict-dwarf -ffreestanding -fmacro-prefix-map=/shim/= -fno-stack-protector -fno-strict-aliasing -fpic -fshort-wchar -nostdinc -Os -Wall -Wextra -Wno-missing-field-initializers -Wno-empty-body -Wno-implicit-fallthrough -Wno-old-style-declaration -Wno-unused-but-set-variable -Wno-unused-parameter -Werror -Wno-error=unused-but-set-variable -Wno-error=unused-parameter -I/shim/Cryptlib/OpenSSL -I/shim/Cryptlib -I/shim/Cryptlib/OpenSSL/Include/ -I/shim/Cryptlib/OpenSSL/crypto -I/shim/Cryptlib/Include -I/shim/gnu-efi/inc -I/shim/gnu-efi/inc/aarch64 -I/shim/gnu-efi/inc/protocol -I/shim/Cryptlib/OpenSSL/crypto/asn1 -I/shim/Cryptlib/OpenSSL/crypto/evp -I/shim/Cryptlib/OpenSSL/crypto/modes -I/shim/Cryptlib/OpenSSL/crypto/include -isystem /shim/include/system -isystem /usr/lib/gcc/aarch64-linux-gnu/14/include -DL_ENDIAN -D_CRT_SECURE_NO_DEPRECATE -D_CRT_NONSTDC_NO_DEPRECATE -DOPENSSL_SMALL_FOOTPRINT -DPEDANTIC -DMDE_CPU_AARCH64   -c -o crypto/evp/m_dss.o crypto/evp/m_dss.c
#14 218.0 gcc -std=gnu11 -ggdb -gdwarf-4 -gstrict-dwarf -ffreestanding -fmacro-prefix-map=/shim/= -fno-stack-protector -fno-strict-aliasing -fpic -fshort-wchar -nostdinc -Os -Wall -Wextra -Wno-missing-field-initializers -Wno-empty-body -Wno-implicit-fallthrough -Wno-old-style-declaration -Wno-unused-but-set-variable -Wno-unused-parameter -Werror -Wno-error=unused-but-set-variable -Wno-error=unused-parameter -I/shim/Cryptlib/OpenSSL -I/shim/Cryptlib -I/shim/Cryptlib/OpenSSL/Include/ -I/shim/Cryptlib/OpenSSL/crypto -I/shim/Cryptlib/Include -I/shim/gnu-efi/inc -I/shim/gnu-efi/inc/aarch64 -I/shim/gnu-efi/inc/protocol -I/shim/Cryptlib/OpenSSL/crypto/asn1 -I/shim/Cryptlib/OpenSSL/crypto/evp -I/shim/Cryptlib/OpenSSL/crypto/modes -I/shim/Cryptlib/OpenSSL/crypto/include -isystem /shim/include/system -isystem /usr/lib/gcc/aarch64-linux-gnu/14/include -DL_ENDIAN -D_CRT_SECURE_NO_DEPRECATE -D_CRT_NONSTDC_NO_DEPRECATE -DOPENSSL_SMALL_FOOTPRINT -DPEDANTIC -DMDE_CPU_AARCH64   -c -o crypto/evp/m_dss1.o crypto/evp/m_dss1.c
#14 218.4 gcc -std=gnu11 -ggdb -gdwarf-4 -gstrict-dwarf -ffreestanding -fmacro-prefix-map=/shim/= -fno-stack-protector -fno-strict-aliasing -fpic -fshort-wchar -nostdinc -Os -Wall -Wextra -Wno-missing-field-initializers -Wno-empty-body -Wno-implicit-fallthrough -Wno-old-style-declaration -Wno-unused-but-set-variable -Wno-unused-parameter -Werror -Wno-error=unused-but-set-variable -Wno-error=unused-parameter -I/shim/Cryptlib/OpenSSL -I/shim/Cryptlib -I/shim/Cryptlib/OpenSSL/Include/ -I/shim/Cryptlib/OpenSSL/crypto -I/shim/Cryptlib/Include -I/shim/gnu-efi/inc -I/shim/gnu-efi/inc/aarch64 -I/shim/gnu-efi/inc/protocol -I/shim/Cryptlib/OpenSSL/crypto/asn1 -I/shim/Cryptlib/OpenSSL/crypto/evp -I/shim/Cryptlib/OpenSSL/crypto/modes -I/shim/Cryptlib/OpenSSL/crypto/include -isystem /shim/include/system -isystem /usr/lib/gcc/aarch64-linux-gnu/14/include -DL_ENDIAN -D_CRT_SECURE_NO_DEPRECATE -D_CRT_NONSTDC_NO_DEPRECATE -DOPENSSL_SMALL_FOOTPRINT -DPEDANTIC -DMDE_CPU_AARCH64   -c -o crypto/evp/m_mdc2.o crypto/evp/m_mdc2.c
#14 218.6 gcc -std=gnu11 -ggdb -gdwarf-4 -gstrict-dwarf -ffreestanding -fmacro-prefix-map=/shim/= -fno-stack-protector -fno-strict-aliasing -fpic -fshort-wchar -nostdinc -Os -Wall -Wextra -Wno-missing-field-initializers -Wno-empty-body -Wno-implicit-fallthrough -Wno-old-style-declaration -Wno-unused-but-set-variable -Wno-unused-parameter -Werror -Wno-error=unused-but-set-variable -Wno-error=unused-parameter -I/shim/Cryptlib/OpenSSL -I/shim/Cryptlib -I/shim/Cryptlib/OpenSSL/Include/ -I/shim/Cryptlib/OpenSSL/crypto -I/shim/Cryptlib/Include -I/shim/gnu-efi/inc -I/shim/gnu-efi/inc/aarch64 -I/shim/gnu-efi/inc/protocol -I/shim/Cryptlib/OpenSSL/crypto/asn1 -I/shim/Cryptlib/OpenSSL/crypto/evp -I/shim/Cryptlib/OpenSSL/crypto/modes -I/shim/Cryptlib/OpenSSL/crypto/include -isystem /shim/include/system -isystem /usr/lib/gcc/aarch64-linux-gnu/14/include -DL_ENDIAN -D_CRT_SECURE_NO_DEPRECATE -D_CRT_NONSTDC_NO_DEPRECATE -DOPENSSL_SMALL_FOOTPRINT -DPEDANTIC -DMDE_CPU_AARCH64   -c -o crypto/evp/m_ripemd.o crypto/evp/m_ripemd.c
#14 219.0 gcc -std=gnu11 -ggdb -gdwarf-4 -gstrict-dwarf -ffreestanding -fmacro-prefix-map=/shim/= -fno-stack-protector -fno-strict-aliasing -fpic -fshort-wchar -nostdinc -Os -Wall -Wextra -Wno-missing-field-initializers -Wno-empty-body -Wno-implicit-fallthrough -Wno-old-style-declaration -Wno-unused-but-set-variable -Wno-unused-parameter -Werror -Wno-error=unused-but-set-variable -Wno-error=unused-parameter -I/shim/Cryptlib/OpenSSL -I/shim/Cryptlib -I/shim/Cryptlib/OpenSSL/Include/ -I/shim/Cryptlib/OpenSSL/crypto -I/shim/Cryptlib/Include -I/shim/gnu-efi/inc -I/shim/gnu-efi/inc/aarch64 -I/shim/gnu-efi/inc/protocol -I/shim/Cryptlib/OpenSSL/crypto/asn1 -I/shim/Cryptlib/OpenSSL/crypto/evp -I/shim/Cryptlib/OpenSSL/crypto/modes -I/shim/Cryptlib/OpenSSL/crypto/include -isystem /shim/include/system -isystem /usr/lib/gcc/aarch64-linux-gnu/14/include -DL_ENDIAN -D_CRT_SECURE_NO_DEPRECATE -D_CRT_NONSTDC_NO_DEPRECATE -DOPENSSL_SMALL_FOOTPRINT -DPEDANTIC -DMDE_CPU_AARCH64   -c -o crypto/evp/m_ecdsa.o crypto/evp/m_ecdsa.c
#14 219.3 gcc -std=gnu11 -ggdb -gdwarf-4 -gstrict-dwarf -ffreestanding -fmacro-prefix-map=/shim/= -fno-stack-protector -fno-strict-aliasing -fpic -fshort-wchar -nostdinc -Os -Wall -Wextra -Wno-missing-field-initializers -Wno-empty-body -Wno-implicit-fallthrough -Wno-old-style-declaration -Wno-unused-but-set-variable -Wno-unused-parameter -Werror -Wno-error=unused-but-set-variable -Wno-error=unused-parameter -I/shim/Cryptlib/OpenSSL -I/shim/Cryptlib -I/shim/Cryptlib/OpenSSL/Include/ -I/shim/Cryptlib/OpenSSL/crypto -I/shim/Cryptlib/Include -I/shim/gnu-efi/inc -I/shim/gnu-efi/inc/aarch64 -I/shim/gnu-efi/inc/protocol -I/shim/Cryptlib/OpenSSL/crypto/asn1 -I/shim/Cryptlib/OpenSSL/crypto/evp -I/shim/Cryptlib/OpenSSL/crypto/modes -I/shim/Cryptlib/OpenSSL/crypto/include -isystem /shim/include/system -isystem /usr/lib/gcc/aarch64-linux-gnu/14/include -DL_ENDIAN -D_CRT_SECURE_NO_DEPRECATE -D_CRT_NONSTDC_NO_DEPRECATE -DOPENSSL_SMALL_FOOTPRINT -DPEDANTIC -DMDE_CPU_AARCH64   -c -o crypto/evp/p_open.o crypto/evp/p_open.c
#14 219.3 gcc -std=gnu11 -ggdb -gdwarf-4 -gstrict-dwarf -ffreestanding -fmacro-prefix-map=/shim/= -fno-stack-protector -fno-strict-aliasing -fpic -fshort-wchar -nostdinc -Os -Wall -Wextra -Wno-missing-field-initializers -Wno-empty-body -Wno-implicit-fallthrough -Wno-old-style-declaration -Wno-unused-but-set-variable -Wno-unused-parameter -Werror -Wno-error=unused-but-set-variable -Wno-error=unused-parameter -I/shim/Cryptlib/OpenSSL -I/shim/Cryptlib -I/shim/Cryptlib/OpenSSL/Include/ -I/shim/Cryptlib/OpenSSL/crypto -I/shim/Cryptlib/Include -I/shim/gnu-efi/inc -I/shim/gnu-efi/inc/aarch64 -I/shim/gnu-efi/inc/protocol -I/shim/Cryptlib/OpenSSL/crypto/asn1 -I/shim/Cryptlib/OpenSSL/crypto/evp -I/shim/Cryptlib/OpenSSL/crypto/modes -I/shim/Cryptlib/OpenSSL/crypto/include -isystem /shim/include/system -isystem /usr/lib/gcc/aarch64-linux-gnu/14/include -DL_ENDIAN -D_CRT_SECURE_NO_DEPRECATE -D_CRT_NONSTDC_NO_DEPRECATE -DOPENSSL_SMALL_FOOTPRINT -DPEDANTIC -DMDE_CPU_AARCH64   -c -o crypto/evp/p_seal.o crypto/evp/p_seal.c
#14 219.4 gcc -std=gnu11 -ggdb -gdwarf-4 -gstrict-dwarf -ffreestanding -fmacro-prefix-map=/shim/= -fno-stack-protector -fno-strict-aliasing -fpic -fshort-wchar -nostdinc -Os -Wall -Wextra -Wno-missing-field-initializers -Wno-empty-body -Wno-implicit-fallthrough -Wno-old-style-declaration -Wno-unused-but-set-variable -Wno-unused-parameter -Werror -Wno-error=unused-but-set-variable -Wno-error=unused-parameter -I/shim/Cryptlib/OpenSSL -I/shim/Cryptlib -I/shim/Cryptlib/OpenSSL/Include/ -I/shim/Cryptlib/OpenSSL/crypto -I/shim/Cryptlib/Include -I/shim/gnu-efi/inc -I/shim/gnu-efi/inc/aarch64 -I/shim/gnu-efi/inc/protocol -I/shim/Cryptlib/OpenSSL/crypto/asn1 -I/shim/Cryptlib/OpenSSL/crypto/evp -I/shim/Cryptlib/OpenSSL/crypto/modes -I/shim/Cryptlib/OpenSSL/crypto/include -isystem /shim/include/system -isystem /usr/lib/gcc/aarch64-linux-gnu/14/include -DL_ENDIAN -D_CRT_SECURE_NO_DEPRECATE -D_CRT_NONSTDC_NO_DEPRECATE -DOPENSSL_SMALL_FOOTPRINT -DPEDANTIC -DMDE_CPU_AARCH64   -c -o crypto/evp/p_sign.o crypto/evp/p_sign.c
#14 220.4 gcc -std=gnu11 -ggdb -gdwarf-4 -gstrict-dwarf -ffreestanding -fmacro-prefix-map=/shim/= -fno-stack-protector -fno-strict-aliasing -fpic -fshort-wchar -nostdinc -Os -Wall -Wextra -Wno-missing-field-initializers -Wno-empty-body -Wno-implicit-fallthrough -Wno-old-style-declaration -Wno-unused-but-set-variable -Wno-unused-parameter -Werror -Wno-error=unused-but-set-variable -Wno-error=unused-parameter -I/shim/Cryptlib/OpenSSL -I/shim/Cryptlib -I/shim/Cryptlib/OpenSSL/Include/ -I/shim/Cryptlib/OpenSSL/crypto -I/shim/Cryptlib/Include -I/shim/gnu-efi/inc -I/shim/gnu-efi/inc/aarch64 -I/shim/gnu-efi/inc/protocol -I/shim/Cryptlib/OpenSSL/crypto/asn1 -I/shim/Cryptlib/OpenSSL/crypto/evp -I/shim/Cryptlib/OpenSSL/crypto/modes -I/shim/Cryptlib/OpenSSL/crypto/include -isystem /shim/include/system -isystem /usr/lib/gcc/aarch64-linux-gnu/14/include -DL_ENDIAN -D_CRT_SECURE_NO_DEPRECATE -D_CRT_NONSTDC_NO_DEPRECATE -DOPENSSL_SMALL_FOOTPRINT -DPEDANTIC -DMDE_CPU_AARCH64   -c -o crypto/evp/p_verify.o crypto/evp/p_verify.c
#14 221.1 gcc -std=gnu11 -ggdb -gdwarf-4 -gstrict-dwarf -ffreestanding -fmacro-prefix-map=/shim/= -fno-stack-protector -fno-strict-aliasing -fpic -fshort-wchar -nostdinc -Os -Wall -Wextra -Wno-missing-field-initializers -Wno-empty-body -Wno-implicit-fallthrough -Wno-old-style-declaration -Wno-unused-but-set-variable -Wno-unused-parameter -Werror -Wno-error=unused-but-set-variable -Wno-error=unused-parameter -I/shim/Cryptlib/OpenSSL -I/shim/Cryptlib -I/shim/Cryptlib/OpenSSL/Include/ -I/shim/Cryptlib/OpenSSL/crypto -I/shim/Cryptlib/Include -I/shim/gnu-efi/inc -I/shim/gnu-efi/inc/aarch64 -I/shim/gnu-efi/inc/protocol -I/shim/Cryptlib/OpenSSL/crypto/asn1 -I/shim/Cryptlib/OpenSSL/crypto/evp -I/shim/Cryptlib/OpenSSL/crypto/modes -I/shim/Cryptlib/OpenSSL/crypto/include -isystem /shim/include/system -isystem /usr/lib/gcc/aarch64-linux-gnu/14/include -DL_ENDIAN -D_CRT_SECURE_NO_DEPRECATE -D_CRT_NONSTDC_NO_DEPRECATE -DOPENSSL_SMALL_FOOTPRINT -DPEDANTIC -DMDE_CPU_AARCH64   -c -o crypto/evp/p_lib.o crypto/evp/p_lib.c
#14 221.3 gcc -std=gnu11 -ggdb -gdwarf-4 -gstrict-dwarf -ffreestanding -fmacro-prefix-map=/shim/= -fno-stack-protector -fno-strict-aliasing -fpic -fshort-wchar -nostdinc -Os -Wall -Wextra -Wno-missing-field-initializers -Wno-empty-body -Wno-implicit-fallthrough -Wno-old-style-declaration -Wno-unused-but-set-variable -Wno-unused-parameter -Werror -Wno-error=unused-but-set-variable -Wno-error=unused-parameter -I/shim/Cryptlib/OpenSSL -I/shim/Cryptlib -I/shim/Cryptlib/OpenSSL/Include/ -I/shim/Cryptlib/OpenSSL/crypto -I/shim/Cryptlib/Include -I/shim/gnu-efi/inc -I/shim/gnu-efi/inc/aarch64 -I/shim/gnu-efi/inc/protocol -I/shim/Cryptlib/OpenSSL/crypto/asn1 -I/shim/Cryptlib/OpenSSL/crypto/evp -I/shim/Cryptlib/OpenSSL/crypto/modes -I/shim/Cryptlib/OpenSSL/crypto/include -isystem /shim/include/system -isystem /usr/lib/gcc/aarch64-linux-gnu/14/include -DL_ENDIAN -D_CRT_SECURE_NO_DEPRECATE -D_CRT_NONSTDC_NO_DEPRECATE -DOPENSSL_SMALL_FOOTPRINT -DPEDANTIC -DMDE_CPU_AARCH64   -c -o crypto/evp/p_enc.o crypto/evp/p_enc.c
#14 221.4 gcc -std=gnu11 -ggdb -gdwarf-4 -gstrict-dwarf -ffreestanding -fmacro-prefix-map=/shim/= -fno-stack-protector -fno-strict-aliasing -fpic -fshort-wchar -nostdinc -Os -Wall -Wextra -Wno-missing-field-initializers -Wno-empty-body -Wno-implicit-fallthrough -Wno-old-style-declaration -Wno-unused-but-set-variable -Wno-unused-parameter -Werror -Wno-error=unused-but-set-variable -Wno-error=unused-parameter -I/shim/Cryptlib/OpenSSL -I/shim/Cryptlib -I/shim/Cryptlib/OpenSSL/Include/ -I/shim/Cryptlib/OpenSSL/crypto -I/shim/Cryptlib/Include -I/shim/gnu-efi/inc -I/shim/gnu-efi/inc/aarch64 -I/shim/gnu-efi/inc/protocol -I/shim/Cryptlib/OpenSSL/crypto/asn1 -I/shim/Cryptlib/OpenSSL/crypto/evp -I/shim/Cryptlib/OpenSSL/crypto/modes -I/shim/Cryptlib/OpenSSL/crypto/include -isystem /shim/include/system -isystem /usr/lib/gcc/aarch64-linux-gnu/14/include -DL_ENDIAN -D_CRT_SECURE_NO_DEPRECATE -D_CRT_NONSTDC_NO_DEPRECATE -DOPENSSL_SMALL_FOOTPRINT -DPEDANTIC -DMDE_CPU_AARCH64   -c -o crypto/evp/p_dec.o crypto/evp/p_dec.c
#14 222.5 gcc -std=gnu11 -ggdb -gdwarf-4 -gstrict-dwarf -ffreestanding -fmacro-prefix-map=/shim/= -fno-stack-protector -fno-strict-aliasing -fpic -fshort-wchar -nostdinc -Os -Wall -Wextra -Wno-missing-field-initializers -Wno-empty-body -Wno-implicit-fallthrough -Wno-old-style-declaration -Wno-unused-but-set-variable -Wno-unused-parameter -Werror -Wno-error=unused-but-set-variable -Wno-error=unused-parameter -I/shim/Cryptlib/OpenSSL -I/shim/Cryptlib -I/shim/Cryptlib/OpenSSL/Include/ -I/shim/Cryptlib/OpenSSL/crypto -I/shim/Cryptlib/Include -I/shim/gnu-efi/inc -I/shim/gnu-efi/inc/aarch64 -I/shim/gnu-efi/inc/protocol -I/shim/Cryptlib/OpenSSL/crypto/asn1 -I/shim/Cryptlib/OpenSSL/crypto/evp -I/shim/Cryptlib/OpenSSL/crypto/modes -I/shim/Cryptlib/OpenSSL/crypto/include -isystem /shim/include/system -isystem /usr/lib/gcc/aarch64-linux-gnu/14/include -DL_ENDIAN -D_CRT_SECURE_NO_DEPRECATE -D_CRT_NONSTDC_NO_DEPRECATE -DOPENSSL_SMALL_FOOTPRINT -DPEDANTIC -DMDE_CPU_AARCH64   -c -o crypto/evp/bio_md.o crypto/evp/bio_md.c
#14 223.0 gcc -std=gnu11 -ggdb -gdwarf-4 -gstrict-dwarf -ffreestanding -fmacro-prefix-map=/shim/= -fno-stack-protector -fno-strict-aliasing -fpic -fshort-wchar -nostdinc -Os -Wall -Wextra -Wno-missing-field-initializers -Wno-empty-body -Wno-implicit-fallthrough -Wno-old-style-declaration -Wno-unused-but-set-variable -Wno-unused-parameter -Werror -Wno-error=unused-but-set-variable -Wno-error=unused-parameter -I/shim/Cryptlib/OpenSSL -I/shim/Cryptlib -I/shim/Cryptlib/OpenSSL/Include/ -I/shim/Cryptlib/OpenSSL/crypto -I/shim/Cryptlib/Include -I/shim/gnu-efi/inc -I/shim/gnu-efi/inc/aarch64 -I/shim/gnu-efi/inc/protocol -I/shim/Cryptlib/OpenSSL/crypto/asn1 -I/shim/Cryptlib/OpenSSL/crypto/evp -I/shim/Cryptlib/OpenSSL/crypto/modes -I/shim/Cryptlib/OpenSSL/crypto/include -isystem /shim/include/system -isystem /usr/lib/gcc/aarch64-linux-gnu/14/include -DL_ENDIAN -D_CRT_SECURE_NO_DEPRECATE -D_CRT_NONSTDC_NO_DEPRECATE -DOPENSSL_SMALL_FOOTPRINT -DPEDANTIC -DMDE_CPU_AARCH64   -c -o crypto/evp/bio_b64.o crypto/evp/bio_b64.c
#14 223.5 gcc -std=gnu11 -ggdb -gdwarf-4 -gstrict-dwarf -ffreestanding -fmacro-prefix-map=/shim/= -fno-stack-protector -fno-strict-aliasing -fpic -fshort-wchar -nostdinc -Os -Wall -Wextra -Wno-missing-field-initializers -Wno-empty-body -Wno-implicit-fallthrough -Wno-old-style-declaration -Wno-unused-but-set-variable -Wno-unused-parameter -Werror -Wno-error=unused-but-set-variable -Wno-error=unused-parameter -I/shim/Cryptlib/OpenSSL -I/shim/Cryptlib -I/shim/Cryptlib/OpenSSL/Include/ -I/shim/Cryptlib/OpenSSL/crypto -I/shim/Cryptlib/Include -I/shim/gnu-efi/inc -I/shim/gnu-efi/inc/aarch64 -I/shim/gnu-efi/inc/protocol -I/shim/Cryptlib/OpenSSL/crypto/asn1 -I/shim/Cryptlib/OpenSSL/crypto/evp -I/shim/Cryptlib/OpenSSL/crypto/modes -I/shim/Cryptlib/OpenSSL/crypto/include -isystem /shim/include/system -isystem /usr/lib/gcc/aarch64-linux-gnu/14/include -DL_ENDIAN -D_CRT_SECURE_NO_DEPRECATE -D_CRT_NONSTDC_NO_DEPRECATE -DOPENSSL_SMALL_FOOTPRINT -DPEDANTIC -DMDE_CPU_AARCH64   -c -o crypto/evp/bio_enc.o crypto/evp/bio_enc.c
#14 224.4 gcc -std=gnu11 -ggdb -gdwarf-4 -gstrict-dwarf -ffreestanding -fmacro-prefix-map=/shim/= -fno-stack-protector -fno-strict-aliasing -fpic -fshort-wchar -nostdinc -Os -Wall -Wextra -Wno-missing-field-initializers -Wno-empty-body -Wno-implicit-fallthrough -Wno-old-style-declaration -Wno-unused-but-set-variable -Wno-unused-parameter -Werror -Wno-error=unused-but-set-variable -Wno-error=unused-parameter -I/shim/Cryptlib/OpenSSL -I/shim/Cryptlib -I/shim/Cryptlib/OpenSSL/Include/ -I/shim/Cryptlib/OpenSSL/crypto -I/shim/Cryptlib/Include -I/shim/gnu-efi/inc -I/shim/gnu-efi/inc/aarch64 -I/shim/gnu-efi/inc/protocol -I/shim/Cryptlib/OpenSSL/crypto/asn1 -I/shim/Cryptlib/OpenSSL/crypto/evp -I/shim/Cryptlib/OpenSSL/crypto/modes -I/shim/Cryptlib/OpenSSL/crypto/include -isystem /shim/include/system -isystem /usr/lib/gcc/aarch64-linux-gnu/14/include -DL_ENDIAN -D_CRT_SECURE_NO_DEPRECATE -D_CRT_NONSTDC_NO_DEPRECATE -DOPENSSL_SMALL_FOOTPRINT -DPEDANTIC -DMDE_CPU_AARCH64   -c -o crypto/evp/evp_err.o crypto/evp/evp_err.c
#14 225.3 gcc -std=gnu11 -ggdb -gdwarf-4 -gstrict-dwarf -ffreestanding -fmacro-prefix-map=/shim/= -fno-stack-protector -fno-strict-aliasing -fpic -fshort-wchar -nostdinc -Os -Wall -Wextra -Wno-missing-field-initializers -Wno-empty-body -Wno-implicit-fallthrough -Wno-old-style-declaration -Wno-unused-but-set-variable -Wno-unused-parameter -Werror -Wno-error=unused-but-set-variable -Wno-error=unused-parameter -I/shim/Cryptlib/OpenSSL -I/shim/Cryptlib -I/shim/Cryptlib/OpenSSL/Include/ -I/shim/Cryptlib/OpenSSL/crypto -I/shim/Cryptlib/Include -I/shim/gnu-efi/inc -I/shim/gnu-efi/inc/aarch64 -I/shim/gnu-efi/inc/protocol -I/shim/Cryptlib/OpenSSL/crypto/asn1 -I/shim/Cryptlib/OpenSSL/crypto/evp -I/shim/Cryptlib/OpenSSL/crypto/modes -I/shim/Cryptlib/OpenSSL/crypto/include -isystem /shim/include/system -isystem /usr/lib/gcc/aarch64-linux-gnu/14/include -DL_ENDIAN -D_CRT_SECURE_NO_DEPRECATE -D_CRT_NONSTDC_NO_DEPRECATE -DOPENSSL_SMALL_FOOTPRINT -DPEDANTIC -DMDE_CPU_AARCH64   -c -o crypto/evp/e_null.o crypto/evp/e_null.c
#14 225.6 gcc -std=gnu11 -ggdb -gdwarf-4 -gstrict-dwarf -ffreestanding -fmacro-prefix-map=/shim/= -fno-stack-protector -fno-strict-aliasing -fpic -fshort-wchar -nostdinc -Os -Wall -Wextra -Wno-missing-field-initializers -Wno-empty-body -Wno-implicit-fallthrough -Wno-old-style-declaration -Wno-unused-but-set-variable -Wno-unused-parameter -Werror -Wno-error=unused-but-set-variable -Wno-error=unused-parameter -I/shim/Cryptlib/OpenSSL -I/shim/Cryptlib -I/shim/Cryptlib/OpenSSL/Include/ -I/shim/Cryptlib/OpenSSL/crypto -I/shim/Cryptlib/Include -I/shim/gnu-efi/inc -I/shim/gnu-efi/inc/aarch64 -I/shim/gnu-efi/inc/protocol -I/shim/Cryptlib/OpenSSL/crypto/asn1 -I/shim/Cryptlib/OpenSSL/crypto/evp -I/shim/Cryptlib/OpenSSL/crypto/modes -I/shim/Cryptlib/OpenSSL/crypto/include -isystem /shim/include/system -isystem /usr/lib/gcc/aarch64-linux-gnu/14/include -DL_ENDIAN -D_CRT_SECURE_NO_DEPRECATE -D_CRT_NONSTDC_NO_DEPRECATE -DOPENSSL_SMALL_FOOTPRINT -DPEDANTIC -DMDE_CPU_AARCH64   -c -o crypto/evp/c_all.o crypto/evp/c_all.c
#14 226.5 gcc -std=gnu11 -ggdb -gdwarf-4 -gstrict-dwarf -ffreestanding -fmacro-prefix-map=/shim/= -fno-stack-protector -fno-strict-aliasing -fpic -fshort-wchar -nostdinc -Os -Wall -Wextra -Wno-missing-field-initializers -Wno-empty-body -Wno-implicit-fallthrough -Wno-old-style-declaration -Wno-unused-but-set-variable -Wno-unused-parameter -Werror -Wno-error=unused-but-set-variable -Wno-error=unused-parameter -I/shim/Cryptlib/OpenSSL -I/shim/Cryptlib -I/shim/Cryptlib/OpenSSL/Include/ -I/shim/Cryptlib/OpenSSL/crypto -I/shim/Cryptlib/Include -I/shim/gnu-efi/inc -I/shim/gnu-efi/inc/aarch64 -I/shim/gnu-efi/inc/protocol -I/shim/Cryptlib/OpenSSL/crypto/asn1 -I/shim/Cryptlib/OpenSSL/crypto/evp -I/shim/Cryptlib/OpenSSL/crypto/modes -I/shim/Cryptlib/OpenSSL/crypto/include -isystem /shim/include/system -isystem /usr/lib/gcc/aarch64-linux-gnu/14/include -DL_ENDIAN -D_CRT_SECURE_NO_DEPRECATE -D_CRT_NONSTDC_NO_DEPRECATE -DOPENSSL_SMALL_FOOTPRINT -DPEDANTIC -DMDE_CPU_AARCH64   -c -o crypto/evp/c_allc.o crypto/evp/c_allc.c
#14 226.8 gcc -std=gnu11 -ggdb -gdwarf-4 -gstrict-dwarf -ffreestanding -fmacro-prefix-map=/shim/= -fno-stack-protector -fno-strict-aliasing -fpic -fshort-wchar -nostdinc -Os -Wall -Wextra -Wno-missing-field-initializers -Wno-empty-body -Wno-implicit-fallthrough -Wno-old-style-declaration -Wno-unused-but-set-variable -Wno-unused-parameter -Werror -Wno-error=unused-but-set-variable -Wno-error=unused-parameter -I/shim/Cryptlib/OpenSSL -I/shim/Cryptlib -I/shim/Cryptlib/OpenSSL/Include/ -I/shim/Cryptlib/OpenSSL/crypto -I/shim/Cryptlib/Include -I/shim/gnu-efi/inc -I/shim/gnu-efi/inc/aarch64 -I/shim/gnu-efi/inc/protocol -I/shim/Cryptlib/OpenSSL/crypto/asn1 -I/shim/Cryptlib/OpenSSL/crypto/evp -I/shim/Cryptlib/OpenSSL/crypto/modes -I/shim/Cryptlib/OpenSSL/crypto/include -isystem /shim/include/system -isystem /usr/lib/gcc/aarch64-linux-gnu/14/include -DL_ENDIAN -D_CRT_SECURE_NO_DEPRECATE -D_CRT_NONSTDC_NO_DEPRECATE -DOPENSSL_SMALL_FOOTPRINT -DPEDANTIC -DMDE_CPU_AARCH64   -c -o crypto/evp/c_alld.o crypto/evp/c_alld.c
#14 226.8 gcc -std=gnu11 -ggdb -gdwarf-4 -gstrict-dwarf -ffreestanding -fmacro-prefix-map=/shim/= -fno-stack-protector -fno-strict-aliasing -fpic -fshort-wchar -nostdinc -Os -Wall -Wextra -Wno-missing-field-initializers -Wno-empty-body -Wno-implicit-fallthrough -Wno-old-style-declaration -Wno-unused-but-set-variable -Wno-unused-parameter -Werror -Wno-error=unused-but-set-variable -Wno-error=unused-parameter -I/shim/Cryptlib/OpenSSL -I/shim/Cryptlib -I/shim/Cryptlib/OpenSSL/Include/ -I/shim/Cryptlib/OpenSSL/crypto -I/shim/Cryptlib/Include -I/shim/gnu-efi/inc -I/shim/gnu-efi/inc/aarch64 -I/shim/gnu-efi/inc/protocol -I/shim/Cryptlib/OpenSSL/crypto/asn1 -I/shim/Cryptlib/OpenSSL/crypto/evp -I/shim/Cryptlib/OpenSSL/crypto/modes -I/shim/Cryptlib/OpenSSL/crypto/include -isystem /shim/include/system -isystem /usr/lib/gcc/aarch64-linux-gnu/14/include -DL_ENDIAN -D_CRT_SECURE_NO_DEPRECATE -D_CRT_NONSTDC_NO_DEPRECATE -DOPENSSL_SMALL_FOOTPRINT -DPEDANTIC -DMDE_CPU_AARCH64   -c -o crypto/evp/evp_lib.o crypto/evp/evp_lib.c
#14 226.9 gcc -std=gnu11 -ggdb -gdwarf-4 -gstrict-dwarf -ffreestanding -fmacro-prefix-map=/shim/= -fno-stack-protector -fno-strict-aliasing -fpic -fshort-wchar -nostdinc -Os -Wall -Wextra -Wno-missing-field-initializers -Wno-empty-body -Wno-implicit-fallthrough -Wno-old-style-declaration -Wno-unused-but-set-variable -Wno-unused-parameter -Werror -Wno-error=unused-but-set-variable -Wno-error=unused-parameter -I/shim/Cryptlib/OpenSSL -I/shim/Cryptlib -I/shim/Cryptlib/OpenSSL/Include/ -I/shim/Cryptlib/OpenSSL/crypto -I/shim/Cryptlib/Include -I/shim/gnu-efi/inc -I/shim/gnu-efi/inc/aarch64 -I/shim/gnu-efi/inc/protocol -I/shim/Cryptlib/OpenSSL/crypto/asn1 -I/shim/Cryptlib/OpenSSL/crypto/evp -I/shim/Cryptlib/OpenSSL/crypto/modes -I/shim/Cryptlib/OpenSSL/crypto/include -isystem /shim/include/system -isystem /usr/lib/gcc/aarch64-linux-gnu/14/include -DL_ENDIAN -D_CRT_SECURE_NO_DEPRECATE -D_CRT_NONSTDC_NO_DEPRECATE -DOPENSSL_SMALL_FOOTPRINT -DPEDANTIC -DMDE_CPU_AARCH64   -c -o crypto/evp/bio_ok.o crypto/evp/bio_ok.c
#14 228.0 gcc -std=gnu11 -ggdb -gdwarf-4 -gstrict-dwarf -ffreestanding -fmacro-prefix-map=/shim/= -fno-stack-protector -fno-strict-aliasing -fpic -fshort-wchar -nostdinc -Os -Wall -Wextra -Wno-missing-field-initializers -Wno-empty-body -Wno-implicit-fallthrough -Wno-old-style-declaration -Wno-unused-but-set-variable -Wno-unused-parameter -Werror -Wno-error=unused-but-set-variable -Wno-error=unused-parameter -I/shim/Cryptlib/OpenSSL -I/shim/Cryptlib -I/shim/Cryptlib/OpenSSL/Include/ -I/shim/Cryptlib/OpenSSL/crypto -I/shim/Cryptlib/Include -I/shim/gnu-efi/inc -I/shim/gnu-efi/inc/aarch64 -I/shim/gnu-efi/inc/protocol -I/shim/Cryptlib/OpenSSL/crypto/asn1 -I/shim/Cryptlib/OpenSSL/crypto/evp -I/shim/Cryptlib/OpenSSL/crypto/modes -I/shim/Cryptlib/OpenSSL/crypto/include -isystem /shim/include/system -isystem /usr/lib/gcc/aarch64-linux-gnu/14/include -DL_ENDIAN -D_CRT_SECURE_NO_DEPRECATE -D_CRT_NONSTDC_NO_DEPRECATE -DOPENSSL_SMALL_FOOTPRINT -DPEDANTIC -DMDE_CPU_AARCH64   -c -o crypto/evp/evp_pkey.o crypto/evp/evp_pkey.c
#14 228.1 gcc -std=gnu11 -ggdb -gdwarf-4 -gstrict-dwarf -ffreestanding -fmacro-prefix-map=/shim/= -fno-stack-protector -fno-strict-aliasing -fpic -fshort-wchar -nostdinc -Os -Wall -Wextra -Wno-missing-field-initializers -Wno-empty-body -Wno-implicit-fallthrough -Wno-old-style-declaration -Wno-unused-but-set-variable -Wno-unused-parameter -Werror -Wno-error=unused-but-set-variable -Wno-error=unused-parameter -I/shim/Cryptlib/OpenSSL -I/shim/Cryptlib -I/shim/Cryptlib/OpenSSL/Include/ -I/shim/Cryptlib/OpenSSL/crypto -I/shim/Cryptlib/Include -I/shim/gnu-efi/inc -I/shim/gnu-efi/inc/aarch64 -I/shim/gnu-efi/inc/protocol -I/shim/Cryptlib/OpenSSL/crypto/asn1 -I/shim/Cryptlib/OpenSSL/crypto/evp -I/shim/Cryptlib/OpenSSL/crypto/modes -I/shim/Cryptlib/OpenSSL/crypto/include -isystem /shim/include/system -isystem /usr/lib/gcc/aarch64-linux-gnu/14/include -DL_ENDIAN -D_CRT_SECURE_NO_DEPRECATE -D_CRT_NONSTDC_NO_DEPRECATE -DOPENSSL_SMALL_FOOTPRINT -DPEDANTIC -DMDE_CPU_AARCH64   -c -o crypto/evp/evp_pbe.o crypto/evp/evp_pbe.c
#14 229.8 gcc -std=gnu11 -ggdb -gdwarf-4 -gstrict-dwarf -ffreestanding -fmacro-prefix-map=/shim/= -fno-stack-protector -fno-strict-aliasing -fpic -fshort-wchar -nostdinc -Os -Wall -Wextra -Wno-missing-field-initializers -Wno-empty-body -Wno-implicit-fallthrough -Wno-old-style-declaration -Wno-unused-but-set-variable -Wno-unused-parameter -Werror -Wno-error=unused-but-set-variable -Wno-error=unused-parameter -I/shim/Cryptlib/OpenSSL -I/shim/Cryptlib -I/shim/Cryptlib/OpenSSL/Include/ -I/shim/Cryptlib/OpenSSL/crypto -I/shim/Cryptlib/Include -I/shim/gnu-efi/inc -I/shim/gnu-efi/inc/aarch64 -I/shim/gnu-efi/inc/protocol -I/shim/Cryptlib/OpenSSL/crypto/asn1 -I/shim/Cryptlib/OpenSSL/crypto/evp -I/shim/Cryptlib/OpenSSL/crypto/modes -I/shim/Cryptlib/OpenSSL/crypto/include -isystem /shim/include/system -isystem /usr/lib/gcc/aarch64-linux-gnu/14/include -DL_ENDIAN -D_CRT_SECURE_NO_DEPRECATE -D_CRT_NONSTDC_NO_DEPRECATE -DOPENSSL_SMALL_FOOTPRINT -DPEDANTIC -DMDE_CPU_AARCH64   -c -o crypto/evp/p5_crpt.o crypto/evp/p5_crpt.c
#14 230.3 gcc -std=gnu11 -ggdb -gdwarf-4 -gstrict-dwarf -ffreestanding -fmacro-prefix-map=/shim/= -fno-stack-protector -fno-strict-aliasing -fpic -fshort-wchar -nostdinc -Os -Wall -Wextra -Wno-missing-field-initializers -Wno-empty-body -Wno-implicit-fallthrough -Wno-old-style-declaration -Wno-unused-but-set-variable -Wno-unused-parameter -Werror -Wno-error=unused-but-set-variable -Wno-error=unused-parameter -I/shim/Cryptlib/OpenSSL -I/shim/Cryptlib -I/shim/Cryptlib/OpenSSL/Include/ -I/shim/Cryptlib/OpenSSL/crypto -I/shim/Cryptlib/Include -I/shim/gnu-efi/inc -I/shim/gnu-efi/inc/aarch64 -I/shim/gnu-efi/inc/protocol -I/shim/Cryptlib/OpenSSL/crypto/asn1 -I/shim/Cryptlib/OpenSSL/crypto/evp -I/shim/Cryptlib/OpenSSL/crypto/modes -I/shim/Cryptlib/OpenSSL/crypto/include -isystem /shim/include/system -isystem /usr/lib/gcc/aarch64-linux-gnu/14/include -DL_ENDIAN -D_CRT_SECURE_NO_DEPRECATE -D_CRT_NONSTDC_NO_DEPRECATE -DOPENSSL_SMALL_FOOTPRINT -DPEDANTIC -DMDE_CPU_AARCH64   -c -o crypto/evp/p5_crpt2.o crypto/evp/p5_crpt2.c
#14 230.4 gcc -std=gnu11 -ggdb -gdwarf-4 -gstrict-dwarf -ffreestanding -fmacro-prefix-map=/shim/= -fno-stack-protector -fno-strict-aliasing -fpic -fshort-wchar -nostdinc -Os -Wall -Wextra -Wno-missing-field-initializers -Wno-empty-body -Wno-implicit-fallthrough -Wno-old-style-declaration -Wno-unused-but-set-variable -Wno-unused-parameter -Werror -Wno-error=unused-but-set-variable -Wno-error=unused-parameter -I/shim/Cryptlib/OpenSSL -I/shim/Cryptlib -I/shim/Cryptlib/OpenSSL/Include/ -I/shim/Cryptlib/OpenSSL/crypto -I/shim/Cryptlib/Include -I/shim/gnu-efi/inc -I/shim/gnu-efi/inc/aarch64 -I/shim/gnu-efi/inc/protocol -I/shim/Cryptlib/OpenSSL/crypto/asn1 -I/shim/Cryptlib/OpenSSL/crypto/evp -I/shim/Cryptlib/OpenSSL/crypto/modes -I/shim/Cryptlib/OpenSSL/crypto/include -isystem /shim/include/system -isystem /usr/lib/gcc/aarch64-linux-gnu/14/include -DL_ENDIAN -D_CRT_SECURE_NO_DEPRECATE -D_CRT_NONSTDC_NO_DEPRECATE -DOPENSSL_SMALL_FOOTPRINT -DPEDANTIC -DMDE_CPU_AARCH64   -c -o crypto/evp/e_old.o crypto/evp/e_old.c
#14 230.8 gcc -std=gnu11 -ggdb -gdwarf-4 -gstrict-dwarf -ffreestanding -fmacro-prefix-map=/shim/= -fno-stack-protector -fno-strict-aliasing -fpic -fshort-wchar -nostdinc -Os -Wall -Wextra -Wno-missing-field-initializers -Wno-empty-body -Wno-implicit-fallthrough -Wno-old-style-declaration -Wno-unused-but-set-variable -Wno-unused-parameter -Werror -Wno-error=unused-but-set-variable -Wno-error=unused-parameter -I/shim/Cryptlib/OpenSSL -I/shim/Cryptlib -I/shim/Cryptlib/OpenSSL/Include/ -I/shim/Cryptlib/OpenSSL/crypto -I/shim/Cryptlib/Include -I/shim/gnu-efi/inc -I/shim/gnu-efi/inc/aarch64 -I/shim/gnu-efi/inc/protocol -I/shim/Cryptlib/OpenSSL/crypto/asn1 -I/shim/Cryptlib/OpenSSL/crypto/evp -I/shim/Cryptlib/OpenSSL/crypto/modes -I/shim/Cryptlib/OpenSSL/crypto/include -isystem /shim/include/system -isystem /usr/lib/gcc/aarch64-linux-gnu/14/include -DL_ENDIAN -D_CRT_SECURE_NO_DEPRECATE -D_CRT_NONSTDC_NO_DEPRECATE -DOPENSSL_SMALL_FOOTPRINT -DPEDANTIC -DMDE_CPU_AARCH64   -c -o crypto/evp/pmeth_lib.o crypto/evp/pmeth_lib.c
#14 231.8 gcc -std=gnu11 -ggdb -gdwarf-4 -gstrict-dwarf -ffreestanding -fmacro-prefix-map=/shim/= -fno-stack-protector -fno-strict-aliasing -fpic -fshort-wchar -nostdinc -Os -Wall -Wextra -Wno-missing-field-initializers -Wno-empty-body -Wno-implicit-fallthrough -Wno-old-style-declaration -Wno-unused-but-set-variable -Wno-unused-parameter -Werror -Wno-error=unused-but-set-variable -Wno-error=unused-parameter -I/shim/Cryptlib/OpenSSL -I/shim/Cryptlib -I/shim/Cryptlib/OpenSSL/Include/ -I/shim/Cryptlib/OpenSSL/crypto -I/shim/Cryptlib/Include -I/shim/gnu-efi/inc -I/shim/gnu-efi/inc/aarch64 -I/shim/gnu-efi/inc/protocol -I/shim/Cryptlib/OpenSSL/crypto/asn1 -I/shim/Cryptlib/OpenSSL/crypto/evp -I/shim/Cryptlib/OpenSSL/crypto/modes -I/shim/Cryptlib/OpenSSL/crypto/include -isystem /shim/include/system -isystem /usr/lib/gcc/aarch64-linux-gnu/14/include -DL_ENDIAN -D_CRT_SECURE_NO_DEPRECATE -D_CRT_NONSTDC_NO_DEPRECATE -DOPENSSL_SMALL_FOOTPRINT -DPEDANTIC -DMDE_CPU_AARCH64   -c -o crypto/evp/pmeth_fn.o crypto/evp/pmeth_fn.c
#14 232.3 gcc -std=gnu11 -ggdb -gdwarf-4 -gstrict-dwarf -ffreestanding -fmacro-prefix-map=/shim/= -fno-stack-protector -fno-strict-aliasing -fpic -fshort-wchar -nostdinc -Os -Wall -Wextra -Wno-missing-field-initializers -Wno-empty-body -Wno-implicit-fallthrough -Wno-old-style-declaration -Wno-unused-but-set-variable -Wno-unused-parameter -Werror -Wno-error=unused-but-set-variable -Wno-error=unused-parameter -I/shim/Cryptlib/OpenSSL -I/shim/Cryptlib -I/shim/Cryptlib/OpenSSL/Include/ -I/shim/Cryptlib/OpenSSL/crypto -I/shim/Cryptlib/Include -I/shim/gnu-efi/inc -I/shim/gnu-efi/inc/aarch64 -I/shim/gnu-efi/inc/protocol -I/shim/Cryptlib/OpenSSL/crypto/asn1 -I/shim/Cryptlib/OpenSSL/crypto/evp -I/shim/Cryptlib/OpenSSL/crypto/modes -I/shim/Cryptlib/OpenSSL/crypto/include -isystem /shim/include/system -isystem /usr/lib/gcc/aarch64-linux-gnu/14/include -DL_ENDIAN -D_CRT_SECURE_NO_DEPRECATE -D_CRT_NONSTDC_NO_DEPRECATE -DOPENSSL_SMALL_FOOTPRINT -DPEDANTIC -DMDE_CPU_AARCH64   -c -o crypto/evp/pmeth_gn.o crypto/evp/pmeth_gn.c
#14 233.1 gcc -std=gnu11 -ggdb -gdwarf-4 -gstrict-dwarf -ffreestanding -fmacro-prefix-map=/shim/= -fno-stack-protector -fno-strict-aliasing -fpic -fshort-wchar -nostdinc -Os -Wall -Wextra -Wno-missing-field-initializers -Wno-empty-body -Wno-implicit-fallthrough -Wno-old-style-declaration -Wno-unused-but-set-variable -Wno-unused-parameter -Werror -Wno-error=unused-but-set-variable -Wno-error=unused-parameter -I/shim/Cryptlib/OpenSSL -I/shim/Cryptlib -I/shim/Cryptlib/OpenSSL/Include/ -I/shim/Cryptlib/OpenSSL/crypto -I/shim/Cryptlib/Include -I/shim/gnu-efi/inc -I/shim/gnu-efi/inc/aarch64 -I/shim/gnu-efi/inc/protocol -I/shim/Cryptlib/OpenSSL/crypto/asn1 -I/shim/Cryptlib/OpenSSL/crypto/evp -I/shim/Cryptlib/OpenSSL/crypto/modes -I/shim/Cryptlib/OpenSSL/crypto/include -isystem /shim/include/system -isystem /usr/lib/gcc/aarch64-linux-gnu/14/include -DL_ENDIAN -D_CRT_SECURE_NO_DEPRECATE -D_CRT_NONSTDC_NO_DEPRECATE -DOPENSSL_SMALL_FOOTPRINT -DPEDANTIC -DMDE_CPU_AARCH64   -c -o crypto/evp/m_sigver.o crypto/evp/m_sigver.c
#14 233.9 gcc -std=gnu11 -ggdb -gdwarf-4 -gstrict-dwarf -ffreestanding -fmacro-prefix-map=/shim/= -fno-stack-protector -fno-strict-aliasing -fpic -fshort-wchar -nostdinc -Os -Wall -Wextra -Wno-missing-field-initializers -Wno-empty-body -Wno-implicit-fallthrough -Wno-old-style-declaration -Wno-unused-but-set-variable -Wno-unused-parameter -Werror -Wno-error=unused-but-set-variable -Wno-error=unused-parameter -I/shim/Cryptlib/OpenSSL -I/shim/Cryptlib -I/shim/Cryptlib/OpenSSL/Include/ -I/shim/Cryptlib/OpenSSL/crypto -I/shim/Cryptlib/Include -I/shim/gnu-efi/inc -I/shim/gnu-efi/inc/aarch64 -I/shim/gnu-efi/inc/protocol -I/shim/Cryptlib/OpenSSL/crypto/asn1 -I/shim/Cryptlib/OpenSSL/crypto/evp -I/shim/Cryptlib/OpenSSL/crypto/modes -I/shim/Cryptlib/OpenSSL/crypto/include -isystem /shim/include/system -isystem /usr/lib/gcc/aarch64-linux-gnu/14/include -DL_ENDIAN -D_CRT_SECURE_NO_DEPRECATE -D_CRT_NONSTDC_NO_DEPRECATE -DOPENSSL_SMALL_FOOTPRINT -DPEDANTIC -DMDE_CPU_AARCH64   -c -o crypto/evp/e_aes_cbc_hmac_sha1.o crypto/evp/e_aes_cbc_hmac_sha1.c
#14 234.5 gcc -std=gnu11 -ggdb -gdwarf-4 -gstrict-dwarf -ffreestanding -fmacro-prefix-map=/shim/= -fno-stack-protector -fno-strict-aliasing -fpic -fshort-wchar -nostdinc -Os -Wall -Wextra -Wno-missing-field-initializers -Wno-empty-body -Wno-implicit-fallthrough -Wno-old-style-declaration -Wno-unused-but-set-variable -Wno-unused-parameter -Werror -Wno-error=unused-but-set-variable -Wno-error=unused-parameter -I/shim/Cryptlib/OpenSSL -I/shim/Cryptlib -I/shim/Cryptlib/OpenSSL/Include/ -I/shim/Cryptlib/OpenSSL/crypto -I/shim/Cryptlib/Include -I/shim/gnu-efi/inc -I/shim/gnu-efi/inc/aarch64 -I/shim/gnu-efi/inc/protocol -I/shim/Cryptlib/OpenSSL/crypto/asn1 -I/shim/Cryptlib/OpenSSL/crypto/evp -I/shim/Cryptlib/OpenSSL/crypto/modes -I/shim/Cryptlib/OpenSSL/crypto/include -isystem /shim/include/system -isystem /usr/lib/gcc/aarch64-linux-gnu/14/include -DL_ENDIAN -D_CRT_SECURE_NO_DEPRECATE -D_CRT_NONSTDC_NO_DEPRECATE -DOPENSSL_SMALL_FOOTPRINT -DPEDANTIC -DMDE_CPU_AARCH64   -c -o crypto/evp/e_aes_cbc_hmac_sha256.o crypto/evp/e_aes_cbc_hmac_sha256.c
#14 234.6 gcc -std=gnu11 -ggdb -gdwarf-4 -gstrict-dwarf -ffreestanding -fmacro-prefix-map=/shim/= -fno-stack-protector -fno-strict-aliasing -fpic -fshort-wchar -nostdinc -Os -Wall -Wextra -Wno-missing-field-initializers -Wno-empty-body -Wno-implicit-fallthrough -Wno-old-style-declaration -Wno-unused-but-set-variable -Wno-unused-parameter -Werror -Wno-error=unused-but-set-variable -Wno-error=unused-parameter -I/shim/Cryptlib/OpenSSL -I/shim/Cryptlib -I/shim/Cryptlib/OpenSSL/Include/ -I/shim/Cryptlib/OpenSSL/crypto -I/shim/Cryptlib/Include -I/shim/gnu-efi/inc -I/shim/gnu-efi/inc/aarch64 -I/shim/gnu-efi/inc/protocol -I/shim/Cryptlib/OpenSSL/crypto/asn1 -I/shim/Cryptlib/OpenSSL/crypto/evp -I/shim/Cryptlib/OpenSSL/crypto/modes -I/shim/Cryptlib/OpenSSL/crypto/include -isystem /shim/include/system -isystem /usr/lib/gcc/aarch64-linux-gnu/14/include -DL_ENDIAN -D_CRT_SECURE_NO_DEPRECATE -D_CRT_NONSTDC_NO_DEPRECATE -DOPENSSL_SMALL_FOOTPRINT -DPEDANTIC -DMDE_CPU_AARCH64   -c -o crypto/evp/e_rc4_hmac_md5.o crypto/evp/e_rc4_hmac_md5.c
#14 235.1 gcc -std=gnu11 -ggdb -gdwarf-4 -gstrict-dwarf -ffreestanding -fmacro-prefix-map=/shim/= -fno-stack-protector -fno-strict-aliasing -fpic -fshort-wchar -nostdinc -Os -Wall -Wextra -Wno-missing-field-initializers -Wno-empty-body -Wno-implicit-fallthrough -Wno-old-style-declaration -Wno-unused-but-set-variable -Wno-unused-parameter -Werror -Wno-error=unused-but-set-variable -Wno-error=unused-parameter -I/shim/Cryptlib/OpenSSL -I/shim/Cryptlib -I/shim/Cryptlib/OpenSSL/Include/ -I/shim/Cryptlib/OpenSSL/crypto -I/shim/Cryptlib/Include -I/shim/gnu-efi/inc -I/shim/gnu-efi/inc/aarch64 -I/shim/gnu-efi/inc/protocol -I/shim/Cryptlib/OpenSSL/crypto/asn1 -I/shim/Cryptlib/OpenSSL/crypto/evp -I/shim/Cryptlib/OpenSSL/crypto/modes -I/shim/Cryptlib/OpenSSL/crypto/include -isystem /shim/include/system -isystem /usr/lib/gcc/aarch64-linux-gnu/14/include -DL_ENDIAN -D_CRT_SECURE_NO_DEPRECATE -D_CRT_NONSTDC_NO_DEPRECATE -DOPENSSL_SMALL_FOOTPRINT -DPEDANTIC -DMDE_CPU_AARCH64   -c -o crypto/asn1/a_object.o crypto/asn1/a_object.c
#14 235.4 gcc -std=gnu11 -ggdb -gdwarf-4 -gstrict-dwarf -ffreestanding -fmacro-prefix-map=/shim/= -fno-stack-protector -fno-strict-aliasing -fpic -fshort-wchar -nostdinc -Os -Wall -Wextra -Wno-missing-field-initializers -Wno-empty-body -Wno-implicit-fallthrough -Wno-old-style-declaration -Wno-unused-but-set-variable -Wno-unused-parameter -Werror -Wno-error=unused-but-set-variable -Wno-error=unused-parameter -I/shim/Cryptlib/OpenSSL -I/shim/Cryptlib -I/shim/Cryptlib/OpenSSL/Include/ -I/shim/Cryptlib/OpenSSL/crypto -I/shim/Cryptlib/Include -I/shim/gnu-efi/inc -I/shim/gnu-efi/inc/aarch64 -I/shim/gnu-efi/inc/protocol -I/shim/Cryptlib/OpenSSL/crypto/asn1 -I/shim/Cryptlib/OpenSSL/crypto/evp -I/shim/Cryptlib/OpenSSL/crypto/modes -I/shim/Cryptlib/OpenSSL/crypto/include -isystem /shim/include/system -isystem /usr/lib/gcc/aarch64-linux-gnu/14/include -DL_ENDIAN -D_CRT_SECURE_NO_DEPRECATE -D_CRT_NONSTDC_NO_DEPRECATE -DOPENSSL_SMALL_FOOTPRINT -DPEDANTIC -DMDE_CPU_AARCH64   -c -o crypto/asn1/a_bitstr.o crypto/asn1/a_bitstr.c
#14 235.8 gcc -std=gnu11 -ggdb -gdwarf-4 -gstrict-dwarf -ffreestanding -fmacro-prefix-map=/shim/= -fno-stack-protector -fno-strict-aliasing -fpic -fshort-wchar -nostdinc -Os -Wall -Wextra -Wno-missing-field-initializers -Wno-empty-body -Wno-implicit-fallthrough -Wno-old-style-declaration -Wno-unused-but-set-variable -Wno-unused-parameter -Werror -Wno-error=unused-but-set-variable -Wno-error=unused-parameter -I/shim/Cryptlib/OpenSSL -I/shim/Cryptlib -I/shim/Cryptlib/OpenSSL/Include/ -I/shim/Cryptlib/OpenSSL/crypto -I/shim/Cryptlib/Include -I/shim/gnu-efi/inc -I/shim/gnu-efi/inc/aarch64 -I/shim/gnu-efi/inc/protocol -I/shim/Cryptlib/OpenSSL/crypto/asn1 -I/shim/Cryptlib/OpenSSL/crypto/evp -I/shim/Cryptlib/OpenSSL/crypto/modes -I/shim/Cryptlib/OpenSSL/crypto/include -isystem /shim/include/system -isystem /usr/lib/gcc/aarch64-linux-gnu/14/include -DL_ENDIAN -D_CRT_SECURE_NO_DEPRECATE -D_CRT_NONSTDC_NO_DEPRECATE -DOPENSSL_SMALL_FOOTPRINT -DPEDANTIC -DMDE_CPU_AARCH64   -c -o crypto/asn1/a_utctm.o crypto/asn1/a_utctm.c
#14 237.0 gcc -std=gnu11 -ggdb -gdwarf-4 -gstrict-dwarf -ffreestanding -fmacro-prefix-map=/shim/= -fno-stack-protector -fno-strict-aliasing -fpic -fshort-wchar -nostdinc -Os -Wall -Wextra -Wno-missing-field-initializers -Wno-empty-body -Wno-implicit-fallthrough -Wno-old-style-declaration -Wno-unused-but-set-variable -Wno-unused-parameter -Werror -Wno-error=unused-but-set-variable -Wno-error=unused-parameter -I/shim/Cryptlib/OpenSSL -I/shim/Cryptlib -I/shim/Cryptlib/OpenSSL/Include/ -I/shim/Cryptlib/OpenSSL/crypto -I/shim/Cryptlib/Include -I/shim/gnu-efi/inc -I/shim/gnu-efi/inc/aarch64 -I/shim/gnu-efi/inc/protocol -I/shim/Cryptlib/OpenSSL/crypto/asn1 -I/shim/Cryptlib/OpenSSL/crypto/evp -I/shim/Cryptlib/OpenSSL/crypto/modes -I/shim/Cryptlib/OpenSSL/crypto/include -isystem /shim/include/system -isystem /usr/lib/gcc/aarch64-linux-gnu/14/include -DL_ENDIAN -D_CRT_SECURE_NO_DEPRECATE -D_CRT_NONSTDC_NO_DEPRECATE -DOPENSSL_SMALL_FOOTPRINT -DPEDANTIC -DMDE_CPU_AARCH64   -c -o crypto/asn1/a_gentm.o crypto/asn1/a_gentm.c
#14 238.2 gcc -std=gnu11 -ggdb -gdwarf-4 -gstrict-dwarf -ffreestanding -fmacro-prefix-map=/shim/= -fno-stack-protector -fno-strict-aliasing -fpic -fshort-wchar -nostdinc -Os -Wall -Wextra -Wno-missing-field-initializers -Wno-empty-body -Wno-implicit-fallthrough -Wno-old-style-declaration -Wno-unused-but-set-variable -Wno-unused-parameter -Werror -Wno-error=unused-but-set-variable -Wno-error=unused-parameter -I/shim/Cryptlib/OpenSSL -I/shim/Cryptlib -I/shim/Cryptlib/OpenSSL/Include/ -I/shim/Cryptlib/OpenSSL/crypto -I/shim/Cryptlib/Include -I/shim/gnu-efi/inc -I/shim/gnu-efi/inc/aarch64 -I/shim/gnu-efi/inc/protocol -I/shim/Cryptlib/OpenSSL/crypto/asn1 -I/shim/Cryptlib/OpenSSL/crypto/evp -I/shim/Cryptlib/OpenSSL/crypto/modes -I/shim/Cryptlib/OpenSSL/crypto/include -isystem /shim/include/system -isystem /usr/lib/gcc/aarch64-linux-gnu/14/include -DL_ENDIAN -D_CRT_SECURE_NO_DEPRECATE -D_CRT_NONSTDC_NO_DEPRECATE -DOPENSSL_SMALL_FOOTPRINT -DPEDANTIC -DMDE_CPU_AARCH64   -c -o crypto/asn1/a_time.o crypto/asn1/a_time.c
#14 238.3 gcc -std=gnu11 -ggdb -gdwarf-4 -gstrict-dwarf -ffreestanding -fmacro-prefix-map=/shim/= -fno-stack-protector -fno-strict-aliasing -fpic -fshort-wchar -nostdinc -Os -Wall -Wextra -Wno-missing-field-initializers -Wno-empty-body -Wno-implicit-fallthrough -Wno-old-style-declaration -Wno-unused-but-set-variable -Wno-unused-parameter -Werror -Wno-error=unused-but-set-variable -Wno-error=unused-parameter -I/shim/Cryptlib/OpenSSL -I/shim/Cryptlib -I/shim/Cryptlib/OpenSSL/Include/ -I/shim/Cryptlib/OpenSSL/crypto -I/shim/Cryptlib/Include -I/shim/gnu-efi/inc -I/shim/gnu-efi/inc/aarch64 -I/shim/gnu-efi/inc/protocol -I/shim/Cryptlib/OpenSSL/crypto/asn1 -I/shim/Cryptlib/OpenSSL/crypto/evp -I/shim/Cryptlib/OpenSSL/crypto/modes -I/shim/Cryptlib/OpenSSL/crypto/include -isystem /shim/include/system -isystem /usr/lib/gcc/aarch64-linux-gnu/14/include -DL_ENDIAN -D_CRT_SECURE_NO_DEPRECATE -D_CRT_NONSTDC_NO_DEPRECATE -DOPENSSL_SMALL_FOOTPRINT -DPEDANTIC -DMDE_CPU_AARCH64   -c -o crypto/asn1/a_int.o crypto/asn1/a_int.c
#14 238.7 gcc -std=gnu11 -ggdb -gdwarf-4 -gstrict-dwarf -ffreestanding -fmacro-prefix-map=/shim/= -fno-stack-protector -fno-strict-aliasing -fpic -fshort-wchar -nostdinc -Os -Wall -Wextra -Wno-missing-field-initializers -Wno-empty-body -Wno-implicit-fallthrough -Wno-old-style-declaration -Wno-unused-but-set-variable -Wno-unused-parameter -Werror -Wno-error=unused-but-set-variable -Wno-error=unused-parameter -I/shim/Cryptlib/OpenSSL -I/shim/Cryptlib -I/shim/Cryptlib/OpenSSL/Include/ -I/shim/Cryptlib/OpenSSL/crypto -I/shim/Cryptlib/Include -I/shim/gnu-efi/inc -I/shim/gnu-efi/inc/aarch64 -I/shim/gnu-efi/inc/protocol -I/shim/Cryptlib/OpenSSL/crypto/asn1 -I/shim/Cryptlib/OpenSSL/crypto/evp -I/shim/Cryptlib/OpenSSL/crypto/modes -I/shim/Cryptlib/OpenSSL/crypto/include -isystem /shim/include/system -isystem /usr/lib/gcc/aarch64-linux-gnu/14/include -DL_ENDIAN -D_CRT_SECURE_NO_DEPRECATE -D_CRT_NONSTDC_NO_DEPRECATE -DOPENSSL_SMALL_FOOTPRINT -DPEDANTIC -DMDE_CPU_AARCH64   -c -o crypto/asn1/a_octet.o crypto/asn1/a_octet.c
#14 240.0 gcc -std=gnu11 -ggdb -gdwarf-4 -gstrict-dwarf -ffreestanding -fmacro-prefix-map=/shim/= -fno-stack-protector -fno-strict-aliasing -fpic -fshort-wchar -nostdinc -Os -Wall -Wextra -Wno-missing-field-initializers -Wno-empty-body -Wno-implicit-fallthrough -Wno-old-style-declaration -Wno-unused-but-set-variable -Wno-unused-parameter -Werror -Wno-error=unused-but-set-variable -Wno-error=unused-parameter -I/shim/Cryptlib/OpenSSL -I/shim/Cryptlib -I/shim/Cryptlib/OpenSSL/Include/ -I/shim/Cryptlib/OpenSSL/crypto -I/shim/Cryptlib/Include -I/shim/gnu-efi/inc -I/shim/gnu-efi/inc/aarch64 -I/shim/gnu-efi/inc/protocol -I/shim/Cryptlib/OpenSSL/crypto/asn1 -I/shim/Cryptlib/OpenSSL/crypto/evp -I/shim/Cryptlib/OpenSSL/crypto/modes -I/shim/Cryptlib/OpenSSL/crypto/include -isystem /shim/include/system -isystem /usr/lib/gcc/aarch64-linux-gnu/14/include -DL_ENDIAN -D_CRT_SECURE_NO_DEPRECATE -D_CRT_NONSTDC_NO_DEPRECATE -DOPENSSL_SMALL_FOOTPRINT -DPEDANTIC -DMDE_CPU_AARCH64   -c -o crypto/asn1/a_print.o crypto/asn1/a_print.c
#14 240.2 gcc -std=gnu11 -ggdb -gdwarf-4 -gstrict-dwarf -ffreestanding -fmacro-prefix-map=/shim/= -fno-stack-protector -fno-strict-aliasing -fpic -fshort-wchar -nostdinc -Os -Wall -Wextra -Wno-missing-field-initializers -Wno-empty-body -Wno-implicit-fallthrough -Wno-old-style-declaration -Wno-unused-but-set-variable -Wno-unused-parameter -Werror -Wno-error=unused-but-set-variable -Wno-error=unused-parameter -I/shim/Cryptlib/OpenSSL -I/shim/Cryptlib -I/shim/Cryptlib/OpenSSL/Include/ -I/shim/Cryptlib/OpenSSL/crypto -I/shim/Cryptlib/Include -I/shim/gnu-efi/inc -I/shim/gnu-efi/inc/aarch64 -I/shim/gnu-efi/inc/protocol -I/shim/Cryptlib/OpenSSL/crypto/asn1 -I/shim/Cryptlib/OpenSSL/crypto/evp -I/shim/Cryptlib/OpenSSL/crypto/modes -I/shim/Cryptlib/OpenSSL/crypto/include -isystem /shim/include/system -isystem /usr/lib/gcc/aarch64-linux-gnu/14/include -DL_ENDIAN -D_CRT_SECURE_NO_DEPRECATE -D_CRT_NONSTDC_NO_DEPRECATE -DOPENSSL_SMALL_FOOTPRINT -DPEDANTIC -DMDE_CPU_AARCH64   -c -o crypto/asn1/a_type.o crypto/asn1/a_type.c
#14 241.1 gcc -std=gnu11 -ggdb -gdwarf-4 -gstrict-dwarf -ffreestanding -fmacro-prefix-map=/shim/= -fno-stack-protector -fno-strict-aliasing -fpic -fshort-wchar -nostdinc -Os -Wall -Wextra -Wno-missing-field-initializers -Wno-empty-body -Wno-implicit-fallthrough -Wno-old-style-declaration -Wno-unused-but-set-variable -Wno-unused-parameter -Werror -Wno-error=unused-but-set-variable -Wno-error=unused-parameter -I/shim/Cryptlib/OpenSSL -I/shim/Cryptlib -I/shim/Cryptlib/OpenSSL/Include/ -I/shim/Cryptlib/OpenSSL/crypto -I/shim/Cryptlib/Include -I/shim/gnu-efi/inc -I/shim/gnu-efi/inc/aarch64 -I/shim/gnu-efi/inc/protocol -I/shim/Cryptlib/OpenSSL/crypto/asn1 -I/shim/Cryptlib/OpenSSL/crypto/evp -I/shim/Cryptlib/OpenSSL/crypto/modes -I/shim/Cryptlib/OpenSSL/crypto/include -isystem /shim/include/system -isystem /usr/lib/gcc/aarch64-linux-gnu/14/include -DL_ENDIAN -D_CRT_SECURE_NO_DEPRECATE -D_CRT_NONSTDC_NO_DEPRECATE -DOPENSSL_SMALL_FOOTPRINT -DPEDANTIC -DMDE_CPU_AARCH64   -c -o crypto/asn1/a_set.o crypto/asn1/a_set.c
#14 241.9 gcc -std=gnu11 -ggdb -gdwarf-4 -gstrict-dwarf -ffreestanding -fmacro-prefix-map=/shim/= -fno-stack-protector -fno-strict-aliasing -fpic -fshort-wchar -nostdinc -Os -Wall -Wextra -Wno-missing-field-initializers -Wno-empty-body -Wno-implicit-fallthrough -Wno-old-style-declaration -Wno-unused-but-set-variable -Wno-unused-parameter -Werror -Wno-error=unused-but-set-variable -Wno-error=unused-parameter -I/shim/Cryptlib/OpenSSL -I/shim/Cryptlib -I/shim/Cryptlib/OpenSSL/Include/ -I/shim/Cryptlib/OpenSSL/crypto -I/shim/Cryptlib/Include -I/shim/gnu-efi/inc -I/shim/gnu-efi/inc/aarch64 -I/shim/gnu-efi/inc/protocol -I/shim/Cryptlib/OpenSSL/crypto/asn1 -I/shim/Cryptlib/OpenSSL/crypto/evp -I/shim/Cryptlib/OpenSSL/crypto/modes -I/shim/Cryptlib/OpenSSL/crypto/include -isystem /shim/include/system -isystem /usr/lib/gcc/aarch64-linux-gnu/14/include -DL_ENDIAN -D_CRT_SECURE_NO_DEPRECATE -D_CRT_NONSTDC_NO_DEPRECATE -DOPENSSL_SMALL_FOOTPRINT -DPEDANTIC -DMDE_CPU_AARCH64   -c -o crypto/asn1/a_dup.o crypto/asn1/a_dup.c
#14 242.3 gcc -std=gnu11 -ggdb -gdwarf-4 -gstrict-dwarf -ffreestanding -fmacro-prefix-map=/shim/= -fno-stack-protector -fno-strict-aliasing -fpic -fshort-wchar -nostdinc -Os -Wall -Wextra -Wno-missing-field-initializers -Wno-empty-body -Wno-implicit-fallthrough -Wno-old-style-declaration -Wno-unused-but-set-variable -Wno-unused-parameter -Werror -Wno-error=unused-but-set-variable -Wno-error=unused-parameter -I/shim/Cryptlib/OpenSSL -I/shim/Cryptlib -I/shim/Cryptlib/OpenSSL/Include/ -I/shim/Cryptlib/OpenSSL/crypto -I/shim/Cryptlib/Include -I/shim/gnu-efi/inc -I/shim/gnu-efi/inc/aarch64 -I/shim/gnu-efi/inc/protocol -I/shim/Cryptlib/OpenSSL/crypto/asn1 -I/shim/Cryptlib/OpenSSL/crypto/evp -I/shim/Cryptlib/OpenSSL/crypto/modes -I/shim/Cryptlib/OpenSSL/crypto/include -isystem /shim/include/system -isystem /usr/lib/gcc/aarch64-linux-gnu/14/include -DL_ENDIAN -D_CRT_SECURE_NO_DEPRECATE -D_CRT_NONSTDC_NO_DEPRECATE -DOPENSSL_SMALL_FOOTPRINT -DPEDANTIC -DMDE_CPU_AARCH64   -c -o crypto/asn1/a_d2i_fp.o crypto/asn1/a_d2i_fp.c
#14 242.5 gcc -std=gnu11 -ggdb -gdwarf-4 -gstrict-dwarf -ffreestanding -fmacro-prefix-map=/shim/= -fno-stack-protector -fno-strict-aliasing -fpic -fshort-wchar -nostdinc -Os -Wall -Wextra -Wno-missing-field-initializers -Wno-empty-body -Wno-implicit-fallthrough -Wno-old-style-declaration -Wno-unused-but-set-variable -Wno-unused-parameter -Werror -Wno-error=unused-but-set-variable -Wno-error=unused-parameter -I/shim/Cryptlib/OpenSSL -I/shim/Cryptlib -I/shim/Cryptlib/OpenSSL/Include/ -I/shim/Cryptlib/OpenSSL/crypto -I/shim/Cryptlib/Include -I/shim/gnu-efi/inc -I/shim/gnu-efi/inc/aarch64 -I/shim/gnu-efi/inc/protocol -I/shim/Cryptlib/OpenSSL/crypto/asn1 -I/shim/Cryptlib/OpenSSL/crypto/evp -I/shim/Cryptlib/OpenSSL/crypto/modes -I/shim/Cryptlib/OpenSSL/crypto/include -isystem /shim/include/system -isystem /usr/lib/gcc/aarch64-linux-gnu/14/include -DL_ENDIAN -D_CRT_SECURE_NO_DEPRECATE -D_CRT_NONSTDC_NO_DEPRECATE -DOPENSSL_SMALL_FOOTPRINT -DPEDANTIC -DMDE_CPU_AARCH64   -c -o crypto/asn1/a_i2d_fp.o crypto/asn1/a_i2d_fp.c
#14 243.8 gcc -std=gnu11 -ggdb -gdwarf-4 -gstrict-dwarf -ffreestanding -fmacro-prefix-map=/shim/= -fno-stack-protector -fno-strict-aliasing -fpic -fshort-wchar -nostdinc -Os -Wall -Wextra -Wno-missing-field-initializers -Wno-empty-body -Wno-implicit-fallthrough -Wno-old-style-declaration -Wno-unused-but-set-variable -Wno-unused-parameter -Werror -Wno-error=unused-but-set-variable -Wno-error=unused-parameter -I/shim/Cryptlib/OpenSSL -I/shim/Cryptlib -I/shim/Cryptlib/OpenSSL/Include/ -I/shim/Cryptlib/OpenSSL/crypto -I/shim/Cryptlib/Include -I/shim/gnu-efi/inc -I/shim/gnu-efi/inc/aarch64 -I/shim/gnu-efi/inc/protocol -I/shim/Cryptlib/OpenSSL/crypto/asn1 -I/shim/Cryptlib/OpenSSL/crypto/evp -I/shim/Cryptlib/OpenSSL/crypto/modes -I/shim/Cryptlib/OpenSSL/crypto/include -isystem /shim/include/system -isystem /usr/lib/gcc/aarch64-linux-gnu/14/include -DL_ENDIAN -D_CRT_SECURE_NO_DEPRECATE -D_CRT_NONSTDC_NO_DEPRECATE -DOPENSSL_SMALL_FOOTPRINT -DPEDANTIC -DMDE_CPU_AARCH64   -c -o crypto/asn1/a_enum.o crypto/asn1/a_enum.c
#14 244.0 gcc -std=gnu11 -ggdb -gdwarf-4 -gstrict-dwarf -ffreestanding -fmacro-prefix-map=/shim/= -fno-stack-protector -fno-strict-aliasing -fpic -fshort-wchar -nostdinc -Os -Wall -Wextra -Wno-missing-field-initializers -Wno-empty-body -Wno-implicit-fallthrough -Wno-old-style-declaration -Wno-unused-but-set-variable -Wno-unused-parameter -Werror -Wno-error=unused-but-set-variable -Wno-error=unused-parameter -I/shim/Cryptlib/OpenSSL -I/shim/Cryptlib -I/shim/Cryptlib/OpenSSL/Include/ -I/shim/Cryptlib/OpenSSL/crypto -I/shim/Cryptlib/Include -I/shim/gnu-efi/inc -I/shim/gnu-efi/inc/aarch64 -I/shim/gnu-efi/inc/protocol -I/shim/Cryptlib/OpenSSL/crypto/asn1 -I/shim/Cryptlib/OpenSSL/crypto/evp -I/shim/Cryptlib/OpenSSL/crypto/modes -I/shim/Cryptlib/OpenSSL/crypto/include -isystem /shim/include/system -isystem /usr/lib/gcc/aarch64-linux-gnu/14/include -DL_ENDIAN -D_CRT_SECURE_NO_DEPRECATE -D_CRT_NONSTDC_NO_DEPRECATE -DOPENSSL_SMALL_FOOTPRINT -DPEDANTIC -DMDE_CPU_AARCH64   -c -o crypto/asn1/a_utf8.o crypto/asn1/a_utf8.c
#14 244.9 gcc -std=gnu11 -ggdb -gdwarf-4 -gstrict-dwarf -ffreestanding -fmacro-prefix-map=/shim/= -fno-stack-protector -fno-strict-aliasing -fpic -fshort-wchar -nostdinc -Os -Wall -Wextra -Wno-missing-field-initializers -Wno-empty-body -Wno-implicit-fallthrough -Wno-old-style-declaration -Wno-unused-but-set-variable -Wno-unused-parameter -Werror -Wno-error=unused-but-set-variable -Wno-error=unused-parameter -I/shim/Cryptlib/OpenSSL -I/shim/Cryptlib -I/shim/Cryptlib/OpenSSL/Include/ -I/shim/Cryptlib/OpenSSL/crypto -I/shim/Cryptlib/Include -I/shim/gnu-efi/inc -I/shim/gnu-efi/inc/aarch64 -I/shim/gnu-efi/inc/protocol -I/shim/Cryptlib/OpenSSL/crypto/asn1 -I/shim/Cryptlib/OpenSSL/crypto/evp -I/shim/Cryptlib/OpenSSL/crypto/modes -I/shim/Cryptlib/OpenSSL/crypto/include -isystem /shim/include/system -isystem /usr/lib/gcc/aarch64-linux-gnu/14/include -DL_ENDIAN -D_CRT_SECURE_NO_DEPRECATE -D_CRT_NONSTDC_NO_DEPRECATE -DOPENSSL_SMALL_FOOTPRINT -DPEDANTIC -DMDE_CPU_AARCH64   -c -o crypto/asn1/a_sign.o crypto/asn1/a_sign.c
#14 245.4 gcc -std=gnu11 -ggdb -gdwarf-4 -gstrict-dwarf -ffreestanding -fmacro-prefix-map=/shim/= -fno-stack-protector -fno-strict-aliasing -fpic -fshort-wchar -nostdinc -Os -Wall -Wextra -Wno-missing-field-initializers -Wno-empty-body -Wno-implicit-fallthrough -Wno-old-style-declaration -Wno-unused-but-set-variable -Wno-unused-parameter -Werror -Wno-error=unused-but-set-variable -Wno-error=unused-parameter -I/shim/Cryptlib/OpenSSL -I/shim/Cryptlib -I/shim/Cryptlib/OpenSSL/Include/ -I/shim/Cryptlib/OpenSSL/crypto -I/shim/Cryptlib/Include -I/shim/gnu-efi/inc -I/shim/gnu-efi/inc/aarch64 -I/shim/gnu-efi/inc/protocol -I/shim/Cryptlib/OpenSSL/crypto/asn1 -I/shim/Cryptlib/OpenSSL/crypto/evp -I/shim/Cryptlib/OpenSSL/crypto/modes -I/shim/Cryptlib/OpenSSL/crypto/include -isystem /shim/include/system -isystem /usr/lib/gcc/aarch64-linux-gnu/14/include -DL_ENDIAN -D_CRT_SECURE_NO_DEPRECATE -D_CRT_NONSTDC_NO_DEPRECATE -DOPENSSL_SMALL_FOOTPRINT -DPEDANTIC -DMDE_CPU_AARCH64   -c -o crypto/asn1/a_digest.o crypto/asn1/a_digest.c
#14 246.4 gcc -std=gnu11 -ggdb -gdwarf-4 -gstrict-dwarf -ffreestanding -fmacro-prefix-map=/shim/= -fno-stack-protector -fno-strict-aliasing -fpic -fshort-wchar -nostdinc -Os -Wall -Wextra -Wno-missing-field-initializers -Wno-empty-body -Wno-implicit-fallthrough -Wno-old-style-declaration -Wno-unused-but-set-variable -Wno-unused-parameter -Werror -Wno-error=unused-but-set-variable -Wno-error=unused-parameter -I/shim/Cryptlib/OpenSSL -I/shim/Cryptlib -I/shim/Cryptlib/OpenSSL/Include/ -I/shim/Cryptlib/OpenSSL/crypto -I/shim/Cryptlib/Include -I/shim/gnu-efi/inc -I/shim/gnu-efi/inc/aarch64 -I/shim/gnu-efi/inc/protocol -I/shim/Cryptlib/OpenSSL/crypto/asn1 -I/shim/Cryptlib/OpenSSL/crypto/evp -I/shim/Cryptlib/OpenSSL/crypto/modes -I/shim/Cryptlib/OpenSSL/crypto/include -isystem /shim/include/system -isystem /usr/lib/gcc/aarch64-linux-gnu/14/include -DL_ENDIAN -D_CRT_SECURE_NO_DEPRECATE -D_CRT_NONSTDC_NO_DEPRECATE -DOPENSSL_SMALL_FOOTPRINT -DPEDANTIC -DMDE_CPU_AARCH64   -c -o crypto/asn1/a_verify.o crypto/asn1/a_verify.c
#14 246.5 gcc -std=gnu11 -ggdb -gdwarf-4 -gstrict-dwarf -ffreestanding -fmacro-prefix-map=/shim/= -fno-stack-protector -fno-strict-aliasing -fpic -fshort-wchar -nostdinc -Os -Wall -Wextra -Wno-missing-field-initializers -Wno-empty-body -Wno-implicit-fallthrough -Wno-old-style-declaration -Wno-unused-but-set-variable -Wno-unused-parameter -Werror -Wno-error=unused-but-set-variable -Wno-error=unused-parameter -I/shim/Cryptlib/OpenSSL -I/shim/Cryptlib -I/shim/Cryptlib/OpenSSL/Include/ -I/shim/Cryptlib/OpenSSL/crypto -I/shim/Cryptlib/Include -I/shim/gnu-efi/inc -I/shim/gnu-efi/inc/aarch64 -I/shim/gnu-efi/inc/protocol -I/shim/Cryptlib/OpenSSL/crypto/asn1 -I/shim/Cryptlib/OpenSSL/crypto/evp -I/shim/Cryptlib/OpenSSL/crypto/modes -I/shim/Cryptlib/OpenSSL/crypto/include -isystem /shim/include/system -isystem /usr/lib/gcc/aarch64-linux-gnu/14/include -DL_ENDIAN -D_CRT_SECURE_NO_DEPRECATE -D_CRT_NONSTDC_NO_DEPRECATE -DOPENSSL_SMALL_FOOTPRINT -DPEDANTIC -DMDE_CPU_AARCH64   -c -o crypto/asn1/a_mbstr.o crypto/asn1/a_mbstr.c
#14 247.2 gcc -std=gnu11 -ggdb -gdwarf-4 -gstrict-dwarf -ffreestanding -fmacro-prefix-map=/shim/= -fno-stack-protector -fno-strict-aliasing -fpic -fshort-wchar -nostdinc -Os -Wall -Wextra -Wno-missing-field-initializers -Wno-empty-body -Wno-implicit-fallthrough -Wno-old-style-declaration -Wno-unused-but-set-variable -Wno-unused-parameter -Werror -Wno-error=unused-but-set-variable -Wno-error=unused-parameter -I/shim/Cryptlib/OpenSSL -I/shim/Cryptlib -I/shim/Cryptlib/OpenSSL/Include/ -I/shim/Cryptlib/OpenSSL/crypto -I/shim/Cryptlib/Include -I/shim/gnu-efi/inc -I/shim/gnu-efi/inc/aarch64 -I/shim/gnu-efi/inc/protocol -I/shim/Cryptlib/OpenSSL/crypto/asn1 -I/shim/Cryptlib/OpenSSL/crypto/evp -I/shim/Cryptlib/OpenSSL/crypto/modes -I/shim/Cryptlib/OpenSSL/crypto/include -isystem /shim/include/system -isystem /usr/lib/gcc/aarch64-linux-gnu/14/include -DL_ENDIAN -D_CRT_SECURE_NO_DEPRECATE -D_CRT_NONSTDC_NO_DEPRECATE -DOPENSSL_SMALL_FOOTPRINT -DPEDANTIC -DMDE_CPU_AARCH64   -c -o crypto/asn1/a_strex.o crypto/asn1/a_strex.c
#14 247.7 gcc -std=gnu11 -ggdb -gdwarf-4 -gstrict-dwarf -ffreestanding -fmacro-prefix-map=/shim/= -fno-stack-protector -fno-strict-aliasing -fpic -fshort-wchar -nostdinc -Os -Wall -Wextra -Wno-missing-field-initializers -Wno-empty-body -Wno-implicit-fallthrough -Wno-old-style-declaration -Wno-unused-but-set-variable -Wno-unused-parameter -Werror -Wno-error=unused-but-set-variable -Wno-error=unused-parameter -I/shim/Cryptlib/OpenSSL -I/shim/Cryptlib -I/shim/Cryptlib/OpenSSL/Include/ -I/shim/Cryptlib/OpenSSL/crypto -I/shim/Cryptlib/Include -I/shim/gnu-efi/inc -I/shim/gnu-efi/inc/aarch64 -I/shim/gnu-efi/inc/protocol -I/shim/Cryptlib/OpenSSL/crypto/asn1 -I/shim/Cryptlib/OpenSSL/crypto/evp -I/shim/Cryptlib/OpenSSL/crypto/modes -I/shim/Cryptlib/OpenSSL/crypto/include -isystem /shim/include/system -isystem /usr/lib/gcc/aarch64-linux-gnu/14/include -DL_ENDIAN -D_CRT_SECURE_NO_DEPRECATE -D_CRT_NONSTDC_NO_DEPRECATE -DOPENSSL_SMALL_FOOTPRINT -DPEDANTIC -DMDE_CPU_AARCH64   -c -o crypto/asn1/x_algor.o crypto/asn1/x_algor.c
#14 248.8 gcc -std=gnu11 -ggdb -gdwarf-4 -gstrict-dwarf -ffreestanding -fmacro-prefix-map=/shim/= -fno-stack-protector -fno-strict-aliasing -fpic -fshort-wchar -nostdinc -Os -Wall -Wextra -Wno-missing-field-initializers -Wno-empty-body -Wno-implicit-fallthrough -Wno-old-style-declaration -Wno-unused-but-set-variable -Wno-unused-parameter -Werror -Wno-error=unused-but-set-variable -Wno-error=unused-parameter -I/shim/Cryptlib/OpenSSL -I/shim/Cryptlib -I/shim/Cryptlib/OpenSSL/Include/ -I/shim/Cryptlib/OpenSSL/crypto -I/shim/Cryptlib/Include -I/shim/gnu-efi/inc -I/shim/gnu-efi/inc/aarch64 -I/shim/gnu-efi/inc/protocol -I/shim/Cryptlib/OpenSSL/crypto/asn1 -I/shim/Cryptlib/OpenSSL/crypto/evp -I/shim/Cryptlib/OpenSSL/crypto/modes -I/shim/Cryptlib/OpenSSL/crypto/include -isystem /shim/include/system -isystem /usr/lib/gcc/aarch64-linux-gnu/14/include -DL_ENDIAN -D_CRT_SECURE_NO_DEPRECATE -D_CRT_NONSTDC_NO_DEPRECATE -DOPENSSL_SMALL_FOOTPRINT -DPEDANTIC -DMDE_CPU_AARCH64   -c -o crypto/asn1/x_val.o crypto/asn1/x_val.c
#14 249.9 gcc -std=gnu11 -ggdb -gdwarf-4 -gstrict-dwarf -ffreestanding -fmacro-prefix-map=/shim/= -fno-stack-protector -fno-strict-aliasing -fpic -fshort-wchar -nostdinc -Os -Wall -Wextra -Wno-missing-field-initializers -Wno-empty-body -Wno-implicit-fallthrough -Wno-old-style-declaration -Wno-unused-but-set-variable -Wno-unused-parameter -Werror -Wno-error=unused-but-set-variable -Wno-error=unused-parameter -I/shim/Cryptlib/OpenSSL -I/shim/Cryptlib -I/shim/Cryptlib/OpenSSL/Include/ -I/shim/Cryptlib/OpenSSL/crypto -I/shim/Cryptlib/Include -I/shim/gnu-efi/inc -I/shim/gnu-efi/inc/aarch64 -I/shim/gnu-efi/inc/protocol -I/shim/Cryptlib/OpenSSL/crypto/asn1 -I/shim/Cryptlib/OpenSSL/crypto/evp -I/shim/Cryptlib/OpenSSL/crypto/modes -I/shim/Cryptlib/OpenSSL/crypto/include -isystem /shim/include/system -isystem /usr/lib/gcc/aarch64-linux-gnu/14/include -DL_ENDIAN -D_CRT_SECURE_NO_DEPRECATE -D_CRT_NONSTDC_NO_DEPRECATE -DOPENSSL_SMALL_FOOTPRINT -DPEDANTIC -DMDE_CPU_AARCH64   -c -o crypto/asn1/x_pubkey.o crypto/asn1/x_pubkey.c
#14 250.1 gcc -std=gnu11 -ggdb -gdwarf-4 -gstrict-dwarf -ffreestanding -fmacro-prefix-map=/shim/= -fno-stack-protector -fno-strict-aliasing -fpic -fshort-wchar -nostdinc -Os -Wall -Wextra -Wno-missing-field-initializers -Wno-empty-body -Wno-implicit-fallthrough -Wno-old-style-declaration -Wno-unused-but-set-variable -Wno-unused-parameter -Werror -Wno-error=unused-but-set-variable -Wno-error=unused-parameter -I/shim/Cryptlib/OpenSSL -I/shim/Cryptlib -I/shim/Cryptlib/OpenSSL/Include/ -I/shim/Cryptlib/OpenSSL/crypto -I/shim/Cryptlib/Include -I/shim/gnu-efi/inc -I/shim/gnu-efi/inc/aarch64 -I/shim/gnu-efi/inc/protocol -I/shim/Cryptlib/OpenSSL/crypto/asn1 -I/shim/Cryptlib/OpenSSL/crypto/evp -I/shim/Cryptlib/OpenSSL/crypto/modes -I/shim/Cryptlib/OpenSSL/crypto/include -isystem /shim/include/system -isystem /usr/lib/gcc/aarch64-linux-gnu/14/include -DL_ENDIAN -D_CRT_SECURE_NO_DEPRECATE -D_CRT_NONSTDC_NO_DEPRECATE -DOPENSSL_SMALL_FOOTPRINT -DPEDANTIC -DMDE_CPU_AARCH64   -c -o crypto/asn1/x_sig.o crypto/asn1/x_sig.c
#14 250.3 gcc -std=gnu11 -ggdb -gdwarf-4 -gstrict-dwarf -ffreestanding -fmacro-prefix-map=/shim/= -fno-stack-protector -fno-strict-aliasing -fpic -fshort-wchar -nostdinc -Os -Wall -Wextra -Wno-missing-field-initializers -Wno-empty-body -Wno-implicit-fallthrough -Wno-old-style-declaration -Wno-unused-but-set-variable -Wno-unused-parameter -Werror -Wno-error=unused-but-set-variable -Wno-error=unused-parameter -I/shim/Cryptlib/OpenSSL -I/shim/Cryptlib -I/shim/Cryptlib/OpenSSL/Include/ -I/shim/Cryptlib/OpenSSL/crypto -I/shim/Cryptlib/Include -I/shim/gnu-efi/inc -I/shim/gnu-efi/inc/aarch64 -I/shim/gnu-efi/inc/protocol -I/shim/Cryptlib/OpenSSL/crypto/asn1 -I/shim/Cryptlib/OpenSSL/crypto/evp -I/shim/Cryptlib/OpenSSL/crypto/modes -I/shim/Cryptlib/OpenSSL/crypto/include -isystem /shim/include/system -isystem /usr/lib/gcc/aarch64-linux-gnu/14/include -DL_ENDIAN -D_CRT_SECURE_NO_DEPRECATE -D_CRT_NONSTDC_NO_DEPRECATE -DOPENSSL_SMALL_FOOTPRINT -DPEDANTIC -DMDE_CPU_AARCH64   -c -o crypto/asn1/x_req.o crypto/asn1/x_req.c
#14 251.2 gcc -std=gnu11 -ggdb -gdwarf-4 -gstrict-dwarf -ffreestanding -fmacro-prefix-map=/shim/= -fno-stack-protector -fno-strict-aliasing -fpic -fshort-wchar -nostdinc -Os -Wall -Wextra -Wno-missing-field-initializers -Wno-empty-body -Wno-implicit-fallthrough -Wno-old-style-declaration -Wno-unused-but-set-variable -Wno-unused-parameter -Werror -Wno-error=unused-but-set-variable -Wno-error=unused-parameter -I/shim/Cryptlib/OpenSSL -I/shim/Cryptlib -I/shim/Cryptlib/OpenSSL/Include/ -I/shim/Cryptlib/OpenSSL/crypto -I/shim/Cryptlib/Include -I/shim/gnu-efi/inc -I/shim/gnu-efi/inc/aarch64 -I/shim/gnu-efi/inc/protocol -I/shim/Cryptlib/OpenSSL/crypto/asn1 -I/shim/Cryptlib/OpenSSL/crypto/evp -I/shim/Cryptlib/OpenSSL/crypto/modes -I/shim/Cryptlib/OpenSSL/crypto/include -isystem /shim/include/system -isystem /usr/lib/gcc/aarch64-linux-gnu/14/include -DL_ENDIAN -D_CRT_SECURE_NO_DEPRECATE -D_CRT_NONSTDC_NO_DEPRECATE -DOPENSSL_SMALL_FOOTPRINT -DPEDANTIC -DMDE_CPU_AARCH64   -c -o crypto/asn1/x_attrib.o crypto/asn1/x_attrib.c
#14 251.7 gcc -std=gnu11 -ggdb -gdwarf-4 -gstrict-dwarf -ffreestanding -fmacro-prefix-map=/shim/= -fno-stack-protector -fno-strict-aliasing -fpic -fshort-wchar -nostdinc -Os -Wall -Wextra -Wno-missing-field-initializers -Wno-empty-body -Wno-implicit-fallthrough -Wno-old-style-declaration -Wno-unused-but-set-variable -Wno-unused-parameter -Werror -Wno-error=unused-but-set-variable -Wno-error=unused-parameter -I/shim/Cryptlib/OpenSSL -I/shim/Cryptlib -I/shim/Cryptlib/OpenSSL/Include/ -I/shim/Cryptlib/OpenSSL/crypto -I/shim/Cryptlib/Include -I/shim/gnu-efi/inc -I/shim/gnu-efi/inc/aarch64 -I/shim/gnu-efi/inc/protocol -I/shim/Cryptlib/OpenSSL/crypto/asn1 -I/shim/Cryptlib/OpenSSL/crypto/evp -I/shim/Cryptlib/OpenSSL/crypto/modes -I/shim/Cryptlib/OpenSSL/crypto/include -isystem /shim/include/system -isystem /usr/lib/gcc/aarch64-linux-gnu/14/include -DL_ENDIAN -D_CRT_SECURE_NO_DEPRECATE -D_CRT_NONSTDC_NO_DEPRECATE -DOPENSSL_SMALL_FOOTPRINT -DPEDANTIC -DMDE_CPU_AARCH64   -c -o crypto/asn1/x_bignum.o crypto/asn1/x_bignum.c
#14 252.2 gcc -std=gnu11 -ggdb -gdwarf-4 -gstrict-dwarf -ffreestanding -fmacro-prefix-map=/shim/= -fno-stack-protector -fno-strict-aliasing -fpic -fshort-wchar -nostdinc -Os -Wall -Wextra -Wno-missing-field-initializers -Wno-empty-body -Wno-implicit-fallthrough -Wno-old-style-declaration -Wno-unused-but-set-variable -Wno-unused-parameter -Werror -Wno-error=unused-but-set-variable -Wno-error=unused-parameter -I/shim/Cryptlib/OpenSSL -I/shim/Cryptlib -I/shim/Cryptlib/OpenSSL/Include/ -I/shim/Cryptlib/OpenSSL/crypto -I/shim/Cryptlib/Include -I/shim/gnu-efi/inc -I/shim/gnu-efi/inc/aarch64 -I/shim/gnu-efi/inc/protocol -I/shim/Cryptlib/OpenSSL/crypto/asn1 -I/shim/Cryptlib/OpenSSL/crypto/evp -I/shim/Cryptlib/OpenSSL/crypto/modes -I/shim/Cryptlib/OpenSSL/crypto/include -isystem /shim/include/system -isystem /usr/lib/gcc/aarch64-linux-gnu/14/include -DL_ENDIAN -D_CRT_SECURE_NO_DEPRECATE -D_CRT_NONSTDC_NO_DEPRECATE -DOPENSSL_SMALL_FOOTPRINT -DPEDANTIC -DMDE_CPU_AARCH64   -c -o crypto/asn1/x_long.o crypto/asn1/x_long.c
#14 252.4 gcc -std=gnu11 -ggdb -gdwarf-4 -gstrict-dwarf -ffreestanding -fmacro-prefix-map=/shim/= -fno-stack-protector -fno-strict-aliasing -fpic -fshort-wchar -nostdinc -Os -Wall -Wextra -Wno-missing-field-initializers -Wno-empty-body -Wno-implicit-fallthrough -Wno-old-style-declaration -Wno-unused-but-set-variable -Wno-unused-parameter -Werror -Wno-error=unused-but-set-variable -Wno-error=unused-parameter -I/shim/Cryptlib/OpenSSL -I/shim/Cryptlib -I/shim/Cryptlib/OpenSSL/Include/ -I/shim/Cryptlib/OpenSSL/crypto -I/shim/Cryptlib/Include -I/shim/gnu-efi/inc -I/shim/gnu-efi/inc/aarch64 -I/shim/gnu-efi/inc/protocol -I/shim/Cryptlib/OpenSSL/crypto/asn1 -I/shim/Cryptlib/OpenSSL/crypto/evp -I/shim/Cryptlib/OpenSSL/crypto/modes -I/shim/Cryptlib/OpenSSL/crypto/include -isystem /shim/include/system -isystem /usr/lib/gcc/aarch64-linux-gnu/14/include -DL_ENDIAN -D_CRT_SECURE_NO_DEPRECATE -D_CRT_NONSTDC_NO_DEPRECATE -DOPENSSL_SMALL_FOOTPRINT -DPEDANTIC -DMDE_CPU_AARCH64   -c -o crypto/asn1/x_name.o crypto/asn1/x_name.c
#14 253.0 gcc -std=gnu11 -ggdb -gdwarf-4 -gstrict-dwarf -ffreestanding -fmacro-prefix-map=/shim/= -fno-stack-protector -fno-strict-aliasing -fpic -fshort-wchar -nostdinc -Os -Wall -Wextra -Wno-missing-field-initializers -Wno-empty-body -Wno-implicit-fallthrough -Wno-old-style-declaration -Wno-unused-but-set-variable -Wno-unused-parameter -Werror -Wno-error=unused-but-set-variable -Wno-error=unused-parameter -I/shim/Cryptlib/OpenSSL -I/shim/Cryptlib -I/shim/Cryptlib/OpenSSL/Include/ -I/shim/Cryptlib/OpenSSL/crypto -I/shim/Cryptlib/Include -I/shim/gnu-efi/inc -I/shim/gnu-efi/inc/aarch64 -I/shim/gnu-efi/inc/protocol -I/shim/Cryptlib/OpenSSL/crypto/asn1 -I/shim/Cryptlib/OpenSSL/crypto/evp -I/shim/Cryptlib/OpenSSL/crypto/modes -I/shim/Cryptlib/OpenSSL/crypto/include -isystem /shim/include/system -isystem /usr/lib/gcc/aarch64-linux-gnu/14/include -DL_ENDIAN -D_CRT_SECURE_NO_DEPRECATE -D_CRT_NONSTDC_NO_DEPRECATE -DOPENSSL_SMALL_FOOTPRINT -DPEDANTIC -DMDE_CPU_AARCH64   -c -o crypto/asn1/x_x509.o crypto/asn1/x_x509.c
#14 253.7 gcc -std=gnu11 -ggdb -gdwarf-4 -gstrict-dwarf -ffreestanding -fmacro-prefix-map=/shim/= -fno-stack-protector -fno-strict-aliasing -fpic -fshort-wchar -nostdinc -Os -Wall -Wextra -Wno-missing-field-initializers -Wno-empty-body -Wno-implicit-fallthrough -Wno-old-style-declaration -Wno-unused-but-set-variable -Wno-unused-parameter -Werror -Wno-error=unused-but-set-variable -Wno-error=unused-parameter -I/shim/Cryptlib/OpenSSL -I/shim/Cryptlib -I/shim/Cryptlib/OpenSSL/Include/ -I/shim/Cryptlib/OpenSSL/crypto -I/shim/Cryptlib/Include -I/shim/gnu-efi/inc -I/shim/gnu-efi/inc/aarch64 -I/shim/gnu-efi/inc/protocol -I/shim/Cryptlib/OpenSSL/crypto/asn1 -I/shim/Cryptlib/OpenSSL/crypto/evp -I/shim/Cryptlib/OpenSSL/crypto/modes -I/shim/Cryptlib/OpenSSL/crypto/include -isystem /shim/include/system -isystem /usr/lib/gcc/aarch64-linux-gnu/14/include -DL_ENDIAN -D_CRT_SECURE_NO_DEPRECATE -D_CRT_NONSTDC_NO_DEPRECATE -DOPENSSL_SMALL_FOOTPRINT -DPEDANTIC -DMDE_CPU_AARCH64   -c -o crypto/asn1/x_x509a.o crypto/asn1/x_x509a.c
#14 254.6 gcc -std=gnu11 -ggdb -gdwarf-4 -gstrict-dwarf -ffreestanding -fmacro-prefix-map=/shim/= -fno-stack-protector -fno-strict-aliasing -fpic -fshort-wchar -nostdinc -Os -Wall -Wextra -Wno-missing-field-initializers -Wno-empty-body -Wno-implicit-fallthrough -Wno-old-style-declaration -Wno-unused-but-set-variable -Wno-unused-parameter -Werror -Wno-error=unused-but-set-variable -Wno-error=unused-parameter -I/shim/Cryptlib/OpenSSL -I/shim/Cryptlib -I/shim/Cryptlib/OpenSSL/Include/ -I/shim/Cryptlib/OpenSSL/crypto -I/shim/Cryptlib/Include -I/shim/gnu-efi/inc -I/shim/gnu-efi/inc/aarch64 -I/shim/gnu-efi/inc/protocol -I/shim/Cryptlib/OpenSSL/crypto/asn1 -I/shim/Cryptlib/OpenSSL/crypto/evp -I/shim/Cryptlib/OpenSSL/crypto/modes -I/shim/Cryptlib/OpenSSL/crypto/include -isystem /shim/include/system -isystem /usr/lib/gcc/aarch64-linux-gnu/14/include -DL_ENDIAN -D_CRT_SECURE_NO_DEPRECATE -D_CRT_NONSTDC_NO_DEPRECATE -DOPENSSL_SMALL_FOOTPRINT -DPEDANTIC -DMDE_CPU_AARCH64   -c -o crypto/asn1/x_crl.o crypto/asn1/x_crl.c
#14 255.6 gcc -std=gnu11 -ggdb -gdwarf-4 -gstrict-dwarf -ffreestanding -fmacro-prefix-map=/shim/= -fno-stack-protector -fno-strict-aliasing -fpic -fshort-wchar -nostdinc -Os -Wall -Wextra -Wno-missing-field-initializers -Wno-empty-body -Wno-implicit-fallthrough -Wno-old-style-declaration -Wno-unused-but-set-variable -Wno-unused-parameter -Werror -Wno-error=unused-but-set-variable -Wno-error=unused-parameter -I/shim/Cryptlib/OpenSSL -I/shim/Cryptlib -I/shim/Cryptlib/OpenSSL/Include/ -I/shim/Cryptlib/OpenSSL/crypto -I/shim/Cryptlib/Include -I/shim/gnu-efi/inc -I/shim/gnu-efi/inc/aarch64 -I/shim/gnu-efi/inc/protocol -I/shim/Cryptlib/OpenSSL/crypto/asn1 -I/shim/Cryptlib/OpenSSL/crypto/evp -I/shim/Cryptlib/OpenSSL/crypto/modes -I/shim/Cryptlib/OpenSSL/crypto/include -isystem /shim/include/system -isystem /usr/lib/gcc/aarch64-linux-gnu/14/include -DL_ENDIAN -D_CRT_SECURE_NO_DEPRECATE -D_CRT_NONSTDC_NO_DEPRECATE -DOPENSSL_SMALL_FOOTPRINT -DPEDANTIC -DMDE_CPU_AARCH64   -c -o crypto/asn1/x_info.o crypto/asn1/x_info.c
#14 255.9 gcc -std=gnu11 -ggdb -gdwarf-4 -gstrict-dwarf -ffreestanding -fmacro-prefix-map=/shim/= -fno-stack-protector -fno-strict-aliasing -fpic -fshort-wchar -nostdinc -Os -Wall -Wextra -Wno-missing-field-initializers -Wno-empty-body -Wno-implicit-fallthrough -Wno-old-style-declaration -Wno-unused-but-set-variable -Wno-unused-parameter -Werror -Wno-error=unused-but-set-variable -Wno-error=unused-parameter -I/shim/Cryptlib/OpenSSL -I/shim/Cryptlib -I/shim/Cryptlib/OpenSSL/Include/ -I/shim/Cryptlib/OpenSSL/crypto -I/shim/Cryptlib/Include -I/shim/gnu-efi/inc -I/shim/gnu-efi/inc/aarch64 -I/shim/gnu-efi/inc/protocol -I/shim/Cryptlib/OpenSSL/crypto/asn1 -I/shim/Cryptlib/OpenSSL/crypto/evp -I/shim/Cryptlib/OpenSSL/crypto/modes -I/shim/Cryptlib/OpenSSL/crypto/include -isystem /shim/include/system -isystem /usr/lib/gcc/aarch64-linux-gnu/14/include -DL_ENDIAN -D_CRT_SECURE_NO_DEPRECATE -D_CRT_NONSTDC_NO_DEPRECATE -DOPENSSL_SMALL_FOOTPRINT -DPEDANTIC -DMDE_CPU_AARCH64   -c -o crypto/asn1/x_spki.o crypto/asn1/x_spki.c
#14 256.5 gcc -std=gnu11 -ggdb -gdwarf-4 -gstrict-dwarf -ffreestanding -fmacro-prefix-map=/shim/= -fno-stack-protector -fno-strict-aliasing -fpic -fshort-wchar -nostdinc -Os -Wall -Wextra -Wno-missing-field-initializers -Wno-empty-body -Wno-implicit-fallthrough -Wno-old-style-declaration -Wno-unused-but-set-variable -Wno-unused-parameter -Werror -Wno-error=unused-but-set-variable -Wno-error=unused-parameter -I/shim/Cryptlib/OpenSSL -I/shim/Cryptlib -I/shim/Cryptlib/OpenSSL/Include/ -I/shim/Cryptlib/OpenSSL/crypto -I/shim/Cryptlib/Include -I/shim/gnu-efi/inc -I/shim/gnu-efi/inc/aarch64 -I/shim/gnu-efi/inc/protocol -I/shim/Cryptlib/OpenSSL/crypto/asn1 -I/shim/Cryptlib/OpenSSL/crypto/evp -I/shim/Cryptlib/OpenSSL/crypto/modes -I/shim/Cryptlib/OpenSSL/crypto/include -isystem /shim/include/system -isystem /usr/lib/gcc/aarch64-linux-gnu/14/include -DL_ENDIAN -D_CRT_SECURE_NO_DEPRECATE -D_CRT_NONSTDC_NO_DEPRECATE -DOPENSSL_SMALL_FOOTPRINT -DPEDANTIC -DMDE_CPU_AARCH64   -c -o crypto/asn1/nsseq.o crypto/asn1/nsseq.c
#14 257.3 gcc -std=gnu11 -ggdb -gdwarf-4 -gstrict-dwarf -ffreestanding -fmacro-prefix-map=/shim/= -fno-stack-protector -fno-strict-aliasing -fpic -fshort-wchar -nostdinc -Os -Wall -Wextra -Wno-missing-field-initializers -Wno-empty-body -Wno-implicit-fallthrough -Wno-old-style-declaration -Wno-unused-but-set-variable -Wno-unused-parameter -Werror -Wno-error=unused-but-set-variable -Wno-error=unused-parameter -I/shim/Cryptlib/OpenSSL -I/shim/Cryptlib -I/shim/Cryptlib/OpenSSL/Include/ -I/shim/Cryptlib/OpenSSL/crypto -I/shim/Cryptlib/Include -I/shim/gnu-efi/inc -I/shim/gnu-efi/inc/aarch64 -I/shim/gnu-efi/inc/protocol -I/shim/Cryptlib/OpenSSL/crypto/asn1 -I/shim/Cryptlib/OpenSSL/crypto/evp -I/shim/Cryptlib/OpenSSL/crypto/modes -I/shim/Cryptlib/OpenSSL/crypto/include -isystem /shim/include/system -isystem /usr/lib/gcc/aarch64-linux-gnu/14/include -DL_ENDIAN -D_CRT_SECURE_NO_DEPRECATE -D_CRT_NONSTDC_NO_DEPRECATE -DOPENSSL_SMALL_FOOTPRINT -DPEDANTIC -DMDE_CPU_AARCH64   -c -o crypto/asn1/x_nx509.o crypto/asn1/x_nx509.c
#14 257.4 gcc -std=gnu11 -ggdb -gdwarf-4 -gstrict-dwarf -ffreestanding -fmacro-prefix-map=/shim/= -fno-stack-protector -fno-strict-aliasing -fpic -fshort-wchar -nostdinc -Os -Wall -Wextra -Wno-missing-field-initializers -Wno-empty-body -Wno-implicit-fallthrough -Wno-old-style-declaration -Wno-unused-but-set-variable -Wno-unused-parameter -Werror -Wno-error=unused-but-set-variable -Wno-error=unused-parameter -I/shim/Cryptlib/OpenSSL -I/shim/Cryptlib -I/shim/Cryptlib/OpenSSL/Include/ -I/shim/Cryptlib/OpenSSL/crypto -I/shim/Cryptlib/Include -I/shim/gnu-efi/inc -I/shim/gnu-efi/inc/aarch64 -I/shim/gnu-efi/inc/protocol -I/shim/Cryptlib/OpenSSL/crypto/asn1 -I/shim/Cryptlib/OpenSSL/crypto/evp -I/shim/Cryptlib/OpenSSL/crypto/modes -I/shim/Cryptlib/OpenSSL/crypto/include -isystem /shim/include/system -isystem /usr/lib/gcc/aarch64-linux-gnu/14/include -DL_ENDIAN -D_CRT_SECURE_NO_DEPRECATE -D_CRT_NONSTDC_NO_DEPRECATE -DOPENSSL_SMALL_FOOTPRINT -DPEDANTIC -DMDE_CPU_AARCH64   -c -o crypto/asn1/d2i_pu.o crypto/asn1/d2i_pu.c
#14 258.1 gcc -std=gnu11 -ggdb -gdwarf-4 -gstrict-dwarf -ffreestanding -fmacro-prefix-map=/shim/= -fno-stack-protector -fno-strict-aliasing -fpic -fshort-wchar -nostdinc -Os -Wall -Wextra -Wno-missing-field-initializers -Wno-empty-body -Wno-implicit-fallthrough -Wno-old-style-declaration -Wno-unused-but-set-variable -Wno-unused-parameter -Werror -Wno-error=unused-but-set-variable -Wno-error=unused-parameter -I/shim/Cryptlib/OpenSSL -I/shim/Cryptlib -I/shim/Cryptlib/OpenSSL/Include/ -I/shim/Cryptlib/OpenSSL/crypto -I/shim/Cryptlib/Include -I/shim/gnu-efi/inc -I/shim/gnu-efi/inc/aarch64 -I/shim/gnu-efi/inc/protocol -I/shim/Cryptlib/OpenSSL/crypto/asn1 -I/shim/Cryptlib/OpenSSL/crypto/evp -I/shim/Cryptlib/OpenSSL/crypto/modes -I/shim/Cryptlib/OpenSSL/crypto/include -isystem /shim/include/system -isystem /usr/lib/gcc/aarch64-linux-gnu/14/include -DL_ENDIAN -D_CRT_SECURE_NO_DEPRECATE -D_CRT_NONSTDC_NO_DEPRECATE -DOPENSSL_SMALL_FOOTPRINT -DPEDANTIC -DMDE_CPU_AARCH64   -c -o crypto/asn1/d2i_pr.o crypto/asn1/d2i_pr.c
#14 258.2 gcc -std=gnu11 -ggdb -gdwarf-4 -gstrict-dwarf -ffreestanding -fmacro-prefix-map=/shim/= -fno-stack-protector -fno-strict-aliasing -fpic -fshort-wchar -nostdinc -Os -Wall -Wextra -Wno-missing-field-initializers -Wno-empty-body -Wno-implicit-fallthrough -Wno-old-style-declaration -Wno-unused-but-set-variable -Wno-unused-parameter -Werror -Wno-error=unused-but-set-variable -Wno-error=unused-parameter -I/shim/Cryptlib/OpenSSL -I/shim/Cryptlib -I/shim/Cryptlib/OpenSSL/Include/ -I/shim/Cryptlib/OpenSSL/crypto -I/shim/Cryptlib/Include -I/shim/gnu-efi/inc -I/shim/gnu-efi/inc/aarch64 -I/shim/gnu-efi/inc/protocol -I/shim/Cryptlib/OpenSSL/crypto/asn1 -I/shim/Cryptlib/OpenSSL/crypto/evp -I/shim/Cryptlib/OpenSSL/crypto/modes -I/shim/Cryptlib/OpenSSL/crypto/include -isystem /shim/include/system -isystem /usr/lib/gcc/aarch64-linux-gnu/14/include -DL_ENDIAN -D_CRT_SECURE_NO_DEPRECATE -D_CRT_NONSTDC_NO_DEPRECATE -DOPENSSL_SMALL_FOOTPRINT -DPEDANTIC -DMDE_CPU_AARCH64   -c -o crypto/asn1/i2d_pu.o crypto/asn1/i2d_pu.c
#14 258.9 gcc -std=gnu11 -ggdb -gdwarf-4 -gstrict-dwarf -ffreestanding -fmacro-prefix-map=/shim/= -fno-stack-protector -fno-strict-aliasing -fpic -fshort-wchar -nostdinc -Os -Wall -Wextra -Wno-missing-field-initializers -Wno-empty-body -Wno-implicit-fallthrough -Wno-old-style-declaration -Wno-unused-but-set-variable -Wno-unused-parameter -Werror -Wno-error=unused-but-set-variable -Wno-error=unused-parameter -I/shim/Cryptlib/OpenSSL -I/shim/Cryptlib -I/shim/Cryptlib/OpenSSL/Include/ -I/shim/Cryptlib/OpenSSL/crypto -I/shim/Cryptlib/Include -I/shim/gnu-efi/inc -I/shim/gnu-efi/inc/aarch64 -I/shim/gnu-efi/inc/protocol -I/shim/Cryptlib/OpenSSL/crypto/asn1 -I/shim/Cryptlib/OpenSSL/crypto/evp -I/shim/Cryptlib/OpenSSL/crypto/modes -I/shim/Cryptlib/OpenSSL/crypto/include -isystem /shim/include/system -isystem /usr/lib/gcc/aarch64-linux-gnu/14/include -DL_ENDIAN -D_CRT_SECURE_NO_DEPRECATE -D_CRT_NONSTDC_NO_DEPRECATE -DOPENSSL_SMALL_FOOTPRINT -DPEDANTIC -DMDE_CPU_AARCH64   -c -o crypto/asn1/i2d_pr.o crypto/asn1/i2d_pr.c
#14 259.1 gcc -std=gnu11 -ggdb -gdwarf-4 -gstrict-dwarf -ffreestanding -fmacro-prefix-map=/shim/= -fno-stack-protector -fno-strict-aliasing -fpic -fshort-wchar -nostdinc -Os -Wall -Wextra -Wno-missing-field-initializers -Wno-empty-body -Wno-implicit-fallthrough -Wno-old-style-declaration -Wno-unused-but-set-variable -Wno-unused-parameter -Werror -Wno-error=unused-but-set-variable -Wno-error=unused-parameter -I/shim/Cryptlib/OpenSSL -I/shim/Cryptlib -I/shim/Cryptlib/OpenSSL/Include/ -I/shim/Cryptlib/OpenSSL/crypto -I/shim/Cryptlib/Include -I/shim/gnu-efi/inc -I/shim/gnu-efi/inc/aarch64 -I/shim/gnu-efi/inc/protocol -I/shim/Cryptlib/OpenSSL/crypto/asn1 -I/shim/Cryptlib/OpenSSL/crypto/evp -I/shim/Cryptlib/OpenSSL/crypto/modes -I/shim/Cryptlib/OpenSSL/crypto/include -isystem /shim/include/system -isystem /usr/lib/gcc/aarch64-linux-gnu/14/include -DL_ENDIAN -D_CRT_SECURE_NO_DEPRECATE -D_CRT_NONSTDC_NO_DEPRECATE -DOPENSSL_SMALL_FOOTPRINT -DPEDANTIC -DMDE_CPU_AARCH64   -c -o crypto/asn1/t_req.o crypto/asn1/t_req.c
#14 259.8 gcc -std=gnu11 -ggdb -gdwarf-4 -gstrict-dwarf -ffreestanding -fmacro-prefix-map=/shim/= -fno-stack-protector -fno-strict-aliasing -fpic -fshort-wchar -nostdinc -Os -Wall -Wextra -Wno-missing-field-initializers -Wno-empty-body -Wno-implicit-fallthrough -Wno-old-style-declaration -Wno-unused-but-set-variable -Wno-unused-parameter -Werror -Wno-error=unused-but-set-variable -Wno-error=unused-parameter -I/shim/Cryptlib/OpenSSL -I/shim/Cryptlib -I/shim/Cryptlib/OpenSSL/Include/ -I/shim/Cryptlib/OpenSSL/crypto -I/shim/Cryptlib/Include -I/shim/gnu-efi/inc -I/shim/gnu-efi/inc/aarch64 -I/shim/gnu-efi/inc/protocol -I/shim/Cryptlib/OpenSSL/crypto/asn1 -I/shim/Cryptlib/OpenSSL/crypto/evp -I/shim/Cryptlib/OpenSSL/crypto/modes -I/shim/Cryptlib/OpenSSL/crypto/include -isystem /shim/include/system -isystem /usr/lib/gcc/aarch64-linux-gnu/14/include -DL_ENDIAN -D_CRT_SECURE_NO_DEPRECATE -D_CRT_NONSTDC_NO_DEPRECATE -DOPENSSL_SMALL_FOOTPRINT -DPEDANTIC -DMDE_CPU_AARCH64   -c -o crypto/asn1/t_x509.o crypto/asn1/t_x509.c
#14 260.0 gcc -std=gnu11 -ggdb -gdwarf-4 -gstrict-dwarf -ffreestanding -fmacro-prefix-map=/shim/= -fno-stack-protector -fno-strict-aliasing -fpic -fshort-wchar -nostdinc -Os -Wall -Wextra -Wno-missing-field-initializers -Wno-empty-body -Wno-implicit-fallthrough -Wno-old-style-declaration -Wno-unused-but-set-variable -Wno-unused-parameter -Werror -Wno-error=unused-but-set-variable -Wno-error=unused-parameter -I/shim/Cryptlib/OpenSSL -I/shim/Cryptlib -I/shim/Cryptlib/OpenSSL/Include/ -I/shim/Cryptlib/OpenSSL/crypto -I/shim/Cryptlib/Include -I/shim/gnu-efi/inc -I/shim/gnu-efi/inc/aarch64 -I/shim/gnu-efi/inc/protocol -I/shim/Cryptlib/OpenSSL/crypto/asn1 -I/shim/Cryptlib/OpenSSL/crypto/evp -I/shim/Cryptlib/OpenSSL/crypto/modes -I/shim/Cryptlib/OpenSSL/crypto/include -isystem /shim/include/system -isystem /usr/lib/gcc/aarch64-linux-gnu/14/include -DL_ENDIAN -D_CRT_SECURE_NO_DEPRECATE -D_CRT_NONSTDC_NO_DEPRECATE -DOPENSSL_SMALL_FOOTPRINT -DPEDANTIC -DMDE_CPU_AARCH64   -c -o crypto/asn1/t_x509a.o crypto/asn1/t_x509a.c
#14 260.9 gcc -std=gnu11 -ggdb -gdwarf-4 -gstrict-dwarf -ffreestanding -fmacro-prefix-map=/shim/= -fno-stack-protector -fno-strict-aliasing -fpic -fshort-wchar -nostdinc -Os -Wall -Wextra -Wno-missing-field-initializers -Wno-empty-body -Wno-implicit-fallthrough -Wno-old-style-declaration -Wno-unused-but-set-variable -Wno-unused-parameter -Werror -Wno-error=unused-but-set-variable -Wno-error=unused-parameter -I/shim/Cryptlib/OpenSSL -I/shim/Cryptlib -I/shim/Cryptlib/OpenSSL/Include/ -I/shim/Cryptlib/OpenSSL/crypto -I/shim/Cryptlib/Include -I/shim/gnu-efi/inc -I/shim/gnu-efi/inc/aarch64 -I/shim/gnu-efi/inc/protocol -I/shim/Cryptlib/OpenSSL/crypto/asn1 -I/shim/Cryptlib/OpenSSL/crypto/evp -I/shim/Cryptlib/OpenSSL/crypto/modes -I/shim/Cryptlib/OpenSSL/crypto/include -isystem /shim/include/system -isystem /usr/lib/gcc/aarch64-linux-gnu/14/include -DL_ENDIAN -D_CRT_SECURE_NO_DEPRECATE -D_CRT_NONSTDC_NO_DEPRECATE -DOPENSSL_SMALL_FOOTPRINT -DPEDANTIC -DMDE_CPU_AARCH64   -c -o crypto/asn1/t_crl.o crypto/asn1/t_crl.c
#14 261.9 gcc -std=gnu11 -ggdb -gdwarf-4 -gstrict-dwarf -ffreestanding -fmacro-prefix-map=/shim/= -fno-stack-protector -fno-strict-aliasing -fpic -fshort-wchar -nostdinc -Os -Wall -Wextra -Wno-missing-field-initializers -Wno-empty-body -Wno-implicit-fallthrough -Wno-old-style-declaration -Wno-unused-but-set-variable -Wno-unused-parameter -Werror -Wno-error=unused-but-set-variable -Wno-error=unused-parameter -I/shim/Cryptlib/OpenSSL -I/shim/Cryptlib -I/shim/Cryptlib/OpenSSL/Include/ -I/shim/Cryptlib/OpenSSL/crypto -I/shim/Cryptlib/Include -I/shim/gnu-efi/inc -I/shim/gnu-efi/inc/aarch64 -I/shim/gnu-efi/inc/protocol -I/shim/Cryptlib/OpenSSL/crypto/asn1 -I/shim/Cryptlib/OpenSSL/crypto/evp -I/shim/Cryptlib/OpenSSL/crypto/modes -I/shim/Cryptlib/OpenSSL/crypto/include -isystem /shim/include/system -isystem /usr/lib/gcc/aarch64-linux-gnu/14/include -DL_ENDIAN -D_CRT_SECURE_NO_DEPRECATE -D_CRT_NONSTDC_NO_DEPRECATE -DOPENSSL_SMALL_FOOTPRINT -DPEDANTIC -DMDE_CPU_AARCH64   -c -o crypto/asn1/t_pkey.o crypto/asn1/t_pkey.c
#14 262.4 gcc -std=gnu11 -ggdb -gdwarf-4 -gstrict-dwarf -ffreestanding -fmacro-prefix-map=/shim/= -fno-stack-protector -fno-strict-aliasing -fpic -fshort-wchar -nostdinc -Os -Wall -Wextra -Wno-missing-field-initializers -Wno-empty-body -Wno-implicit-fallthrough -Wno-old-style-declaration -Wno-unused-but-set-variable -Wno-unused-parameter -Werror -Wno-error=unused-but-set-variable -Wno-error=unused-parameter -I/shim/Cryptlib/OpenSSL -I/shim/Cryptlib -I/shim/Cryptlib/OpenSSL/Include/ -I/shim/Cryptlib/OpenSSL/crypto -I/shim/Cryptlib/Include -I/shim/gnu-efi/inc -I/shim/gnu-efi/inc/aarch64 -I/shim/gnu-efi/inc/protocol -I/shim/Cryptlib/OpenSSL/crypto/asn1 -I/shim/Cryptlib/OpenSSL/crypto/evp -I/shim/Cryptlib/OpenSSL/crypto/modes -I/shim/Cryptlib/OpenSSL/crypto/include -isystem /shim/include/system -isystem /usr/lib/gcc/aarch64-linux-gnu/14/include -DL_ENDIAN -D_CRT_SECURE_NO_DEPRECATE -D_CRT_NONSTDC_NO_DEPRECATE -DOPENSSL_SMALL_FOOTPRINT -DPEDANTIC -DMDE_CPU_AARCH64   -c -o crypto/asn1/t_spki.o crypto/asn1/t_spki.c
#14 262.9 gcc -std=gnu11 -ggdb -gdwarf-4 -gstrict-dwarf -ffreestanding -fmacro-prefix-map=/shim/= -fno-stack-protector -fno-strict-aliasing -fpic -fshort-wchar -nostdinc -Os -Wall -Wextra -Wno-missing-field-initializers -Wno-empty-body -Wno-implicit-fallthrough -Wno-old-style-declaration -Wno-unused-but-set-variable -Wno-unused-parameter -Werror -Wno-error=unused-but-set-variable -Wno-error=unused-parameter -I/shim/Cryptlib/OpenSSL -I/shim/Cryptlib -I/shim/Cryptlib/OpenSSL/Include/ -I/shim/Cryptlib/OpenSSL/crypto -I/shim/Cryptlib/Include -I/shim/gnu-efi/inc -I/shim/gnu-efi/inc/aarch64 -I/shim/gnu-efi/inc/protocol -I/shim/Cryptlib/OpenSSL/crypto/asn1 -I/shim/Cryptlib/OpenSSL/crypto/evp -I/shim/Cryptlib/OpenSSL/crypto/modes -I/shim/Cryptlib/OpenSSL/crypto/include -isystem /shim/include/system -isystem /usr/lib/gcc/aarch64-linux-gnu/14/include -DL_ENDIAN -D_CRT_SECURE_NO_DEPRECATE -D_CRT_NONSTDC_NO_DEPRECATE -DOPENSSL_SMALL_FOOTPRINT -DPEDANTIC -DMDE_CPU_AARCH64   -c -o crypto/asn1/t_bitst.o crypto/asn1/t_bitst.c
#14 263.6 gcc -std=gnu11 -ggdb -gdwarf-4 -gstrict-dwarf -ffreestanding -fmacro-prefix-map=/shim/= -fno-stack-protector -fno-strict-aliasing -fpic -fshort-wchar -nostdinc -Os -Wall -Wextra -Wno-missing-field-initializers -Wno-empty-body -Wno-implicit-fallthrough -Wno-old-style-declaration -Wno-unused-but-set-variable -Wno-unused-parameter -Werror -Wno-error=unused-but-set-variable -Wno-error=unused-parameter -I/shim/Cryptlib/OpenSSL -I/shim/Cryptlib -I/shim/Cryptlib/OpenSSL/Include/ -I/shim/Cryptlib/OpenSSL/crypto -I/shim/Cryptlib/Include -I/shim/gnu-efi/inc -I/shim/gnu-efi/inc/aarch64 -I/shim/gnu-efi/inc/protocol -I/shim/Cryptlib/OpenSSL/crypto/asn1 -I/shim/Cryptlib/OpenSSL/crypto/evp -I/shim/Cryptlib/OpenSSL/crypto/modes -I/shim/Cryptlib/OpenSSL/crypto/include -isystem /shim/include/system -isystem /usr/lib/gcc/aarch64-linux-gnu/14/include -DL_ENDIAN -D_CRT_SECURE_NO_DEPRECATE -D_CRT_NONSTDC_NO_DEPRECATE -DOPENSSL_SMALL_FOOTPRINT -DPEDANTIC -DMDE_CPU_AARCH64   -c -o crypto/asn1/tasn_new.o crypto/asn1/tasn_new.c
#14 264.2 gcc -std=gnu11 -ggdb -gdwarf-4 -gstrict-dwarf -ffreestanding -fmacro-prefix-map=/shim/= -fno-stack-protector -fno-strict-aliasing -fpic -fshort-wchar -nostdinc -Os -Wall -Wextra -Wno-missing-field-initializers -Wno-empty-body -Wno-implicit-fallthrough -Wno-old-style-declaration -Wno-unused-but-set-variable -Wno-unused-parameter -Werror -Wno-error=unused-but-set-variable -Wno-error=unused-parameter -I/shim/Cryptlib/OpenSSL -I/shim/Cryptlib -I/shim/Cryptlib/OpenSSL/Include/ -I/shim/Cryptlib/OpenSSL/crypto -I/shim/Cryptlib/Include -I/shim/gnu-efi/inc -I/shim/gnu-efi/inc/aarch64 -I/shim/gnu-efi/inc/protocol -I/shim/Cryptlib/OpenSSL/crypto/asn1 -I/shim/Cryptlib/OpenSSL/crypto/evp -I/shim/Cryptlib/OpenSSL/crypto/modes -I/shim/Cryptlib/OpenSSL/crypto/include -isystem /shim/include/system -isystem /usr/lib/gcc/aarch64-linux-gnu/14/include -DL_ENDIAN -D_CRT_SECURE_NO_DEPRECATE -D_CRT_NONSTDC_NO_DEPRECATE -DOPENSSL_SMALL_FOOTPRINT -DPEDANTIC -DMDE_CPU_AARCH64   -c -o crypto/asn1/tasn_fre.o crypto/asn1/tasn_fre.c
#14 264.4 gcc -std=gnu11 -ggdb -gdwarf-4 -gstrict-dwarf -ffreestanding -fmacro-prefix-map=/shim/= -fno-stack-protector -fno-strict-aliasing -fpic -fshort-wchar -nostdinc -Os -Wall -Wextra -Wno-missing-field-initializers -Wno-empty-body -Wno-implicit-fallthrough -Wno-old-style-declaration -Wno-unused-but-set-variable -Wno-unused-parameter -Werror -Wno-error=unused-but-set-variable -Wno-error=unused-parameter -I/shim/Cryptlib/OpenSSL -I/shim/Cryptlib -I/shim/Cryptlib/OpenSSL/Include/ -I/shim/Cryptlib/OpenSSL/crypto -I/shim/Cryptlib/Include -I/shim/gnu-efi/inc -I/shim/gnu-efi/inc/aarch64 -I/shim/gnu-efi/inc/protocol -I/shim/Cryptlib/OpenSSL/crypto/asn1 -I/shim/Cryptlib/OpenSSL/crypto/evp -I/shim/Cryptlib/OpenSSL/crypto/modes -I/shim/Cryptlib/OpenSSL/crypto/include -isystem /shim/include/system -isystem /usr/lib/gcc/aarch64-linux-gnu/14/include -DL_ENDIAN -D_CRT_SECURE_NO_DEPRECATE -D_CRT_NONSTDC_NO_DEPRECATE -DOPENSSL_SMALL_FOOTPRINT -DPEDANTIC -DMDE_CPU_AARCH64   -c -o crypto/asn1/tasn_enc.o crypto/asn1/tasn_enc.c
#14 265.0 gcc -std=gnu11 -ggdb -gdwarf-4 -gstrict-dwarf -ffreestanding -fmacro-prefix-map=/shim/= -fno-stack-protector -fno-strict-aliasing -fpic -fshort-wchar -nostdinc -Os -Wall -Wextra -Wno-missing-field-initializers -Wno-empty-body -Wno-implicit-fallthrough -Wno-old-style-declaration -Wno-unused-but-set-variable -Wno-unused-parameter -Werror -Wno-error=unused-but-set-variable -Wno-error=unused-parameter -I/shim/Cryptlib/OpenSSL -I/shim/Cryptlib -I/shim/Cryptlib/OpenSSL/Include/ -I/shim/Cryptlib/OpenSSL/crypto -I/shim/Cryptlib/Include -I/shim/gnu-efi/inc -I/shim/gnu-efi/inc/aarch64 -I/shim/gnu-efi/inc/protocol -I/shim/Cryptlib/OpenSSL/crypto/asn1 -I/shim/Cryptlib/OpenSSL/crypto/evp -I/shim/Cryptlib/OpenSSL/crypto/modes -I/shim/Cryptlib/OpenSSL/crypto/include -isystem /shim/include/system -isystem /usr/lib/gcc/aarch64-linux-gnu/14/include -DL_ENDIAN -D_CRT_SECURE_NO_DEPRECATE -D_CRT_NONSTDC_NO_DEPRECATE -DOPENSSL_SMALL_FOOTPRINT -DPEDANTIC -DMDE_CPU_AARCH64   -c -o crypto/asn1/tasn_dec.o crypto/asn1/tasn_dec.c
#14 266.3 gcc -std=gnu11 -ggdb -gdwarf-4 -gstrict-dwarf -ffreestanding -fmacro-prefix-map=/shim/= -fno-stack-protector -fno-strict-aliasing -fpic -fshort-wchar -nostdinc -Os -Wall -Wextra -Wno-missing-field-initializers -Wno-empty-body -Wno-implicit-fallthrough -Wno-old-style-declaration -Wno-unused-but-set-variable -Wno-unused-parameter -Werror -Wno-error=unused-but-set-variable -Wno-error=unused-parameter -I/shim/Cryptlib/OpenSSL -I/shim/Cryptlib -I/shim/Cryptlib/OpenSSL/Include/ -I/shim/Cryptlib/OpenSSL/crypto -I/shim/Cryptlib/Include -I/shim/gnu-efi/inc -I/shim/gnu-efi/inc/aarch64 -I/shim/gnu-efi/inc/protocol -I/shim/Cryptlib/OpenSSL/crypto/asn1 -I/shim/Cryptlib/OpenSSL/crypto/evp -I/shim/Cryptlib/OpenSSL/crypto/modes -I/shim/Cryptlib/OpenSSL/crypto/include -isystem /shim/include/system -isystem /usr/lib/gcc/aarch64-linux-gnu/14/include -DL_ENDIAN -D_CRT_SECURE_NO_DEPRECATE -D_CRT_NONSTDC_NO_DEPRECATE -DOPENSSL_SMALL_FOOTPRINT -DPEDANTIC -DMDE_CPU_AARCH64   -c -o crypto/asn1/tasn_utl.o crypto/asn1/tasn_utl.c
#14 266.6 gcc -std=gnu11 -ggdb -gdwarf-4 -gstrict-dwarf -ffreestanding -fmacro-prefix-map=/shim/= -fno-stack-protector -fno-strict-aliasing -fpic -fshort-wchar -nostdinc -Os -Wall -Wextra -Wno-missing-field-initializers -Wno-empty-body -Wno-implicit-fallthrough -Wno-old-style-declaration -Wno-unused-but-set-variable -Wno-unused-parameter -Werror -Wno-error=unused-but-set-variable -Wno-error=unused-parameter -I/shim/Cryptlib/OpenSSL -I/shim/Cryptlib -I/shim/Cryptlib/OpenSSL/Include/ -I/shim/Cryptlib/OpenSSL/crypto -I/shim/Cryptlib/Include -I/shim/gnu-efi/inc -I/shim/gnu-efi/inc/aarch64 -I/shim/gnu-efi/inc/protocol -I/shim/Cryptlib/OpenSSL/crypto/asn1 -I/shim/Cryptlib/OpenSSL/crypto/evp -I/shim/Cryptlib/OpenSSL/crypto/modes -I/shim/Cryptlib/OpenSSL/crypto/include -isystem /shim/include/system -isystem /usr/lib/gcc/aarch64-linux-gnu/14/include -DL_ENDIAN -D_CRT_SECURE_NO_DEPRECATE -D_CRT_NONSTDC_NO_DEPRECATE -DOPENSSL_SMALL_FOOTPRINT -DPEDANTIC -DMDE_CPU_AARCH64   -c -o crypto/asn1/tasn_typ.o crypto/asn1/tasn_typ.c
#14 267.7 gcc -std=gnu11 -ggdb -gdwarf-4 -gstrict-dwarf -ffreestanding -fmacro-prefix-map=/shim/= -fno-stack-protector -fno-strict-aliasing -fpic -fshort-wchar -nostdinc -Os -Wall -Wextra -Wno-missing-field-initializers -Wno-empty-body -Wno-implicit-fallthrough -Wno-old-style-declaration -Wno-unused-but-set-variable -Wno-unused-parameter -Werror -Wno-error=unused-but-set-variable -Wno-error=unused-parameter -I/shim/Cryptlib/OpenSSL -I/shim/Cryptlib -I/shim/Cryptlib/OpenSSL/Include/ -I/shim/Cryptlib/OpenSSL/crypto -I/shim/Cryptlib/Include -I/shim/gnu-efi/inc -I/shim/gnu-efi/inc/aarch64 -I/shim/gnu-efi/inc/protocol -I/shim/Cryptlib/OpenSSL/crypto/asn1 -I/shim/Cryptlib/OpenSSL/crypto/evp -I/shim/Cryptlib/OpenSSL/crypto/modes -I/shim/Cryptlib/OpenSSL/crypto/include -isystem /shim/include/system -isystem /usr/lib/gcc/aarch64-linux-gnu/14/include -DL_ENDIAN -D_CRT_SECURE_NO_DEPRECATE -D_CRT_NONSTDC_NO_DEPRECATE -DOPENSSL_SMALL_FOOTPRINT -DPEDANTIC -DMDE_CPU_AARCH64   -c -o crypto/asn1/tasn_prn.o crypto/asn1/tasn_prn.c
#14 268.8 gcc -std=gnu11 -ggdb -gdwarf-4 -gstrict-dwarf -ffreestanding -fmacro-prefix-map=/shim/= -fno-stack-protector -fno-strict-aliasing -fpic -fshort-wchar -nostdinc -Os -Wall -Wextra -Wno-missing-field-initializers -Wno-empty-body -Wno-implicit-fallthrough -Wno-old-style-declaration -Wno-unused-but-set-variable -Wno-unused-parameter -Werror -Wno-error=unused-but-set-variable -Wno-error=unused-parameter -I/shim/Cryptlib/OpenSSL -I/shim/Cryptlib -I/shim/Cryptlib/OpenSSL/Include/ -I/shim/Cryptlib/OpenSSL/crypto -I/shim/Cryptlib/Include -I/shim/gnu-efi/inc -I/shim/gnu-efi/inc/aarch64 -I/shim/gnu-efi/inc/protocol -I/shim/Cryptlib/OpenSSL/crypto/asn1 -I/shim/Cryptlib/OpenSSL/crypto/evp -I/shim/Cryptlib/OpenSSL/crypto/modes -I/shim/Cryptlib/OpenSSL/crypto/include -isystem /shim/include/system -isystem /usr/lib/gcc/aarch64-linux-gnu/14/include -DL_ENDIAN -D_CRT_SECURE_NO_DEPRECATE -D_CRT_NONSTDC_NO_DEPRECATE -DOPENSSL_SMALL_FOOTPRINT -DPEDANTIC -DMDE_CPU_AARCH64   -c -o crypto/asn1/ameth_lib.o crypto/asn1/ameth_lib.c
#14 269.1 gcc -std=gnu11 -ggdb -gdwarf-4 -gstrict-dwarf -ffreestanding -fmacro-prefix-map=/shim/= -fno-stack-protector -fno-strict-aliasing -fpic -fshort-wchar -nostdinc -Os -Wall -Wextra -Wno-missing-field-initializers -Wno-empty-body -Wno-implicit-fallthrough -Wno-old-style-declaration -Wno-unused-but-set-variable -Wno-unused-parameter -Werror -Wno-error=unused-but-set-variable -Wno-error=unused-parameter -I/shim/Cryptlib/OpenSSL -I/shim/Cryptlib -I/shim/Cryptlib/OpenSSL/Include/ -I/shim/Cryptlib/OpenSSL/crypto -I/shim/Cryptlib/Include -I/shim/gnu-efi/inc -I/shim/gnu-efi/inc/aarch64 -I/shim/gnu-efi/inc/protocol -I/shim/Cryptlib/OpenSSL/crypto/asn1 -I/shim/Cryptlib/OpenSSL/crypto/evp -I/shim/Cryptlib/OpenSSL/crypto/modes -I/shim/Cryptlib/OpenSSL/crypto/include -isystem /shim/include/system -isystem /usr/lib/gcc/aarch64-linux-gnu/14/include -DL_ENDIAN -D_CRT_SECURE_NO_DEPRECATE -D_CRT_NONSTDC_NO_DEPRECATE -DOPENSSL_SMALL_FOOTPRINT -DPEDANTIC -DMDE_CPU_AARCH64   -c -o crypto/asn1/f_int.o crypto/asn1/f_int.c
#14 269.5 gcc -std=gnu11 -ggdb -gdwarf-4 -gstrict-dwarf -ffreestanding -fmacro-prefix-map=/shim/= -fno-stack-protector -fno-strict-aliasing -fpic -fshort-wchar -nostdinc -Os -Wall -Wextra -Wno-missing-field-initializers -Wno-empty-body -Wno-implicit-fallthrough -Wno-old-style-declaration -Wno-unused-but-set-variable -Wno-unused-parameter -Werror -Wno-error=unused-but-set-variable -Wno-error=unused-parameter -I/shim/Cryptlib/OpenSSL -I/shim/Cryptlib -I/shim/Cryptlib/OpenSSL/Include/ -I/shim/Cryptlib/OpenSSL/crypto -I/shim/Cryptlib/Include -I/shim/gnu-efi/inc -I/shim/gnu-efi/inc/aarch64 -I/shim/gnu-efi/inc/protocol -I/shim/Cryptlib/OpenSSL/crypto/asn1 -I/shim/Cryptlib/OpenSSL/crypto/evp -I/shim/Cryptlib/OpenSSL/crypto/modes -I/shim/Cryptlib/OpenSSL/crypto/include -isystem /shim/include/system -isystem /usr/lib/gcc/aarch64-linux-gnu/14/include -DL_ENDIAN -D_CRT_SECURE_NO_DEPRECATE -D_CRT_NONSTDC_NO_DEPRECATE -DOPENSSL_SMALL_FOOTPRINT -DPEDANTIC -DMDE_CPU_AARCH64   -c -o crypto/asn1/f_string.o crypto/asn1/f_string.c
#14 271.0 gcc -std=gnu11 -ggdb -gdwarf-4 -gstrict-dwarf -ffreestanding -fmacro-prefix-map=/shim/= -fno-stack-protector -fno-strict-aliasing -fpic -fshort-wchar -nostdinc -Os -Wall -Wextra -Wno-missing-field-initializers -Wno-empty-body -Wno-implicit-fallthrough -Wno-old-style-declaration -Wno-unused-but-set-variable -Wno-unused-parameter -Werror -Wno-error=unused-but-set-variable -Wno-error=unused-parameter -I/shim/Cryptlib/OpenSSL -I/shim/Cryptlib -I/shim/Cryptlib/OpenSSL/Include/ -I/shim/Cryptlib/OpenSSL/crypto -I/shim/Cryptlib/Include -I/shim/gnu-efi/inc -I/shim/gnu-efi/inc/aarch64 -I/shim/gnu-efi/inc/protocol -I/shim/Cryptlib/OpenSSL/crypto/asn1 -I/shim/Cryptlib/OpenSSL/crypto/evp -I/shim/Cryptlib/OpenSSL/crypto/modes -I/shim/Cryptlib/OpenSSL/crypto/include -isystem /shim/include/system -isystem /usr/lib/gcc/aarch64-linux-gnu/14/include -DL_ENDIAN -D_CRT_SECURE_NO_DEPRECATE -D_CRT_NONSTDC_NO_DEPRECATE -DOPENSSL_SMALL_FOOTPRINT -DPEDANTIC -DMDE_CPU_AARCH64   -c -o crypto/asn1/n_pkey.o crypto/asn1/n_pkey.c
#14 271.5 gcc -std=gnu11 -ggdb -gdwarf-4 -gstrict-dwarf -ffreestanding -fmacro-prefix-map=/shim/= -fno-stack-protector -fno-strict-aliasing -fpic -fshort-wchar -nostdinc -Os -Wall -Wextra -Wno-missing-field-initializers -Wno-empty-body -Wno-implicit-fallthrough -Wno-old-style-declaration -Wno-unused-but-set-variable -Wno-unused-parameter -Werror -Wno-error=unused-but-set-variable -Wno-error=unused-parameter -I/shim/Cryptlib/OpenSSL -I/shim/Cryptlib -I/shim/Cryptlib/OpenSSL/Include/ -I/shim/Cryptlib/OpenSSL/crypto -I/shim/Cryptlib/Include -I/shim/gnu-efi/inc -I/shim/gnu-efi/inc/aarch64 -I/shim/gnu-efi/inc/protocol -I/shim/Cryptlib/OpenSSL/crypto/asn1 -I/shim/Cryptlib/OpenSSL/crypto/evp -I/shim/Cryptlib/OpenSSL/crypto/modes -I/shim/Cryptlib/OpenSSL/crypto/include -isystem /shim/include/system -isystem /usr/lib/gcc/aarch64-linux-gnu/14/include -DL_ENDIAN -D_CRT_SECURE_NO_DEPRECATE -D_CRT_NONSTDC_NO_DEPRECATE -DOPENSSL_SMALL_FOOTPRINT -DPEDANTIC -DMDE_CPU_AARCH64   -c -o crypto/asn1/f_enum.o crypto/asn1/f_enum.c
#14 271.6 gcc -std=gnu11 -ggdb -gdwarf-4 -gstrict-dwarf -ffreestanding -fmacro-prefix-map=/shim/= -fno-stack-protector -fno-strict-aliasing -fpic -fshort-wchar -nostdinc -Os -Wall -Wextra -Wno-missing-field-initializers -Wno-empty-body -Wno-implicit-fallthrough -Wno-old-style-declaration -Wno-unused-but-set-variable -Wno-unused-parameter -Werror -Wno-error=unused-but-set-variable -Wno-error=unused-parameter -I/shim/Cryptlib/OpenSSL -I/shim/Cryptlib -I/shim/Cryptlib/OpenSSL/Include/ -I/shim/Cryptlib/OpenSSL/crypto -I/shim/Cryptlib/Include -I/shim/gnu-efi/inc -I/shim/gnu-efi/inc/aarch64 -I/shim/gnu-efi/inc/protocol -I/shim/Cryptlib/OpenSSL/crypto/asn1 -I/shim/Cryptlib/OpenSSL/crypto/evp -I/shim/Cryptlib/OpenSSL/crypto/modes -I/shim/Cryptlib/OpenSSL/crypto/include -isystem /shim/include/system -isystem /usr/lib/gcc/aarch64-linux-gnu/14/include -DL_ENDIAN -D_CRT_SECURE_NO_DEPRECATE -D_CRT_NONSTDC_NO_DEPRECATE -DOPENSSL_SMALL_FOOTPRINT -DPEDANTIC -DMDE_CPU_AARCH64   -c -o crypto/asn1/x_pkey.o crypto/asn1/x_pkey.c
#14 271.9 gcc -std=gnu11 -ggdb -gdwarf-4 -gstrict-dwarf -ffreestanding -fmacro-prefix-map=/shim/= -fno-stack-protector -fno-strict-aliasing -fpic -fshort-wchar -nostdinc -Os -Wall -Wextra -Wno-missing-field-initializers -Wno-empty-body -Wno-implicit-fallthrough -Wno-old-style-declaration -Wno-unused-but-set-variable -Wno-unused-parameter -Werror -Wno-error=unused-but-set-variable -Wno-error=unused-parameter -I/shim/Cryptlib/OpenSSL -I/shim/Cryptlib -I/shim/Cryptlib/OpenSSL/Include/ -I/shim/Cryptlib/OpenSSL/crypto -I/shim/Cryptlib/Include -I/shim/gnu-efi/inc -I/shim/gnu-efi/inc/aarch64 -I/shim/gnu-efi/inc/protocol -I/shim/Cryptlib/OpenSSL/crypto/asn1 -I/shim/Cryptlib/OpenSSL/crypto/evp -I/shim/Cryptlib/OpenSSL/crypto/modes -I/shim/Cryptlib/OpenSSL/crypto/include -isystem /shim/include/system -isystem /usr/lib/gcc/aarch64-linux-gnu/14/include -DL_ENDIAN -D_CRT_SECURE_NO_DEPRECATE -D_CRT_NONSTDC_NO_DEPRECATE -DOPENSSL_SMALL_FOOTPRINT -DPEDANTIC -DMDE_CPU_AARCH64   -c -o crypto/asn1/a_bool.o crypto/asn1/a_bool.c
#14 273.6 gcc -std=gnu11 -ggdb -gdwarf-4 -gstrict-dwarf -ffreestanding -fmacro-prefix-map=/shim/= -fno-stack-protector -fno-strict-aliasing -fpic -fshort-wchar -nostdinc -Os -Wall -Wextra -Wno-missing-field-initializers -Wno-empty-body -Wno-implicit-fallthrough -Wno-old-style-declaration -Wno-unused-but-set-variable -Wno-unused-parameter -Werror -Wno-error=unused-but-set-variable -Wno-error=unused-parameter -I/shim/Cryptlib/OpenSSL -I/shim/Cryptlib -I/shim/Cryptlib/OpenSSL/Include/ -I/shim/Cryptlib/OpenSSL/crypto -I/shim/Cryptlib/Include -I/shim/gnu-efi/inc -I/shim/gnu-efi/inc/aarch64 -I/shim/gnu-efi/inc/protocol -I/shim/Cryptlib/OpenSSL/crypto/asn1 -I/shim/Cryptlib/OpenSSL/crypto/evp -I/shim/Cryptlib/OpenSSL/crypto/modes -I/shim/Cryptlib/OpenSSL/crypto/include -isystem /shim/include/system -isystem /usr/lib/gcc/aarch64-linux-gnu/14/include -DL_ENDIAN -D_CRT_SECURE_NO_DEPRECATE -D_CRT_NONSTDC_NO_DEPRECATE -DOPENSSL_SMALL_FOOTPRINT -DPEDANTIC -DMDE_CPU_AARCH64   -c -o crypto/asn1/x_exten.o crypto/asn1/x_exten.c
#14 273.7 gcc -std=gnu11 -ggdb -gdwarf-4 -gstrict-dwarf -ffreestanding -fmacro-prefix-map=/shim/= -fno-stack-protector -fno-strict-aliasing -fpic -fshort-wchar -nostdinc -Os -Wall -Wextra -Wno-missing-field-initializers -Wno-empty-body -Wno-implicit-fallthrough -Wno-old-style-declaration -Wno-unused-but-set-variable -Wno-unused-parameter -Werror -Wno-error=unused-but-set-variable -Wno-error=unused-parameter -I/shim/Cryptlib/OpenSSL -I/shim/Cryptlib -I/shim/Cryptlib/OpenSSL/Include/ -I/shim/Cryptlib/OpenSSL/crypto -I/shim/Cryptlib/Include -I/shim/gnu-efi/inc -I/shim/gnu-efi/inc/aarch64 -I/shim/gnu-efi/inc/protocol -I/shim/Cryptlib/OpenSSL/crypto/asn1 -I/shim/Cryptlib/OpenSSL/crypto/evp -I/shim/Cryptlib/OpenSSL/crypto/modes -I/shim/Cryptlib/OpenSSL/crypto/include -isystem /shim/include/system -isystem /usr/lib/gcc/aarch64-linux-gnu/14/include -DL_ENDIAN -D_CRT_SECURE_NO_DEPRECATE -D_CRT_NONSTDC_NO_DEPRECATE -DOPENSSL_SMALL_FOOTPRINT -DPEDANTIC -DMDE_CPU_AARCH64   -c -o crypto/asn1/bio_asn1.o crypto/asn1/bio_asn1.c
#14 274.2 gcc -std=gnu11 -ggdb -gdwarf-4 -gstrict-dwarf -ffreestanding -fmacro-prefix-map=/shim/= -fno-stack-protector -fno-strict-aliasing -fpic -fshort-wchar -nostdinc -Os -Wall -Wextra -Wno-missing-field-initializers -Wno-empty-body -Wno-implicit-fallthrough -Wno-old-style-declaration -Wno-unused-but-set-variable -Wno-unused-parameter -Werror -Wno-error=unused-but-set-variable -Wno-error=unused-parameter -I/shim/Cryptlib/OpenSSL -I/shim/Cryptlib -I/shim/Cryptlib/OpenSSL/Include/ -I/shim/Cryptlib/OpenSSL/crypto -I/shim/Cryptlib/Include -I/shim/gnu-efi/inc -I/shim/gnu-efi/inc/aarch64 -I/shim/gnu-efi/inc/protocol -I/shim/Cryptlib/OpenSSL/crypto/asn1 -I/shim/Cryptlib/OpenSSL/crypto/evp -I/shim/Cryptlib/OpenSSL/crypto/modes -I/shim/Cryptlib/OpenSSL/crypto/include -isystem /shim/include/system -isystem /usr/lib/gcc/aarch64-linux-gnu/14/include -DL_ENDIAN -D_CRT_SECURE_NO_DEPRECATE -D_CRT_NONSTDC_NO_DEPRECATE -DOPENSSL_SMALL_FOOTPRINT -DPEDANTIC -DMDE_CPU_AARCH64   -c -o crypto/asn1/bio_ndef.o crypto/asn1/bio_ndef.c
#14 274.3 gcc -std=gnu11 -ggdb -gdwarf-4 -gstrict-dwarf -ffreestanding -fmacro-prefix-map=/shim/= -fno-stack-protector -fno-strict-aliasing -fpic -fshort-wchar -nostdinc -Os -Wall -Wextra -Wno-missing-field-initializers -Wno-empty-body -Wno-implicit-fallthrough -Wno-old-style-declaration -Wno-unused-but-set-variable -Wno-unused-parameter -Werror -Wno-error=unused-but-set-variable -Wno-error=unused-parameter -I/shim/Cryptlib/OpenSSL -I/shim/Cryptlib -I/shim/Cryptlib/OpenSSL/Include/ -I/shim/Cryptlib/OpenSSL/crypto -I/shim/Cryptlib/Include -I/shim/gnu-efi/inc -I/shim/gnu-efi/inc/aarch64 -I/shim/gnu-efi/inc/protocol -I/shim/Cryptlib/OpenSSL/crypto/asn1 -I/shim/Cryptlib/OpenSSL/crypto/evp -I/shim/Cryptlib/OpenSSL/crypto/modes -I/shim/Cryptlib/OpenSSL/crypto/include -isystem /shim/include/system -isystem /usr/lib/gcc/aarch64-linux-gnu/14/include -DL_ENDIAN -D_CRT_SECURE_NO_DEPRECATE -D_CRT_NONSTDC_NO_DEPRECATE -DOPENSSL_SMALL_FOOTPRINT -DPEDANTIC -DMDE_CPU_AARCH64   -c -o crypto/asn1/asn_mime.o crypto/asn1/asn_mime.c
#14 275.3 gcc -std=gnu11 -ggdb -gdwarf-4 -gstrict-dwarf -ffreestanding -fmacro-prefix-map=/shim/= -fno-stack-protector -fno-strict-aliasing -fpic -fshort-wchar -nostdinc -Os -Wall -Wextra -Wno-missing-field-initializers -Wno-empty-body -Wno-implicit-fallthrough -Wno-old-style-declaration -Wno-unused-but-set-variable -Wno-unused-parameter -Werror -Wno-error=unused-but-set-variable -Wno-error=unused-parameter -I/shim/Cryptlib/OpenSSL -I/shim/Cryptlib -I/shim/Cryptlib/OpenSSL/Include/ -I/shim/Cryptlib/OpenSSL/crypto -I/shim/Cryptlib/Include -I/shim/gnu-efi/inc -I/shim/gnu-efi/inc/aarch64 -I/shim/gnu-efi/inc/protocol -I/shim/Cryptlib/OpenSSL/crypto/asn1 -I/shim/Cryptlib/OpenSSL/crypto/evp -I/shim/Cryptlib/OpenSSL/crypto/modes -I/shim/Cryptlib/OpenSSL/crypto/include -isystem /shim/include/system -isystem /usr/lib/gcc/aarch64-linux-gnu/14/include -DL_ENDIAN -D_CRT_SECURE_NO_DEPRECATE -D_CRT_NONSTDC_NO_DEPRECATE -DOPENSSL_SMALL_FOOTPRINT -DPEDANTIC -DMDE_CPU_AARCH64   -c -o crypto/asn1/asn1_gen.o crypto/asn1/asn1_gen.c
#14 276.2 gcc -std=gnu11 -ggdb -gdwarf-4 -gstrict-dwarf -ffreestanding -fmacro-prefix-map=/shim/= -fno-stack-protector -fno-strict-aliasing -fpic -fshort-wchar -nostdinc -Os -Wall -Wextra -Wno-missing-field-initializers -Wno-empty-body -Wno-implicit-fallthrough -Wno-old-style-declaration -Wno-unused-but-set-variable -Wno-unused-parameter -Werror -Wno-error=unused-but-set-variable -Wno-error=unused-parameter -I/shim/Cryptlib/OpenSSL -I/shim/Cryptlib -I/shim/Cryptlib/OpenSSL/Include/ -I/shim/Cryptlib/OpenSSL/crypto -I/shim/Cryptlib/Include -I/shim/gnu-efi/inc -I/shim/gnu-efi/inc/aarch64 -I/shim/gnu-efi/inc/protocol -I/shim/Cryptlib/OpenSSL/crypto/asn1 -I/shim/Cryptlib/OpenSSL/crypto/evp -I/shim/Cryptlib/OpenSSL/crypto/modes -I/shim/Cryptlib/OpenSSL/crypto/include -isystem /shim/include/system -isystem /usr/lib/gcc/aarch64-linux-gnu/14/include -DL_ENDIAN -D_CRT_SECURE_NO_DEPRECATE -D_CRT_NONSTDC_NO_DEPRECATE -DOPENSSL_SMALL_FOOTPRINT -DPEDANTIC -DMDE_CPU_AARCH64   -c -o crypto/asn1/asn1_par.o crypto/asn1/asn1_par.c
#14 276.4 gcc -std=gnu11 -ggdb -gdwarf-4 -gstrict-dwarf -ffreestanding -fmacro-prefix-map=/shim/= -fno-stack-protector -fno-strict-aliasing -fpic -fshort-wchar -nostdinc -Os -Wall -Wextra -Wno-missing-field-initializers -Wno-empty-body -Wno-implicit-fallthrough -Wno-old-style-declaration -Wno-unused-but-set-variable -Wno-unused-parameter -Werror -Wno-error=unused-but-set-variable -Wno-error=unused-parameter -I/shim/Cryptlib/OpenSSL -I/shim/Cryptlib -I/shim/Cryptlib/OpenSSL/Include/ -I/shim/Cryptlib/OpenSSL/crypto -I/shim/Cryptlib/Include -I/shim/gnu-efi/inc -I/shim/gnu-efi/inc/aarch64 -I/shim/gnu-efi/inc/protocol -I/shim/Cryptlib/OpenSSL/crypto/asn1 -I/shim/Cryptlib/OpenSSL/crypto/evp -I/shim/Cryptlib/OpenSSL/crypto/modes -I/shim/Cryptlib/OpenSSL/crypto/include -isystem /shim/include/system -isystem /usr/lib/gcc/aarch64-linux-gnu/14/include -DL_ENDIAN -D_CRT_SECURE_NO_DEPRECATE -D_CRT_NONSTDC_NO_DEPRECATE -DOPENSSL_SMALL_FOOTPRINT -DPEDANTIC -DMDE_CPU_AARCH64   -c -o crypto/asn1/asn1_lib.o crypto/asn1/asn1_lib.c
#14 278.5 gcc -std=gnu11 -ggdb -gdwarf-4 -gstrict-dwarf -ffreestanding -fmacro-prefix-map=/shim/= -fno-stack-protector -fno-strict-aliasing -fpic -fshort-wchar -nostdinc -Os -Wall -Wextra -Wno-missing-field-initializers -Wno-empty-body -Wno-implicit-fallthrough -Wno-old-style-declaration -Wno-unused-but-set-variable -Wno-unused-parameter -Werror -Wno-error=unused-but-set-variable -Wno-error=unused-parameter -I/shim/Cryptlib/OpenSSL -I/shim/Cryptlib -I/shim/Cryptlib/OpenSSL/Include/ -I/shim/Cryptlib/OpenSSL/crypto -I/shim/Cryptlib/Include -I/shim/gnu-efi/inc -I/shim/gnu-efi/inc/aarch64 -I/shim/gnu-efi/inc/protocol -I/shim/Cryptlib/OpenSSL/crypto/asn1 -I/shim/Cryptlib/OpenSSL/crypto/evp -I/shim/Cryptlib/OpenSSL/crypto/modes -I/shim/Cryptlib/OpenSSL/crypto/include -isystem /shim/include/system -isystem /usr/lib/gcc/aarch64-linux-gnu/14/include -DL_ENDIAN -D_CRT_SECURE_NO_DEPRECATE -D_CRT_NONSTDC_NO_DEPRECATE -DOPENSSL_SMALL_FOOTPRINT -DPEDANTIC -DMDE_CPU_AARCH64   -c -o crypto/asn1/asn1_err.o crypto/asn1/asn1_err.c
#14 279.2 gcc -std=gnu11 -ggdb -gdwarf-4 -gstrict-dwarf -ffreestanding -fmacro-prefix-map=/shim/= -fno-stack-protector -fno-strict-aliasing -fpic -fshort-wchar -nostdinc -Os -Wall -Wextra -Wno-missing-field-initializers -Wno-empty-body -Wno-implicit-fallthrough -Wno-old-style-declaration -Wno-unused-but-set-variable -Wno-unused-parameter -Werror -Wno-error=unused-but-set-variable -Wno-error=unused-parameter -I/shim/Cryptlib/OpenSSL -I/shim/Cryptlib -I/shim/Cryptlib/OpenSSL/Include/ -I/shim/Cryptlib/OpenSSL/crypto -I/shim/Cryptlib/Include -I/shim/gnu-efi/inc -I/shim/gnu-efi/inc/aarch64 -I/shim/gnu-efi/inc/protocol -I/shim/Cryptlib/OpenSSL/crypto/asn1 -I/shim/Cryptlib/OpenSSL/crypto/evp -I/shim/Cryptlib/OpenSSL/crypto/modes -I/shim/Cryptlib/OpenSSL/crypto/include -isystem /shim/include/system -isystem /usr/lib/gcc/aarch64-linux-gnu/14/include -DL_ENDIAN -D_CRT_SECURE_NO_DEPRECATE -D_CRT_NONSTDC_NO_DEPRECATE -DOPENSSL_SMALL_FOOTPRINT -DPEDANTIC -DMDE_CPU_AARCH64   -c -o crypto/asn1/a_bytes.o crypto/asn1/a_bytes.c
#14 279.2 gcc -std=gnu11 -ggdb -gdwarf-4 -gstrict-dwarf -ffreestanding -fmacro-prefix-map=/shim/= -fno-stack-protector -fno-strict-aliasing -fpic -fshort-wchar -nostdinc -Os -Wall -Wextra -Wno-missing-field-initializers -Wno-empty-body -Wno-implicit-fallthrough -Wno-old-style-declaration -Wno-unused-but-set-variable -Wno-unused-parameter -Werror -Wno-error=unused-but-set-variable -Wno-error=unused-parameter -I/shim/Cryptlib/OpenSSL -I/shim/Cryptlib -I/shim/Cryptlib/OpenSSL/Include/ -I/shim/Cryptlib/OpenSSL/crypto -I/shim/Cryptlib/Include -I/shim/gnu-efi/inc -I/shim/gnu-efi/inc/aarch64 -I/shim/gnu-efi/inc/protocol -I/shim/Cryptlib/OpenSSL/crypto/asn1 -I/shim/Cryptlib/OpenSSL/crypto/evp -I/shim/Cryptlib/OpenSSL/crypto/modes -I/shim/Cryptlib/OpenSSL/crypto/include -isystem /shim/include/system -isystem /usr/lib/gcc/aarch64-linux-gnu/14/include -DL_ENDIAN -D_CRT_SECURE_NO_DEPRECATE -D_CRT_NONSTDC_NO_DEPRECATE -DOPENSSL_SMALL_FOOTPRINT -DPEDANTIC -DMDE_CPU_AARCH64   -c -o crypto/asn1/a_strnid.o crypto/asn1/a_strnid.c
#14 279.7 gcc -std=gnu11 -ggdb -gdwarf-4 -gstrict-dwarf -ffreestanding -fmacro-prefix-map=/shim/= -fno-stack-protector -fno-strict-aliasing -fpic -fshort-wchar -nostdinc -Os -Wall -Wextra -Wno-missing-field-initializers -Wno-empty-body -Wno-implicit-fallthrough -Wno-old-style-declaration -Wno-unused-but-set-variable -Wno-unused-parameter -Werror -Wno-error=unused-but-set-variable -Wno-error=unused-parameter -I/shim/Cryptlib/OpenSSL -I/shim/Cryptlib -I/shim/Cryptlib/OpenSSL/Include/ -I/shim/Cryptlib/OpenSSL/crypto -I/shim/Cryptlib/Include -I/shim/gnu-efi/inc -I/shim/gnu-efi/inc/aarch64 -I/shim/gnu-efi/inc/protocol -I/shim/Cryptlib/OpenSSL/crypto/asn1 -I/shim/Cryptlib/OpenSSL/crypto/evp -I/shim/Cryptlib/OpenSSL/crypto/modes -I/shim/Cryptlib/OpenSSL/crypto/include -isystem /shim/include/system -isystem /usr/lib/gcc/aarch64-linux-gnu/14/include -DL_ENDIAN -D_CRT_SECURE_NO_DEPRECATE -D_CRT_NONSTDC_NO_DEPRECATE -DOPENSSL_SMALL_FOOTPRINT -DPEDANTIC -DMDE_CPU_AARCH64   -c -o crypto/asn1/evp_asn1.o crypto/asn1/evp_asn1.c
#14 280.1 gcc -std=gnu11 -ggdb -gdwarf-4 -gstrict-dwarf -ffreestanding -fmacro-prefix-map=/shim/= -fno-stack-protector -fno-strict-aliasing -fpic -fshort-wchar -nostdinc -Os -Wall -Wextra -Wno-missing-field-initializers -Wno-empty-body -Wno-implicit-fallthrough -Wno-old-style-declaration -Wno-unused-but-set-variable -Wno-unused-parameter -Werror -Wno-error=unused-but-set-variable -Wno-error=unused-parameter -I/shim/Cryptlib/OpenSSL -I/shim/Cryptlib -I/shim/Cryptlib/OpenSSL/Include/ -I/shim/Cryptlib/OpenSSL/crypto -I/shim/Cryptlib/Include -I/shim/gnu-efi/inc -I/shim/gnu-efi/inc/aarch64 -I/shim/gnu-efi/inc/protocol -I/shim/Cryptlib/OpenSSL/crypto/asn1 -I/shim/Cryptlib/OpenSSL/crypto/evp -I/shim/Cryptlib/OpenSSL/crypto/modes -I/shim/Cryptlib/OpenSSL/crypto/include -isystem /shim/include/system -isystem /usr/lib/gcc/aarch64-linux-gnu/14/include -DL_ENDIAN -D_CRT_SECURE_NO_DEPRECATE -D_CRT_NONSTDC_NO_DEPRECATE -DOPENSSL_SMALL_FOOTPRINT -DPEDANTIC -DMDE_CPU_AARCH64   -c -o crypto/asn1/asn_pack.o crypto/asn1/asn_pack.c
#14 281.6 gcc -std=gnu11 -ggdb -gdwarf-4 -gstrict-dwarf -ffreestanding -fmacro-prefix-map=/shim/= -fno-stack-protector -fno-strict-aliasing -fpic -fshort-wchar -nostdinc -Os -Wall -Wextra -Wno-missing-field-initializers -Wno-empty-body -Wno-implicit-fallthrough -Wno-old-style-declaration -Wno-unused-but-set-variable -Wno-unused-parameter -Werror -Wno-error=unused-but-set-variable -Wno-error=unused-parameter -I/shim/Cryptlib/OpenSSL -I/shim/Cryptlib -I/shim/Cryptlib/OpenSSL/Include/ -I/shim/Cryptlib/OpenSSL/crypto -I/shim/Cryptlib/Include -I/shim/gnu-efi/inc -I/shim/gnu-efi/inc/aarch64 -I/shim/gnu-efi/inc/protocol -I/shim/Cryptlib/OpenSSL/crypto/asn1 -I/shim/Cryptlib/OpenSSL/crypto/evp -I/shim/Cryptlib/OpenSSL/crypto/modes -I/shim/Cryptlib/OpenSSL/crypto/include -isystem /shim/include/system -isystem /usr/lib/gcc/aarch64-linux-gnu/14/include -DL_ENDIAN -D_CRT_SECURE_NO_DEPRECATE -D_CRT_NONSTDC_NO_DEPRECATE -DOPENSSL_SMALL_FOOTPRINT -DPEDANTIC -DMDE_CPU_AARCH64   -c -o crypto/asn1/p5_pbe.o crypto/asn1/p5_pbe.c
#14 281.7 gcc -std=gnu11 -ggdb -gdwarf-4 -gstrict-dwarf -ffreestanding -fmacro-prefix-map=/shim/= -fno-stack-protector -fno-strict-aliasing -fpic -fshort-wchar -nostdinc -Os -Wall -Wextra -Wno-missing-field-initializers -Wno-empty-body -Wno-implicit-fallthrough -Wno-old-style-declaration -Wno-unused-but-set-variable -Wno-unused-parameter -Werror -Wno-error=unused-but-set-variable -Wno-error=unused-parameter -I/shim/Cryptlib/OpenSSL -I/shim/Cryptlib -I/shim/Cryptlib/OpenSSL/Include/ -I/shim/Cryptlib/OpenSSL/crypto -I/shim/Cryptlib/Include -I/shim/gnu-efi/inc -I/shim/gnu-efi/inc/aarch64 -I/shim/gnu-efi/inc/protocol -I/shim/Cryptlib/OpenSSL/crypto/asn1 -I/shim/Cryptlib/OpenSSL/crypto/evp -I/shim/Cryptlib/OpenSSL/crypto/modes -I/shim/Cryptlib/OpenSSL/crypto/include -isystem /shim/include/system -isystem /usr/lib/gcc/aarch64-linux-gnu/14/include -DL_ENDIAN -D_CRT_SECURE_NO_DEPRECATE -D_CRT_NONSTDC_NO_DEPRECATE -DOPENSSL_SMALL_FOOTPRINT -DPEDANTIC -DMDE_CPU_AARCH64   -c -o crypto/asn1/p5_pbev2.o crypto/asn1/p5_pbev2.c
#14 282.0 gcc -std=gnu11 -ggdb -gdwarf-4 -gstrict-dwarf -ffreestanding -fmacro-prefix-map=/shim/= -fno-stack-protector -fno-strict-aliasing -fpic -fshort-wchar -nostdinc -Os -Wall -Wextra -Wno-missing-field-initializers -Wno-empty-body -Wno-implicit-fallthrough -Wno-old-style-declaration -Wno-unused-but-set-variable -Wno-unused-parameter -Werror -Wno-error=unused-but-set-variable -Wno-error=unused-parameter -I/shim/Cryptlib/OpenSSL -I/shim/Cryptlib -I/shim/Cryptlib/OpenSSL/Include/ -I/shim/Cryptlib/OpenSSL/crypto -I/shim/Cryptlib/Include -I/shim/gnu-efi/inc -I/shim/gnu-efi/inc/aarch64 -I/shim/gnu-efi/inc/protocol -I/shim/Cryptlib/OpenSSL/crypto/asn1 -I/shim/Cryptlib/OpenSSL/crypto/evp -I/shim/Cryptlib/OpenSSL/crypto/modes -I/shim/Cryptlib/OpenSSL/crypto/include -isystem /shim/include/system -isystem /usr/lib/gcc/aarch64-linux-gnu/14/include -DL_ENDIAN -D_CRT_SECURE_NO_DEPRECATE -D_CRT_NONSTDC_NO_DEPRECATE -DOPENSSL_SMALL_FOOTPRINT -DPEDANTIC -DMDE_CPU_AARCH64   -c -o crypto/asn1/p8_pkey.o crypto/asn1/p8_pkey.c
#14 282.1 gcc -std=gnu11 -ggdb -gdwarf-4 -gstrict-dwarf -ffreestanding -fmacro-prefix-map=/shim/= -fno-stack-protector -fno-strict-aliasing -fpic -fshort-wchar -nostdinc -Os -Wall -Wextra -Wno-missing-field-initializers -Wno-empty-body -Wno-implicit-fallthrough -Wno-old-style-declaration -Wno-unused-but-set-variable -Wno-unused-parameter -Werror -Wno-error=unused-but-set-variable -Wno-error=unused-parameter -I/shim/Cryptlib/OpenSSL -I/shim/Cryptlib -I/shim/Cryptlib/OpenSSL/Include/ -I/shim/Cryptlib/OpenSSL/crypto -I/shim/Cryptlib/Include -I/shim/gnu-efi/inc -I/shim/gnu-efi/inc/aarch64 -I/shim/gnu-efi/inc/protocol -I/shim/Cryptlib/OpenSSL/crypto/asn1 -I/shim/Cryptlib/OpenSSL/crypto/evp -I/shim/Cryptlib/OpenSSL/crypto/modes -I/shim/Cryptlib/OpenSSL/crypto/include -isystem /shim/include/system -isystem /usr/lib/gcc/aarch64-linux-gnu/14/include -DL_ENDIAN -D_CRT_SECURE_NO_DEPRECATE -D_CRT_NONSTDC_NO_DEPRECATE -DOPENSSL_SMALL_FOOTPRINT -DPEDANTIC -DMDE_CPU_AARCH64   -c -o crypto/asn1/asn_moid.o crypto/asn1/asn_moid.c
#14 283.7 gcc -std=gnu11 -ggdb -gdwarf-4 -gstrict-dwarf -ffreestanding -fmacro-prefix-map=/shim/= -fno-stack-protector -fno-strict-aliasing -fpic -fshort-wchar -nostdinc -Os -Wall -Wextra -Wno-missing-field-initializers -Wno-empty-body -Wno-implicit-fallthrough -Wno-old-style-declaration -Wno-unused-but-set-variable -Wno-unused-parameter -Werror -Wno-error=unused-but-set-variable -Wno-error=unused-parameter -I/shim/Cryptlib/OpenSSL -I/shim/Cryptlib -I/shim/Cryptlib/OpenSSL/Include/ -I/shim/Cryptlib/OpenSSL/crypto -I/shim/Cryptlib/Include -I/shim/gnu-efi/inc -I/shim/gnu-efi/inc/aarch64 -I/shim/gnu-efi/inc/protocol -I/shim/Cryptlib/OpenSSL/crypto/asn1 -I/shim/Cryptlib/OpenSSL/crypto/evp -I/shim/Cryptlib/OpenSSL/crypto/modes -I/shim/Cryptlib/OpenSSL/crypto/include -isystem /shim/include/system -isystem /usr/lib/gcc/aarch64-linux-gnu/14/include -DL_ENDIAN -D_CRT_SECURE_NO_DEPRECATE -D_CRT_NONSTDC_NO_DEPRECATE -DOPENSSL_SMALL_FOOTPRINT -DPEDANTIC -DMDE_CPU_AARCH64   -c -o crypto/pem/pem_sign.o crypto/pem/pem_sign.c
#14 284.2 gcc -std=gnu11 -ggdb -gdwarf-4 -gstrict-dwarf -ffreestanding -fmacro-prefix-map=/shim/= -fno-stack-protector -fno-strict-aliasing -fpic -fshort-wchar -nostdinc -Os -Wall -Wextra -Wno-missing-field-initializers -Wno-empty-body -Wno-implicit-fallthrough -Wno-old-style-declaration -Wno-unused-but-set-variable -Wno-unused-parameter -Werror -Wno-error=unused-but-set-variable -Wno-error=unused-parameter -I/shim/Cryptlib/OpenSSL -I/shim/Cryptlib -I/shim/Cryptlib/OpenSSL/Include/ -I/shim/Cryptlib/OpenSSL/crypto -I/shim/Cryptlib/Include -I/shim/gnu-efi/inc -I/shim/gnu-efi/inc/aarch64 -I/shim/gnu-efi/inc/protocol -I/shim/Cryptlib/OpenSSL/crypto/asn1 -I/shim/Cryptlib/OpenSSL/crypto/evp -I/shim/Cryptlib/OpenSSL/crypto/modes -I/shim/Cryptlib/OpenSSL/crypto/include -isystem /shim/include/system -isystem /usr/lib/gcc/aarch64-linux-gnu/14/include -DL_ENDIAN -D_CRT_SECURE_NO_DEPRECATE -D_CRT_NONSTDC_NO_DEPRECATE -DOPENSSL_SMALL_FOOTPRINT -DPEDANTIC -DMDE_CPU_AARCH64   -c -o crypto/pem/pem_seal.o crypto/pem/pem_seal.c
#14 284.4 gcc -std=gnu11 -ggdb -gdwarf-4 -gstrict-dwarf -ffreestanding -fmacro-prefix-map=/shim/= -fno-stack-protector -fno-strict-aliasing -fpic -fshort-wchar -nostdinc -Os -Wall -Wextra -Wno-missing-field-initializers -Wno-empty-body -Wno-implicit-fallthrough -Wno-old-style-declaration -Wno-unused-but-set-variable -Wno-unused-parameter -Werror -Wno-error=unused-but-set-variable -Wno-error=unused-parameter -I/shim/Cryptlib/OpenSSL -I/shim/Cryptlib -I/shim/Cryptlib/OpenSSL/Include/ -I/shim/Cryptlib/OpenSSL/crypto -I/shim/Cryptlib/Include -I/shim/gnu-efi/inc -I/shim/gnu-efi/inc/aarch64 -I/shim/gnu-efi/inc/protocol -I/shim/Cryptlib/OpenSSL/crypto/asn1 -I/shim/Cryptlib/OpenSSL/crypto/evp -I/shim/Cryptlib/OpenSSL/crypto/modes -I/shim/Cryptlib/OpenSSL/crypto/include -isystem /shim/include/system -isystem /usr/lib/gcc/aarch64-linux-gnu/14/include -DL_ENDIAN -D_CRT_SECURE_NO_DEPRECATE -D_CRT_NONSTDC_NO_DEPRECATE -DOPENSSL_SMALL_FOOTPRINT -DPEDANTIC -DMDE_CPU_AARCH64   -c -o crypto/pem/pem_info.o crypto/pem/pem_info.c
#14 284.6 gcc -std=gnu11 -ggdb -gdwarf-4 -gstrict-dwarf -ffreestanding -fmacro-prefix-map=/shim/= -fno-stack-protector -fno-strict-aliasing -fpic -fshort-wchar -nostdinc -Os -Wall -Wextra -Wno-missing-field-initializers -Wno-empty-body -Wno-implicit-fallthrough -Wno-old-style-declaration -Wno-unused-but-set-variable -Wno-unused-parameter -Werror -Wno-error=unused-but-set-variable -Wno-error=unused-parameter -I/shim/Cryptlib/OpenSSL -I/shim/Cryptlib -I/shim/Cryptlib/OpenSSL/Include/ -I/shim/Cryptlib/OpenSSL/crypto -I/shim/Cryptlib/Include -I/shim/gnu-efi/inc -I/shim/gnu-efi/inc/aarch64 -I/shim/gnu-efi/inc/protocol -I/shim/Cryptlib/OpenSSL/crypto/asn1 -I/shim/Cryptlib/OpenSSL/crypto/evp -I/shim/Cryptlib/OpenSSL/crypto/modes -I/shim/Cryptlib/OpenSSL/crypto/include -isystem /shim/include/system -isystem /usr/lib/gcc/aarch64-linux-gnu/14/include -DL_ENDIAN -D_CRT_SECURE_NO_DEPRECATE -D_CRT_NONSTDC_NO_DEPRECATE -DOPENSSL_SMALL_FOOTPRINT -DPEDANTIC -DMDE_CPU_AARCH64   -c -o crypto/pem/pem_lib.o crypto/pem/pem_lib.c
#14 285.4 gcc -std=gnu11 -ggdb -gdwarf-4 -gstrict-dwarf -ffreestanding -fmacro-prefix-map=/shim/= -fno-stack-protector -fno-strict-aliasing -fpic -fshort-wchar -nostdinc -Os -Wall -Wextra -Wno-missing-field-initializers -Wno-empty-body -Wno-implicit-fallthrough -Wno-old-style-declaration -Wno-unused-but-set-variable -Wno-unused-parameter -Werror -Wno-error=unused-but-set-variable -Wno-error=unused-parameter -I/shim/Cryptlib/OpenSSL -I/shim/Cryptlib -I/shim/Cryptlib/OpenSSL/Include/ -I/shim/Cryptlib/OpenSSL/crypto -I/shim/Cryptlib/Include -I/shim/gnu-efi/inc -I/shim/gnu-efi/inc/aarch64 -I/shim/gnu-efi/inc/protocol -I/shim/Cryptlib/OpenSSL/crypto/asn1 -I/shim/Cryptlib/OpenSSL/crypto/evp -I/shim/Cryptlib/OpenSSL/crypto/modes -I/shim/Cryptlib/OpenSSL/crypto/include -isystem /shim/include/system -isystem /usr/lib/gcc/aarch64-linux-gnu/14/include -DL_ENDIAN -D_CRT_SECURE_NO_DEPRECATE -D_CRT_NONSTDC_NO_DEPRECATE -DOPENSSL_SMALL_FOOTPRINT -DPEDANTIC -DMDE_CPU_AARCH64   -c -o crypto/pem/pem_all.o crypto/pem/pem_all.c
#14 286.4 gcc -std=gnu11 -ggdb -gdwarf-4 -gstrict-dwarf -ffreestanding -fmacro-prefix-map=/shim/= -fno-stack-protector -fno-strict-aliasing -fpic -fshort-wchar -nostdinc -Os -Wall -Wextra -Wno-missing-field-initializers -Wno-empty-body -Wno-implicit-fallthrough -Wno-old-style-declaration -Wno-unused-but-set-variable -Wno-unused-parameter -Werror -Wno-error=unused-but-set-variable -Wno-error=unused-parameter -I/shim/Cryptlib/OpenSSL -I/shim/Cryptlib -I/shim/Cryptlib/OpenSSL/Include/ -I/shim/Cryptlib/OpenSSL/crypto -I/shim/Cryptlib/Include -I/shim/gnu-efi/inc -I/shim/gnu-efi/inc/aarch64 -I/shim/gnu-efi/inc/protocol -I/shim/Cryptlib/OpenSSL/crypto/asn1 -I/shim/Cryptlib/OpenSSL/crypto/evp -I/shim/Cryptlib/OpenSSL/crypto/modes -I/shim/Cryptlib/OpenSSL/crypto/include -isystem /shim/include/system -isystem /usr/lib/gcc/aarch64-linux-gnu/14/include -DL_ENDIAN -D_CRT_SECURE_NO_DEPRECATE -D_CRT_NONSTDC_NO_DEPRECATE -DOPENSSL_SMALL_FOOTPRINT -DPEDANTIC -DMDE_CPU_AARCH64   -c -o crypto/pem/pem_err.o crypto/pem/pem_err.c
#14 286.7 gcc -std=gnu11 -ggdb -gdwarf-4 -gstrict-dwarf -ffreestanding -fmacro-prefix-map=/shim/= -fno-stack-protector -fno-strict-aliasing -fpic -fshort-wchar -nostdinc -Os -Wall -Wextra -Wno-missing-field-initializers -Wno-empty-body -Wno-implicit-fallthrough -Wno-old-style-declaration -Wno-unused-but-set-variable -Wno-unused-parameter -Werror -Wno-error=unused-but-set-variable -Wno-error=unused-parameter -I/shim/Cryptlib/OpenSSL -I/shim/Cryptlib -I/shim/Cryptlib/OpenSSL/Include/ -I/shim/Cryptlib/OpenSSL/crypto -I/shim/Cryptlib/Include -I/shim/gnu-efi/inc -I/shim/gnu-efi/inc/aarch64 -I/shim/gnu-efi/inc/protocol -I/shim/Cryptlib/OpenSSL/crypto/asn1 -I/shim/Cryptlib/OpenSSL/crypto/evp -I/shim/Cryptlib/OpenSSL/crypto/modes -I/shim/Cryptlib/OpenSSL/crypto/include -isystem /shim/include/system -isystem /usr/lib/gcc/aarch64-linux-gnu/14/include -DL_ENDIAN -D_CRT_SECURE_NO_DEPRECATE -D_CRT_NONSTDC_NO_DEPRECATE -DOPENSSL_SMALL_FOOTPRINT -DPEDANTIC -DMDE_CPU_AARCH64   -c -o crypto/pem/pem_x509.o crypto/pem/pem_x509.c
#14 287.3 gcc -std=gnu11 -ggdb -gdwarf-4 -gstrict-dwarf -ffreestanding -fmacro-prefix-map=/shim/= -fno-stack-protector -fno-strict-aliasing -fpic -fshort-wchar -nostdinc -Os -Wall -Wextra -Wno-missing-field-initializers -Wno-empty-body -Wno-implicit-fallthrough -Wno-old-style-declaration -Wno-unused-but-set-variable -Wno-unused-parameter -Werror -Wno-error=unused-but-set-variable -Wno-error=unused-parameter -I/shim/Cryptlib/OpenSSL -I/shim/Cryptlib -I/shim/Cryptlib/OpenSSL/Include/ -I/shim/Cryptlib/OpenSSL/crypto -I/shim/Cryptlib/Include -I/shim/gnu-efi/inc -I/shim/gnu-efi/inc/aarch64 -I/shim/gnu-efi/inc/protocol -I/shim/Cryptlib/OpenSSL/crypto/asn1 -I/shim/Cryptlib/OpenSSL/crypto/evp -I/shim/Cryptlib/OpenSSL/crypto/modes -I/shim/Cryptlib/OpenSSL/crypto/include -isystem /shim/include/system -isystem /usr/lib/gcc/aarch64-linux-gnu/14/include -DL_ENDIAN -D_CRT_SECURE_NO_DEPRECATE -D_CRT_NONSTDC_NO_DEPRECATE -DOPENSSL_SMALL_FOOTPRINT -DPEDANTIC -DMDE_CPU_AARCH64   -c -o crypto/pem/pem_xaux.o crypto/pem/pem_xaux.c
#14 287.6 gcc -std=gnu11 -ggdb -gdwarf-4 -gstrict-dwarf -ffreestanding -fmacro-prefix-map=/shim/= -fno-stack-protector -fno-strict-aliasing -fpic -fshort-wchar -nostdinc -Os -Wall -Wextra -Wno-missing-field-initializers -Wno-empty-body -Wno-implicit-fallthrough -Wno-old-style-declaration -Wno-unused-but-set-variable -Wno-unused-parameter -Werror -Wno-error=unused-but-set-variable -Wno-error=unused-parameter -I/shim/Cryptlib/OpenSSL -I/shim/Cryptlib -I/shim/Cryptlib/OpenSSL/Include/ -I/shim/Cryptlib/OpenSSL/crypto -I/shim/Cryptlib/Include -I/shim/gnu-efi/inc -I/shim/gnu-efi/inc/aarch64 -I/shim/gnu-efi/inc/protocol -I/shim/Cryptlib/OpenSSL/crypto/asn1 -I/shim/Cryptlib/OpenSSL/crypto/evp -I/shim/Cryptlib/OpenSSL/crypto/modes -I/shim/Cryptlib/OpenSSL/crypto/include -isystem /shim/include/system -isystem /usr/lib/gcc/aarch64-linux-gnu/14/include -DL_ENDIAN -D_CRT_SECURE_NO_DEPRECATE -D_CRT_NONSTDC_NO_DEPRECATE -DOPENSSL_SMALL_FOOTPRINT -DPEDANTIC -DMDE_CPU_AARCH64   -c -o crypto/pem/pem_oth.o crypto/pem/pem_oth.c
#14 288.2 gcc -std=gnu11 -ggdb -gdwarf-4 -gstrict-dwarf -ffreestanding -fmacro-prefix-map=/shim/= -fno-stack-protector -fno-strict-aliasing -fpic -fshort-wchar -nostdinc -Os -Wall -Wextra -Wno-missing-field-initializers -Wno-empty-body -Wno-implicit-fallthrough -Wno-old-style-declaration -Wno-unused-but-set-variable -Wno-unused-parameter -Werror -Wno-error=unused-but-set-variable -Wno-error=unused-parameter -I/shim/Cryptlib/OpenSSL -I/shim/Cryptlib -I/shim/Cryptlib/OpenSSL/Include/ -I/shim/Cryptlib/OpenSSL/crypto -I/shim/Cryptlib/Include -I/shim/gnu-efi/inc -I/shim/gnu-efi/inc/aarch64 -I/shim/gnu-efi/inc/protocol -I/shim/Cryptlib/OpenSSL/crypto/asn1 -I/shim/Cryptlib/OpenSSL/crypto/evp -I/shim/Cryptlib/OpenSSL/crypto/modes -I/shim/Cryptlib/OpenSSL/crypto/include -isystem /shim/include/system -isystem /usr/lib/gcc/aarch64-linux-gnu/14/include -DL_ENDIAN -D_CRT_SECURE_NO_DEPRECATE -D_CRT_NONSTDC_NO_DEPRECATE -DOPENSSL_SMALL_FOOTPRINT -DPEDANTIC -DMDE_CPU_AARCH64   -c -o crypto/pem/pem_pk8.o crypto/pem/pem_pk8.c
#14 288.8 gcc -std=gnu11 -ggdb -gdwarf-4 -gstrict-dwarf -ffreestanding -fmacro-prefix-map=/shim/= -fno-stack-protector -fno-strict-aliasing -fpic -fshort-wchar -nostdinc -Os -Wall -Wextra -Wno-missing-field-initializers -Wno-empty-body -Wno-implicit-fallthrough -Wno-old-style-declaration -Wno-unused-but-set-variable -Wno-unused-parameter -Werror -Wno-error=unused-but-set-variable -Wno-error=unused-parameter -I/shim/Cryptlib/OpenSSL -I/shim/Cryptlib -I/shim/Cryptlib/OpenSSL/Include/ -I/shim/Cryptlib/OpenSSL/crypto -I/shim/Cryptlib/Include -I/shim/gnu-efi/inc -I/shim/gnu-efi/inc/aarch64 -I/shim/gnu-efi/inc/protocol -I/shim/Cryptlib/OpenSSL/crypto/asn1 -I/shim/Cryptlib/OpenSSL/crypto/evp -I/shim/Cryptlib/OpenSSL/crypto/modes -I/shim/Cryptlib/OpenSSL/crypto/include -isystem /shim/include/system -isystem /usr/lib/gcc/aarch64-linux-gnu/14/include -DL_ENDIAN -D_CRT_SECURE_NO_DEPRECATE -D_CRT_NONSTDC_NO_DEPRECATE -DOPENSSL_SMALL_FOOTPRINT -DPEDANTIC -DMDE_CPU_AARCH64   -c -o crypto/pem/pem_pkey.o crypto/pem/pem_pkey.c
#14 289.1 gcc -std=gnu11 -ggdb -gdwarf-4 -gstrict-dwarf -ffreestanding -fmacro-prefix-map=/shim/= -fno-stack-protector -fno-strict-aliasing -fpic -fshort-wchar -nostdinc -Os -Wall -Wextra -Wno-missing-field-initializers -Wno-empty-body -Wno-implicit-fallthrough -Wno-old-style-declaration -Wno-unused-but-set-variable -Wno-unused-parameter -Werror -Wno-error=unused-but-set-variable -Wno-error=unused-parameter -I/shim/Cryptlib/OpenSSL -I/shim/Cryptlib -I/shim/Cryptlib/OpenSSL/Include/ -I/shim/Cryptlib/OpenSSL/crypto -I/shim/Cryptlib/Include -I/shim/gnu-efi/inc -I/shim/gnu-efi/inc/aarch64 -I/shim/gnu-efi/inc/protocol -I/shim/Cryptlib/OpenSSL/crypto/asn1 -I/shim/Cryptlib/OpenSSL/crypto/evp -I/shim/Cryptlib/OpenSSL/crypto/modes -I/shim/Cryptlib/OpenSSL/crypto/include -isystem /shim/include/system -isystem /usr/lib/gcc/aarch64-linux-gnu/14/include -DL_ENDIAN -D_CRT_SECURE_NO_DEPRECATE -D_CRT_NONSTDC_NO_DEPRECATE -DOPENSSL_SMALL_FOOTPRINT -DPEDANTIC -DMDE_CPU_AARCH64   -c -o crypto/pem/pvkfmt.o crypto/pem/pvkfmt.c
#14 289.3 gcc -std=gnu11 -ggdb -gdwarf-4 -gstrict-dwarf -ffreestanding -fmacro-prefix-map=/shim/= -fno-stack-protector -fno-strict-aliasing -fpic -fshort-wchar -nostdinc -Os -Wall -Wextra -Wno-missing-field-initializers -Wno-empty-body -Wno-implicit-fallthrough -Wno-old-style-declaration -Wno-unused-but-set-variable -Wno-unused-parameter -Werror -Wno-error=unused-but-set-variable -Wno-error=unused-parameter -I/shim/Cryptlib/OpenSSL -I/shim/Cryptlib -I/shim/Cryptlib/OpenSSL/Include/ -I/shim/Cryptlib/OpenSSL/crypto -I/shim/Cryptlib/Include -I/shim/gnu-efi/inc -I/shim/gnu-efi/inc/aarch64 -I/shim/gnu-efi/inc/protocol -I/shim/Cryptlib/OpenSSL/crypto/asn1 -I/shim/Cryptlib/OpenSSL/crypto/evp -I/shim/Cryptlib/OpenSSL/crypto/modes -I/shim/Cryptlib/OpenSSL/crypto/include -isystem /shim/include/system -isystem /usr/lib/gcc/aarch64-linux-gnu/14/include -DL_ENDIAN -D_CRT_SECURE_NO_DEPRECATE -D_CRT_NONSTDC_NO_DEPRECATE -DOPENSSL_SMALL_FOOTPRINT -DPEDANTIC -DMDE_CPU_AARCH64   -c -o crypto/x509/x509_def.o crypto/x509/x509_def.c
#14 290.0 gcc -std=gnu11 -ggdb -gdwarf-4 -gstrict-dwarf -ffreestanding -fmacro-prefix-map=/shim/= -fno-stack-protector -fno-strict-aliasing -fpic -fshort-wchar -nostdinc -Os -Wall -Wextra -Wno-missing-field-initializers -Wno-empty-body -Wno-implicit-fallthrough -Wno-old-style-declaration -Wno-unused-but-set-variable -Wno-unused-parameter -Werror -Wno-error=unused-but-set-variable -Wno-error=unused-parameter -I/shim/Cryptlib/OpenSSL -I/shim/Cryptlib -I/shim/Cryptlib/OpenSSL/Include/ -I/shim/Cryptlib/OpenSSL/crypto -I/shim/Cryptlib/Include -I/shim/gnu-efi/inc -I/shim/gnu-efi/inc/aarch64 -I/shim/gnu-efi/inc/protocol -I/shim/Cryptlib/OpenSSL/crypto/asn1 -I/shim/Cryptlib/OpenSSL/crypto/evp -I/shim/Cryptlib/OpenSSL/crypto/modes -I/shim/Cryptlib/OpenSSL/crypto/include -isystem /shim/include/system -isystem /usr/lib/gcc/aarch64-linux-gnu/14/include -DL_ENDIAN -D_CRT_SECURE_NO_DEPRECATE -D_CRT_NONSTDC_NO_DEPRECATE -DOPENSSL_SMALL_FOOTPRINT -DPEDANTIC -DMDE_CPU_AARCH64   -c -o crypto/x509/x509_d2.o crypto/x509/x509_d2.c
#14 290.2 gcc -std=gnu11 -ggdb -gdwarf-4 -gstrict-dwarf -ffreestanding -fmacro-prefix-map=/shim/= -fno-stack-protector -fno-strict-aliasing -fpic -fshort-wchar -nostdinc -Os -Wall -Wextra -Wno-missing-field-initializers -Wno-empty-body -Wno-implicit-fallthrough -Wno-old-style-declaration -Wno-unused-but-set-variable -Wno-unused-parameter -Werror -Wno-error=unused-but-set-variable -Wno-error=unused-parameter -I/shim/Cryptlib/OpenSSL -I/shim/Cryptlib -I/shim/Cryptlib/OpenSSL/Include/ -I/shim/Cryptlib/OpenSSL/crypto -I/shim/Cryptlib/Include -I/shim/gnu-efi/inc -I/shim/gnu-efi/inc/aarch64 -I/shim/gnu-efi/inc/protocol -I/shim/Cryptlib/OpenSSL/crypto/asn1 -I/shim/Cryptlib/OpenSSL/crypto/evp -I/shim/Cryptlib/OpenSSL/crypto/modes -I/shim/Cryptlib/OpenSSL/crypto/include -isystem /shim/include/system -isystem /usr/lib/gcc/aarch64-linux-gnu/14/include -DL_ENDIAN -D_CRT_SECURE_NO_DEPRECATE -D_CRT_NONSTDC_NO_DEPRECATE -DOPENSSL_SMALL_FOOTPRINT -DPEDANTIC -DMDE_CPU_AARCH64   -c -o crypto/x509/x509_r2x.o crypto/x509/x509_r2x.c
#14 290.5 gcc -std=gnu11 -ggdb -gdwarf-4 -gstrict-dwarf -ffreestanding -fmacro-prefix-map=/shim/= -fno-stack-protector -fno-strict-aliasing -fpic -fshort-wchar -nostdinc -Os -Wall -Wextra -Wno-missing-field-initializers -Wno-empty-body -Wno-implicit-fallthrough -Wno-old-style-declaration -Wno-unused-but-set-variable -Wno-unused-parameter -Werror -Wno-error=unused-but-set-variable -Wno-error=unused-parameter -I/shim/Cryptlib/OpenSSL -I/shim/Cryptlib -I/shim/Cryptlib/OpenSSL/Include/ -I/shim/Cryptlib/OpenSSL/crypto -I/shim/Cryptlib/Include -I/shim/gnu-efi/inc -I/shim/gnu-efi/inc/aarch64 -I/shim/gnu-efi/inc/protocol -I/shim/Cryptlib/OpenSSL/crypto/asn1 -I/shim/Cryptlib/OpenSSL/crypto/evp -I/shim/Cryptlib/OpenSSL/crypto/modes -I/shim/Cryptlib/OpenSSL/crypto/include -isystem /shim/include/system -isystem /usr/lib/gcc/aarch64-linux-gnu/14/include -DL_ENDIAN -D_CRT_SECURE_NO_DEPRECATE -D_CRT_NONSTDC_NO_DEPRECATE -DOPENSSL_SMALL_FOOTPRINT -DPEDANTIC -DMDE_CPU_AARCH64   -c -o crypto/x509/x509_cmp.o crypto/x509/x509_cmp.c
#14 290.8 gcc -std=gnu11 -ggdb -gdwarf-4 -gstrict-dwarf -ffreestanding -fmacro-prefix-map=/shim/= -fno-stack-protector -fno-strict-aliasing -fpic -fshort-wchar -nostdinc -Os -Wall -Wextra -Wno-missing-field-initializers -Wno-empty-body -Wno-implicit-fallthrough -Wno-old-style-declaration -Wno-unused-but-set-variable -Wno-unused-parameter -Werror -Wno-error=unused-but-set-variable -Wno-error=unused-parameter -I/shim/Cryptlib/OpenSSL -I/shim/Cryptlib -I/shim/Cryptlib/OpenSSL/Include/ -I/shim/Cryptlib/OpenSSL/crypto -I/shim/Cryptlib/Include -I/shim/gnu-efi/inc -I/shim/gnu-efi/inc/aarch64 -I/shim/gnu-efi/inc/protocol -I/shim/Cryptlib/OpenSSL/crypto/asn1 -I/shim/Cryptlib/OpenSSL/crypto/evp -I/shim/Cryptlib/OpenSSL/crypto/modes -I/shim/Cryptlib/OpenSSL/crypto/include -isystem /shim/include/system -isystem /usr/lib/gcc/aarch64-linux-gnu/14/include -DL_ENDIAN -D_CRT_SECURE_NO_DEPRECATE -D_CRT_NONSTDC_NO_DEPRECATE -DOPENSSL_SMALL_FOOTPRINT -DPEDANTIC -DMDE_CPU_AARCH64   -c -o crypto/x509/x509_obj.o crypto/x509/x509_obj.c
#14 291.1 gcc -std=gnu11 -ggdb -gdwarf-4 -gstrict-dwarf -ffreestanding -fmacro-prefix-map=/shim/= -fno-stack-protector -fno-strict-aliasing -fpic -fshort-wchar -nostdinc -Os -Wall -Wextra -Wno-missing-field-initializers -Wno-empty-body -Wno-implicit-fallthrough -Wno-old-style-declaration -Wno-unused-but-set-variable -Wno-unused-parameter -Werror -Wno-error=unused-but-set-variable -Wno-error=unused-parameter -I/shim/Cryptlib/OpenSSL -I/shim/Cryptlib -I/shim/Cryptlib/OpenSSL/Include/ -I/shim/Cryptlib/OpenSSL/crypto -I/shim/Cryptlib/Include -I/shim/gnu-efi/inc -I/shim/gnu-efi/inc/aarch64 -I/shim/gnu-efi/inc/protocol -I/shim/Cryptlib/OpenSSL/crypto/asn1 -I/shim/Cryptlib/OpenSSL/crypto/evp -I/shim/Cryptlib/OpenSSL/crypto/modes -I/shim/Cryptlib/OpenSSL/crypto/include -isystem /shim/include/system -isystem /usr/lib/gcc/aarch64-linux-gnu/14/include -DL_ENDIAN -D_CRT_SECURE_NO_DEPRECATE -D_CRT_NONSTDC_NO_DEPRECATE -DOPENSSL_SMALL_FOOTPRINT -DPEDANTIC -DMDE_CPU_AARCH64   -c -o crypto/x509/x509_req.o crypto/x509/x509_req.c
#14 292.2 gcc -std=gnu11 -ggdb -gdwarf-4 -gstrict-dwarf -ffreestanding -fmacro-prefix-map=/shim/= -fno-stack-protector -fno-strict-aliasing -fpic -fshort-wchar -nostdinc -Os -Wall -Wextra -Wno-missing-field-initializers -Wno-empty-body -Wno-implicit-fallthrough -Wno-old-style-declaration -Wno-unused-but-set-variable -Wno-unused-parameter -Werror -Wno-error=unused-but-set-variable -Wno-error=unused-parameter -I/shim/Cryptlib/OpenSSL -I/shim/Cryptlib -I/shim/Cryptlib/OpenSSL/Include/ -I/shim/Cryptlib/OpenSSL/crypto -I/shim/Cryptlib/Include -I/shim/gnu-efi/inc -I/shim/gnu-efi/inc/aarch64 -I/shim/gnu-efi/inc/protocol -I/shim/Cryptlib/OpenSSL/crypto/asn1 -I/shim/Cryptlib/OpenSSL/crypto/evp -I/shim/Cryptlib/OpenSSL/crypto/modes -I/shim/Cryptlib/OpenSSL/crypto/include -isystem /shim/include/system -isystem /usr/lib/gcc/aarch64-linux-gnu/14/include -DL_ENDIAN -D_CRT_SECURE_NO_DEPRECATE -D_CRT_NONSTDC_NO_DEPRECATE -DOPENSSL_SMALL_FOOTPRINT -DPEDANTIC -DMDE_CPU_AARCH64   -c -o crypto/x509/x509spki.o crypto/x509/x509spki.c
#14 293.2 gcc -std=gnu11 -ggdb -gdwarf-4 -gstrict-dwarf -ffreestanding -fmacro-prefix-map=/shim/= -fno-stack-protector -fno-strict-aliasing -fpic -fshort-wchar -nostdinc -Os -Wall -Wextra -Wno-missing-field-initializers -Wno-empty-body -Wno-implicit-fallthrough -Wno-old-style-declaration -Wno-unused-but-set-variable -Wno-unused-parameter -Werror -Wno-error=unused-but-set-variable -Wno-error=unused-parameter -I/shim/Cryptlib/OpenSSL -I/shim/Cryptlib -I/shim/Cryptlib/OpenSSL/Include/ -I/shim/Cryptlib/OpenSSL/crypto -I/shim/Cryptlib/Include -I/shim/gnu-efi/inc -I/shim/gnu-efi/inc/aarch64 -I/shim/gnu-efi/inc/protocol -I/shim/Cryptlib/OpenSSL/crypto/asn1 -I/shim/Cryptlib/OpenSSL/crypto/evp -I/shim/Cryptlib/OpenSSL/crypto/modes -I/shim/Cryptlib/OpenSSL/crypto/include -isystem /shim/include/system -isystem /usr/lib/gcc/aarch64-linux-gnu/14/include -DL_ENDIAN -D_CRT_SECURE_NO_DEPRECATE -D_CRT_NONSTDC_NO_DEPRECATE -DOPENSSL_SMALL_FOOTPRINT -DPEDANTIC -DMDE_CPU_AARCH64   -c -o crypto/x509/x509_vfy.o crypto/x509/x509_vfy.c
#14 293.4 gcc -std=gnu11 -ggdb -gdwarf-4 -gstrict-dwarf -ffreestanding -fmacro-prefix-map=/shim/= -fno-stack-protector -fno-strict-aliasing -fpic -fshort-wchar -nostdinc -Os -Wall -Wextra -Wno-missing-field-initializers -Wno-empty-body -Wno-implicit-fallthrough -Wno-old-style-declaration -Wno-unused-but-set-variable -Wno-unused-parameter -Werror -Wno-error=unused-but-set-variable -Wno-error=unused-parameter -I/shim/Cryptlib/OpenSSL -I/shim/Cryptlib -I/shim/Cryptlib/OpenSSL/Include/ -I/shim/Cryptlib/OpenSSL/crypto -I/shim/Cryptlib/Include -I/shim/gnu-efi/inc -I/shim/gnu-efi/inc/aarch64 -I/shim/gnu-efi/inc/protocol -I/shim/Cryptlib/OpenSSL/crypto/asn1 -I/shim/Cryptlib/OpenSSL/crypto/evp -I/shim/Cryptlib/OpenSSL/crypto/modes -I/shim/Cryptlib/OpenSSL/crypto/include -isystem /shim/include/system -isystem /usr/lib/gcc/aarch64-linux-gnu/14/include -DL_ENDIAN -D_CRT_SECURE_NO_DEPRECATE -D_CRT_NONSTDC_NO_DEPRECATE -DOPENSSL_SMALL_FOOTPRINT -DPEDANTIC -DMDE_CPU_AARCH64   -c -o crypto/x509/x509_set.o crypto/x509/x509_set.c
#14 293.7 gcc -std=gnu11 -ggdb -gdwarf-4 -gstrict-dwarf -ffreestanding -fmacro-prefix-map=/shim/= -fno-stack-protector -fno-strict-aliasing -fpic -fshort-wchar -nostdinc -Os -Wall -Wextra -Wno-missing-field-initializers -Wno-empty-body -Wno-implicit-fallthrough -Wno-old-style-declaration -Wno-unused-but-set-variable -Wno-unused-parameter -Werror -Wno-error=unused-but-set-variable -Wno-error=unused-parameter -I/shim/Cryptlib/OpenSSL -I/shim/Cryptlib -I/shim/Cryptlib/OpenSSL/Include/ -I/shim/Cryptlib/OpenSSL/crypto -I/shim/Cryptlib/Include -I/shim/gnu-efi/inc -I/shim/gnu-efi/inc/aarch64 -I/shim/gnu-efi/inc/protocol -I/shim/Cryptlib/OpenSSL/crypto/asn1 -I/shim/Cryptlib/OpenSSL/crypto/evp -I/shim/Cryptlib/OpenSSL/crypto/modes -I/shim/Cryptlib/OpenSSL/crypto/include -isystem /shim/include/system -isystem /usr/lib/gcc/aarch64-linux-gnu/14/include -DL_ENDIAN -D_CRT_SECURE_NO_DEPRECATE -D_CRT_NONSTDC_NO_DEPRECATE -DOPENSSL_SMALL_FOOTPRINT -DPEDANTIC -DMDE_CPU_AARCH64   -c -o crypto/x509/x509cset.o crypto/x509/x509cset.c
#14 294.1 gcc -std=gnu11 -ggdb -gdwarf-4 -gstrict-dwarf -ffreestanding -fmacro-prefix-map=/shim/= -fno-stack-protector -fno-strict-aliasing -fpic -fshort-wchar -nostdinc -Os -Wall -Wextra -Wno-missing-field-initializers -Wno-empty-body -Wno-implicit-fallthrough -Wno-old-style-declaration -Wno-unused-but-set-variable -Wno-unused-parameter -Werror -Wno-error=unused-but-set-variable -Wno-error=unused-parameter -I/shim/Cryptlib/OpenSSL -I/shim/Cryptlib -I/shim/Cryptlib/OpenSSL/Include/ -I/shim/Cryptlib/OpenSSL/crypto -I/shim/Cryptlib/Include -I/shim/gnu-efi/inc -I/shim/gnu-efi/inc/aarch64 -I/shim/gnu-efi/inc/protocol -I/shim/Cryptlib/OpenSSL/crypto/asn1 -I/shim/Cryptlib/OpenSSL/crypto/evp -I/shim/Cryptlib/OpenSSL/crypto/modes -I/shim/Cryptlib/OpenSSL/crypto/include -isystem /shim/include/system -isystem /usr/lib/gcc/aarch64-linux-gnu/14/include -DL_ENDIAN -D_CRT_SECURE_NO_DEPRECATE -D_CRT_NONSTDC_NO_DEPRECATE -DOPENSSL_SMALL_FOOTPRINT -DPEDANTIC -DMDE_CPU_AARCH64   -c -o crypto/x509/x509rset.o crypto/x509/x509rset.c
#14 295.4 gcc -std=gnu11 -ggdb -gdwarf-4 -gstrict-dwarf -ffreestanding -fmacro-prefix-map=/shim/= -fno-stack-protector -fno-strict-aliasing -fpic -fshort-wchar -nostdinc -Os -Wall -Wextra -Wno-missing-field-initializers -Wno-empty-body -Wno-implicit-fallthrough -Wno-old-style-declaration -Wno-unused-but-set-variable -Wno-unused-parameter -Werror -Wno-error=unused-but-set-variable -Wno-error=unused-parameter -I/shim/Cryptlib/OpenSSL -I/shim/Cryptlib -I/shim/Cryptlib/OpenSSL/Include/ -I/shim/Cryptlib/OpenSSL/crypto -I/shim/Cryptlib/Include -I/shim/gnu-efi/inc -I/shim/gnu-efi/inc/aarch64 -I/shim/gnu-efi/inc/protocol -I/shim/Cryptlib/OpenSSL/crypto/asn1 -I/shim/Cryptlib/OpenSSL/crypto/evp -I/shim/Cryptlib/OpenSSL/crypto/modes -I/shim/Cryptlib/OpenSSL/crypto/include -isystem /shim/include/system -isystem /usr/lib/gcc/aarch64-linux-gnu/14/include -DL_ENDIAN -D_CRT_SECURE_NO_DEPRECATE -D_CRT_NONSTDC_NO_DEPRECATE -DOPENSSL_SMALL_FOOTPRINT -DPEDANTIC -DMDE_CPU_AARCH64   -c -o crypto/x509/x509_err.o crypto/x509/x509_err.c
#14 295.9 gcc -std=gnu11 -ggdb -gdwarf-4 -gstrict-dwarf -ffreestanding -fmacro-prefix-map=/shim/= -fno-stack-protector -fno-strict-aliasing -fpic -fshort-wchar -nostdinc -Os -Wall -Wextra -Wno-missing-field-initializers -Wno-empty-body -Wno-implicit-fallthrough -Wno-old-style-declaration -Wno-unused-but-set-variable -Wno-unused-parameter -Werror -Wno-error=unused-but-set-variable -Wno-error=unused-parameter -I/shim/Cryptlib/OpenSSL -I/shim/Cryptlib -I/shim/Cryptlib/OpenSSL/Include/ -I/shim/Cryptlib/OpenSSL/crypto -I/shim/Cryptlib/Include -I/shim/gnu-efi/inc -I/shim/gnu-efi/inc/aarch64 -I/shim/gnu-efi/inc/protocol -I/shim/Cryptlib/OpenSSL/crypto/asn1 -I/shim/Cryptlib/OpenSSL/crypto/evp -I/shim/Cryptlib/OpenSSL/crypto/modes -I/shim/Cryptlib/OpenSSL/crypto/include -isystem /shim/include/system -isystem /usr/lib/gcc/aarch64-linux-gnu/14/include -DL_ENDIAN -D_CRT_SECURE_NO_DEPRECATE -D_CRT_NONSTDC_NO_DEPRECATE -DOPENSSL_SMALL_FOOTPRINT -DPEDANTIC -DMDE_CPU_AARCH64   -c -o crypto/x509/x509name.o crypto/x509/x509name.c
#14 296.0 gcc -std=gnu11 -ggdb -gdwarf-4 -gstrict-dwarf -ffreestanding -fmacro-prefix-map=/shim/= -fno-stack-protector -fno-strict-aliasing -fpic -fshort-wchar -nostdinc -Os -Wall -Wextra -Wno-missing-field-initializers -Wno-empty-body -Wno-implicit-fallthrough -Wno-old-style-declaration -Wno-unused-but-set-variable -Wno-unused-parameter -Werror -Wno-error=unused-but-set-variable -Wno-error=unused-parameter -I/shim/Cryptlib/OpenSSL -I/shim/Cryptlib -I/shim/Cryptlib/OpenSSL/Include/ -I/shim/Cryptlib/OpenSSL/crypto -I/shim/Cryptlib/Include -I/shim/gnu-efi/inc -I/shim/gnu-efi/inc/aarch64 -I/shim/gnu-efi/inc/protocol -I/shim/Cryptlib/OpenSSL/crypto/asn1 -I/shim/Cryptlib/OpenSSL/crypto/evp -I/shim/Cryptlib/OpenSSL/crypto/modes -I/shim/Cryptlib/OpenSSL/crypto/include -isystem /shim/include/system -isystem /usr/lib/gcc/aarch64-linux-gnu/14/include -DL_ENDIAN -D_CRT_SECURE_NO_DEPRECATE -D_CRT_NONSTDC_NO_DEPRECATE -DOPENSSL_SMALL_FOOTPRINT -DPEDANTIC -DMDE_CPU_AARCH64   -c -o crypto/x509/x509_v3.o crypto/x509/x509_v3.c
#14 296.7 gcc -std=gnu11 -ggdb -gdwarf-4 -gstrict-dwarf -ffreestanding -fmacro-prefix-map=/shim/= -fno-stack-protector -fno-strict-aliasing -fpic -fshort-wchar -nostdinc -Os -Wall -Wextra -Wno-missing-field-initializers -Wno-empty-body -Wno-implicit-fallthrough -Wno-old-style-declaration -Wno-unused-but-set-variable -Wno-unused-parameter -Werror -Wno-error=unused-but-set-variable -Wno-error=unused-parameter -I/shim/Cryptlib/OpenSSL -I/shim/Cryptlib -I/shim/Cryptlib/OpenSSL/Include/ -I/shim/Cryptlib/OpenSSL/crypto -I/shim/Cryptlib/Include -I/shim/gnu-efi/inc -I/shim/gnu-efi/inc/aarch64 -I/shim/gnu-efi/inc/protocol -I/shim/Cryptlib/OpenSSL/crypto/asn1 -I/shim/Cryptlib/OpenSSL/crypto/evp -I/shim/Cryptlib/OpenSSL/crypto/modes -I/shim/Cryptlib/OpenSSL/crypto/include -isystem /shim/include/system -isystem /usr/lib/gcc/aarch64-linux-gnu/14/include -DL_ENDIAN -D_CRT_SECURE_NO_DEPRECATE -D_CRT_NONSTDC_NO_DEPRECATE -DOPENSSL_SMALL_FOOTPRINT -DPEDANTIC -DMDE_CPU_AARCH64   -c -o crypto/x509/x509_ext.o crypto/x509/x509_ext.c
#14 298.6 gcc -std=gnu11 -ggdb -gdwarf-4 -gstrict-dwarf -ffreestanding -fmacro-prefix-map=/shim/= -fno-stack-protector -fno-strict-aliasing -fpic -fshort-wchar -nostdinc -Os -Wall -Wextra -Wno-missing-field-initializers -Wno-empty-body -Wno-implicit-fallthrough -Wno-old-style-declaration -Wno-unused-but-set-variable -Wno-unused-parameter -Werror -Wno-error=unused-but-set-variable -Wno-error=unused-parameter -I/shim/Cryptlib/OpenSSL -I/shim/Cryptlib -I/shim/Cryptlib/OpenSSL/Include/ -I/shim/Cryptlib/OpenSSL/crypto -I/shim/Cryptlib/Include -I/shim/gnu-efi/inc -I/shim/gnu-efi/inc/aarch64 -I/shim/gnu-efi/inc/protocol -I/shim/Cryptlib/OpenSSL/crypto/asn1 -I/shim/Cryptlib/OpenSSL/crypto/evp -I/shim/Cryptlib/OpenSSL/crypto/modes -I/shim/Cryptlib/OpenSSL/crypto/include -isystem /shim/include/system -isystem /usr/lib/gcc/aarch64-linux-gnu/14/include -DL_ENDIAN -D_CRT_SECURE_NO_DEPRECATE -D_CRT_NONSTDC_NO_DEPRECATE -DOPENSSL_SMALL_FOOTPRINT -DPEDANTIC -DMDE_CPU_AARCH64   -c -o crypto/x509/x509_att.o crypto/x509/x509_att.c
#14 298.7 gcc -std=gnu11 -ggdb -gdwarf-4 -gstrict-dwarf -ffreestanding -fmacro-prefix-map=/shim/= -fno-stack-protector -fno-strict-aliasing -fpic -fshort-wchar -nostdinc -Os -Wall -Wextra -Wno-missing-field-initializers -Wno-empty-body -Wno-implicit-fallthrough -Wno-old-style-declaration -Wno-unused-but-set-variable -Wno-unused-parameter -Werror -Wno-error=unused-but-set-variable -Wno-error=unused-parameter -I/shim/Cryptlib/OpenSSL -I/shim/Cryptlib -I/shim/Cryptlib/OpenSSL/Include/ -I/shim/Cryptlib/OpenSSL/crypto -I/shim/Cryptlib/Include -I/shim/gnu-efi/inc -I/shim/gnu-efi/inc/aarch64 -I/shim/gnu-efi/inc/protocol -I/shim/Cryptlib/OpenSSL/crypto/asn1 -I/shim/Cryptlib/OpenSSL/crypto/evp -I/shim/Cryptlib/OpenSSL/crypto/modes -I/shim/Cryptlib/OpenSSL/crypto/include -isystem /shim/include/system -isystem /usr/lib/gcc/aarch64-linux-gnu/14/include -DL_ENDIAN -D_CRT_SECURE_NO_DEPRECATE -D_CRT_NONSTDC_NO_DEPRECATE -DOPENSSL_SMALL_FOOTPRINT -DPEDANTIC -DMDE_CPU_AARCH64   -c -o crypto/x509/x509type.o crypto/x509/x509type.c
#14 298.8 gcc -std=gnu11 -ggdb -gdwarf-4 -gstrict-dwarf -ffreestanding -fmacro-prefix-map=/shim/= -fno-stack-protector -fno-strict-aliasing -fpic -fshort-wchar -nostdinc -Os -Wall -Wextra -Wno-missing-field-initializers -Wno-empty-body -Wno-implicit-fallthrough -Wno-old-style-declaration -Wno-unused-but-set-variable -Wno-unused-parameter -Werror -Wno-error=unused-but-set-variable -Wno-error=unused-parameter -I/shim/Cryptlib/OpenSSL -I/shim/Cryptlib -I/shim/Cryptlib/OpenSSL/Include/ -I/shim/Cryptlib/OpenSSL/crypto -I/shim/Cryptlib/Include -I/shim/gnu-efi/inc -I/shim/gnu-efi/inc/aarch64 -I/shim/gnu-efi/inc/protocol -I/shim/Cryptlib/OpenSSL/crypto/asn1 -I/shim/Cryptlib/OpenSSL/crypto/evp -I/shim/Cryptlib/OpenSSL/crypto/modes -I/shim/Cryptlib/OpenSSL/crypto/include -isystem /shim/include/system -isystem /usr/lib/gcc/aarch64-linux-gnu/14/include -DL_ENDIAN -D_CRT_SECURE_NO_DEPRECATE -D_CRT_NONSTDC_NO_DEPRECATE -DOPENSSL_SMALL_FOOTPRINT -DPEDANTIC -DMDE_CPU_AARCH64   -c -o crypto/x509/x509_lu.o crypto/x509/x509_lu.c
#14 300.9 gcc -std=gnu11 -ggdb -gdwarf-4 -gstrict-dwarf -ffreestanding -fmacro-prefix-map=/shim/= -fno-stack-protector -fno-strict-aliasing -fpic -fshort-wchar -nostdinc -Os -Wall -Wextra -Wno-missing-field-initializers -Wno-empty-body -Wno-implicit-fallthrough -Wno-old-style-declaration -Wno-unused-but-set-variable -Wno-unused-parameter -Werror -Wno-error=unused-but-set-variable -Wno-error=unused-parameter -I/shim/Cryptlib/OpenSSL -I/shim/Cryptlib -I/shim/Cryptlib/OpenSSL/Include/ -I/shim/Cryptlib/OpenSSL/crypto -I/shim/Cryptlib/Include -I/shim/gnu-efi/inc -I/shim/gnu-efi/inc/aarch64 -I/shim/gnu-efi/inc/protocol -I/shim/Cryptlib/OpenSSL/crypto/asn1 -I/shim/Cryptlib/OpenSSL/crypto/evp -I/shim/Cryptlib/OpenSSL/crypto/modes -I/shim/Cryptlib/OpenSSL/crypto/include -isystem /shim/include/system -isystem /usr/lib/gcc/aarch64-linux-gnu/14/include -DL_ENDIAN -D_CRT_SECURE_NO_DEPRECATE -D_CRT_NONSTDC_NO_DEPRECATE -DOPENSSL_SMALL_FOOTPRINT -DPEDANTIC -DMDE_CPU_AARCH64   -c -o crypto/x509/x_all.o crypto/x509/x_all.c
#14 301.0 gcc -std=gnu11 -ggdb -gdwarf-4 -gstrict-dwarf -ffreestanding -fmacro-prefix-map=/shim/= -fno-stack-protector -fno-strict-aliasing -fpic -fshort-wchar -nostdinc -Os -Wall -Wextra -Wno-missing-field-initializers -Wno-empty-body -Wno-implicit-fallthrough -Wno-old-style-declaration -Wno-unused-but-set-variable -Wno-unused-parameter -Werror -Wno-error=unused-but-set-variable -Wno-error=unused-parameter -I/shim/Cryptlib/OpenSSL -I/shim/Cryptlib -I/shim/Cryptlib/OpenSSL/Include/ -I/shim/Cryptlib/OpenSSL/crypto -I/shim/Cryptlib/Include -I/shim/gnu-efi/inc -I/shim/gnu-efi/inc/aarch64 -I/shim/gnu-efi/inc/protocol -I/shim/Cryptlib/OpenSSL/crypto/asn1 -I/shim/Cryptlib/OpenSSL/crypto/evp -I/shim/Cryptlib/OpenSSL/crypto/modes -I/shim/Cryptlib/OpenSSL/crypto/include -isystem /shim/include/system -isystem /usr/lib/gcc/aarch64-linux-gnu/14/include -DL_ENDIAN -D_CRT_SECURE_NO_DEPRECATE -D_CRT_NONSTDC_NO_DEPRECATE -DOPENSSL_SMALL_FOOTPRINT -DPEDANTIC -DMDE_CPU_AARCH64   -c -o crypto/x509/x509_txt.o crypto/x509/x509_txt.c
#14 301.8 gcc -std=gnu11 -ggdb -gdwarf-4 -gstrict-dwarf -ffreestanding -fmacro-prefix-map=/shim/= -fno-stack-protector -fno-strict-aliasing -fpic -fshort-wchar -nostdinc -Os -Wall -Wextra -Wno-missing-field-initializers -Wno-empty-body -Wno-implicit-fallthrough -Wno-old-style-declaration -Wno-unused-but-set-variable -Wno-unused-parameter -Werror -Wno-error=unused-but-set-variable -Wno-error=unused-parameter -I/shim/Cryptlib/OpenSSL -I/shim/Cryptlib -I/shim/Cryptlib/OpenSSL/Include/ -I/shim/Cryptlib/OpenSSL/crypto -I/shim/Cryptlib/Include -I/shim/gnu-efi/inc -I/shim/gnu-efi/inc/aarch64 -I/shim/gnu-efi/inc/protocol -I/shim/Cryptlib/OpenSSL/crypto/asn1 -I/shim/Cryptlib/OpenSSL/crypto/evp -I/shim/Cryptlib/OpenSSL/crypto/modes -I/shim/Cryptlib/OpenSSL/crypto/include -isystem /shim/include/system -isystem /usr/lib/gcc/aarch64-linux-gnu/14/include -DL_ENDIAN -D_CRT_SECURE_NO_DEPRECATE -D_CRT_NONSTDC_NO_DEPRECATE -DOPENSSL_SMALL_FOOTPRINT -DPEDANTIC -DMDE_CPU_AARCH64   -c -o crypto/x509/x509_trs.o crypto/x509/x509_trs.c
#14 302.5 gcc -std=gnu11 -ggdb -gdwarf-4 -gstrict-dwarf -ffreestanding -fmacro-prefix-map=/shim/= -fno-stack-protector -fno-strict-aliasing -fpic -fshort-wchar -nostdinc -Os -Wall -Wextra -Wno-missing-field-initializers -Wno-empty-body -Wno-implicit-fallthrough -Wno-old-style-declaration -Wno-unused-but-set-variable -Wno-unused-parameter -Werror -Wno-error=unused-but-set-variable -Wno-error=unused-parameter -I/shim/Cryptlib/OpenSSL -I/shim/Cryptlib -I/shim/Cryptlib/OpenSSL/Include/ -I/shim/Cryptlib/OpenSSL/crypto -I/shim/Cryptlib/Include -I/shim/gnu-efi/inc -I/shim/gnu-efi/inc/aarch64 -I/shim/gnu-efi/inc/protocol -I/shim/Cryptlib/OpenSSL/crypto/asn1 -I/shim/Cryptlib/OpenSSL/crypto/evp -I/shim/Cryptlib/OpenSSL/crypto/modes -I/shim/Cryptlib/OpenSSL/crypto/include -isystem /shim/include/system -isystem /usr/lib/gcc/aarch64-linux-gnu/14/include -DL_ENDIAN -D_CRT_SECURE_NO_DEPRECATE -D_CRT_NONSTDC_NO_DEPRECATE -DOPENSSL_SMALL_FOOTPRINT -DPEDANTIC -DMDE_CPU_AARCH64   -c -o crypto/x509/x509_vpm.o crypto/x509/x509_vpm.c
#14 302.6 gcc -std=gnu11 -ggdb -gdwarf-4 -gstrict-dwarf -ffreestanding -fmacro-prefix-map=/shim/= -fno-stack-protector -fno-strict-aliasing -fpic -fshort-wchar -nostdinc -Os -Wall -Wextra -Wno-missing-field-initializers -Wno-empty-body -Wno-implicit-fallthrough -Wno-old-style-declaration -Wno-unused-but-set-variable -Wno-unused-parameter -Werror -Wno-error=unused-but-set-variable -Wno-error=unused-parameter -I/shim/Cryptlib/OpenSSL -I/shim/Cryptlib -I/shim/Cryptlib/OpenSSL/Include/ -I/shim/Cryptlib/OpenSSL/crypto -I/shim/Cryptlib/Include -I/shim/gnu-efi/inc -I/shim/gnu-efi/inc/aarch64 -I/shim/gnu-efi/inc/protocol -I/shim/Cryptlib/OpenSSL/crypto/asn1 -I/shim/Cryptlib/OpenSSL/crypto/evp -I/shim/Cryptlib/OpenSSL/crypto/modes -I/shim/Cryptlib/OpenSSL/crypto/include -isystem /shim/include/system -isystem /usr/lib/gcc/aarch64-linux-gnu/14/include -DL_ENDIAN -D_CRT_SECURE_NO_DEPRECATE -D_CRT_NONSTDC_NO_DEPRECATE -DOPENSSL_SMALL_FOOTPRINT -DPEDANTIC -DMDE_CPU_AARCH64   -c -o crypto/x509v3/v3_bcons.o crypto/x509v3/v3_bcons.c
#14 303.6 gcc -std=gnu11 -ggdb -gdwarf-4 -gstrict-dwarf -ffreestanding -fmacro-prefix-map=/shim/= -fno-stack-protector -fno-strict-aliasing -fpic -fshort-wchar -nostdinc -Os -Wall -Wextra -Wno-missing-field-initializers -Wno-empty-body -Wno-implicit-fallthrough -Wno-old-style-declaration -Wno-unused-but-set-variable -Wno-unused-parameter -Werror -Wno-error=unused-but-set-variable -Wno-error=unused-parameter -I/shim/Cryptlib/OpenSSL -I/shim/Cryptlib -I/shim/Cryptlib/OpenSSL/Include/ -I/shim/Cryptlib/OpenSSL/crypto -I/shim/Cryptlib/Include -I/shim/gnu-efi/inc -I/shim/gnu-efi/inc/aarch64 -I/shim/gnu-efi/inc/protocol -I/shim/Cryptlib/OpenSSL/crypto/asn1 -I/shim/Cryptlib/OpenSSL/crypto/evp -I/shim/Cryptlib/OpenSSL/crypto/modes -I/shim/Cryptlib/OpenSSL/crypto/include -isystem /shim/include/system -isystem /usr/lib/gcc/aarch64-linux-gnu/14/include -DL_ENDIAN -D_CRT_SECURE_NO_DEPRECATE -D_CRT_NONSTDC_NO_DEPRECATE -DOPENSSL_SMALL_FOOTPRINT -DPEDANTIC -DMDE_CPU_AARCH64   -c -o crypto/x509v3/v3_bitst.o crypto/x509v3/v3_bitst.c
#14 304.9 gcc -std=gnu11 -ggdb -gdwarf-4 -gstrict-dwarf -ffreestanding -fmacro-prefix-map=/shim/= -fno-stack-protector -fno-strict-aliasing -fpic -fshort-wchar -nostdinc -Os -Wall -Wextra -Wno-missing-field-initializers -Wno-empty-body -Wno-implicit-fallthrough -Wno-old-style-declaration -Wno-unused-but-set-variable -Wno-unused-parameter -Werror -Wno-error=unused-but-set-variable -Wno-error=unused-parameter -I/shim/Cryptlib/OpenSSL -I/shim/Cryptlib -I/shim/Cryptlib/OpenSSL/Include/ -I/shim/Cryptlib/OpenSSL/crypto -I/shim/Cryptlib/Include -I/shim/gnu-efi/inc -I/shim/gnu-efi/inc/aarch64 -I/shim/gnu-efi/inc/protocol -I/shim/Cryptlib/OpenSSL/crypto/asn1 -I/shim/Cryptlib/OpenSSL/crypto/evp -I/shim/Cryptlib/OpenSSL/crypto/modes -I/shim/Cryptlib/OpenSSL/crypto/include -isystem /shim/include/system -isystem /usr/lib/gcc/aarch64-linux-gnu/14/include -DL_ENDIAN -D_CRT_SECURE_NO_DEPRECATE -D_CRT_NONSTDC_NO_DEPRECATE -DOPENSSL_SMALL_FOOTPRINT -DPEDANTIC -DMDE_CPU_AARCH64   -c -o crypto/x509v3/v3_conf.o crypto/x509v3/v3_conf.c
#14 305.0 gcc -std=gnu11 -ggdb -gdwarf-4 -gstrict-dwarf -ffreestanding -fmacro-prefix-map=/shim/= -fno-stack-protector -fno-strict-aliasing -fpic -fshort-wchar -nostdinc -Os -Wall -Wextra -Wno-missing-field-initializers -Wno-empty-body -Wno-implicit-fallthrough -Wno-old-style-declaration -Wno-unused-but-set-variable -Wno-unused-parameter -Werror -Wno-error=unused-but-set-variable -Wno-error=unused-parameter -I/shim/Cryptlib/OpenSSL -I/shim/Cryptlib -I/shim/Cryptlib/OpenSSL/Include/ -I/shim/Cryptlib/OpenSSL/crypto -I/shim/Cryptlib/Include -I/shim/gnu-efi/inc -I/shim/gnu-efi/inc/aarch64 -I/shim/gnu-efi/inc/protocol -I/shim/Cryptlib/OpenSSL/crypto/asn1 -I/shim/Cryptlib/OpenSSL/crypto/evp -I/shim/Cryptlib/OpenSSL/crypto/modes -I/shim/Cryptlib/OpenSSL/crypto/include -isystem /shim/include/system -isystem /usr/lib/gcc/aarch64-linux-gnu/14/include -DL_ENDIAN -D_CRT_SECURE_NO_DEPRECATE -D_CRT_NONSTDC_NO_DEPRECATE -DOPENSSL_SMALL_FOOTPRINT -DPEDANTIC -DMDE_CPU_AARCH64   -c -o crypto/x509v3/v3_extku.o crypto/x509v3/v3_extku.c
#14 305.7 gcc -std=gnu11 -ggdb -gdwarf-4 -gstrict-dwarf -ffreestanding -fmacro-prefix-map=/shim/= -fno-stack-protector -fno-strict-aliasing -fpic -fshort-wchar -nostdinc -Os -Wall -Wextra -Wno-missing-field-initializers -Wno-empty-body -Wno-implicit-fallthrough -Wno-old-style-declaration -Wno-unused-but-set-variable -Wno-unused-parameter -Werror -Wno-error=unused-but-set-variable -Wno-error=unused-parameter -I/shim/Cryptlib/OpenSSL -I/shim/Cryptlib -I/shim/Cryptlib/OpenSSL/Include/ -I/shim/Cryptlib/OpenSSL/crypto -I/shim/Cryptlib/Include -I/shim/gnu-efi/inc -I/shim/gnu-efi/inc/aarch64 -I/shim/gnu-efi/inc/protocol -I/shim/Cryptlib/OpenSSL/crypto/asn1 -I/shim/Cryptlib/OpenSSL/crypto/evp -I/shim/Cryptlib/OpenSSL/crypto/modes -I/shim/Cryptlib/OpenSSL/crypto/include -isystem /shim/include/system -isystem /usr/lib/gcc/aarch64-linux-gnu/14/include -DL_ENDIAN -D_CRT_SECURE_NO_DEPRECATE -D_CRT_NONSTDC_NO_DEPRECATE -DOPENSSL_SMALL_FOOTPRINT -DPEDANTIC -DMDE_CPU_AARCH64   -c -o crypto/x509v3/v3_ia5.o crypto/x509v3/v3_ia5.c
#14 306.4 gcc -std=gnu11 -ggdb -gdwarf-4 -gstrict-dwarf -ffreestanding -fmacro-prefix-map=/shim/= -fno-stack-protector -fno-strict-aliasing -fpic -fshort-wchar -nostdinc -Os -Wall -Wextra -Wno-missing-field-initializers -Wno-empty-body -Wno-implicit-fallthrough -Wno-old-style-declaration -Wno-unused-but-set-variable -Wno-unused-parameter -Werror -Wno-error=unused-but-set-variable -Wno-error=unused-parameter -I/shim/Cryptlib/OpenSSL -I/shim/Cryptlib -I/shim/Cryptlib/OpenSSL/Include/ -I/shim/Cryptlib/OpenSSL/crypto -I/shim/Cryptlib/Include -I/shim/gnu-efi/inc -I/shim/gnu-efi/inc/aarch64 -I/shim/gnu-efi/inc/protocol -I/shim/Cryptlib/OpenSSL/crypto/asn1 -I/shim/Cryptlib/OpenSSL/crypto/evp -I/shim/Cryptlib/OpenSSL/crypto/modes -I/shim/Cryptlib/OpenSSL/crypto/include -isystem /shim/include/system -isystem /usr/lib/gcc/aarch64-linux-gnu/14/include -DL_ENDIAN -D_CRT_SECURE_NO_DEPRECATE -D_CRT_NONSTDC_NO_DEPRECATE -DOPENSSL_SMALL_FOOTPRINT -DPEDANTIC -DMDE_CPU_AARCH64   -c -o crypto/x509v3/v3_lib.o crypto/x509v3/v3_lib.c
#14 307.1 gcc -std=gnu11 -ggdb -gdwarf-4 -gstrict-dwarf -ffreestanding -fmacro-prefix-map=/shim/= -fno-stack-protector -fno-strict-aliasing -fpic -fshort-wchar -nostdinc -Os -Wall -Wextra -Wno-missing-field-initializers -Wno-empty-body -Wno-implicit-fallthrough -Wno-old-style-declaration -Wno-unused-but-set-variable -Wno-unused-parameter -Werror -Wno-error=unused-but-set-variable -Wno-error=unused-parameter -I/shim/Cryptlib/OpenSSL -I/shim/Cryptlib -I/shim/Cryptlib/OpenSSL/Include/ -I/shim/Cryptlib/OpenSSL/crypto -I/shim/Cryptlib/Include -I/shim/gnu-efi/inc -I/shim/gnu-efi/inc/aarch64 -I/shim/gnu-efi/inc/protocol -I/shim/Cryptlib/OpenSSL/crypto/asn1 -I/shim/Cryptlib/OpenSSL/crypto/evp -I/shim/Cryptlib/OpenSSL/crypto/modes -I/shim/Cryptlib/OpenSSL/crypto/include -isystem /shim/include/system -isystem /usr/lib/gcc/aarch64-linux-gnu/14/include -DL_ENDIAN -D_CRT_SECURE_NO_DEPRECATE -D_CRT_NONSTDC_NO_DEPRECATE -DOPENSSL_SMALL_FOOTPRINT -DPEDANTIC -DMDE_CPU_AARCH64   -c -o crypto/x509v3/v3_prn.o crypto/x509v3/v3_prn.c
#14 307.9 gcc -std=gnu11 -ggdb -gdwarf-4 -gstrict-dwarf -ffreestanding -fmacro-prefix-map=/shim/= -fno-stack-protector -fno-strict-aliasing -fpic -fshort-wchar -nostdinc -Os -Wall -Wextra -Wno-missing-field-initializers -Wno-empty-body -Wno-implicit-fallthrough -Wno-old-style-declaration -Wno-unused-but-set-variable -Wno-unused-parameter -Werror -Wno-error=unused-but-set-variable -Wno-error=unused-parameter -I/shim/Cryptlib/OpenSSL -I/shim/Cryptlib -I/shim/Cryptlib/OpenSSL/Include/ -I/shim/Cryptlib/OpenSSL/crypto -I/shim/Cryptlib/Include -I/shim/gnu-efi/inc -I/shim/gnu-efi/inc/aarch64 -I/shim/gnu-efi/inc/protocol -I/shim/Cryptlib/OpenSSL/crypto/asn1 -I/shim/Cryptlib/OpenSSL/crypto/evp -I/shim/Cryptlib/OpenSSL/crypto/modes -I/shim/Cryptlib/OpenSSL/crypto/include -isystem /shim/include/system -isystem /usr/lib/gcc/aarch64-linux-gnu/14/include -DL_ENDIAN -D_CRT_SECURE_NO_DEPRECATE -D_CRT_NONSTDC_NO_DEPRECATE -DOPENSSL_SMALL_FOOTPRINT -DPEDANTIC -DMDE_CPU_AARCH64   -c -o crypto/x509v3/v3_utl.o crypto/x509v3/v3_utl.c
#14 308.4 gcc -std=gnu11 -ggdb -gdwarf-4 -gstrict-dwarf -ffreestanding -fmacro-prefix-map=/shim/= -fno-stack-protector -fno-strict-aliasing -fpic -fshort-wchar -nostdinc -Os -Wall -Wextra -Wno-missing-field-initializers -Wno-empty-body -Wno-implicit-fallthrough -Wno-old-style-declaration -Wno-unused-but-set-variable -Wno-unused-parameter -Werror -Wno-error=unused-but-set-variable -Wno-error=unused-parameter -I/shim/Cryptlib/OpenSSL -I/shim/Cryptlib -I/shim/Cryptlib/OpenSSL/Include/ -I/shim/Cryptlib/OpenSSL/crypto -I/shim/Cryptlib/Include -I/shim/gnu-efi/inc -I/shim/gnu-efi/inc/aarch64 -I/shim/gnu-efi/inc/protocol -I/shim/Cryptlib/OpenSSL/crypto/asn1 -I/shim/Cryptlib/OpenSSL/crypto/evp -I/shim/Cryptlib/OpenSSL/crypto/modes -I/shim/Cryptlib/OpenSSL/crypto/include -isystem /shim/include/system -isystem /usr/lib/gcc/aarch64-linux-gnu/14/include -DL_ENDIAN -D_CRT_SECURE_NO_DEPRECATE -D_CRT_NONSTDC_NO_DEPRECATE -DOPENSSL_SMALL_FOOTPRINT -DPEDANTIC -DMDE_CPU_AARCH64   -c -o crypto/x509v3/v3err.o crypto/x509v3/v3err.c
#14 309.4 gcc -std=gnu11 -ggdb -gdwarf-4 -gstrict-dwarf -ffreestanding -fmacro-prefix-map=/shim/= -fno-stack-protector -fno-strict-aliasing -fpic -fshort-wchar -nostdinc -Os -Wall -Wextra -Wno-missing-field-initializers -Wno-empty-body -Wno-implicit-fallthrough -Wno-old-style-declaration -Wno-unused-but-set-variable -Wno-unused-parameter -Werror -Wno-error=unused-but-set-variable -Wno-error=unused-parameter -I/shim/Cryptlib/OpenSSL -I/shim/Cryptlib -I/shim/Cryptlib/OpenSSL/Include/ -I/shim/Cryptlib/OpenSSL/crypto -I/shim/Cryptlib/Include -I/shim/gnu-efi/inc -I/shim/gnu-efi/inc/aarch64 -I/shim/gnu-efi/inc/protocol -I/shim/Cryptlib/OpenSSL/crypto/asn1 -I/shim/Cryptlib/OpenSSL/crypto/evp -I/shim/Cryptlib/OpenSSL/crypto/modes -I/shim/Cryptlib/OpenSSL/crypto/include -isystem /shim/include/system -isystem /usr/lib/gcc/aarch64-linux-gnu/14/include -DL_ENDIAN -D_CRT_SECURE_NO_DEPRECATE -D_CRT_NONSTDC_NO_DEPRECATE -DOPENSSL_SMALL_FOOTPRINT -DPEDANTIC -DMDE_CPU_AARCH64   -c -o crypto/x509v3/v3_genn.o crypto/x509v3/v3_genn.c
#14 309.7 gcc -std=gnu11 -ggdb -gdwarf-4 -gstrict-dwarf -ffreestanding -fmacro-prefix-map=/shim/= -fno-stack-protector -fno-strict-aliasing -fpic -fshort-wchar -nostdinc -Os -Wall -Wextra -Wno-missing-field-initializers -Wno-empty-body -Wno-implicit-fallthrough -Wno-old-style-declaration -Wno-unused-but-set-variable -Wno-unused-parameter -Werror -Wno-error=unused-but-set-variable -Wno-error=unused-parameter -I/shim/Cryptlib/OpenSSL -I/shim/Cryptlib -I/shim/Cryptlib/OpenSSL/Include/ -I/shim/Cryptlib/OpenSSL/crypto -I/shim/Cryptlib/Include -I/shim/gnu-efi/inc -I/shim/gnu-efi/inc/aarch64 -I/shim/gnu-efi/inc/protocol -I/shim/Cryptlib/OpenSSL/crypto/asn1 -I/shim/Cryptlib/OpenSSL/crypto/evp -I/shim/Cryptlib/OpenSSL/crypto/modes -I/shim/Cryptlib/OpenSSL/crypto/include -isystem /shim/include/system -isystem /usr/lib/gcc/aarch64-linux-gnu/14/include -DL_ENDIAN -D_CRT_SECURE_NO_DEPRECATE -D_CRT_NONSTDC_NO_DEPRECATE -DOPENSSL_SMALL_FOOTPRINT -DPEDANTIC -DMDE_CPU_AARCH64   -c -o crypto/x509v3/v3_alt.o crypto/x509v3/v3_alt.c
#14 309.8 gcc -std=gnu11 -ggdb -gdwarf-4 -gstrict-dwarf -ffreestanding -fmacro-prefix-map=/shim/= -fno-stack-protector -fno-strict-aliasing -fpic -fshort-wchar -nostdinc -Os -Wall -Wextra -Wno-missing-field-initializers -Wno-empty-body -Wno-implicit-fallthrough -Wno-old-style-declaration -Wno-unused-but-set-variable -Wno-unused-parameter -Werror -Wno-error=unused-but-set-variable -Wno-error=unused-parameter -I/shim/Cryptlib/OpenSSL -I/shim/Cryptlib -I/shim/Cryptlib/OpenSSL/Include/ -I/shim/Cryptlib/OpenSSL/crypto -I/shim/Cryptlib/Include -I/shim/gnu-efi/inc -I/shim/gnu-efi/inc/aarch64 -I/shim/gnu-efi/inc/protocol -I/shim/Cryptlib/OpenSSL/crypto/asn1 -I/shim/Cryptlib/OpenSSL/crypto/evp -I/shim/Cryptlib/OpenSSL/crypto/modes -I/shim/Cryptlib/OpenSSL/crypto/include -isystem /shim/include/system -isystem /usr/lib/gcc/aarch64-linux-gnu/14/include -DL_ENDIAN -D_CRT_SECURE_NO_DEPRECATE -D_CRT_NONSTDC_NO_DEPRECATE -DOPENSSL_SMALL_FOOTPRINT -DPEDANTIC -DMDE_CPU_AARCH64   -c -o crypto/x509v3/v3_skey.o crypto/x509v3/v3_skey.c
#14 311.9 gcc -std=gnu11 -ggdb -gdwarf-4 -gstrict-dwarf -ffreestanding -fmacro-prefix-map=/shim/= -fno-stack-protector -fno-strict-aliasing -fpic -fshort-wchar -nostdinc -Os -Wall -Wextra -Wno-missing-field-initializers -Wno-empty-body -Wno-implicit-fallthrough -Wno-old-style-declaration -Wno-unused-but-set-variable -Wno-unused-parameter -Werror -Wno-error=unused-but-set-variable -Wno-error=unused-parameter -I/shim/Cryptlib/OpenSSL -I/shim/Cryptlib -I/shim/Cryptlib/OpenSSL/Include/ -I/shim/Cryptlib/OpenSSL/crypto -I/shim/Cryptlib/Include -I/shim/gnu-efi/inc -I/shim/gnu-efi/inc/aarch64 -I/shim/gnu-efi/inc/protocol -I/shim/Cryptlib/OpenSSL/crypto/asn1 -I/shim/Cryptlib/OpenSSL/crypto/evp -I/shim/Cryptlib/OpenSSL/crypto/modes -I/shim/Cryptlib/OpenSSL/crypto/include -isystem /shim/include/system -isystem /usr/lib/gcc/aarch64-linux-gnu/14/include -DL_ENDIAN -D_CRT_SECURE_NO_DEPRECATE -D_CRT_NONSTDC_NO_DEPRECATE -DOPENSSL_SMALL_FOOTPRINT -DPEDANTIC -DMDE_CPU_AARCH64   -c -o crypto/x509v3/v3_akey.o crypto/x509v3/v3_akey.c
#14 311.9 gcc -std=gnu11 -ggdb -gdwarf-4 -gstrict-dwarf -ffreestanding -fmacro-prefix-map=/shim/= -fno-stack-protector -fno-strict-aliasing -fpic -fshort-wchar -nostdinc -Os -Wall -Wextra -Wno-missing-field-initializers -Wno-empty-body -Wno-implicit-fallthrough -Wno-old-style-declaration -Wno-unused-but-set-variable -Wno-unused-parameter -Werror -Wno-error=unused-but-set-variable -Wno-error=unused-parameter -I/shim/Cryptlib/OpenSSL -I/shim/Cryptlib -I/shim/Cryptlib/OpenSSL/Include/ -I/shim/Cryptlib/OpenSSL/crypto -I/shim/Cryptlib/Include -I/shim/gnu-efi/inc -I/shim/gnu-efi/inc/aarch64 -I/shim/gnu-efi/inc/protocol -I/shim/Cryptlib/OpenSSL/crypto/asn1 -I/shim/Cryptlib/OpenSSL/crypto/evp -I/shim/Cryptlib/OpenSSL/crypto/modes -I/shim/Cryptlib/OpenSSL/crypto/include -isystem /shim/include/system -isystem /usr/lib/gcc/aarch64-linux-gnu/14/include -DL_ENDIAN -D_CRT_SECURE_NO_DEPRECATE -D_CRT_NONSTDC_NO_DEPRECATE -DOPENSSL_SMALL_FOOTPRINT -DPEDANTIC -DMDE_CPU_AARCH64   -c -o crypto/x509v3/v3_pku.o crypto/x509v3/v3_pku.c
#14 313.1 gcc -std=gnu11 -ggdb -gdwarf-4 -gstrict-dwarf -ffreestanding -fmacro-prefix-map=/shim/= -fno-stack-protector -fno-strict-aliasing -fpic -fshort-wchar -nostdinc -Os -Wall -Wextra -Wno-missing-field-initializers -Wno-empty-body -Wno-implicit-fallthrough -Wno-old-style-declaration -Wno-unused-but-set-variable -Wno-unused-parameter -Werror -Wno-error=unused-but-set-variable -Wno-error=unused-parameter -I/shim/Cryptlib/OpenSSL -I/shim/Cryptlib -I/shim/Cryptlib/OpenSSL/Include/ -I/shim/Cryptlib/OpenSSL/crypto -I/shim/Cryptlib/Include -I/shim/gnu-efi/inc -I/shim/gnu-efi/inc/aarch64 -I/shim/gnu-efi/inc/protocol -I/shim/Cryptlib/OpenSSL/crypto/asn1 -I/shim/Cryptlib/OpenSSL/crypto/evp -I/shim/Cryptlib/OpenSSL/crypto/modes -I/shim/Cryptlib/OpenSSL/crypto/include -isystem /shim/include/system -isystem /usr/lib/gcc/aarch64-linux-gnu/14/include -DL_ENDIAN -D_CRT_SECURE_NO_DEPRECATE -D_CRT_NONSTDC_NO_DEPRECATE -DOPENSSL_SMALL_FOOTPRINT -DPEDANTIC -DMDE_CPU_AARCH64   -c -o crypto/x509v3/v3_int.o crypto/x509v3/v3_int.c
#14 313.8 gcc -std=gnu11 -ggdb -gdwarf-4 -gstrict-dwarf -ffreestanding -fmacro-prefix-map=/shim/= -fno-stack-protector -fno-strict-aliasing -fpic -fshort-wchar -nostdinc -Os -Wall -Wextra -Wno-missing-field-initializers -Wno-empty-body -Wno-implicit-fallthrough -Wno-old-style-declaration -Wno-unused-but-set-variable -Wno-unused-parameter -Werror -Wno-error=unused-but-set-variable -Wno-error=unused-parameter -I/shim/Cryptlib/OpenSSL -I/shim/Cryptlib -I/shim/Cryptlib/OpenSSL/Include/ -I/shim/Cryptlib/OpenSSL/crypto -I/shim/Cryptlib/Include -I/shim/gnu-efi/inc -I/shim/gnu-efi/inc/aarch64 -I/shim/gnu-efi/inc/protocol -I/shim/Cryptlib/OpenSSL/crypto/asn1 -I/shim/Cryptlib/OpenSSL/crypto/evp -I/shim/Cryptlib/OpenSSL/crypto/modes -I/shim/Cryptlib/OpenSSL/crypto/include -isystem /shim/include/system -isystem /usr/lib/gcc/aarch64-linux-gnu/14/include -DL_ENDIAN -D_CRT_SECURE_NO_DEPRECATE -D_CRT_NONSTDC_NO_DEPRECATE -DOPENSSL_SMALL_FOOTPRINT -DPEDANTIC -DMDE_CPU_AARCH64   -c -o crypto/x509v3/v3_enum.o crypto/x509v3/v3_enum.c
#14 314.0 gcc -std=gnu11 -ggdb -gdwarf-4 -gstrict-dwarf -ffreestanding -fmacro-prefix-map=/shim/= -fno-stack-protector -fno-strict-aliasing -fpic -fshort-wchar -nostdinc -Os -Wall -Wextra -Wno-missing-field-initializers -Wno-empty-body -Wno-implicit-fallthrough -Wno-old-style-declaration -Wno-unused-but-set-variable -Wno-unused-parameter -Werror -Wno-error=unused-but-set-variable -Wno-error=unused-parameter -I/shim/Cryptlib/OpenSSL -I/shim/Cryptlib -I/shim/Cryptlib/OpenSSL/Include/ -I/shim/Cryptlib/OpenSSL/crypto -I/shim/Cryptlib/Include -I/shim/gnu-efi/inc -I/shim/gnu-efi/inc/aarch64 -I/shim/gnu-efi/inc/protocol -I/shim/Cryptlib/OpenSSL/crypto/asn1 -I/shim/Cryptlib/OpenSSL/crypto/evp -I/shim/Cryptlib/OpenSSL/crypto/modes -I/shim/Cryptlib/OpenSSL/crypto/include -isystem /shim/include/system -isystem /usr/lib/gcc/aarch64-linux-gnu/14/include -DL_ENDIAN -D_CRT_SECURE_NO_DEPRECATE -D_CRT_NONSTDC_NO_DEPRECATE -DOPENSSL_SMALL_FOOTPRINT -DPEDANTIC -DMDE_CPU_AARCH64   -c -o crypto/x509v3/v3_sxnet.o crypto/x509v3/v3_sxnet.c
#14 314.3 gcc -std=gnu11 -ggdb -gdwarf-4 -gstrict-dwarf -ffreestanding -fmacro-prefix-map=/shim/= -fno-stack-protector -fno-strict-aliasing -fpic -fshort-wchar -nostdinc -Os -Wall -Wextra -Wno-missing-field-initializers -Wno-empty-body -Wno-implicit-fallthrough -Wno-old-style-declaration -Wno-unused-but-set-variable -Wno-unused-parameter -Werror -Wno-error=unused-but-set-variable -Wno-error=unused-parameter -I/shim/Cryptlib/OpenSSL -I/shim/Cryptlib -I/shim/Cryptlib/OpenSSL/Include/ -I/shim/Cryptlib/OpenSSL/crypto -I/shim/Cryptlib/Include -I/shim/gnu-efi/inc -I/shim/gnu-efi/inc/aarch64 -I/shim/gnu-efi/inc/protocol -I/shim/Cryptlib/OpenSSL/crypto/asn1 -I/shim/Cryptlib/OpenSSL/crypto/evp -I/shim/Cryptlib/OpenSSL/crypto/modes -I/shim/Cryptlib/OpenSSL/crypto/include -isystem /shim/include/system -isystem /usr/lib/gcc/aarch64-linux-gnu/14/include -DL_ENDIAN -D_CRT_SECURE_NO_DEPRECATE -D_CRT_NONSTDC_NO_DEPRECATE -DOPENSSL_SMALL_FOOTPRINT -DPEDANTIC -DMDE_CPU_AARCH64   -c -o crypto/x509v3/v3_cpols.o crypto/x509v3/v3_cpols.c
#14 314.7 gcc -std=gnu11 -ggdb -gdwarf-4 -gstrict-dwarf -ffreestanding -fmacro-prefix-map=/shim/= -fno-stack-protector -fno-strict-aliasing -fpic -fshort-wchar -nostdinc -Os -Wall -Wextra -Wno-missing-field-initializers -Wno-empty-body -Wno-implicit-fallthrough -Wno-old-style-declaration -Wno-unused-but-set-variable -Wno-unused-parameter -Werror -Wno-error=unused-but-set-variable -Wno-error=unused-parameter -I/shim/Cryptlib/OpenSSL -I/shim/Cryptlib -I/shim/Cryptlib/OpenSSL/Include/ -I/shim/Cryptlib/OpenSSL/crypto -I/shim/Cryptlib/Include -I/shim/gnu-efi/inc -I/shim/gnu-efi/inc/aarch64 -I/shim/gnu-efi/inc/protocol -I/shim/Cryptlib/OpenSSL/crypto/asn1 -I/shim/Cryptlib/OpenSSL/crypto/evp -I/shim/Cryptlib/OpenSSL/crypto/modes -I/shim/Cryptlib/OpenSSL/crypto/include -isystem /shim/include/system -isystem /usr/lib/gcc/aarch64-linux-gnu/14/include -DL_ENDIAN -D_CRT_SECURE_NO_DEPRECATE -D_CRT_NONSTDC_NO_DEPRECATE -DOPENSSL_SMALL_FOOTPRINT -DPEDANTIC -DMDE_CPU_AARCH64   -c -o crypto/x509v3/v3_crld.o crypto/x509v3/v3_crld.c
#14 315.9 gcc -std=gnu11 -ggdb -gdwarf-4 -gstrict-dwarf -ffreestanding -fmacro-prefix-map=/shim/= -fno-stack-protector -fno-strict-aliasing -fpic -fshort-wchar -nostdinc -Os -Wall -Wextra -Wno-missing-field-initializers -Wno-empty-body -Wno-implicit-fallthrough -Wno-old-style-declaration -Wno-unused-but-set-variable -Wno-unused-parameter -Werror -Wno-error=unused-but-set-variable -Wno-error=unused-parameter -I/shim/Cryptlib/OpenSSL -I/shim/Cryptlib -I/shim/Cryptlib/OpenSSL/Include/ -I/shim/Cryptlib/OpenSSL/crypto -I/shim/Cryptlib/Include -I/shim/gnu-efi/inc -I/shim/gnu-efi/inc/aarch64 -I/shim/gnu-efi/inc/protocol -I/shim/Cryptlib/OpenSSL/crypto/asn1 -I/shim/Cryptlib/OpenSSL/crypto/evp -I/shim/Cryptlib/OpenSSL/crypto/modes -I/shim/Cryptlib/OpenSSL/crypto/include -isystem /shim/include/system -isystem /usr/lib/gcc/aarch64-linux-gnu/14/include -DL_ENDIAN -D_CRT_SECURE_NO_DEPRECATE -D_CRT_NONSTDC_NO_DEPRECATE -DOPENSSL_SMALL_FOOTPRINT -DPEDANTIC -DMDE_CPU_AARCH64   -c -o crypto/x509v3/v3_purp.o crypto/x509v3/v3_purp.c
#14 316.7 gcc -std=gnu11 -ggdb -gdwarf-4 -gstrict-dwarf -ffreestanding -fmacro-prefix-map=/shim/= -fno-stack-protector -fno-strict-aliasing -fpic -fshort-wchar -nostdinc -Os -Wall -Wextra -Wno-missing-field-initializers -Wno-empty-body -Wno-implicit-fallthrough -Wno-old-style-declaration -Wno-unused-but-set-variable -Wno-unused-parameter -Werror -Wno-error=unused-but-set-variable -Wno-error=unused-parameter -I/shim/Cryptlib/OpenSSL -I/shim/Cryptlib -I/shim/Cryptlib/OpenSSL/Include/ -I/shim/Cryptlib/OpenSSL/crypto -I/shim/Cryptlib/Include -I/shim/gnu-efi/inc -I/shim/gnu-efi/inc/aarch64 -I/shim/gnu-efi/inc/protocol -I/shim/Cryptlib/OpenSSL/crypto/asn1 -I/shim/Cryptlib/OpenSSL/crypto/evp -I/shim/Cryptlib/OpenSSL/crypto/modes -I/shim/Cryptlib/OpenSSL/crypto/include -isystem /shim/include/system -isystem /usr/lib/gcc/aarch64-linux-gnu/14/include -DL_ENDIAN -D_CRT_SECURE_NO_DEPRECATE -D_CRT_NONSTDC_NO_DEPRECATE -DOPENSSL_SMALL_FOOTPRINT -DPEDANTIC -DMDE_CPU_AARCH64   -c -o crypto/x509v3/v3_info.o crypto/x509v3/v3_info.c
#14 318.5 gcc -std=gnu11 -ggdb -gdwarf-4 -gstrict-dwarf -ffreestanding -fmacro-prefix-map=/shim/= -fno-stack-protector -fno-strict-aliasing -fpic -fshort-wchar -nostdinc -Os -Wall -Wextra -Wno-missing-field-initializers -Wno-empty-body -Wno-implicit-fallthrough -Wno-old-style-declaration -Wno-unused-but-set-variable -Wno-unused-parameter -Werror -Wno-error=unused-but-set-variable -Wno-error=unused-parameter -I/shim/Cryptlib/OpenSSL -I/shim/Cryptlib -I/shim/Cryptlib/OpenSSL/Include/ -I/shim/Cryptlib/OpenSSL/crypto -I/shim/Cryptlib/Include -I/shim/gnu-efi/inc -I/shim/gnu-efi/inc/aarch64 -I/shim/gnu-efi/inc/protocol -I/shim/Cryptlib/OpenSSL/crypto/asn1 -I/shim/Cryptlib/OpenSSL/crypto/evp -I/shim/Cryptlib/OpenSSL/crypto/modes -I/shim/Cryptlib/OpenSSL/crypto/include -isystem /shim/include/system -isystem /usr/lib/gcc/aarch64-linux-gnu/14/include -DL_ENDIAN -D_CRT_SECURE_NO_DEPRECATE -D_CRT_NONSTDC_NO_DEPRECATE -DOPENSSL_SMALL_FOOTPRINT -DPEDANTIC -DMDE_CPU_AARCH64   -c -o crypto/x509v3/v3_ocsp.o crypto/x509v3/v3_ocsp.c
#14 318.6 gcc -std=gnu11 -ggdb -gdwarf-4 -gstrict-dwarf -ffreestanding -fmacro-prefix-map=/shim/= -fno-stack-protector -fno-strict-aliasing -fpic -fshort-wchar -nostdinc -Os -Wall -Wextra -Wno-missing-field-initializers -Wno-empty-body -Wno-implicit-fallthrough -Wno-old-style-declaration -Wno-unused-but-set-variable -Wno-unused-parameter -Werror -Wno-error=unused-but-set-variable -Wno-error=unused-parameter -I/shim/Cryptlib/OpenSSL -I/shim/Cryptlib -I/shim/Cryptlib/OpenSSL/Include/ -I/shim/Cryptlib/OpenSSL/crypto -I/shim/Cryptlib/Include -I/shim/gnu-efi/inc -I/shim/gnu-efi/inc/aarch64 -I/shim/gnu-efi/inc/protocol -I/shim/Cryptlib/OpenSSL/crypto/asn1 -I/shim/Cryptlib/OpenSSL/crypto/evp -I/shim/Cryptlib/OpenSSL/crypto/modes -I/shim/Cryptlib/OpenSSL/crypto/include -isystem /shim/include/system -isystem /usr/lib/gcc/aarch64-linux-gnu/14/include -DL_ENDIAN -D_CRT_SECURE_NO_DEPRECATE -D_CRT_NONSTDC_NO_DEPRECATE -DOPENSSL_SMALL_FOOTPRINT -DPEDANTIC -DMDE_CPU_AARCH64   -c -o crypto/x509v3/v3_akeya.o crypto/x509v3/v3_akeya.c
#14 319.3 gcc -std=gnu11 -ggdb -gdwarf-4 -gstrict-dwarf -ffreestanding -fmacro-prefix-map=/shim/= -fno-stack-protector -fno-strict-aliasing -fpic -fshort-wchar -nostdinc -Os -Wall -Wextra -Wno-missing-field-initializers -Wno-empty-body -Wno-implicit-fallthrough -Wno-old-style-declaration -Wno-unused-but-set-variable -Wno-unused-parameter -Werror -Wno-error=unused-but-set-variable -Wno-error=unused-parameter -I/shim/Cryptlib/OpenSSL -I/shim/Cryptlib -I/shim/Cryptlib/OpenSSL/Include/ -I/shim/Cryptlib/OpenSSL/crypto -I/shim/Cryptlib/Include -I/shim/gnu-efi/inc -I/shim/gnu-efi/inc/aarch64 -I/shim/gnu-efi/inc/protocol -I/shim/Cryptlib/OpenSSL/crypto/asn1 -I/shim/Cryptlib/OpenSSL/crypto/evp -I/shim/Cryptlib/OpenSSL/crypto/modes -I/shim/Cryptlib/OpenSSL/crypto/include -isystem /shim/include/system -isystem /usr/lib/gcc/aarch64-linux-gnu/14/include -DL_ENDIAN -D_CRT_SECURE_NO_DEPRECATE -D_CRT_NONSTDC_NO_DEPRECATE -DOPENSSL_SMALL_FOOTPRINT -DPEDANTIC -DMDE_CPU_AARCH64   -c -o crypto/x509v3/v3_pmaps.o crypto/x509v3/v3_pmaps.c
#14 320.2 gcc -std=gnu11 -ggdb -gdwarf-4 -gstrict-dwarf -ffreestanding -fmacro-prefix-map=/shim/= -fno-stack-protector -fno-strict-aliasing -fpic -fshort-wchar -nostdinc -Os -Wall -Wextra -Wno-missing-field-initializers -Wno-empty-body -Wno-implicit-fallthrough -Wno-old-style-declaration -Wno-unused-but-set-variable -Wno-unused-parameter -Werror -Wno-error=unused-but-set-variable -Wno-error=unused-parameter -I/shim/Cryptlib/OpenSSL -I/shim/Cryptlib -I/shim/Cryptlib/OpenSSL/Include/ -I/shim/Cryptlib/OpenSSL/crypto -I/shim/Cryptlib/Include -I/shim/gnu-efi/inc -I/shim/gnu-efi/inc/aarch64 -I/shim/gnu-efi/inc/protocol -I/shim/Cryptlib/OpenSSL/crypto/asn1 -I/shim/Cryptlib/OpenSSL/crypto/evp -I/shim/Cryptlib/OpenSSL/crypto/modes -I/shim/Cryptlib/OpenSSL/crypto/include -isystem /shim/include/system -isystem /usr/lib/gcc/aarch64-linux-gnu/14/include -DL_ENDIAN -D_CRT_SECURE_NO_DEPRECATE -D_CRT_NONSTDC_NO_DEPRECATE -DOPENSSL_SMALL_FOOTPRINT -DPEDANTIC -DMDE_CPU_AARCH64   -c -o crypto/x509v3/v3_pcons.o crypto/x509v3/v3_pcons.c
#14 320.6 gcc -std=gnu11 -ggdb -gdwarf-4 -gstrict-dwarf -ffreestanding -fmacro-prefix-map=/shim/= -fno-stack-protector -fno-strict-aliasing -fpic -fshort-wchar -nostdinc -Os -Wall -Wextra -Wno-missing-field-initializers -Wno-empty-body -Wno-implicit-fallthrough -Wno-old-style-declaration -Wno-unused-but-set-variable -Wno-unused-parameter -Werror -Wno-error=unused-but-set-variable -Wno-error=unused-parameter -I/shim/Cryptlib/OpenSSL -I/shim/Cryptlib -I/shim/Cryptlib/OpenSSL/Include/ -I/shim/Cryptlib/OpenSSL/crypto -I/shim/Cryptlib/Include -I/shim/gnu-efi/inc -I/shim/gnu-efi/inc/aarch64 -I/shim/gnu-efi/inc/protocol -I/shim/Cryptlib/OpenSSL/crypto/asn1 -I/shim/Cryptlib/OpenSSL/crypto/evp -I/shim/Cryptlib/OpenSSL/crypto/modes -I/shim/Cryptlib/OpenSSL/crypto/include -isystem /shim/include/system -isystem /usr/lib/gcc/aarch64-linux-gnu/14/include -DL_ENDIAN -D_CRT_SECURE_NO_DEPRECATE -D_CRT_NONSTDC_NO_DEPRECATE -DOPENSSL_SMALL_FOOTPRINT -DPEDANTIC -DMDE_CPU_AARCH64   -c -o crypto/x509v3/v3_ncons.o crypto/x509v3/v3_ncons.c
#14 321.0 gcc -std=gnu11 -ggdb -gdwarf-4 -gstrict-dwarf -ffreestanding -fmacro-prefix-map=/shim/= -fno-stack-protector -fno-strict-aliasing -fpic -fshort-wchar -nostdinc -Os -Wall -Wextra -Wno-missing-field-initializers -Wno-empty-body -Wno-implicit-fallthrough -Wno-old-style-declaration -Wno-unused-but-set-variable -Wno-unused-parameter -Werror -Wno-error=unused-but-set-variable -Wno-error=unused-parameter -I/shim/Cryptlib/OpenSSL -I/shim/Cryptlib -I/shim/Cryptlib/OpenSSL/Include/ -I/shim/Cryptlib/OpenSSL/crypto -I/shim/Cryptlib/Include -I/shim/gnu-efi/inc -I/shim/gnu-efi/inc/aarch64 -I/shim/gnu-efi/inc/protocol -I/shim/Cryptlib/OpenSSL/crypto/asn1 -I/shim/Cryptlib/OpenSSL/crypto/evp -I/shim/Cryptlib/OpenSSL/crypto/modes -I/shim/Cryptlib/OpenSSL/crypto/include -isystem /shim/include/system -isystem /usr/lib/gcc/aarch64-linux-gnu/14/include -DL_ENDIAN -D_CRT_SECURE_NO_DEPRECATE -D_CRT_NONSTDC_NO_DEPRECATE -DOPENSSL_SMALL_FOOTPRINT -DPEDANTIC -DMDE_CPU_AARCH64   -c -o crypto/x509v3/v3_pcia.o crypto/x509v3/v3_pcia.c
#14 321.4 gcc -std=gnu11 -ggdb -gdwarf-4 -gstrict-dwarf -ffreestanding -fmacro-prefix-map=/shim/= -fno-stack-protector -fno-strict-aliasing -fpic -fshort-wchar -nostdinc -Os -Wall -Wextra -Wno-missing-field-initializers -Wno-empty-body -Wno-implicit-fallthrough -Wno-old-style-declaration -Wno-unused-but-set-variable -Wno-unused-parameter -Werror -Wno-error=unused-but-set-variable -Wno-error=unused-parameter -I/shim/Cryptlib/OpenSSL -I/shim/Cryptlib -I/shim/Cryptlib/OpenSSL/Include/ -I/shim/Cryptlib/OpenSSL/crypto -I/shim/Cryptlib/Include -I/shim/gnu-efi/inc -I/shim/gnu-efi/inc/aarch64 -I/shim/gnu-efi/inc/protocol -I/shim/Cryptlib/OpenSSL/crypto/asn1 -I/shim/Cryptlib/OpenSSL/crypto/evp -I/shim/Cryptlib/OpenSSL/crypto/modes -I/shim/Cryptlib/OpenSSL/crypto/include -isystem /shim/include/system -isystem /usr/lib/gcc/aarch64-linux-gnu/14/include -DL_ENDIAN -D_CRT_SECURE_NO_DEPRECATE -D_CRT_NONSTDC_NO_DEPRECATE -DOPENSSL_SMALL_FOOTPRINT -DPEDANTIC -DMDE_CPU_AARCH64   -c -o crypto/x509v3/v3_pci.o crypto/x509v3/v3_pci.c
#14 322.5 gcc -std=gnu11 -ggdb -gdwarf-4 -gstrict-dwarf -ffreestanding -fmacro-prefix-map=/shim/= -fno-stack-protector -fno-strict-aliasing -fpic -fshort-wchar -nostdinc -Os -Wall -Wextra -Wno-missing-field-initializers -Wno-empty-body -Wno-implicit-fallthrough -Wno-old-style-declaration -Wno-unused-but-set-variable -Wno-unused-parameter -Werror -Wno-error=unused-but-set-variable -Wno-error=unused-parameter -I/shim/Cryptlib/OpenSSL -I/shim/Cryptlib -I/shim/Cryptlib/OpenSSL/Include/ -I/shim/Cryptlib/OpenSSL/crypto -I/shim/Cryptlib/Include -I/shim/gnu-efi/inc -I/shim/gnu-efi/inc/aarch64 -I/shim/gnu-efi/inc/protocol -I/shim/Cryptlib/OpenSSL/crypto/asn1 -I/shim/Cryptlib/OpenSSL/crypto/evp -I/shim/Cryptlib/OpenSSL/crypto/modes -I/shim/Cryptlib/OpenSSL/crypto/include -isystem /shim/include/system -isystem /usr/lib/gcc/aarch64-linux-gnu/14/include -DL_ENDIAN -D_CRT_SECURE_NO_DEPRECATE -D_CRT_NONSTDC_NO_DEPRECATE -DOPENSSL_SMALL_FOOTPRINT -DPEDANTIC -DMDE_CPU_AARCH64   -c -o crypto/x509v3/pcy_cache.o crypto/x509v3/pcy_cache.c
#14 322.9 gcc -std=gnu11 -ggdb -gdwarf-4 -gstrict-dwarf -ffreestanding -fmacro-prefix-map=/shim/= -fno-stack-protector -fno-strict-aliasing -fpic -fshort-wchar -nostdinc -Os -Wall -Wextra -Wno-missing-field-initializers -Wno-empty-body -Wno-implicit-fallthrough -Wno-old-style-declaration -Wno-unused-but-set-variable -Wno-unused-parameter -Werror -Wno-error=unused-but-set-variable -Wno-error=unused-parameter -I/shim/Cryptlib/OpenSSL -I/shim/Cryptlib -I/shim/Cryptlib/OpenSSL/Include/ -I/shim/Cryptlib/OpenSSL/crypto -I/shim/Cryptlib/Include -I/shim/gnu-efi/inc -I/shim/gnu-efi/inc/aarch64 -I/shim/gnu-efi/inc/protocol -I/shim/Cryptlib/OpenSSL/crypto/asn1 -I/shim/Cryptlib/OpenSSL/crypto/evp -I/shim/Cryptlib/OpenSSL/crypto/modes -I/shim/Cryptlib/OpenSSL/crypto/include -isystem /shim/include/system -isystem /usr/lib/gcc/aarch64-linux-gnu/14/include -DL_ENDIAN -D_CRT_SECURE_NO_DEPRECATE -D_CRT_NONSTDC_NO_DEPRECATE -DOPENSSL_SMALL_FOOTPRINT -DPEDANTIC -DMDE_CPU_AARCH64   -c -o crypto/x509v3/pcy_node.o crypto/x509v3/pcy_node.c
#14 324.1 gcc -std=gnu11 -ggdb -gdwarf-4 -gstrict-dwarf -ffreestanding -fmacro-prefix-map=/shim/= -fno-stack-protector -fno-strict-aliasing -fpic -fshort-wchar -nostdinc -Os -Wall -Wextra -Wno-missing-field-initializers -Wno-empty-body -Wno-implicit-fallthrough -Wno-old-style-declaration -Wno-unused-but-set-variable -Wno-unused-parameter -Werror -Wno-error=unused-but-set-variable -Wno-error=unused-parameter -I/shim/Cryptlib/OpenSSL -I/shim/Cryptlib -I/shim/Cryptlib/OpenSSL/Include/ -I/shim/Cryptlib/OpenSSL/crypto -I/shim/Cryptlib/Include -I/shim/gnu-efi/inc -I/shim/gnu-efi/inc/aarch64 -I/shim/gnu-efi/inc/protocol -I/shim/Cryptlib/OpenSSL/crypto/asn1 -I/shim/Cryptlib/OpenSSL/crypto/evp -I/shim/Cryptlib/OpenSSL/crypto/modes -I/shim/Cryptlib/OpenSSL/crypto/include -isystem /shim/include/system -isystem /usr/lib/gcc/aarch64-linux-gnu/14/include -DL_ENDIAN -D_CRT_SECURE_NO_DEPRECATE -D_CRT_NONSTDC_NO_DEPRECATE -DOPENSSL_SMALL_FOOTPRINT -DPEDANTIC -DMDE_CPU_AARCH64   -c -o crypto/x509v3/pcy_data.o crypto/x509v3/pcy_data.c
#14 324.4 gcc -std=gnu11 -ggdb -gdwarf-4 -gstrict-dwarf -ffreestanding -fmacro-prefix-map=/shim/= -fno-stack-protector -fno-strict-aliasing -fpic -fshort-wchar -nostdinc -Os -Wall -Wextra -Wno-missing-field-initializers -Wno-empty-body -Wno-implicit-fallthrough -Wno-old-style-declaration -Wno-unused-but-set-variable -Wno-unused-parameter -Werror -Wno-error=unused-but-set-variable -Wno-error=unused-parameter -I/shim/Cryptlib/OpenSSL -I/shim/Cryptlib -I/shim/Cryptlib/OpenSSL/Include/ -I/shim/Cryptlib/OpenSSL/crypto -I/shim/Cryptlib/Include -I/shim/gnu-efi/inc -I/shim/gnu-efi/inc/aarch64 -I/shim/gnu-efi/inc/protocol -I/shim/Cryptlib/OpenSSL/crypto/asn1 -I/shim/Cryptlib/OpenSSL/crypto/evp -I/shim/Cryptlib/OpenSSL/crypto/modes -I/shim/Cryptlib/OpenSSL/crypto/include -isystem /shim/include/system -isystem /usr/lib/gcc/aarch64-linux-gnu/14/include -DL_ENDIAN -D_CRT_SECURE_NO_DEPRECATE -D_CRT_NONSTDC_NO_DEPRECATE -DOPENSSL_SMALL_FOOTPRINT -DPEDANTIC -DMDE_CPU_AARCH64   -c -o crypto/x509v3/pcy_map.o crypto/x509v3/pcy_map.c
#14 325.1 gcc -std=gnu11 -ggdb -gdwarf-4 -gstrict-dwarf -ffreestanding -fmacro-prefix-map=/shim/= -fno-stack-protector -fno-strict-aliasing -fpic -fshort-wchar -nostdinc -Os -Wall -Wextra -Wno-missing-field-initializers -Wno-empty-body -Wno-implicit-fallthrough -Wno-old-style-declaration -Wno-unused-but-set-variable -Wno-unused-parameter -Werror -Wno-error=unused-but-set-variable -Wno-error=unused-parameter -I/shim/Cryptlib/OpenSSL -I/shim/Cryptlib -I/shim/Cryptlib/OpenSSL/Include/ -I/shim/Cryptlib/OpenSSL/crypto -I/shim/Cryptlib/Include -I/shim/gnu-efi/inc -I/shim/gnu-efi/inc/aarch64 -I/shim/gnu-efi/inc/protocol -I/shim/Cryptlib/OpenSSL/crypto/asn1 -I/shim/Cryptlib/OpenSSL/crypto/evp -I/shim/Cryptlib/OpenSSL/crypto/modes -I/shim/Cryptlib/OpenSSL/crypto/include -isystem /shim/include/system -isystem /usr/lib/gcc/aarch64-linux-gnu/14/include -DL_ENDIAN -D_CRT_SECURE_NO_DEPRECATE -D_CRT_NONSTDC_NO_DEPRECATE -DOPENSSL_SMALL_FOOTPRINT -DPEDANTIC -DMDE_CPU_AARCH64   -c -o crypto/x509v3/pcy_tree.o crypto/x509v3/pcy_tree.c
#14 325.2 gcc -std=gnu11 -ggdb -gdwarf-4 -gstrict-dwarf -ffreestanding -fmacro-prefix-map=/shim/= -fno-stack-protector -fno-strict-aliasing -fpic -fshort-wchar -nostdinc -Os -Wall -Wextra -Wno-missing-field-initializers -Wno-empty-body -Wno-implicit-fallthrough -Wno-old-style-declaration -Wno-unused-but-set-variable -Wno-unused-parameter -Werror -Wno-error=unused-but-set-variable -Wno-error=unused-parameter -I/shim/Cryptlib/OpenSSL -I/shim/Cryptlib -I/shim/Cryptlib/OpenSSL/Include/ -I/shim/Cryptlib/OpenSSL/crypto -I/shim/Cryptlib/Include -I/shim/gnu-efi/inc -I/shim/gnu-efi/inc/aarch64 -I/shim/gnu-efi/inc/protocol -I/shim/Cryptlib/OpenSSL/crypto/asn1 -I/shim/Cryptlib/OpenSSL/crypto/evp -I/shim/Cryptlib/OpenSSL/crypto/modes -I/shim/Cryptlib/OpenSSL/crypto/include -isystem /shim/include/system -isystem /usr/lib/gcc/aarch64-linux-gnu/14/include -DL_ENDIAN -D_CRT_SECURE_NO_DEPRECATE -D_CRT_NONSTDC_NO_DEPRECATE -DOPENSSL_SMALL_FOOTPRINT -DPEDANTIC -DMDE_CPU_AARCH64   -c -o crypto/x509v3/pcy_lib.o crypto/x509v3/pcy_lib.c
#14 326.2 gcc -std=gnu11 -ggdb -gdwarf-4 -gstrict-dwarf -ffreestanding -fmacro-prefix-map=/shim/= -fno-stack-protector -fno-strict-aliasing -fpic -fshort-wchar -nostdinc -Os -Wall -Wextra -Wno-missing-field-initializers -Wno-empty-body -Wno-implicit-fallthrough -Wno-old-style-declaration -Wno-unused-but-set-variable -Wno-unused-parameter -Werror -Wno-error=unused-but-set-variable -Wno-error=unused-parameter -I/shim/Cryptlib/OpenSSL -I/shim/Cryptlib -I/shim/Cryptlib/OpenSSL/Include/ -I/shim/Cryptlib/OpenSSL/crypto -I/shim/Cryptlib/Include -I/shim/gnu-efi/inc -I/shim/gnu-efi/inc/aarch64 -I/shim/gnu-efi/inc/protocol -I/shim/Cryptlib/OpenSSL/crypto/asn1 -I/shim/Cryptlib/OpenSSL/crypto/evp -I/shim/Cryptlib/OpenSSL/crypto/modes -I/shim/Cryptlib/OpenSSL/crypto/include -isystem /shim/include/system -isystem /usr/lib/gcc/aarch64-linux-gnu/14/include -DL_ENDIAN -D_CRT_SECURE_NO_DEPRECATE -D_CRT_NONSTDC_NO_DEPRECATE -DOPENSSL_SMALL_FOOTPRINT -DPEDANTIC -DMDE_CPU_AARCH64   -c -o crypto/x509v3/v3_asid.o crypto/x509v3/v3_asid.c
#14 326.4 gcc -std=gnu11 -ggdb -gdwarf-4 -gstrict-dwarf -ffreestanding -fmacro-prefix-map=/shim/= -fno-stack-protector -fno-strict-aliasing -fpic -fshort-wchar -nostdinc -Os -Wall -Wextra -Wno-missing-field-initializers -Wno-empty-body -Wno-implicit-fallthrough -Wno-old-style-declaration -Wno-unused-but-set-variable -Wno-unused-parameter -Werror -Wno-error=unused-but-set-variable -Wno-error=unused-parameter -I/shim/Cryptlib/OpenSSL -I/shim/Cryptlib -I/shim/Cryptlib/OpenSSL/Include/ -I/shim/Cryptlib/OpenSSL/crypto -I/shim/Cryptlib/Include -I/shim/gnu-efi/inc -I/shim/gnu-efi/inc/aarch64 -I/shim/gnu-efi/inc/protocol -I/shim/Cryptlib/OpenSSL/crypto/asn1 -I/shim/Cryptlib/OpenSSL/crypto/evp -I/shim/Cryptlib/OpenSSL/crypto/modes -I/shim/Cryptlib/OpenSSL/crypto/include -isystem /shim/include/system -isystem /usr/lib/gcc/aarch64-linux-gnu/14/include -DL_ENDIAN -D_CRT_SECURE_NO_DEPRECATE -D_CRT_NONSTDC_NO_DEPRECATE -DOPENSSL_SMALL_FOOTPRINT -DPEDANTIC -DMDE_CPU_AARCH64   -c -o crypto/x509v3/v3_addr.o crypto/x509v3/v3_addr.c
#14 327.0 gcc -std=gnu11 -ggdb -gdwarf-4 -gstrict-dwarf -ffreestanding -fmacro-prefix-map=/shim/= -fno-stack-protector -fno-strict-aliasing -fpic -fshort-wchar -nostdinc -Os -Wall -Wextra -Wno-missing-field-initializers -Wno-empty-body -Wno-implicit-fallthrough -Wno-old-style-declaration -Wno-unused-but-set-variable -Wno-unused-parameter -Werror -Wno-error=unused-but-set-variable -Wno-error=unused-parameter -I/shim/Cryptlib/OpenSSL -I/shim/Cryptlib -I/shim/Cryptlib/OpenSSL/Include/ -I/shim/Cryptlib/OpenSSL/crypto -I/shim/Cryptlib/Include -I/shim/gnu-efi/inc -I/shim/gnu-efi/inc/aarch64 -I/shim/gnu-efi/inc/protocol -I/shim/Cryptlib/OpenSSL/crypto/asn1 -I/shim/Cryptlib/OpenSSL/crypto/evp -I/shim/Cryptlib/OpenSSL/crypto/modes -I/shim/Cryptlib/OpenSSL/crypto/include -isystem /shim/include/system -isystem /usr/lib/gcc/aarch64-linux-gnu/14/include -DL_ENDIAN -D_CRT_SECURE_NO_DEPRECATE -D_CRT_NONSTDC_NO_DEPRECATE -DOPENSSL_SMALL_FOOTPRINT -DPEDANTIC -DMDE_CPU_AARCH64   -c -o crypto/conf/conf_err.o crypto/conf/conf_err.c
#14 327.2 gcc -std=gnu11 -ggdb -gdwarf-4 -gstrict-dwarf -ffreestanding -fmacro-prefix-map=/shim/= -fno-stack-protector -fno-strict-aliasing -fpic -fshort-wchar -nostdinc -Os -Wall -Wextra -Wno-missing-field-initializers -Wno-empty-body -Wno-implicit-fallthrough -Wno-old-style-declaration -Wno-unused-but-set-variable -Wno-unused-parameter -Werror -Wno-error=unused-but-set-variable -Wno-error=unused-parameter -I/shim/Cryptlib/OpenSSL -I/shim/Cryptlib -I/shim/Cryptlib/OpenSSL/Include/ -I/shim/Cryptlib/OpenSSL/crypto -I/shim/Cryptlib/Include -I/shim/gnu-efi/inc -I/shim/gnu-efi/inc/aarch64 -I/shim/gnu-efi/inc/protocol -I/shim/Cryptlib/OpenSSL/crypto/asn1 -I/shim/Cryptlib/OpenSSL/crypto/evp -I/shim/Cryptlib/OpenSSL/crypto/modes -I/shim/Cryptlib/OpenSSL/crypto/include -isystem /shim/include/system -isystem /usr/lib/gcc/aarch64-linux-gnu/14/include -DL_ENDIAN -D_CRT_SECURE_NO_DEPRECATE -D_CRT_NONSTDC_NO_DEPRECATE -DOPENSSL_SMALL_FOOTPRINT -DPEDANTIC -DMDE_CPU_AARCH64   -c -o crypto/conf/conf_lib.o crypto/conf/conf_lib.c
#14 327.3 gcc -std=gnu11 -ggdb -gdwarf-4 -gstrict-dwarf -ffreestanding -fmacro-prefix-map=/shim/= -fno-stack-protector -fno-strict-aliasing -fpic -fshort-wchar -nostdinc -Os -Wall -Wextra -Wno-missing-field-initializers -Wno-empty-body -Wno-implicit-fallthrough -Wno-old-style-declaration -Wno-unused-but-set-variable -Wno-unused-parameter -Werror -Wno-error=unused-but-set-variable -Wno-error=unused-parameter -I/shim/Cryptlib/OpenSSL -I/shim/Cryptlib -I/shim/Cryptlib/OpenSSL/Include/ -I/shim/Cryptlib/OpenSSL/crypto -I/shim/Cryptlib/Include -I/shim/gnu-efi/inc -I/shim/gnu-efi/inc/aarch64 -I/shim/gnu-efi/inc/protocol -I/shim/Cryptlib/OpenSSL/crypto/asn1 -I/shim/Cryptlib/OpenSSL/crypto/evp -I/shim/Cryptlib/OpenSSL/crypto/modes -I/shim/Cryptlib/OpenSSL/crypto/include -isystem /shim/include/system -isystem /usr/lib/gcc/aarch64-linux-gnu/14/include -DL_ENDIAN -D_CRT_SECURE_NO_DEPRECATE -D_CRT_NONSTDC_NO_DEPRECATE -DOPENSSL_SMALL_FOOTPRINT -DPEDANTIC -DMDE_CPU_AARCH64   -c -o crypto/conf/conf_api.o crypto/conf/conf_api.c
#14 328.0 gcc -std=gnu11 -ggdb -gdwarf-4 -gstrict-dwarf -ffreestanding -fmacro-prefix-map=/shim/= -fno-stack-protector -fno-strict-aliasing -fpic -fshort-wchar -nostdinc -Os -Wall -Wextra -Wno-missing-field-initializers -Wno-empty-body -Wno-implicit-fallthrough -Wno-old-style-declaration -Wno-unused-but-set-variable -Wno-unused-parameter -Werror -Wno-error=unused-but-set-variable -Wno-error=unused-parameter -I/shim/Cryptlib/OpenSSL -I/shim/Cryptlib -I/shim/Cryptlib/OpenSSL/Include/ -I/shim/Cryptlib/OpenSSL/crypto -I/shim/Cryptlib/Include -I/shim/gnu-efi/inc -I/shim/gnu-efi/inc/aarch64 -I/shim/gnu-efi/inc/protocol -I/shim/Cryptlib/OpenSSL/crypto/asn1 -I/shim/Cryptlib/OpenSSL/crypto/evp -I/shim/Cryptlib/OpenSSL/crypto/modes -I/shim/Cryptlib/OpenSSL/crypto/include -isystem /shim/include/system -isystem /usr/lib/gcc/aarch64-linux-gnu/14/include -DL_ENDIAN -D_CRT_SECURE_NO_DEPRECATE -D_CRT_NONSTDC_NO_DEPRECATE -DOPENSSL_SMALL_FOOTPRINT -DPEDANTIC -DMDE_CPU_AARCH64   -c -o crypto/conf/conf_def.o crypto/conf/conf_def.c
#14 328.8 gcc -std=gnu11 -ggdb -gdwarf-4 -gstrict-dwarf -ffreestanding -fmacro-prefix-map=/shim/= -fno-stack-protector -fno-strict-aliasing -fpic -fshort-wchar -nostdinc -Os -Wall -Wextra -Wno-missing-field-initializers -Wno-empty-body -Wno-implicit-fallthrough -Wno-old-style-declaration -Wno-unused-but-set-variable -Wno-unused-parameter -Werror -Wno-error=unused-but-set-variable -Wno-error=unused-parameter -I/shim/Cryptlib/OpenSSL -I/shim/Cryptlib -I/shim/Cryptlib/OpenSSL/Include/ -I/shim/Cryptlib/OpenSSL/crypto -I/shim/Cryptlib/Include -I/shim/gnu-efi/inc -I/shim/gnu-efi/inc/aarch64 -I/shim/gnu-efi/inc/protocol -I/shim/Cryptlib/OpenSSL/crypto/asn1 -I/shim/Cryptlib/OpenSSL/crypto/evp -I/shim/Cryptlib/OpenSSL/crypto/modes -I/shim/Cryptlib/OpenSSL/crypto/include -isystem /shim/include/system -isystem /usr/lib/gcc/aarch64-linux-gnu/14/include -DL_ENDIAN -D_CRT_SECURE_NO_DEPRECATE -D_CRT_NONSTDC_NO_DEPRECATE -DOPENSSL_SMALL_FOOTPRINT -DPEDANTIC -DMDE_CPU_AARCH64   -c -o crypto/conf/conf_mod.o crypto/conf/conf_mod.c
#14 330.0 gcc -std=gnu11 -ggdb -gdwarf-4 -gstrict-dwarf -ffreestanding -fmacro-prefix-map=/shim/= -fno-stack-protector -fno-strict-aliasing -fpic -fshort-wchar -nostdinc -Os -Wall -Wextra -Wno-missing-field-initializers -Wno-empty-body -Wno-implicit-fallthrough -Wno-old-style-declaration -Wno-unused-but-set-variable -Wno-unused-parameter -Werror -Wno-error=unused-but-set-variable -Wno-error=unused-parameter -I/shim/Cryptlib/OpenSSL -I/shim/Cryptlib -I/shim/Cryptlib/OpenSSL/Include/ -I/shim/Cryptlib/OpenSSL/crypto -I/shim/Cryptlib/Include -I/shim/gnu-efi/inc -I/shim/gnu-efi/inc/aarch64 -I/shim/gnu-efi/inc/protocol -I/shim/Cryptlib/OpenSSL/crypto/asn1 -I/shim/Cryptlib/OpenSSL/crypto/evp -I/shim/Cryptlib/OpenSSL/crypto/modes -I/shim/Cryptlib/OpenSSL/crypto/include -isystem /shim/include/system -isystem /usr/lib/gcc/aarch64-linux-gnu/14/include -DL_ENDIAN -D_CRT_SECURE_NO_DEPRECATE -D_CRT_NONSTDC_NO_DEPRECATE -DOPENSSL_SMALL_FOOTPRINT -DPEDANTIC -DMDE_CPU_AARCH64   -c -o crypto/conf/conf_mall.o crypto/conf/conf_mall.c
#14 330.2 gcc -std=gnu11 -ggdb -gdwarf-4 -gstrict-dwarf -ffreestanding -fmacro-prefix-map=/shim/= -fno-stack-protector -fno-strict-aliasing -fpic -fshort-wchar -nostdinc -Os -Wall -Wextra -Wno-missing-field-initializers -Wno-empty-body -Wno-implicit-fallthrough -Wno-old-style-declaration -Wno-unused-but-set-variable -Wno-unused-parameter -Werror -Wno-error=unused-but-set-variable -Wno-error=unused-parameter -I/shim/Cryptlib/OpenSSL -I/shim/Cryptlib -I/shim/Cryptlib/OpenSSL/Include/ -I/shim/Cryptlib/OpenSSL/crypto -I/shim/Cryptlib/Include -I/shim/gnu-efi/inc -I/shim/gnu-efi/inc/aarch64 -I/shim/gnu-efi/inc/protocol -I/shim/Cryptlib/OpenSSL/crypto/asn1 -I/shim/Cryptlib/OpenSSL/crypto/evp -I/shim/Cryptlib/OpenSSL/crypto/modes -I/shim/Cryptlib/OpenSSL/crypto/include -isystem /shim/include/system -isystem /usr/lib/gcc/aarch64-linux-gnu/14/include -DL_ENDIAN -D_CRT_SECURE_NO_DEPRECATE -D_CRT_NONSTDC_NO_DEPRECATE -DOPENSSL_SMALL_FOOTPRINT -DPEDANTIC -DMDE_CPU_AARCH64   -c -o crypto/conf/conf_sap.o crypto/conf/conf_sap.c
#14 331.3 gcc -std=gnu11 -ggdb -gdwarf-4 -gstrict-dwarf -ffreestanding -fmacro-prefix-map=/shim/= -fno-stack-protector -fno-strict-aliasing -fpic -fshort-wchar -nostdinc -Os -Wall -Wextra -Wno-missing-field-initializers -Wno-empty-body -Wno-implicit-fallthrough -Wno-old-style-declaration -Wno-unused-but-set-variable -Wno-unused-parameter -Werror -Wno-error=unused-but-set-variable -Wno-error=unused-parameter -I/shim/Cryptlib/OpenSSL -I/shim/Cryptlib -I/shim/Cryptlib/OpenSSL/Include/ -I/shim/Cryptlib/OpenSSL/crypto -I/shim/Cryptlib/Include -I/shim/gnu-efi/inc -I/shim/gnu-efi/inc/aarch64 -I/shim/gnu-efi/inc/protocol -I/shim/Cryptlib/OpenSSL/crypto/asn1 -I/shim/Cryptlib/OpenSSL/crypto/evp -I/shim/Cryptlib/OpenSSL/crypto/modes -I/shim/Cryptlib/OpenSSL/crypto/include -isystem /shim/include/system -isystem /usr/lib/gcc/aarch64-linux-gnu/14/include -DL_ENDIAN -D_CRT_SECURE_NO_DEPRECATE -D_CRT_NONSTDC_NO_DEPRECATE -DOPENSSL_SMALL_FOOTPRINT -DPEDANTIC -DMDE_CPU_AARCH64   -c -o crypto/txt_db/txt_db.o crypto/txt_db/txt_db.c
#14 331.8 gcc -std=gnu11 -ggdb -gdwarf-4 -gstrict-dwarf -ffreestanding -fmacro-prefix-map=/shim/= -fno-stack-protector -fno-strict-aliasing -fpic -fshort-wchar -nostdinc -Os -Wall -Wextra -Wno-missing-field-initializers -Wno-empty-body -Wno-implicit-fallthrough -Wno-old-style-declaration -Wno-unused-but-set-variable -Wno-unused-parameter -Werror -Wno-error=unused-but-set-variable -Wno-error=unused-parameter -I/shim/Cryptlib/OpenSSL -I/shim/Cryptlib -I/shim/Cryptlib/OpenSSL/Include/ -I/shim/Cryptlib/OpenSSL/crypto -I/shim/Cryptlib/Include -I/shim/gnu-efi/inc -I/shim/gnu-efi/inc/aarch64 -I/shim/gnu-efi/inc/protocol -I/shim/Cryptlib/OpenSSL/crypto/asn1 -I/shim/Cryptlib/OpenSSL/crypto/evp -I/shim/Cryptlib/OpenSSL/crypto/modes -I/shim/Cryptlib/OpenSSL/crypto/include -isystem /shim/include/system -isystem /usr/lib/gcc/aarch64-linux-gnu/14/include -DL_ENDIAN -D_CRT_SECURE_NO_DEPRECATE -D_CRT_NONSTDC_NO_DEPRECATE -DOPENSSL_SMALL_FOOTPRINT -DPEDANTIC -DMDE_CPU_AARCH64   -c -o crypto/pkcs7/pk7_asn1.o crypto/pkcs7/pk7_asn1.c
#14 332.4 gcc -std=gnu11 -ggdb -gdwarf-4 -gstrict-dwarf -ffreestanding -fmacro-prefix-map=/shim/= -fno-stack-protector -fno-strict-aliasing -fpic -fshort-wchar -nostdinc -Os -Wall -Wextra -Wno-missing-field-initializers -Wno-empty-body -Wno-implicit-fallthrough -Wno-old-style-declaration -Wno-unused-but-set-variable -Wno-unused-parameter -Werror -Wno-error=unused-but-set-variable -Wno-error=unused-parameter -I/shim/Cryptlib/OpenSSL -I/shim/Cryptlib -I/shim/Cryptlib/OpenSSL/Include/ -I/shim/Cryptlib/OpenSSL/crypto -I/shim/Cryptlib/Include -I/shim/gnu-efi/inc -I/shim/gnu-efi/inc/aarch64 -I/shim/gnu-efi/inc/protocol -I/shim/Cryptlib/OpenSSL/crypto/asn1 -I/shim/Cryptlib/OpenSSL/crypto/evp -I/shim/Cryptlib/OpenSSL/crypto/modes -I/shim/Cryptlib/OpenSSL/crypto/include -isystem /shim/include/system -isystem /usr/lib/gcc/aarch64-linux-gnu/14/include -DL_ENDIAN -D_CRT_SECURE_NO_DEPRECATE -D_CRT_NONSTDC_NO_DEPRECATE -DOPENSSL_SMALL_FOOTPRINT -DPEDANTIC -DMDE_CPU_AARCH64   -c -o crypto/pkcs7/pk7_lib.o crypto/pkcs7/pk7_lib.c
#14 332.5 gcc -std=gnu11 -ggdb -gdwarf-4 -gstrict-dwarf -ffreestanding -fmacro-prefix-map=/shim/= -fno-stack-protector -fno-strict-aliasing -fpic -fshort-wchar -nostdinc -Os -Wall -Wextra -Wno-missing-field-initializers -Wno-empty-body -Wno-implicit-fallthrough -Wno-old-style-declaration -Wno-unused-but-set-variable -Wno-unused-parameter -Werror -Wno-error=unused-but-set-variable -Wno-error=unused-parameter -I/shim/Cryptlib/OpenSSL -I/shim/Cryptlib -I/shim/Cryptlib/OpenSSL/Include/ -I/shim/Cryptlib/OpenSSL/crypto -I/shim/Cryptlib/Include -I/shim/gnu-efi/inc -I/shim/gnu-efi/inc/aarch64 -I/shim/gnu-efi/inc/protocol -I/shim/Cryptlib/OpenSSL/crypto/asn1 -I/shim/Cryptlib/OpenSSL/crypto/evp -I/shim/Cryptlib/OpenSSL/crypto/modes -I/shim/Cryptlib/OpenSSL/crypto/include -isystem /shim/include/system -isystem /usr/lib/gcc/aarch64-linux-gnu/14/include -DL_ENDIAN -D_CRT_SECURE_NO_DEPRECATE -D_CRT_NONSTDC_NO_DEPRECATE -DOPENSSL_SMALL_FOOTPRINT -DPEDANTIC -DMDE_CPU_AARCH64   -c -o crypto/pkcs7/pkcs7err.o crypto/pkcs7/pkcs7err.c
#14 333.7 gcc -std=gnu11 -ggdb -gdwarf-4 -gstrict-dwarf -ffreestanding -fmacro-prefix-map=/shim/= -fno-stack-protector -fno-strict-aliasing -fpic -fshort-wchar -nostdinc -Os -Wall -Wextra -Wno-missing-field-initializers -Wno-empty-body -Wno-implicit-fallthrough -Wno-old-style-declaration -Wno-unused-but-set-variable -Wno-unused-parameter -Werror -Wno-error=unused-but-set-variable -Wno-error=unused-parameter -I/shim/Cryptlib/OpenSSL -I/shim/Cryptlib -I/shim/Cryptlib/OpenSSL/Include/ -I/shim/Cryptlib/OpenSSL/crypto -I/shim/Cryptlib/Include -I/shim/gnu-efi/inc -I/shim/gnu-efi/inc/aarch64 -I/shim/gnu-efi/inc/protocol -I/shim/Cryptlib/OpenSSL/crypto/asn1 -I/shim/Cryptlib/OpenSSL/crypto/evp -I/shim/Cryptlib/OpenSSL/crypto/modes -I/shim/Cryptlib/OpenSSL/crypto/include -isystem /shim/include/system -isystem /usr/lib/gcc/aarch64-linux-gnu/14/include -DL_ENDIAN -D_CRT_SECURE_NO_DEPRECATE -D_CRT_NONSTDC_NO_DEPRECATE -DOPENSSL_SMALL_FOOTPRINT -DPEDANTIC -DMDE_CPU_AARCH64   -c -o crypto/pkcs7/pk7_doit.o crypto/pkcs7/pk7_doit.c
#14 334.6 gcc -std=gnu11 -ggdb -gdwarf-4 -gstrict-dwarf -ffreestanding -fmacro-prefix-map=/shim/= -fno-stack-protector -fno-strict-aliasing -fpic -fshort-wchar -nostdinc -Os -Wall -Wextra -Wno-missing-field-initializers -Wno-empty-body -Wno-implicit-fallthrough -Wno-old-style-declaration -Wno-unused-but-set-variable -Wno-unused-parameter -Werror -Wno-error=unused-but-set-variable -Wno-error=unused-parameter -I/shim/Cryptlib/OpenSSL -I/shim/Cryptlib -I/shim/Cryptlib/OpenSSL/Include/ -I/shim/Cryptlib/OpenSSL/crypto -I/shim/Cryptlib/Include -I/shim/gnu-efi/inc -I/shim/gnu-efi/inc/aarch64 -I/shim/gnu-efi/inc/protocol -I/shim/Cryptlib/OpenSSL/crypto/asn1 -I/shim/Cryptlib/OpenSSL/crypto/evp -I/shim/Cryptlib/OpenSSL/crypto/modes -I/shim/Cryptlib/OpenSSL/crypto/include -isystem /shim/include/system -isystem /usr/lib/gcc/aarch64-linux-gnu/14/include -DL_ENDIAN -D_CRT_SECURE_NO_DEPRECATE -D_CRT_NONSTDC_NO_DEPRECATE -DOPENSSL_SMALL_FOOTPRINT -DPEDANTIC -DMDE_CPU_AARCH64   -c -o crypto/pkcs7/pk7_smime.o crypto/pkcs7/pk7_smime.c
#14 334.8 gcc -std=gnu11 -ggdb -gdwarf-4 -gstrict-dwarf -ffreestanding -fmacro-prefix-map=/shim/= -fno-stack-protector -fno-strict-aliasing -fpic -fshort-wchar -nostdinc -Os -Wall -Wextra -Wno-missing-field-initializers -Wno-empty-body -Wno-implicit-fallthrough -Wno-old-style-declaration -Wno-unused-but-set-variable -Wno-unused-parameter -Werror -Wno-error=unused-but-set-variable -Wno-error=unused-parameter -I/shim/Cryptlib/OpenSSL -I/shim/Cryptlib -I/shim/Cryptlib/OpenSSL/Include/ -I/shim/Cryptlib/OpenSSL/crypto -I/shim/Cryptlib/Include -I/shim/gnu-efi/inc -I/shim/gnu-efi/inc/aarch64 -I/shim/gnu-efi/inc/protocol -I/shim/Cryptlib/OpenSSL/crypto/asn1 -I/shim/Cryptlib/OpenSSL/crypto/evp -I/shim/Cryptlib/OpenSSL/crypto/modes -I/shim/Cryptlib/OpenSSL/crypto/include -isystem /shim/include/system -isystem /usr/lib/gcc/aarch64-linux-gnu/14/include -DL_ENDIAN -D_CRT_SECURE_NO_DEPRECATE -D_CRT_NONSTDC_NO_DEPRECATE -DOPENSSL_SMALL_FOOTPRINT -DPEDANTIC -DMDE_CPU_AARCH64   -c -o crypto/pkcs7/pk7_attr.o crypto/pkcs7/pk7_attr.c
#14 335.8 gcc -std=gnu11 -ggdb -gdwarf-4 -gstrict-dwarf -ffreestanding -fmacro-prefix-map=/shim/= -fno-stack-protector -fno-strict-aliasing -fpic -fshort-wchar -nostdinc -Os -Wall -Wextra -Wno-missing-field-initializers -Wno-empty-body -Wno-implicit-fallthrough -Wno-old-style-declaration -Wno-unused-but-set-variable -Wno-unused-parameter -Werror -Wno-error=unused-but-set-variable -Wno-error=unused-parameter -I/shim/Cryptlib/OpenSSL -I/shim/Cryptlib -I/shim/Cryptlib/OpenSSL/Include/ -I/shim/Cryptlib/OpenSSL/crypto -I/shim/Cryptlib/Include -I/shim/gnu-efi/inc -I/shim/gnu-efi/inc/aarch64 -I/shim/gnu-efi/inc/protocol -I/shim/Cryptlib/OpenSSL/crypto/asn1 -I/shim/Cryptlib/OpenSSL/crypto/evp -I/shim/Cryptlib/OpenSSL/crypto/modes -I/shim/Cryptlib/OpenSSL/crypto/include -isystem /shim/include/system -isystem /usr/lib/gcc/aarch64-linux-gnu/14/include -DL_ENDIAN -D_CRT_SECURE_NO_DEPRECATE -D_CRT_NONSTDC_NO_DEPRECATE -DOPENSSL_SMALL_FOOTPRINT -DPEDANTIC -DMDE_CPU_AARCH64   -c -o crypto/pkcs7/pk7_mime.o crypto/pkcs7/pk7_mime.c
#14 337.1 gcc -std=gnu11 -ggdb -gdwarf-4 -gstrict-dwarf -ffreestanding -fmacro-prefix-map=/shim/= -fno-stack-protector -fno-strict-aliasing -fpic -fshort-wchar -nostdinc -Os -Wall -Wextra -Wno-missing-field-initializers -Wno-empty-body -Wno-implicit-fallthrough -Wno-old-style-declaration -Wno-unused-but-set-variable -Wno-unused-parameter -Werror -Wno-error=unused-but-set-variable -Wno-error=unused-parameter -I/shim/Cryptlib/OpenSSL -I/shim/Cryptlib -I/shim/Cryptlib/OpenSSL/Include/ -I/shim/Cryptlib/OpenSSL/crypto -I/shim/Cryptlib/Include -I/shim/gnu-efi/inc -I/shim/gnu-efi/inc/aarch64 -I/shim/gnu-efi/inc/protocol -I/shim/Cryptlib/OpenSSL/crypto/asn1 -I/shim/Cryptlib/OpenSSL/crypto/evp -I/shim/Cryptlib/OpenSSL/crypto/modes -I/shim/Cryptlib/OpenSSL/crypto/include -isystem /shim/include/system -isystem /usr/lib/gcc/aarch64-linux-gnu/14/include -DL_ENDIAN -D_CRT_SECURE_NO_DEPRECATE -D_CRT_NONSTDC_NO_DEPRECATE -DOPENSSL_SMALL_FOOTPRINT -DPEDANTIC -DMDE_CPU_AARCH64   -c -o crypto/pkcs7/bio_pk7.o crypto/pkcs7/bio_pk7.c
#14 337.9 gcc -std=gnu11 -ggdb -gdwarf-4 -gstrict-dwarf -ffreestanding -fmacro-prefix-map=/shim/= -fno-stack-protector -fno-strict-aliasing -fpic -fshort-wchar -nostdinc -Os -Wall -Wextra -Wno-missing-field-initializers -Wno-empty-body -Wno-implicit-fallthrough -Wno-old-style-declaration -Wno-unused-but-set-variable -Wno-unused-parameter -Werror -Wno-error=unused-but-set-variable -Wno-error=unused-parameter -I/shim/Cryptlib/OpenSSL -I/shim/Cryptlib -I/shim/Cryptlib/OpenSSL/Include/ -I/shim/Cryptlib/OpenSSL/crypto -I/shim/Cryptlib/Include -I/shim/gnu-efi/inc -I/shim/gnu-efi/inc/aarch64 -I/shim/gnu-efi/inc/protocol -I/shim/Cryptlib/OpenSSL/crypto/asn1 -I/shim/Cryptlib/OpenSSL/crypto/evp -I/shim/Cryptlib/OpenSSL/crypto/modes -I/shim/Cryptlib/OpenSSL/crypto/include -isystem /shim/include/system -isystem /usr/lib/gcc/aarch64-linux-gnu/14/include -DL_ENDIAN -D_CRT_SECURE_NO_DEPRECATE -D_CRT_NONSTDC_NO_DEPRECATE -DOPENSSL_SMALL_FOOTPRINT -DPEDANTIC -DMDE_CPU_AARCH64   -c -o crypto/pkcs12/p12_add.o crypto/pkcs12/p12_add.c
#14 338.6 gcc -std=gnu11 -ggdb -gdwarf-4 -gstrict-dwarf -ffreestanding -fmacro-prefix-map=/shim/= -fno-stack-protector -fno-strict-aliasing -fpic -fshort-wchar -nostdinc -Os -Wall -Wextra -Wno-missing-field-initializers -Wno-empty-body -Wno-implicit-fallthrough -Wno-old-style-declaration -Wno-unused-but-set-variable -Wno-unused-parameter -Werror -Wno-error=unused-but-set-variable -Wno-error=unused-parameter -I/shim/Cryptlib/OpenSSL -I/shim/Cryptlib -I/shim/Cryptlib/OpenSSL/Include/ -I/shim/Cryptlib/OpenSSL/crypto -I/shim/Cryptlib/Include -I/shim/gnu-efi/inc -I/shim/gnu-efi/inc/aarch64 -I/shim/gnu-efi/inc/protocol -I/shim/Cryptlib/OpenSSL/crypto/asn1 -I/shim/Cryptlib/OpenSSL/crypto/evp -I/shim/Cryptlib/OpenSSL/crypto/modes -I/shim/Cryptlib/OpenSSL/crypto/include -isystem /shim/include/system -isystem /usr/lib/gcc/aarch64-linux-gnu/14/include -DL_ENDIAN -D_CRT_SECURE_NO_DEPRECATE -D_CRT_NONSTDC_NO_DEPRECATE -DOPENSSL_SMALL_FOOTPRINT -DPEDANTIC -DMDE_CPU_AARCH64   -c -o crypto/pkcs12/p12_asn.o crypto/pkcs12/p12_asn.c
#14 338.7 gcc -std=gnu11 -ggdb -gdwarf-4 -gstrict-dwarf -ffreestanding -fmacro-prefix-map=/shim/= -fno-stack-protector -fno-strict-aliasing -fpic -fshort-wchar -nostdinc -Os -Wall -Wextra -Wno-missing-field-initializers -Wno-empty-body -Wno-implicit-fallthrough -Wno-old-style-declaration -Wno-unused-but-set-variable -Wno-unused-parameter -Werror -Wno-error=unused-but-set-variable -Wno-error=unused-parameter -I/shim/Cryptlib/OpenSSL -I/shim/Cryptlib -I/shim/Cryptlib/OpenSSL/Include/ -I/shim/Cryptlib/OpenSSL/crypto -I/shim/Cryptlib/Include -I/shim/gnu-efi/inc -I/shim/gnu-efi/inc/aarch64 -I/shim/gnu-efi/inc/protocol -I/shim/Cryptlib/OpenSSL/crypto/asn1 -I/shim/Cryptlib/OpenSSL/crypto/evp -I/shim/Cryptlib/OpenSSL/crypto/modes -I/shim/Cryptlib/OpenSSL/crypto/include -isystem /shim/include/system -isystem /usr/lib/gcc/aarch64-linux-gnu/14/include -DL_ENDIAN -D_CRT_SECURE_NO_DEPRECATE -D_CRT_NONSTDC_NO_DEPRECATE -DOPENSSL_SMALL_FOOTPRINT -DPEDANTIC -DMDE_CPU_AARCH64   -c -o crypto/pkcs12/p12_attr.o crypto/pkcs12/p12_attr.c
#14 339.0 gcc -std=gnu11 -ggdb -gdwarf-4 -gstrict-dwarf -ffreestanding -fmacro-prefix-map=/shim/= -fno-stack-protector -fno-strict-aliasing -fpic -fshort-wchar -nostdinc -Os -Wall -Wextra -Wno-missing-field-initializers -Wno-empty-body -Wno-implicit-fallthrough -Wno-old-style-declaration -Wno-unused-but-set-variable -Wno-unused-parameter -Werror -Wno-error=unused-but-set-variable -Wno-error=unused-parameter -I/shim/Cryptlib/OpenSSL -I/shim/Cryptlib -I/shim/Cryptlib/OpenSSL/Include/ -I/shim/Cryptlib/OpenSSL/crypto -I/shim/Cryptlib/Include -I/shim/gnu-efi/inc -I/shim/gnu-efi/inc/aarch64 -I/shim/gnu-efi/inc/protocol -I/shim/Cryptlib/OpenSSL/crypto/asn1 -I/shim/Cryptlib/OpenSSL/crypto/evp -I/shim/Cryptlib/OpenSSL/crypto/modes -I/shim/Cryptlib/OpenSSL/crypto/include -isystem /shim/include/system -isystem /usr/lib/gcc/aarch64-linux-gnu/14/include -DL_ENDIAN -D_CRT_SECURE_NO_DEPRECATE -D_CRT_NONSTDC_NO_DEPRECATE -DOPENSSL_SMALL_FOOTPRINT -DPEDANTIC -DMDE_CPU_AARCH64   -c -o crypto/pkcs12/p12_crpt.o crypto/pkcs12/p12_crpt.c
#14 340.5 gcc -std=gnu11 -ggdb -gdwarf-4 -gstrict-dwarf -ffreestanding -fmacro-prefix-map=/shim/= -fno-stack-protector -fno-strict-aliasing -fpic -fshort-wchar -nostdinc -Os -Wall -Wextra -Wno-missing-field-initializers -Wno-empty-body -Wno-implicit-fallthrough -Wno-old-style-declaration -Wno-unused-but-set-variable -Wno-unused-parameter -Werror -Wno-error=unused-but-set-variable -Wno-error=unused-parameter -I/shim/Cryptlib/OpenSSL -I/shim/Cryptlib -I/shim/Cryptlib/OpenSSL/Include/ -I/shim/Cryptlib/OpenSSL/crypto -I/shim/Cryptlib/Include -I/shim/gnu-efi/inc -I/shim/gnu-efi/inc/aarch64 -I/shim/gnu-efi/inc/protocol -I/shim/Cryptlib/OpenSSL/crypto/asn1 -I/shim/Cryptlib/OpenSSL/crypto/evp -I/shim/Cryptlib/OpenSSL/crypto/modes -I/shim/Cryptlib/OpenSSL/crypto/include -isystem /shim/include/system -isystem /usr/lib/gcc/aarch64-linux-gnu/14/include -DL_ENDIAN -D_CRT_SECURE_NO_DEPRECATE -D_CRT_NONSTDC_NO_DEPRECATE -DOPENSSL_SMALL_FOOTPRINT -DPEDANTIC -DMDE_CPU_AARCH64   -c -o crypto/pkcs12/p12_crt.o crypto/pkcs12/p12_crt.c
#14 340.6 gcc -std=gnu11 -ggdb -gdwarf-4 -gstrict-dwarf -ffreestanding -fmacro-prefix-map=/shim/= -fno-stack-protector -fno-strict-aliasing -fpic -fshort-wchar -nostdinc -Os -Wall -Wextra -Wno-missing-field-initializers -Wno-empty-body -Wno-implicit-fallthrough -Wno-old-style-declaration -Wno-unused-but-set-variable -Wno-unused-parameter -Werror -Wno-error=unused-but-set-variable -Wno-error=unused-parameter -I/shim/Cryptlib/OpenSSL -I/shim/Cryptlib -I/shim/Cryptlib/OpenSSL/Include/ -I/shim/Cryptlib/OpenSSL/crypto -I/shim/Cryptlib/Include -I/shim/gnu-efi/inc -I/shim/gnu-efi/inc/aarch64 -I/shim/gnu-efi/inc/protocol -I/shim/Cryptlib/OpenSSL/crypto/asn1 -I/shim/Cryptlib/OpenSSL/crypto/evp -I/shim/Cryptlib/OpenSSL/crypto/modes -I/shim/Cryptlib/OpenSSL/crypto/include -isystem /shim/include/system -isystem /usr/lib/gcc/aarch64-linux-gnu/14/include -DL_ENDIAN -D_CRT_SECURE_NO_DEPRECATE -D_CRT_NONSTDC_NO_DEPRECATE -DOPENSSL_SMALL_FOOTPRINT -DPEDANTIC -DMDE_CPU_AARCH64   -c -o crypto/pkcs12/p12_decr.o crypto/pkcs12/p12_decr.c
#14 341.1 gcc -std=gnu11 -ggdb -gdwarf-4 -gstrict-dwarf -ffreestanding -fmacro-prefix-map=/shim/= -fno-stack-protector -fno-strict-aliasing -fpic -fshort-wchar -nostdinc -Os -Wall -Wextra -Wno-missing-field-initializers -Wno-empty-body -Wno-implicit-fallthrough -Wno-old-style-declaration -Wno-unused-but-set-variable -Wno-unused-parameter -Werror -Wno-error=unused-but-set-variable -Wno-error=unused-parameter -I/shim/Cryptlib/OpenSSL -I/shim/Cryptlib -I/shim/Cryptlib/OpenSSL/Include/ -I/shim/Cryptlib/OpenSSL/crypto -I/shim/Cryptlib/Include -I/shim/gnu-efi/inc -I/shim/gnu-efi/inc/aarch64 -I/shim/gnu-efi/inc/protocol -I/shim/Cryptlib/OpenSSL/crypto/asn1 -I/shim/Cryptlib/OpenSSL/crypto/evp -I/shim/Cryptlib/OpenSSL/crypto/modes -I/shim/Cryptlib/OpenSSL/crypto/include -isystem /shim/include/system -isystem /usr/lib/gcc/aarch64-linux-gnu/14/include -DL_ENDIAN -D_CRT_SECURE_NO_DEPRECATE -D_CRT_NONSTDC_NO_DEPRECATE -DOPENSSL_SMALL_FOOTPRINT -DPEDANTIC -DMDE_CPU_AARCH64   -c -o crypto/pkcs12/p12_init.o crypto/pkcs12/p12_init.c
#14 341.3 gcc -std=gnu11 -ggdb -gdwarf-4 -gstrict-dwarf -ffreestanding -fmacro-prefix-map=/shim/= -fno-stack-protector -fno-strict-aliasing -fpic -fshort-wchar -nostdinc -Os -Wall -Wextra -Wno-missing-field-initializers -Wno-empty-body -Wno-implicit-fallthrough -Wno-old-style-declaration -Wno-unused-but-set-variable -Wno-unused-parameter -Werror -Wno-error=unused-but-set-variable -Wno-error=unused-parameter -I/shim/Cryptlib/OpenSSL -I/shim/Cryptlib -I/shim/Cryptlib/OpenSSL/Include/ -I/shim/Cryptlib/OpenSSL/crypto -I/shim/Cryptlib/Include -I/shim/gnu-efi/inc -I/shim/gnu-efi/inc/aarch64 -I/shim/gnu-efi/inc/protocol -I/shim/Cryptlib/OpenSSL/crypto/asn1 -I/shim/Cryptlib/OpenSSL/crypto/evp -I/shim/Cryptlib/OpenSSL/crypto/modes -I/shim/Cryptlib/OpenSSL/crypto/include -isystem /shim/include/system -isystem /usr/lib/gcc/aarch64-linux-gnu/14/include -DL_ENDIAN -D_CRT_SECURE_NO_DEPRECATE -D_CRT_NONSTDC_NO_DEPRECATE -DOPENSSL_SMALL_FOOTPRINT -DPEDANTIC -DMDE_CPU_AARCH64   -c -o crypto/pkcs12/p12_key.o crypto/pkcs12/p12_key.c
#14 343.0 gcc -std=gnu11 -ggdb -gdwarf-4 -gstrict-dwarf -ffreestanding -fmacro-prefix-map=/shim/= -fno-stack-protector -fno-strict-aliasing -fpic -fshort-wchar -nostdinc -Os -Wall -Wextra -Wno-missing-field-initializers -Wno-empty-body -Wno-implicit-fallthrough -Wno-old-style-declaration -Wno-unused-but-set-variable -Wno-unused-parameter -Werror -Wno-error=unused-but-set-variable -Wno-error=unused-parameter -I/shim/Cryptlib/OpenSSL -I/shim/Cryptlib -I/shim/Cryptlib/OpenSSL/Include/ -I/shim/Cryptlib/OpenSSL/crypto -I/shim/Cryptlib/Include -I/shim/gnu-efi/inc -I/shim/gnu-efi/inc/aarch64 -I/shim/gnu-efi/inc/protocol -I/shim/Cryptlib/OpenSSL/crypto/asn1 -I/shim/Cryptlib/OpenSSL/crypto/evp -I/shim/Cryptlib/OpenSSL/crypto/modes -I/shim/Cryptlib/OpenSSL/crypto/include -isystem /shim/include/system -isystem /usr/lib/gcc/aarch64-linux-gnu/14/include -DL_ENDIAN -D_CRT_SECURE_NO_DEPRECATE -D_CRT_NONSTDC_NO_DEPRECATE -DOPENSSL_SMALL_FOOTPRINT -DPEDANTIC -DMDE_CPU_AARCH64   -c -o crypto/pkcs12/p12_kiss.o crypto/pkcs12/p12_kiss.c
#14 343.1 gcc -std=gnu11 -ggdb -gdwarf-4 -gstrict-dwarf -ffreestanding -fmacro-prefix-map=/shim/= -fno-stack-protector -fno-strict-aliasing -fpic -fshort-wchar -nostdinc -Os -Wall -Wextra -Wno-missing-field-initializers -Wno-empty-body -Wno-implicit-fallthrough -Wno-old-style-declaration -Wno-unused-but-set-variable -Wno-unused-parameter -Werror -Wno-error=unused-but-set-variable -Wno-error=unused-parameter -I/shim/Cryptlib/OpenSSL -I/shim/Cryptlib -I/shim/Cryptlib/OpenSSL/Include/ -I/shim/Cryptlib/OpenSSL/crypto -I/shim/Cryptlib/Include -I/shim/gnu-efi/inc -I/shim/gnu-efi/inc/aarch64 -I/shim/gnu-efi/inc/protocol -I/shim/Cryptlib/OpenSSL/crypto/asn1 -I/shim/Cryptlib/OpenSSL/crypto/evp -I/shim/Cryptlib/OpenSSL/crypto/modes -I/shim/Cryptlib/OpenSSL/crypto/include -isystem /shim/include/system -isystem /usr/lib/gcc/aarch64-linux-gnu/14/include -DL_ENDIAN -D_CRT_SECURE_NO_DEPRECATE -D_CRT_NONSTDC_NO_DEPRECATE -DOPENSSL_SMALL_FOOTPRINT -DPEDANTIC -DMDE_CPU_AARCH64   -c -o crypto/pkcs12/p12_mutl.o crypto/pkcs12/p12_mutl.c
#14 343.7 gcc -std=gnu11 -ggdb -gdwarf-4 -gstrict-dwarf -ffreestanding -fmacro-prefix-map=/shim/= -fno-stack-protector -fno-strict-aliasing -fpic -fshort-wchar -nostdinc -Os -Wall -Wextra -Wno-missing-field-initializers -Wno-empty-body -Wno-implicit-fallthrough -Wno-old-style-declaration -Wno-unused-but-set-variable -Wno-unused-parameter -Werror -Wno-error=unused-but-set-variable -Wno-error=unused-parameter -I/shim/Cryptlib/OpenSSL -I/shim/Cryptlib -I/shim/Cryptlib/OpenSSL/Include/ -I/shim/Cryptlib/OpenSSL/crypto -I/shim/Cryptlib/Include -I/shim/gnu-efi/inc -I/shim/gnu-efi/inc/aarch64 -I/shim/gnu-efi/inc/protocol -I/shim/Cryptlib/OpenSSL/crypto/asn1 -I/shim/Cryptlib/OpenSSL/crypto/evp -I/shim/Cryptlib/OpenSSL/crypto/modes -I/shim/Cryptlib/OpenSSL/crypto/include -isystem /shim/include/system -isystem /usr/lib/gcc/aarch64-linux-gnu/14/include -DL_ENDIAN -D_CRT_SECURE_NO_DEPRECATE -D_CRT_NONSTDC_NO_DEPRECATE -DOPENSSL_SMALL_FOOTPRINT -DPEDANTIC -DMDE_CPU_AARCH64   -c -o crypto/pkcs12/p12_utl.o crypto/pkcs12/p12_utl.c
#14 344.5 gcc -std=gnu11 -ggdb -gdwarf-4 -gstrict-dwarf -ffreestanding -fmacro-prefix-map=/shim/= -fno-stack-protector -fno-strict-aliasing -fpic -fshort-wchar -nostdinc -Os -Wall -Wextra -Wno-missing-field-initializers -Wno-empty-body -Wno-implicit-fallthrough -Wno-old-style-declaration -Wno-unused-but-set-variable -Wno-unused-parameter -Werror -Wno-error=unused-but-set-variable -Wno-error=unused-parameter -I/shim/Cryptlib/OpenSSL -I/shim/Cryptlib -I/shim/Cryptlib/OpenSSL/Include/ -I/shim/Cryptlib/OpenSSL/crypto -I/shim/Cryptlib/Include -I/shim/gnu-efi/inc -I/shim/gnu-efi/inc/aarch64 -I/shim/gnu-efi/inc/protocol -I/shim/Cryptlib/OpenSSL/crypto/asn1 -I/shim/Cryptlib/OpenSSL/crypto/evp -I/shim/Cryptlib/OpenSSL/crypto/modes -I/shim/Cryptlib/OpenSSL/crypto/include -isystem /shim/include/system -isystem /usr/lib/gcc/aarch64-linux-gnu/14/include -DL_ENDIAN -D_CRT_SECURE_NO_DEPRECATE -D_CRT_NONSTDC_NO_DEPRECATE -DOPENSSL_SMALL_FOOTPRINT -DPEDANTIC -DMDE_CPU_AARCH64   -c -o crypto/pkcs12/p12_npas.o crypto/pkcs12/p12_npas.c
#14 345.9 gcc -std=gnu11 -ggdb -gdwarf-4 -gstrict-dwarf -ffreestanding -fmacro-prefix-map=/shim/= -fno-stack-protector -fno-strict-aliasing -fpic -fshort-wchar -nostdinc -Os -Wall -Wextra -Wno-missing-field-initializers -Wno-empty-body -Wno-implicit-fallthrough -Wno-old-style-declaration -Wno-unused-but-set-variable -Wno-unused-parameter -Werror -Wno-error=unused-but-set-variable -Wno-error=unused-parameter -I/shim/Cryptlib/OpenSSL -I/shim/Cryptlib -I/shim/Cryptlib/OpenSSL/Include/ -I/shim/Cryptlib/OpenSSL/crypto -I/shim/Cryptlib/Include -I/shim/gnu-efi/inc -I/shim/gnu-efi/inc/aarch64 -I/shim/gnu-efi/inc/protocol -I/shim/Cryptlib/OpenSSL/crypto/asn1 -I/shim/Cryptlib/OpenSSL/crypto/evp -I/shim/Cryptlib/OpenSSL/crypto/modes -I/shim/Cryptlib/OpenSSL/crypto/include -isystem /shim/include/system -isystem /usr/lib/gcc/aarch64-linux-gnu/14/include -DL_ENDIAN -D_CRT_SECURE_NO_DEPRECATE -D_CRT_NONSTDC_NO_DEPRECATE -DOPENSSL_SMALL_FOOTPRINT -DPEDANTIC -DMDE_CPU_AARCH64   -c -o crypto/pkcs12/pk12err.o crypto/pkcs12/pk12err.c
#14 346.0 gcc -std=gnu11 -ggdb -gdwarf-4 -gstrict-dwarf -ffreestanding -fmacro-prefix-map=/shim/= -fno-stack-protector -fno-strict-aliasing -fpic -fshort-wchar -nostdinc -Os -Wall -Wextra -Wno-missing-field-initializers -Wno-empty-body -Wno-implicit-fallthrough -Wno-old-style-declaration -Wno-unused-but-set-variable -Wno-unused-parameter -Werror -Wno-error=unused-but-set-variable -Wno-error=unused-parameter -I/shim/Cryptlib/OpenSSL -I/shim/Cryptlib -I/shim/Cryptlib/OpenSSL/Include/ -I/shim/Cryptlib/OpenSSL/crypto -I/shim/Cryptlib/Include -I/shim/gnu-efi/inc -I/shim/gnu-efi/inc/aarch64 -I/shim/gnu-efi/inc/protocol -I/shim/Cryptlib/OpenSSL/crypto/asn1 -I/shim/Cryptlib/OpenSSL/crypto/evp -I/shim/Cryptlib/OpenSSL/crypto/modes -I/shim/Cryptlib/OpenSSL/crypto/include -isystem /shim/include/system -isystem /usr/lib/gcc/aarch64-linux-gnu/14/include -DL_ENDIAN -D_CRT_SECURE_NO_DEPRECATE -D_CRT_NONSTDC_NO_DEPRECATE -DOPENSSL_SMALL_FOOTPRINT -DPEDANTIC -DMDE_CPU_AARCH64   -c -o crypto/pkcs12/p12_p8d.o crypto/pkcs12/p12_p8d.c
#14 346.5 gcc -std=gnu11 -ggdb -gdwarf-4 -gstrict-dwarf -ffreestanding -fmacro-prefix-map=/shim/= -fno-stack-protector -fno-strict-aliasing -fpic -fshort-wchar -nostdinc -Os -Wall -Wextra -Wno-missing-field-initializers -Wno-empty-body -Wno-implicit-fallthrough -Wno-old-style-declaration -Wno-unused-but-set-variable -Wno-unused-parameter -Werror -Wno-error=unused-but-set-variable -Wno-error=unused-parameter -I/shim/Cryptlib/OpenSSL -I/shim/Cryptlib -I/shim/Cryptlib/OpenSSL/Include/ -I/shim/Cryptlib/OpenSSL/crypto -I/shim/Cryptlib/Include -I/shim/gnu-efi/inc -I/shim/gnu-efi/inc/aarch64 -I/shim/gnu-efi/inc/protocol -I/shim/Cryptlib/OpenSSL/crypto/asn1 -I/shim/Cryptlib/OpenSSL/crypto/evp -I/shim/Cryptlib/OpenSSL/crypto/modes -I/shim/Cryptlib/OpenSSL/crypto/include -isystem /shim/include/system -isystem /usr/lib/gcc/aarch64-linux-gnu/14/include -DL_ENDIAN -D_CRT_SECURE_NO_DEPRECATE -D_CRT_NONSTDC_NO_DEPRECATE -DOPENSSL_SMALL_FOOTPRINT -DPEDANTIC -DMDE_CPU_AARCH64   -c -o crypto/pkcs12/p12_p8e.o crypto/pkcs12/p12_p8e.c
#14 346.9 gcc -std=gnu11 -ggdb -gdwarf-4 -gstrict-dwarf -ffreestanding -fmacro-prefix-map=/shim/= -fno-stack-protector -fno-strict-aliasing -fpic -fshort-wchar -nostdinc -Os -Wall -Wextra -Wno-missing-field-initializers -Wno-empty-body -Wno-implicit-fallthrough -Wno-old-style-declaration -Wno-unused-but-set-variable -Wno-unused-parameter -Werror -Wno-error=unused-but-set-variable -Wno-error=unused-parameter -I/shim/Cryptlib/OpenSSL -I/shim/Cryptlib -I/shim/Cryptlib/OpenSSL/Include/ -I/shim/Cryptlib/OpenSSL/crypto -I/shim/Cryptlib/Include -I/shim/gnu-efi/inc -I/shim/gnu-efi/inc/aarch64 -I/shim/gnu-efi/inc/protocol -I/shim/Cryptlib/OpenSSL/crypto/asn1 -I/shim/Cryptlib/OpenSSL/crypto/evp -I/shim/Cryptlib/OpenSSL/crypto/modes -I/shim/Cryptlib/OpenSSL/crypto/include -isystem /shim/include/system -isystem /usr/lib/gcc/aarch64-linux-gnu/14/include -DL_ENDIAN -D_CRT_SECURE_NO_DEPRECATE -D_CRT_NONSTDC_NO_DEPRECATE -DOPENSSL_SMALL_FOOTPRINT -DPEDANTIC -DMDE_CPU_AARCH64   -c -o crypto/comp/comp_lib.o crypto/comp/comp_lib.c
#14 347.2 gcc -std=gnu11 -ggdb -gdwarf-4 -gstrict-dwarf -ffreestanding -fmacro-prefix-map=/shim/= -fno-stack-protector -fno-strict-aliasing -fpic -fshort-wchar -nostdinc -Os -Wall -Wextra -Wno-missing-field-initializers -Wno-empty-body -Wno-implicit-fallthrough -Wno-old-style-declaration -Wno-unused-but-set-variable -Wno-unused-parameter -Werror -Wno-error=unused-but-set-variable -Wno-error=unused-parameter -I/shim/Cryptlib/OpenSSL -I/shim/Cryptlib -I/shim/Cryptlib/OpenSSL/Include/ -I/shim/Cryptlib/OpenSSL/crypto -I/shim/Cryptlib/Include -I/shim/gnu-efi/inc -I/shim/gnu-efi/inc/aarch64 -I/shim/gnu-efi/inc/protocol -I/shim/Cryptlib/OpenSSL/crypto/asn1 -I/shim/Cryptlib/OpenSSL/crypto/evp -I/shim/Cryptlib/OpenSSL/crypto/modes -I/shim/Cryptlib/OpenSSL/crypto/include -isystem /shim/include/system -isystem /usr/lib/gcc/aarch64-linux-gnu/14/include -DL_ENDIAN -D_CRT_SECURE_NO_DEPRECATE -D_CRT_NONSTDC_NO_DEPRECATE -DOPENSSL_SMALL_FOOTPRINT -DPEDANTIC -DMDE_CPU_AARCH64   -c -o crypto/comp/comp_err.o crypto/comp/comp_err.c
#14 347.5 gcc -std=gnu11 -ggdb -gdwarf-4 -gstrict-dwarf -ffreestanding -fmacro-prefix-map=/shim/= -fno-stack-protector -fno-strict-aliasing -fpic -fshort-wchar -nostdinc -Os -Wall -Wextra -Wno-missing-field-initializers -Wno-empty-body -Wno-implicit-fallthrough -Wno-old-style-declaration -Wno-unused-but-set-variable -Wno-unused-parameter -Werror -Wno-error=unused-but-set-variable -Wno-error=unused-parameter -I/shim/Cryptlib/OpenSSL -I/shim/Cryptlib -I/shim/Cryptlib/OpenSSL/Include/ -I/shim/Cryptlib/OpenSSL/crypto -I/shim/Cryptlib/Include -I/shim/gnu-efi/inc -I/shim/gnu-efi/inc/aarch64 -I/shim/gnu-efi/inc/protocol -I/shim/Cryptlib/OpenSSL/crypto/asn1 -I/shim/Cryptlib/OpenSSL/crypto/evp -I/shim/Cryptlib/OpenSSL/crypto/modes -I/shim/Cryptlib/OpenSSL/crypto/include -isystem /shim/include/system -isystem /usr/lib/gcc/aarch64-linux-gnu/14/include -DL_ENDIAN -D_CRT_SECURE_NO_DEPRECATE -D_CRT_NONSTDC_NO_DEPRECATE -DOPENSSL_SMALL_FOOTPRINT -DPEDANTIC -DMDE_CPU_AARCH64   -c -o crypto/comp/c_rle.o crypto/comp/c_rle.c
#14 348.3 gcc -std=gnu11 -ggdb -gdwarf-4 -gstrict-dwarf -ffreestanding -fmacro-prefix-map=/shim/= -fno-stack-protector -fno-strict-aliasing -fpic -fshort-wchar -nostdinc -Os -Wall -Wextra -Wno-missing-field-initializers -Wno-empty-body -Wno-implicit-fallthrough -Wno-old-style-declaration -Wno-unused-but-set-variable -Wno-unused-parameter -Werror -Wno-error=unused-but-set-variable -Wno-error=unused-parameter -I/shim/Cryptlib/OpenSSL -I/shim/Cryptlib -I/shim/Cryptlib/OpenSSL/Include/ -I/shim/Cryptlib/OpenSSL/crypto -I/shim/Cryptlib/Include -I/shim/gnu-efi/inc -I/shim/gnu-efi/inc/aarch64 -I/shim/gnu-efi/inc/protocol -I/shim/Cryptlib/OpenSSL/crypto/asn1 -I/shim/Cryptlib/OpenSSL/crypto/evp -I/shim/Cryptlib/OpenSSL/crypto/modes -I/shim/Cryptlib/OpenSSL/crypto/include -isystem /shim/include/system -isystem /usr/lib/gcc/aarch64-linux-gnu/14/include -DL_ENDIAN -D_CRT_SECURE_NO_DEPRECATE -D_CRT_NONSTDC_NO_DEPRECATE -DOPENSSL_SMALL_FOOTPRINT -DPEDANTIC -DMDE_CPU_AARCH64   -c -o crypto/comp/c_zlib.o crypto/comp/c_zlib.c
#14 348.5 gcc -std=gnu11 -ggdb -gdwarf-4 -gstrict-dwarf -ffreestanding -fmacro-prefix-map=/shim/= -fno-stack-protector -fno-strict-aliasing -fpic -fshort-wchar -nostdinc -Os -Wall -Wextra -Wno-missing-field-initializers -Wno-empty-body -Wno-implicit-fallthrough -Wno-old-style-declaration -Wno-unused-but-set-variable -Wno-unused-parameter -Werror -Wno-error=unused-but-set-variable -Wno-error=unused-parameter -I/shim/Cryptlib/OpenSSL -I/shim/Cryptlib -I/shim/Cryptlib/OpenSSL/Include/ -I/shim/Cryptlib/OpenSSL/crypto -I/shim/Cryptlib/Include -I/shim/gnu-efi/inc -I/shim/gnu-efi/inc/aarch64 -I/shim/gnu-efi/inc/protocol -I/shim/Cryptlib/OpenSSL/crypto/asn1 -I/shim/Cryptlib/OpenSSL/crypto/evp -I/shim/Cryptlib/OpenSSL/crypto/modes -I/shim/Cryptlib/OpenSSL/crypto/include -isystem /shim/include/system -isystem /usr/lib/gcc/aarch64-linux-gnu/14/include -DL_ENDIAN -D_CRT_SECURE_NO_DEPRECATE -D_CRT_NONSTDC_NO_DEPRECATE -DOPENSSL_SMALL_FOOTPRINT -DPEDANTIC -DMDE_CPU_AARCH64   -c -o crypto/ocsp/ocsp_asn.o crypto/ocsp/ocsp_asn.c
#14 348.9 gcc -std=gnu11 -ggdb -gdwarf-4 -gstrict-dwarf -ffreestanding -fmacro-prefix-map=/shim/= -fno-stack-protector -fno-strict-aliasing -fpic -fshort-wchar -nostdinc -Os -Wall -Wextra -Wno-missing-field-initializers -Wno-empty-body -Wno-implicit-fallthrough -Wno-old-style-declaration -Wno-unused-but-set-variable -Wno-unused-parameter -Werror -Wno-error=unused-but-set-variable -Wno-error=unused-parameter -I/shim/Cryptlib/OpenSSL -I/shim/Cryptlib -I/shim/Cryptlib/OpenSSL/Include/ -I/shim/Cryptlib/OpenSSL/crypto -I/shim/Cryptlib/Include -I/shim/gnu-efi/inc -I/shim/gnu-efi/inc/aarch64 -I/shim/gnu-efi/inc/protocol -I/shim/Cryptlib/OpenSSL/crypto/asn1 -I/shim/Cryptlib/OpenSSL/crypto/evp -I/shim/Cryptlib/OpenSSL/crypto/modes -I/shim/Cryptlib/OpenSSL/crypto/include -isystem /shim/include/system -isystem /usr/lib/gcc/aarch64-linux-gnu/14/include -DL_ENDIAN -D_CRT_SECURE_NO_DEPRECATE -D_CRT_NONSTDC_NO_DEPRECATE -DOPENSSL_SMALL_FOOTPRINT -DPEDANTIC -DMDE_CPU_AARCH64   -c -o crypto/ocsp/ocsp_ext.o crypto/ocsp/ocsp_ext.c
#14 349.4 gcc -std=gnu11 -ggdb -gdwarf-4 -gstrict-dwarf -ffreestanding -fmacro-prefix-map=/shim/= -fno-stack-protector -fno-strict-aliasing -fpic -fshort-wchar -nostdinc -Os -Wall -Wextra -Wno-missing-field-initializers -Wno-empty-body -Wno-implicit-fallthrough -Wno-old-style-declaration -Wno-unused-but-set-variable -Wno-unused-parameter -Werror -Wno-error=unused-but-set-variable -Wno-error=unused-parameter -I/shim/Cryptlib/OpenSSL -I/shim/Cryptlib -I/shim/Cryptlib/OpenSSL/Include/ -I/shim/Cryptlib/OpenSSL/crypto -I/shim/Cryptlib/Include -I/shim/gnu-efi/inc -I/shim/gnu-efi/inc/aarch64 -I/shim/gnu-efi/inc/protocol -I/shim/Cryptlib/OpenSSL/crypto/asn1 -I/shim/Cryptlib/OpenSSL/crypto/evp -I/shim/Cryptlib/OpenSSL/crypto/modes -I/shim/Cryptlib/OpenSSL/crypto/include -isystem /shim/include/system -isystem /usr/lib/gcc/aarch64-linux-gnu/14/include -DL_ENDIAN -D_CRT_SECURE_NO_DEPRECATE -D_CRT_NONSTDC_NO_DEPRECATE -DOPENSSL_SMALL_FOOTPRINT -DPEDANTIC -DMDE_CPU_AARCH64   -c -o crypto/ocsp/ocsp_ht.o crypto/ocsp/ocsp_ht.c
#14 349.7 gcc -std=gnu11 -ggdb -gdwarf-4 -gstrict-dwarf -ffreestanding -fmacro-prefix-map=/shim/= -fno-stack-protector -fno-strict-aliasing -fpic -fshort-wchar -nostdinc -Os -Wall -Wextra -Wno-missing-field-initializers -Wno-empty-body -Wno-implicit-fallthrough -Wno-old-style-declaration -Wno-unused-but-set-variable -Wno-unused-parameter -Werror -Wno-error=unused-but-set-variable -Wno-error=unused-parameter -I/shim/Cryptlib/OpenSSL -I/shim/Cryptlib -I/shim/Cryptlib/OpenSSL/Include/ -I/shim/Cryptlib/OpenSSL/crypto -I/shim/Cryptlib/Include -I/shim/gnu-efi/inc -I/shim/gnu-efi/inc/aarch64 -I/shim/gnu-efi/inc/protocol -I/shim/Cryptlib/OpenSSL/crypto/asn1 -I/shim/Cryptlib/OpenSSL/crypto/evp -I/shim/Cryptlib/OpenSSL/crypto/modes -I/shim/Cryptlib/OpenSSL/crypto/include -isystem /shim/include/system -isystem /usr/lib/gcc/aarch64-linux-gnu/14/include -DL_ENDIAN -D_CRT_SECURE_NO_DEPRECATE -D_CRT_NONSTDC_NO_DEPRECATE -DOPENSSL_SMALL_FOOTPRINT -DPEDANTIC -DMDE_CPU_AARCH64   -c -o crypto/ocsp/ocsp_lib.o crypto/ocsp/ocsp_lib.c
#14 351.2 gcc -std=gnu11 -ggdb -gdwarf-4 -gstrict-dwarf -ffreestanding -fmacro-prefix-map=/shim/= -fno-stack-protector -fno-strict-aliasing -fpic -fshort-wchar -nostdinc -Os -Wall -Wextra -Wno-missing-field-initializers -Wno-empty-body -Wno-implicit-fallthrough -Wno-old-style-declaration -Wno-unused-but-set-variable -Wno-unused-parameter -Werror -Wno-error=unused-but-set-variable -Wno-error=unused-parameter -I/shim/Cryptlib/OpenSSL -I/shim/Cryptlib -I/shim/Cryptlib/OpenSSL/Include/ -I/shim/Cryptlib/OpenSSL/crypto -I/shim/Cryptlib/Include -I/shim/gnu-efi/inc -I/shim/gnu-efi/inc/aarch64 -I/shim/gnu-efi/inc/protocol -I/shim/Cryptlib/OpenSSL/crypto/asn1 -I/shim/Cryptlib/OpenSSL/crypto/evp -I/shim/Cryptlib/OpenSSL/crypto/modes -I/shim/Cryptlib/OpenSSL/crypto/include -isystem /shim/include/system -isystem /usr/lib/gcc/aarch64-linux-gnu/14/include -DL_ENDIAN -D_CRT_SECURE_NO_DEPRECATE -D_CRT_NONSTDC_NO_DEPRECATE -DOPENSSL_SMALL_FOOTPRINT -DPEDANTIC -DMDE_CPU_AARCH64   -c -o crypto/ocsp/ocsp_cl.o crypto/ocsp/ocsp_cl.c
#14 352.6 gcc -std=gnu11 -ggdb -gdwarf-4 -gstrict-dwarf -ffreestanding -fmacro-prefix-map=/shim/= -fno-stack-protector -fno-strict-aliasing -fpic -fshort-wchar -nostdinc -Os -Wall -Wextra -Wno-missing-field-initializers -Wno-empty-body -Wno-implicit-fallthrough -Wno-old-style-declaration -Wno-unused-but-set-variable -Wno-unused-parameter -Werror -Wno-error=unused-but-set-variable -Wno-error=unused-parameter -I/shim/Cryptlib/OpenSSL -I/shim/Cryptlib -I/shim/Cryptlib/OpenSSL/Include/ -I/shim/Cryptlib/OpenSSL/crypto -I/shim/Cryptlib/Include -I/shim/gnu-efi/inc -I/shim/gnu-efi/inc/aarch64 -I/shim/gnu-efi/inc/protocol -I/shim/Cryptlib/OpenSSL/crypto/asn1 -I/shim/Cryptlib/OpenSSL/crypto/evp -I/shim/Cryptlib/OpenSSL/crypto/modes -I/shim/Cryptlib/OpenSSL/crypto/include -isystem /shim/include/system -isystem /usr/lib/gcc/aarch64-linux-gnu/14/include -DL_ENDIAN -D_CRT_SECURE_NO_DEPRECATE -D_CRT_NONSTDC_NO_DEPRECATE -DOPENSSL_SMALL_FOOTPRINT -DPEDANTIC -DMDE_CPU_AARCH64   -c -o crypto/ocsp/ocsp_srv.o crypto/ocsp/ocsp_srv.c
#14 352.7 gcc -std=gnu11 -ggdb -gdwarf-4 -gstrict-dwarf -ffreestanding -fmacro-prefix-map=/shim/= -fno-stack-protector -fno-strict-aliasing -fpic -fshort-wchar -nostdinc -Os -Wall -Wextra -Wno-missing-field-initializers -Wno-empty-body -Wno-implicit-fallthrough -Wno-old-style-declaration -Wno-unused-but-set-variable -Wno-unused-parameter -Werror -Wno-error=unused-but-set-variable -Wno-error=unused-parameter -I/shim/Cryptlib/OpenSSL -I/shim/Cryptlib -I/shim/Cryptlib/OpenSSL/Include/ -I/shim/Cryptlib/OpenSSL/crypto -I/shim/Cryptlib/Include -I/shim/gnu-efi/inc -I/shim/gnu-efi/inc/aarch64 -I/shim/gnu-efi/inc/protocol -I/shim/Cryptlib/OpenSSL/crypto/asn1 -I/shim/Cryptlib/OpenSSL/crypto/evp -I/shim/Cryptlib/OpenSSL/crypto/modes -I/shim/Cryptlib/OpenSSL/crypto/include -isystem /shim/include/system -isystem /usr/lib/gcc/aarch64-linux-gnu/14/include -DL_ENDIAN -D_CRT_SECURE_NO_DEPRECATE -D_CRT_NONSTDC_NO_DEPRECATE -DOPENSSL_SMALL_FOOTPRINT -DPEDANTIC -DMDE_CPU_AARCH64   -c -o crypto/ocsp/ocsp_prn.o crypto/ocsp/ocsp_prn.c
#14 353.2 gcc -std=gnu11 -ggdb -gdwarf-4 -gstrict-dwarf -ffreestanding -fmacro-prefix-map=/shim/= -fno-stack-protector -fno-strict-aliasing -fpic -fshort-wchar -nostdinc -Os -Wall -Wextra -Wno-missing-field-initializers -Wno-empty-body -Wno-implicit-fallthrough -Wno-old-style-declaration -Wno-unused-but-set-variable -Wno-unused-parameter -Werror -Wno-error=unused-but-set-variable -Wno-error=unused-parameter -I/shim/Cryptlib/OpenSSL -I/shim/Cryptlib -I/shim/Cryptlib/OpenSSL/Include/ -I/shim/Cryptlib/OpenSSL/crypto -I/shim/Cryptlib/Include -I/shim/gnu-efi/inc -I/shim/gnu-efi/inc/aarch64 -I/shim/gnu-efi/inc/protocol -I/shim/Cryptlib/OpenSSL/crypto/asn1 -I/shim/Cryptlib/OpenSSL/crypto/evp -I/shim/Cryptlib/OpenSSL/crypto/modes -I/shim/Cryptlib/OpenSSL/crypto/include -isystem /shim/include/system -isystem /usr/lib/gcc/aarch64-linux-gnu/14/include -DL_ENDIAN -D_CRT_SECURE_NO_DEPRECATE -D_CRT_NONSTDC_NO_DEPRECATE -DOPENSSL_SMALL_FOOTPRINT -DPEDANTIC -DMDE_CPU_AARCH64   -c -o crypto/ocsp/ocsp_vfy.o crypto/ocsp/ocsp_vfy.c
#14 354.1 gcc -std=gnu11 -ggdb -gdwarf-4 -gstrict-dwarf -ffreestanding -fmacro-prefix-map=/shim/= -fno-stack-protector -fno-strict-aliasing -fpic -fshort-wchar -nostdinc -Os -Wall -Wextra -Wno-missing-field-initializers -Wno-empty-body -Wno-implicit-fallthrough -Wno-old-style-declaration -Wno-unused-but-set-variable -Wno-unused-parameter -Werror -Wno-error=unused-but-set-variable -Wno-error=unused-parameter -I/shim/Cryptlib/OpenSSL -I/shim/Cryptlib -I/shim/Cryptlib/OpenSSL/Include/ -I/shim/Cryptlib/OpenSSL/crypto -I/shim/Cryptlib/Include -I/shim/gnu-efi/inc -I/shim/gnu-efi/inc/aarch64 -I/shim/gnu-efi/inc/protocol -I/shim/Cryptlib/OpenSSL/crypto/asn1 -I/shim/Cryptlib/OpenSSL/crypto/evp -I/shim/Cryptlib/OpenSSL/crypto/modes -I/shim/Cryptlib/OpenSSL/crypto/include -isystem /shim/include/system -isystem /usr/lib/gcc/aarch64-linux-gnu/14/include -DL_ENDIAN -D_CRT_SECURE_NO_DEPRECATE -D_CRT_NONSTDC_NO_DEPRECATE -DOPENSSL_SMALL_FOOTPRINT -DPEDANTIC -DMDE_CPU_AARCH64   -c -o crypto/ocsp/ocsp_err.o crypto/ocsp/ocsp_err.c
#14 355.5 gcc -std=gnu11 -ggdb -gdwarf-4 -gstrict-dwarf -ffreestanding -fmacro-prefix-map=/shim/= -fno-stack-protector -fno-strict-aliasing -fpic -fshort-wchar -nostdinc -Os -Wall -Wextra -Wno-missing-field-initializers -Wno-empty-body -Wno-implicit-fallthrough -Wno-old-style-declaration -Wno-unused-but-set-variable -Wno-unused-parameter -Werror -Wno-error=unused-but-set-variable -Wno-error=unused-parameter -I/shim/Cryptlib/OpenSSL -I/shim/Cryptlib -I/shim/Cryptlib/OpenSSL/Include/ -I/shim/Cryptlib/OpenSSL/crypto -I/shim/Cryptlib/Include -I/shim/gnu-efi/inc -I/shim/gnu-efi/inc/aarch64 -I/shim/gnu-efi/inc/protocol -I/shim/Cryptlib/OpenSSL/crypto/asn1 -I/shim/Cryptlib/OpenSSL/crypto/evp -I/shim/Cryptlib/OpenSSL/crypto/modes -I/shim/Cryptlib/OpenSSL/crypto/include -isystem /shim/include/system -isystem /usr/lib/gcc/aarch64-linux-gnu/14/include -DL_ENDIAN -D_CRT_SECURE_NO_DEPRECATE -D_CRT_NONSTDC_NO_DEPRECATE -DOPENSSL_SMALL_FOOTPRINT -DPEDANTIC -DMDE_CPU_AARCH64   -c -o crypto/cmac/cmac.o crypto/cmac/cmac.c
#14 355.6 gcc -std=gnu11 -ggdb -gdwarf-4 -gstrict-dwarf -ffreestanding -fmacro-prefix-map=/shim/= -fno-stack-protector -fno-strict-aliasing -fpic -fshort-wchar -nostdinc -Os -Wall -Wextra -Wno-missing-field-initializers -Wno-empty-body -Wno-implicit-fallthrough -Wno-old-style-declaration -Wno-unused-but-set-variable -Wno-unused-parameter -Werror -Wno-error=unused-but-set-variable -Wno-error=unused-parameter -I/shim/Cryptlib/OpenSSL -I/shim/Cryptlib -I/shim/Cryptlib/OpenSSL/Include/ -I/shim/Cryptlib/OpenSSL/crypto -I/shim/Cryptlib/Include -I/shim/gnu-efi/inc -I/shim/gnu-efi/inc/aarch64 -I/shim/gnu-efi/inc/protocol -I/shim/Cryptlib/OpenSSL/crypto/asn1 -I/shim/Cryptlib/OpenSSL/crypto/evp -I/shim/Cryptlib/OpenSSL/crypto/modes -I/shim/Cryptlib/OpenSSL/crypto/include -isystem /shim/include/system -isystem /usr/lib/gcc/aarch64-linux-gnu/14/include -DL_ENDIAN -D_CRT_SECURE_NO_DEPRECATE -D_CRT_NONSTDC_NO_DEPRECATE -DOPENSSL_SMALL_FOOTPRINT -DPEDANTIC -DMDE_CPU_AARCH64   -c -o crypto/cmac/cm_ameth.o crypto/cmac/cm_ameth.c
#14 355.9 gcc -std=gnu11 -ggdb -gdwarf-4 -gstrict-dwarf -ffreestanding -fmacro-prefix-map=/shim/= -fno-stack-protector -fno-strict-aliasing -fpic -fshort-wchar -nostdinc -Os -Wall -Wextra -Wno-missing-field-initializers -Wno-empty-body -Wno-implicit-fallthrough -Wno-old-style-declaration -Wno-unused-but-set-variable -Wno-unused-parameter -Werror -Wno-error=unused-but-set-variable -Wno-error=unused-parameter -I/shim/Cryptlib/OpenSSL -I/shim/Cryptlib -I/shim/Cryptlib/OpenSSL/Include/ -I/shim/Cryptlib/OpenSSL/crypto -I/shim/Cryptlib/Include -I/shim/gnu-efi/inc -I/shim/gnu-efi/inc/aarch64 -I/shim/gnu-efi/inc/protocol -I/shim/Cryptlib/OpenSSL/crypto/asn1 -I/shim/Cryptlib/OpenSSL/crypto/evp -I/shim/Cryptlib/OpenSSL/crypto/modes -I/shim/Cryptlib/OpenSSL/crypto/include -isystem /shim/include/system -isystem /usr/lib/gcc/aarch64-linux-gnu/14/include -DL_ENDIAN -D_CRT_SECURE_NO_DEPRECATE -D_CRT_NONSTDC_NO_DEPRECATE -DOPENSSL_SMALL_FOOTPRINT -DPEDANTIC -DMDE_CPU_AARCH64   -c -o crypto/cmac/cm_pmeth.o crypto/cmac/cm_pmeth.c
#14 359.2 ar rcs libopenssl.a crypto/cryptlib.o crypto/mem.o crypto/mem_clr.o crypto/mem_dbg.o crypto/cversion.o crypto/ex_data.o crypto/cpt_err.o crypto/ebcdic.o crypto/uid.o crypto/o_time.o crypto/o_str.o crypto/o_dir.o crypto/o_fips.o crypto/o_init.o crypto/fips_ers.o crypto/md5/md5_dgst.o crypto/md5/md5_one.o crypto/sha/sha_dgst.o crypto/sha/sha1dgst.o crypto/sha/sha_one.o crypto/sha/sha1_one.o crypto/sha/sha256.o crypto/sha/sha512.o crypto/hmac/hmac.o crypto/hmac/hm_ameth.o crypto/hmac/hm_pmeth.o crypto/rc4/rc4_enc.o crypto/rc4/rc4_skey.o crypto/rc4/rc4_utl.o crypto/aes/aes_misc.o crypto/aes/aes_ecb.o crypto/aes/aes_cfb.o crypto/aes/aes_ofb.o crypto/aes/aes_ctr.o crypto/aes/aes_ige.o crypto/aes/aes_wrap.o crypto/aes/aes_core.o crypto/aes/aes_cbc.o crypto/modes/cbc128.o crypto/modes/ctr128.o crypto/modes/cts128.o crypto/modes/cfb128.o crypto/modes/ofb128.o crypto/modes/gcm128.o crypto/modes/ccm128.o crypto/modes/xts128.o crypto/modes/wrap128.o crypto/bn/bn_add.o crypto/bn/bn_div.o crypto/bn/bn_exp.o crypto/bn/bn_lib.o crypto/bn/bn_ctx.o crypto/bn/bn_mul.o crypto/bn/bn_mod.o crypto/bn/bn_print.o crypto/bn/bn_rand.o crypto/bn/bn_shift.o crypto/bn/bn_word.o crypto/bn/bn_blind.o crypto/bn/bn_kron.o crypto/bn/bn_sqrt.o crypto/bn/bn_gcd.o crypto/bn/bn_prime.o crypto/bn/bn_err.o crypto/bn/bn_sqr.o crypto/bn/bn_asm.o crypto/bn/bn_recp.o crypto/bn/bn_mont.o crypto/bn/bn_mpi.o crypto/bn/bn_exp2.o crypto/bn/bn_gf2m.o crypto/bn/bn_nist.o crypto/bn/bn_depr.o crypto/bn/bn_x931p.o crypto/bn/bn_const.o crypto/rsa/rsa_eay.o crypto/rsa/rsa_gen.o crypto/rsa/rsa_lib.o crypto/rsa/rsa_sign.o crypto/rsa/rsa_saos.o crypto/rsa/rsa_err.o crypto/rsa/rsa_pk1.o crypto/rsa/rsa_ssl.o crypto/rsa/rsa_none.o crypto/rsa/rsa_oaep.o crypto/rsa/rsa_chk.o crypto/rsa/rsa_null.o crypto/rsa/rsa_pss.o crypto/rsa/rsa_x931.o crypto/rsa/rsa_asn1.o crypto/rsa/rsa_depr.o crypto/rsa/rsa_ameth.o crypto/rsa/rsa_prn.o crypto/rsa/rsa_pmeth.o crypto/rsa/rsa_crpt.o crypto/dso/dso_dl.o crypto/dso/dso_dlfcn.o crypto/dso/dso_err.o crypto/dso/dso_lib.o crypto/dso/dso_null.o crypto/dso/dso_openssl.o crypto/dso/dso_win32.o crypto/dso/dso_vms.o crypto/dso/dso_beos.o crypto/dh/dh_asn1.o crypto/dh/dh_gen.o crypto/dh/dh_key.o crypto/dh/dh_lib.o crypto/dh/dh_check.o crypto/dh/dh_err.o crypto/dh/dh_depr.o crypto/dh/dh_ameth.o crypto/dh/dh_pmeth.o crypto/dh/dh_prn.o crypto/dh/dh_rfc5114.o crypto/buffer/buffer.o crypto/buffer/buf_str.o crypto/buffer/buf_err.o crypto/bio/bio_lib.o crypto/bio/bio_cb.o crypto/bio/bio_err.o crypto/bio/bss_mem.o crypto/bio/bss_null.o crypto/bio/bss_fd.o crypto/bio/bss_file.o crypto/bio/bss_sock.o crypto/bio/bss_conn.o crypto/bio/bf_null.o crypto/bio/bf_buff.o crypto/bio/b_dump.o crypto/bio/b_print.o crypto/bio/b_sock.o crypto/bio/bss_acpt.o crypto/bio/bf_nbio.o crypto/bio/bss_log.o crypto/bio/bss_bio.o crypto/bio/bss_dgram.o crypto/stack/stack.o crypto/lhash/lhash.o crypto/lhash/lh_stats.o crypto/rand/md_rand.o crypto/rand/randfile.o crypto/rand/rand_lib.o crypto/rand/rand_err.o crypto/rand/rand_unix.o crypto/err/err.o crypto/err/err_all.o crypto/err/err_prn.o crypto/objects/o_names.o crypto/objects/obj_dat.o crypto/objects/obj_lib.o crypto/objects/obj_err.o crypto/objects/obj_xref.o crypto/evp/encode.o crypto/evp/digest.o crypto/evp/evp_enc.o crypto/evp/evp_key.o crypto/evp/evp_acnf.o crypto/evp/evp_cnf.o crypto/evp/e_des.o crypto/evp/e_bf.o crypto/evp/e_idea.o crypto/evp/e_des3.o crypto/evp/e_camellia.o crypto/evp/e_rc4.o crypto/evp/e_aes.o crypto/evp/names.o crypto/evp/e_seed.o crypto/evp/e_xcbc_d.o crypto/evp/e_rc2.o crypto/evp/e_cast.o crypto/evp/e_rc5.o crypto/evp/m_null.o crypto/evp/m_md2.o crypto/evp/m_md4.o crypto/evp/m_md5.o crypto/evp/m_sha.o crypto/evp/m_sha1.o crypto/evp/m_wp.o crypto/evp/m_dss.o crypto/evp/m_dss1.o crypto/evp/m_mdc2.o crypto/evp/m_ripemd.o crypto/evp/m_ecdsa.o crypto/evp/p_open.o crypto/evp/p_seal.o crypto/evp/p_sign.o crypto/evp/p_verify.o crypto/evp/p_lib.o crypto/evp/p_enc.o crypto/evp/p_dec.o crypto/evp/bio_md.o crypto/evp/bio_b64.o crypto/evp/bio_enc.o crypto/evp/evp_err.o crypto/evp/e_null.o crypto/evp/c_all.o crypto/evp/c_allc.o crypto/evp/c_alld.o crypto/evp/evp_lib.o crypto/evp/bio_ok.o crypto/evp/evp_pkey.o crypto/evp/evp_pbe.o crypto/evp/p5_crpt.o crypto/evp/p5_crpt2.o crypto/evp/e_old.o crypto/evp/pmeth_lib.o crypto/evp/pmeth_fn.o crypto/evp/pmeth_gn.o crypto/evp/m_sigver.o crypto/evp/e_aes_cbc_hmac_sha1.o crypto/evp/e_aes_cbc_hmac_sha256.o crypto/evp/e_rc4_hmac_md5.o crypto/asn1/a_object.o crypto/asn1/a_bitstr.o crypto/asn1/a_utctm.o crypto/asn1/a_gentm.o crypto/asn1/a_time.o crypto/asn1/a_int.o crypto/asn1/a_octet.o crypto/asn1/a_print.o crypto/asn1/a_type.o crypto/asn1/a_set.o crypto/asn1/a_dup.o crypto/asn1/a_d2i_fp.o crypto/asn1/a_i2d_fp.o crypto/asn1/a_enum.o crypto/asn1/a_utf8.o crypto/asn1/a_sign.o crypto/asn1/a_digest.o crypto/asn1/a_verify.o crypto/asn1/a_mbstr.o crypto/asn1/a_strex.o crypto/asn1/x_algor.o crypto/asn1/x_val.o crypto/asn1/x_pubkey.o crypto/asn1/x_sig.o crypto/asn1/x_req.o crypto/asn1/x_attrib.o crypto/asn1/x_bignum.o crypto/asn1/x_long.o crypto/asn1/x_name.o crypto/asn1/x_x509.o crypto/asn1/x_x509a.o crypto/asn1/x_crl.o crypto/asn1/x_info.o crypto/asn1/x_spki.o crypto/asn1/nsseq.o crypto/asn1/x_nx509.o crypto/asn1/d2i_pu.o crypto/asn1/d2i_pr.o crypto/asn1/i2d_pu.o crypto/asn1/i2d_pr.o crypto/asn1/t_req.o crypto/asn1/t_x509.o crypto/asn1/t_x509a.o crypto/asn1/t_crl.o crypto/asn1/t_pkey.o crypto/asn1/t_spki.o crypto/asn1/t_bitst.o crypto/asn1/tasn_new.o crypto/asn1/tasn_fre.o crypto/asn1/tasn_enc.o crypto/asn1/tasn_dec.o crypto/asn1/tasn_utl.o crypto/asn1/tasn_typ.o crypto/asn1/tasn_prn.o crypto/asn1/ameth_lib.o crypto/asn1/f_int.o crypto/asn1/f_string.o crypto/asn1/n_pkey.o crypto/asn1/f_enum.o crypto/asn1/x_pkey.o crypto/asn1/a_bool.o crypto/asn1/x_exten.o crypto/asn1/bio_asn1.o crypto/asn1/bio_ndef.o crypto/asn1/asn_mime.o crypto/asn1/asn1_gen.o crypto/asn1/asn1_par.o crypto/asn1/asn1_lib.o crypto/asn1/asn1_err.o crypto/asn1/a_bytes.o crypto/asn1/a_strnid.o crypto/asn1/evp_asn1.o crypto/asn1/asn_pack.o crypto/asn1/p5_pbe.o crypto/asn1/p5_pbev2.o crypto/asn1/p8_pkey.o crypto/asn1/asn_moid.o crypto/pem/pem_sign.o crypto/pem/pem_seal.o crypto/pem/pem_info.o crypto/pem/pem_lib.o crypto/pem/pem_all.o crypto/pem/pem_err.o crypto/pem/pem_x509.o crypto/pem/pem_xaux.o crypto/pem/pem_oth.o crypto/pem/pem_pk8.o crypto/pem/pem_pkey.o crypto/pem/pvkfmt.o crypto/x509/x509_def.o crypto/x509/x509_d2.o crypto/x509/x509_r2x.o crypto/x509/x509_cmp.o crypto/x509/x509_obj.o crypto/x509/x509_req.o crypto/x509/x509spki.o crypto/x509/x509_vfy.o crypto/x509/x509_set.o crypto/x509/x509cset.o crypto/x509/x509rset.o crypto/x509/x509_err.o crypto/x509/x509name.o crypto/x509/x509_v3.o crypto/x509/x509_ext.o crypto/x509/x509_att.o crypto/x509/x509type.o crypto/x509/x509_lu.o crypto/x509/x_all.o crypto/x509/x509_txt.o crypto/x509/x509_trs.o crypto/x509/x509_vpm.o crypto/x509v3/v3_bcons.o crypto/x509v3/v3_bitst.o crypto/x509v3/v3_conf.o crypto/x509v3/v3_extku.o crypto/x509v3/v3_ia5.o crypto/x509v3/v3_lib.o crypto/x509v3/v3_prn.o crypto/x509v3/v3_utl.o crypto/x509v3/v3err.o crypto/x509v3/v3_genn.o crypto/x509v3/v3_alt.o crypto/x509v3/v3_skey.o crypto/x509v3/v3_akey.o crypto/x509v3/v3_pku.o crypto/x509v3/v3_int.o crypto/x509v3/v3_enum.o crypto/x509v3/v3_sxnet.o crypto/x509v3/v3_cpols.o crypto/x509v3/v3_crld.o crypto/x509v3/v3_purp.o crypto/x509v3/v3_info.o crypto/x509v3/v3_ocsp.o crypto/x509v3/v3_akeya.o crypto/x509v3/v3_pmaps.o crypto/x509v3/v3_pcons.o crypto/x509v3/v3_ncons.o crypto/x509v3/v3_pcia.o crypto/x509v3/v3_pci.o crypto/x509v3/pcy_cache.o crypto/x509v3/pcy_node.o crypto/x509v3/pcy_data.o crypto/x509v3/pcy_map.o crypto/x509v3/pcy_tree.o crypto/x509v3/pcy_lib.o crypto/x509v3/v3_asid.o crypto/x509v3/v3_addr.o crypto/conf/conf_err.o crypto/conf/conf_lib.o crypto/conf/conf_api.o crypto/conf/conf_def.o crypto/conf/conf_mod.o crypto/conf/conf_mall.o crypto/conf/conf_sap.o crypto/txt_db/txt_db.o crypto/pkcs7/pk7_asn1.o crypto/pkcs7/pk7_lib.o crypto/pkcs7/pkcs7err.o crypto/pkcs7/pk7_doit.o crypto/pkcs7/pk7_smime.o crypto/pkcs7/pk7_attr.o crypto/pkcs7/pk7_mime.o crypto/pkcs7/bio_pk7.o crypto/pkcs12/p12_add.o crypto/pkcs12/p12_asn.o crypto/pkcs12/p12_attr.o crypto/pkcs12/p12_crpt.o crypto/pkcs12/p12_crt.o crypto/pkcs12/p12_decr.o crypto/pkcs12/p12_init.o crypto/pkcs12/p12_key.o crypto/pkcs12/p12_kiss.o crypto/pkcs12/p12_mutl.o crypto/pkcs12/p12_utl.o crypto/pkcs12/p12_npas.o crypto/pkcs12/pk12err.o crypto/pkcs12/p12_p8d.o crypto/pkcs12/p12_p8e.o crypto/comp/comp_lib.o crypto/comp/comp_err.o crypto/comp/c_rle.o crypto/comp/c_zlib.o crypto/ocsp/ocsp_asn.o crypto/ocsp/ocsp_ext.o crypto/ocsp/ocsp_ht.o crypto/ocsp/ocsp_lib.o crypto/ocsp/ocsp_cl.o crypto/ocsp/ocsp_srv.o crypto/ocsp/ocsp_prn.o crypto/ocsp/ocsp_vfy.o crypto/ocsp/ocsp_err.o crypto/cmac/cmac.o crypto/cmac/cm_ameth.o crypto/cmac/cm_pmeth.o 
#14 360.8 make: Leaving directory '/shim/Cryptlib/OpenSSL'
#14 361.2 aarch64-linux-gnu-ld -o shimaa64.so --hash-style=sysv -nostdlib -znocombreloc -T /shim/elf_aarch64_efi.lds -shared -Bsymbolic -Lgnu-efi/aarch64/gnuefi -Lgnu-efi/aarch64/lib -LCryptlib -LCryptlib/OpenSSL gnu-efi/aarch64/gnuefi/crt0-efi-aarch64.o --build-id=sha1  --no-undefined shim.o globals.o memattrs.o mok.o netboot.o cert.o dp.o loader-proto.o tpm.o version.o errlog.o sbat.o sbat_data.o sbat_var.o pe.o pe-relocate.o httpboot.o csv.o load-options.o utils.o verify.o Cryptlib/libcryptlib.a Cryptlib/OpenSSL/libopenssl.a lib/lib.a gnu-efi/aarch64/lib/libefi.a gnu-efi/aarch64/gnuefi/libgnuefi.a -lefi -lgnuefi --start-group Cryptlib/libcryptlib.a Cryptlib/OpenSSL/libopenssl.a --end-group /usr/lib/gcc/aarch64-linux-gnu/14/libgcc.a lib/lib.a
#14 361.6 aarch64-linux-gnu-ld -o mmaa64.so --hash-style=sysv -nostdlib -znocombreloc -T /shim/elf_aarch64_efi.lds -shared -Bsymbolic -Lgnu-efi/aarch64/gnuefi -Lgnu-efi/aarch64/lib -LCryptlib -LCryptlib/OpenSSL gnu-efi/aarch64/gnuefi/crt0-efi-aarch64.o --build-id=sha1  --no-undefined MokManager.o PasswordCrypt.o crypt_blowfish.o errlog.o sbat_data.o globals.o dp.o Cryptlib/libcryptlib.a Cryptlib/OpenSSL/libopenssl.a lib/lib.a gnu-efi/aarch64/lib/libefi.a gnu-efi/aarch64/gnuefi/libgnuefi.a -lefi -lgnuefi --start-group Cryptlib/libcryptlib.a Cryptlib/OpenSSL/libopenssl.a --end-group /usr/lib/gcc/aarch64-linux-gnu/14/libgcc.a lib/lib.a
#14 361.7 aarch64-linux-gnu-ld: warning: shimaa64.so has a LOAD segment with RWX permissions
#14 362.1 aarch64-linux-gnu-ld -o fbaa64.so --hash-style=sysv -nostdlib -znocombreloc -T /shim/elf_aarch64_efi.lds -shared -Bsymbolic -Lgnu-efi/aarch64/gnuefi -Lgnu-efi/aarch64/lib -LCryptlib -LCryptlib/OpenSSL gnu-efi/aarch64/gnuefi/crt0-efi-aarch64.o --build-id=sha1  --no-undefined fallback.o tpm.o errlog.o sbat_data.o globals.o utils.o Cryptlib/libcryptlib.a Cryptlib/OpenSSL/libopenssl.a lib/lib.a gnu-efi/aarch64/lib/libefi.a gnu-efi/aarch64/gnuefi/libgnuefi.a -lefi -lgnuefi --start-group Cryptlib/libcryptlib.a Cryptlib/OpenSSL/libopenssl.a --end-group /usr/lib/gcc/aarch64-linux-gnu/14/libgcc.a lib/lib.a
#14 362.1 aarch64-linux-gnu-ld: warning: mmaa64.so has a LOAD segment with RWX permissions
#14 362.4 aarch64-linux-gnu-objcopy -D -j .text -j .sdata -j .data -j .data.ident \
#14 362.4 	-j .dynamic -j .rodata -j .rel* \
#14 362.4 	-j .rela* -j .dyn -j .reloc -j .eh_frame \
#14 362.4 	-j .vendor_cert -j .sbat -j .sbatlevel \
#14 362.4 	--file-alignment 0x1000 \
#14 362.4 	--output-target efi-app-aarch64 shimaa64.so shimaa64.efi
#14 362.4 aarch64-linux-gnu-ld: warning: fbaa64.so has a LOAD segment with RWX permissions
#14 362.5 aarch64-linux-gnu-objcopy -D -j .text -j .sdata -j .data \
#14 362.5 	-j .dynamic -j .rodata -j .rel* \
#14 362.5 	-j .rela* -j .dyn -j .reloc -j .eh_frame -j .sbat \
#14 362.5 	-j .sbatlevel \
#14 362.5 	-j .debug_info -j .debug_abbrev -j .debug_aranges \
#14 362.5 	-j .debug_line -j .debug_str -j .debug_ranges \
#14 362.5 	-j .note.gnu.build-id \
#14 362.5 	--file-alignment 0x1000 \
#14 362.5 	shimaa64.so shimaa64.efi.debug
#14 362.7 aarch64-linux-gnu-objcopy -D -j .text -j .sdata -j .data \
#14 362.7 	-j .dynamic -j .rodata -j .rel* \
#14 362.7 	-j .rela* -j .dyn -j .reloc -j .eh_frame -j .sbat \
#14 362.7 	-j .sbatlevel \
#14 362.7 	-j .debug_info -j .debug_abbrev -j .debug_aranges \
#14 362.7 	-j .debug_line -j .debug_str -j .debug_ranges \
#14 362.7 	-j .note.gnu.build-id \
#14 362.7 	--file-alignment 0x1000 \
#14 362.7 	mmaa64.so mmaa64.efi.debug
#14 362.8 ./post-process-pe -vv  shimaa64.efi
#14 362.8 aarch64-linux-gnu-objcopy -D -j .text -j .sdata -j .data \
#14 362.8 	-j .dynamic -j .rodata -j .rel* \
#14 362.8 	-j .rela* -j .dyn -j .reloc -j .eh_frame -j .sbat \
#14 362.8 	-j .sbatlevel \
#14 362.8 	-j .debug_info -j .debug_abbrev -j .debug_aranges \
#14 362.8 	-j .debug_line -j .debug_str -j .debug_ranges \
#14 362.8 	-j .note.gnu.build-id \
#14 362.8 	--file-alignment 0x1000 \
#14 362.8 	fbaa64.so fbaa64.efi.debug
#14 362.9 validate_nx_compat():380: NX Compatibility flag is not set
#14 363.1 aarch64-linux-gnu-objcopy -D -j .text -j .sdata -j .data -j .data.ident \
#14 363.1 	-j .dynamic -j .rodata -j .rel* \
#14 363.1 	-j .rela* -j .dyn -j .reloc -j .eh_frame \
#14 363.1 	-j .vendor_cert -j .sbat -j .sbatlevel \
#14 363.1 	--file-alignment 0x1000 \
#14 363.1 	--output-target efi-app-aarch64 mmaa64.so mmaa64.efi
#14 363.4 aarch64-linux-gnu-objcopy -D -j .text -j .sdata -j .data -j .data.ident \
#14 363.4 	-j .dynamic -j .rodata -j .rel* \
#14 363.4 	-j .rela* -j .dyn -j .reloc -j .eh_frame \
#14 363.4 	-j .vendor_cert -j .sbat -j .sbatlevel \
#14 363.4 	--file-alignment 0x1000 \
#14 363.4 	--output-target efi-app-aarch64 fbaa64.so fbaa64.efi
#14 363.5 ./post-process-pe -vv  mmaa64.efi
#14 363.6 validate_nx_compat():380: NX Compatibility flag is not set
#14 363.7 ./post-process-pe -vv  fbaa64.efi
#14 363.7 validate_nx_compat():380: NX Compatibility flag is not set
#14 363.8 make[1]: Leaving directory '/shim'
#14 363.8    debian/rules override_dh_auto_test
#14 363.9 make[1]: Entering directory '/shim'
#14 365.4 dh_auto_test -- INSTALL=install RELEASE=16.1 COMMIT_ID=afc49558b34548644c1cd0ad1b6526a9470182ed MAKELEVEL=0 ENABLE_HTTPBOOT=true VENDOR_CERT_FILE=debian/igel-uefi-ca.der VENDOR_DBX_FILE=dbx.esl EFIDIR=igel CROSS_COMPILE=aarch64-linux-gnu- CC=gcc  SBAT_AUTOMATIC_DATE=2025021800
#14 369.2 	make -j4 test INSTALL=install RELEASE=16.1 COMMIT_ID=afc49558b34548644c1cd0ad1b6526a9470182ed MAKELEVEL=0 ENABLE_HTTPBOOT=true VENDOR_CERT_FILE=debian/igel-uefi-ca.der VENDOR_DBX_FILE=dbx.esl EFIDIR=igel CROSS_COMPILE=aarch64-linux-gnu- CC=gcc SBAT_AUTOMATIC_DATE=2025021800
#14 372.1 dd if=/dev/urandom bs=512 count=17 status=none | ( \
#14 372.1 	echo "unsigned char random_bin[] = {" ; \
#14 372.1 	xxd -i - ; \
#14 372.1 	echo "};" ; \
#14 372.1 	echo "unsigned int random_bin_len = 8704;" ; \
#14 372.1 ) > test-random.h
#14 372.3 make -C gnu-efi \
#14 372.3 	COMPILER="gcc" \
#14 372.3 	CC="gcc" \
#14 372.3 	ARCH=aarch64 \
#14 372.3 	TOPDIR=/shim/gnu-efi \
#14 372.3 	CFLAGS_LTO="" \
#14 372.3 	CFLAGS_GCOV="" \
#14 372.3 	-f /shim/gnu-efi/Makefile \
#14 372.3 	clean lib
#14 372.4 make: Entering directory '/shim/gnu-efi'
#14 372.7 mkdir -p /shim/gnu-efi/aarch64/lib
#14 372.8 removed 'aarch64/gnuefi/crt0-efi-aarch64.o'
#14 372.8 removed 'aarch64/gnuefi/libgnuefi.a'
#14 372.8 removed 'aarch64/gnuefi/reloc_aarch64.o'
#14 372.8 removed directory 'aarch64/gnuefi'
#14 372.8 removed directory 'aarch64/inc'
#14 372.8 removed 'aarch64/lib/event.o'
#14 372.8 removed 'aarch64/lib/sread.o'
#14 372.8 removed 'aarch64/lib/init.o'
#14 372.8 removed 'aarch64/lib/hand.o'
#14 372.8 removed 'aarch64/lib/smbios.o'
#14 372.8 removed 'aarch64/lib/cmdline.o'
#14 372.8 removed 'aarch64/lib/dpath.o'
#14 372.8 removed 'aarch64/lib/crc.o'
#14 372.8 removed directory 'aarch64/lib/arm'
#14 372.8 removed 'aarch64/lib/boxdraw.o'
#14 372.8 removed 'aarch64/lib/print.o'
#14 372.8 removed directory 'aarch64/lib/x86_64'
#14 372.8 removed 'aarch64/lib/lock.o'
#14 372.8 removed 'aarch64/lib/exit.o'
#14 372.8 removed 'aarch64/lib/runtime/rtlock.o'
#14 372.8 removed 'aarch64/lib/runtime/vm.o'
#14 372.8 removed 'aarch64/lib/runtime/efirtlib.o'
#14 372.8 removed 'aarch64/lib/runtime/rtdata.o'
#14 372.8 removed 'aarch64/lib/runtime/rtstr.o'
#14 372.8 removed directory 'aarch64/lib/runtime'
#14 372.8 removed 'aarch64/lib/aarch64/initplat.o'
#14 372.8 removed 'aarch64/lib/aarch64/math.o'
#14 372.8 removed 'aarch64/lib/aarch64/setjmp.o'
#14 372.8 removed directory 'aarch64/lib/aarch64'
#14 372.8 removed 'aarch64/lib/console.o'
#14 372.8 removed 'aarch64/lib/hw.o'
#14 372.8 removed directory 'aarch64/lib/ia64'
#14 372.8 removed directory 'aarch64/lib/ia32'
#14 372.8 removed 'aarch64/lib/misc.o'
#14 372.8 removed 'aarch64/lib/data.o'
#14 372.8 removed 'aarch64/lib/guid.o'
#14 372.8 removed 'aarch64/lib/str.o'
#14 372.8 removed 'aarch64/lib/pause.o'
#14 372.8 removed 'aarch64/lib/error.o'
#14 372.8 removed 'aarch64/lib/libefi.a'
#14 372.8 removed directory 'aarch64/lib/mips64el'
#14 372.8 removed 'aarch64/lib/debug.o'
#14 372.8 removed directory 'aarch64/lib'
#14 372.8 removed directory 'aarch64/'
#14 372.9 make -C /shim/gnu-efi/aarch64/lib -f /shim/gnu-efi//lib/Makefile SRCDIR=/shim/gnu-efi//lib ARCH=aarch64
#14 372.9 make: Entering directory '/shim/gnu-efi/aarch64/lib'
#14 373.3 gcc -I/shim/gnu-efi//lib -I/shim/gnu-efi/inc -I/shim/gnu-efi/inc/aarch64 -I/shim/gnu-efi/inc/protocol -Wno-error=pragmas -fpic  -O2 -ggdb -Wall -Wextra -Wno-missing-field-initializers -Werror -fshort-wchar -fno-strict-aliasing -ffreestanding -fno-stack-protector -fno-stack-check -nostdinc   -isystem /shim/gnu-efi/../include/system -isystem /usr/lib/gcc/aarch64-linux-gnu/14/include -fno-merge-all-constants -DCONFIG_aarch64 -c /shim/gnu-efi//lib/boxdraw.c -o boxdraw.o
#14 373.5 gcc -I/shim/gnu-efi//lib -I/shim/gnu-efi/inc -I/shim/gnu-efi/inc/aarch64 -I/shim/gnu-efi/inc/protocol -Wno-error=pragmas -fpic  -O2 -ggdb -Wall -Wextra -Wno-missing-field-initializers -Werror -fshort-wchar -fno-strict-aliasing -ffreestanding -fno-stack-protector -fno-stack-check -nostdinc   -isystem /shim/gnu-efi/../include/system -isystem /usr/lib/gcc/aarch64-linux-gnu/14/include -fno-merge-all-constants -DCONFIG_aarch64 -c /shim/gnu-efi//lib/smbios.c -o smbios.o
#14 373.8 gcc -I/shim/gnu-efi//lib -I/shim/gnu-efi/inc -I/shim/gnu-efi/inc/aarch64 -I/shim/gnu-efi/inc/protocol -Wno-error=pragmas -fpic  -O2 -ggdb -Wall -Wextra -Wno-missing-field-initializers -Werror -fshort-wchar -fno-strict-aliasing -ffreestanding -fno-stack-protector -fno-stack-check -nostdinc   -isystem /shim/gnu-efi/../include/system -isystem /usr/lib/gcc/aarch64-linux-gnu/14/include -fno-merge-all-constants -DCONFIG_aarch64 -c /shim/gnu-efi//lib/console.c -o console.o
#14 374.0 gcc -I/shim/gnu-efi//lib -I/shim/gnu-efi/inc -I/shim/gnu-efi/inc/aarch64 -I/shim/gnu-efi/inc/protocol -Wno-error=pragmas -fpic  -O2 -ggdb -Wall -Wextra -Wno-missing-field-initializers -Werror -fshort-wchar -fno-strict-aliasing -ffreestanding -fno-stack-protector -fno-stack-check -nostdinc   -isystem /shim/gnu-efi/../include/system -isystem /usr/lib/gcc/aarch64-linux-gnu/14/include -fno-merge-all-constants -DCONFIG_aarch64 -c /shim/gnu-efi//lib/crc.c -o crc.o
#14 375.7 gcc -I/shim/gnu-efi//lib -I/shim/gnu-efi/inc -I/shim/gnu-efi/inc/aarch64 -I/shim/gnu-efi/inc/protocol -Wno-error=pragmas -fpic  -O2 -ggdb -Wall -Wextra -Wno-missing-field-initializers -Werror -fshort-wchar -fno-strict-aliasing -ffreestanding -fno-stack-protector -fno-stack-check -nostdinc   -isystem /shim/gnu-efi/../include/system -isystem /usr/lib/gcc/aarch64-linux-gnu/14/include -fno-merge-all-constants -DCONFIG_aarch64 -c /shim/gnu-efi//lib/data.c -o data.o
#14 376.3 gcc -I/shim/gnu-efi//lib -I/shim/gnu-efi/inc -I/shim/gnu-efi/inc/aarch64 -I/shim/gnu-efi/inc/protocol -Wno-error=pragmas -fpic  -O2 -ggdb -Wall -Wextra -Wno-missing-field-initializers -Werror -fshort-wchar -fno-strict-aliasing -ffreestanding -fno-stack-protector -fno-stack-check -nostdinc   -isystem /shim/gnu-efi/../include/system -isystem /usr/lib/gcc/aarch64-linux-gnu/14/include -fno-merge-all-constants -DCONFIG_aarch64 -c /shim/gnu-efi//lib/debug.c -o debug.o
#14 376.6 gcc -I/shim/gnu-efi//lib -I/shim/gnu-efi/inc -I/shim/gnu-efi/inc/aarch64 -I/shim/gnu-efi/inc/protocol -Wno-error=pragmas -fpic  -O2 -ggdb -Wall -Wextra -Wno-missing-field-initializers -Werror -fshort-wchar -fno-strict-aliasing -ffreestanding -fno-stack-protector -fno-stack-check -nostdinc   -isystem /shim/gnu-efi/../include/system -isystem /usr/lib/gcc/aarch64-linux-gnu/14/include -fno-merge-all-constants -DCONFIG_aarch64 -c /shim/gnu-efi//lib/dpath.c -o dpath.o
#14 376.9 gcc -I/shim/gnu-efi//lib -I/shim/gnu-efi/inc -I/shim/gnu-efi/inc/aarch64 -I/shim/gnu-efi/inc/protocol -Wno-error=pragmas -fpic  -O2 -ggdb -Wall -Wextra -Wno-missing-field-initializers -Werror -fshort-wchar -fno-strict-aliasing -ffreestanding -fno-stack-protector -fno-stack-check -nostdinc   -isystem /shim/gnu-efi/../include/system -isystem /usr/lib/gcc/aarch64-linux-gnu/14/include -fno-merge-all-constants -DCONFIG_aarch64 -c /shim/gnu-efi//lib/error.c -o error.o
#14 377.3 gcc -I/shim/gnu-efi//lib -I/shim/gnu-efi/inc -I/shim/gnu-efi/inc/aarch64 -I/shim/gnu-efi/inc/protocol -Wno-error=pragmas -fpic  -O2 -ggdb -Wall -Wextra -Wno-missing-field-initializers -Werror -fshort-wchar -fno-strict-aliasing -ffreestanding -fno-stack-protector -fno-stack-check -nostdinc   -isystem /shim/gnu-efi/../include/system -isystem /usr/lib/gcc/aarch64-linux-gnu/14/include -fno-merge-all-constants -DCONFIG_aarch64 -c /shim/gnu-efi//lib/event.c -o event.o
#14 378.0 gcc -I/shim/gnu-efi//lib -I/shim/gnu-efi/inc -I/shim/gnu-efi/inc/aarch64 -I/shim/gnu-efi/inc/protocol -Wno-error=pragmas -fpic  -O2 -ggdb -Wall -Wextra -Wno-missing-field-initializers -Werror -fshort-wchar -fno-strict-aliasing -ffreestanding -fno-stack-protector -fno-stack-check -nostdinc   -isystem /shim/gnu-efi/../include/system -isystem /usr/lib/gcc/aarch64-linux-gnu/14/include -fno-merge-all-constants -DCONFIG_aarch64 -c /shim/gnu-efi//lib/exit.c -o exit.o
#14 379.0 gcc -I/shim/gnu-efi//lib -I/shim/gnu-efi/inc -I/shim/gnu-efi/inc/aarch64 -I/shim/gnu-efi/inc/protocol -Wno-error=pragmas -fpic  -O2 -ggdb -Wall -Wextra -Wno-missing-field-initializers -Werror -fshort-wchar -fno-strict-aliasing -ffreestanding -fno-stack-protector -fno-stack-check -nostdinc   -isystem /shim/gnu-efi/../include/system -isystem /usr/lib/gcc/aarch64-linux-gnu/14/include -fno-merge-all-constants -DCONFIG_aarch64 -c /shim/gnu-efi//lib/guid.c -o guid.o
#14 379.7 gcc -I/shim/gnu-efi//lib -I/shim/gnu-efi/inc -I/shim/gnu-efi/inc/aarch64 -I/shim/gnu-efi/inc/protocol -Wno-error=pragmas -fpic  -O2 -ggdb -Wall -Wextra -Wno-missing-field-initializers -Werror -fshort-wchar -fno-strict-aliasing -ffreestanding -fno-stack-protector -fno-stack-check -nostdinc   -isystem /shim/gnu-efi/../include/system -isystem /usr/lib/gcc/aarch64-linux-gnu/14/include -fno-merge-all-constants -DCONFIG_aarch64 -c /shim/gnu-efi//lib/hand.c -o hand.o
#14 380.0 gcc -I/shim/gnu-efi//lib -I/shim/gnu-efi/inc -I/shim/gnu-efi/inc/aarch64 -I/shim/gnu-efi/inc/protocol -Wno-error=pragmas -fpic  -O2 -ggdb -Wall -Wextra -Wno-missing-field-initializers -Werror -fshort-wchar -fno-strict-aliasing -ffreestanding -fno-stack-protector -fno-stack-check -nostdinc   -isystem /shim/gnu-efi/../include/system -isystem /usr/lib/gcc/aarch64-linux-gnu/14/include -fno-merge-all-constants -DCONFIG_aarch64 -c /shim/gnu-efi//lib/hw.c -o hw.o
#14 381.5 gcc -I/shim/gnu-efi//lib -I/shim/gnu-efi/inc -I/shim/gnu-efi/inc/aarch64 -I/shim/gnu-efi/inc/protocol -Wno-error=pragmas -fpic  -O2 -ggdb -Wall -Wextra -Wno-missing-field-initializers -Werror -fshort-wchar -fno-strict-aliasing -ffreestanding -fno-stack-protector -fno-stack-check -nostdinc   -isystem /shim/gnu-efi/../include/system -isystem /usr/lib/gcc/aarch64-linux-gnu/14/include -fno-merge-all-constants -DCONFIG_aarch64 -c /shim/gnu-efi//lib/init.c -o init.o
#14 382.2 gcc -I/shim/gnu-efi//lib -I/shim/gnu-efi/inc -I/shim/gnu-efi/inc/aarch64 -I/shim/gnu-efi/inc/protocol -Wno-error=pragmas -fpic  -O2 -ggdb -Wall -Wextra -Wno-missing-field-initializers -Werror -fshort-wchar -fno-strict-aliasing -ffreestanding -fno-stack-protector -fno-stack-check -nostdinc   -isystem /shim/gnu-efi/../include/system -isystem /usr/lib/gcc/aarch64-linux-gnu/14/include -fno-merge-all-constants -DCONFIG_aarch64 -c /shim/gnu-efi//lib/lock.c -o lock.o
#14 383.2 gcc -I/shim/gnu-efi//lib -I/shim/gnu-efi/inc -I/shim/gnu-efi/inc/aarch64 -I/shim/gnu-efi/inc/protocol -Wno-error=pragmas -fpic  -O2 -ggdb -Wall -Wextra -Wno-missing-field-initializers -Werror -fshort-wchar -fno-strict-aliasing -ffreestanding -fno-stack-protector -fno-stack-check -nostdinc   -isystem /shim/gnu-efi/../include/system -isystem /usr/lib/gcc/aarch64-linux-gnu/14/include -fno-merge-all-constants -DCONFIG_aarch64 -c /shim/gnu-efi//lib/misc.c -o misc.o
#14 384.0 gcc -I/shim/gnu-efi//lib -I/shim/gnu-efi/inc -I/shim/gnu-efi/inc/aarch64 -I/shim/gnu-efi/inc/protocol -Wno-error=pragmas -fpic  -O2 -ggdb -Wall -Wextra -Wno-missing-field-initializers -Werror -fshort-wchar -fno-strict-aliasing -ffreestanding -fno-stack-protector -fno-stack-check -nostdinc   -isystem /shim/gnu-efi/../include/system -isystem /usr/lib/gcc/aarch64-linux-gnu/14/include -fno-merge-all-constants -DCONFIG_aarch64 -c /shim/gnu-efi//lib/pause.c -o pause.o
#14 384.4 gcc -I/shim/gnu-efi//lib -I/shim/gnu-efi/inc -I/shim/gnu-efi/inc/aarch64 -I/shim/gnu-efi/inc/protocol -Wno-error=pragmas -fpic  -O2 -ggdb -Wall -Wextra -Wno-missing-field-initializers -Werror -fshort-wchar -fno-strict-aliasing -ffreestanding -fno-stack-protector -fno-stack-check -nostdinc   -isystem /shim/gnu-efi/../include/system -isystem /usr/lib/gcc/aarch64-linux-gnu/14/include -fno-merge-all-constants -DCONFIG_aarch64 -c /shim/gnu-efi//lib/print.c -o print.o
#14 384.6 gcc -I/shim/gnu-efi//lib -I/shim/gnu-efi/inc -I/shim/gnu-efi/inc/aarch64 -I/shim/gnu-efi/inc/protocol -Wno-error=pragmas -fpic  -O2 -ggdb -Wall -Wextra -Wno-missing-field-initializers -Werror -fshort-wchar -fno-strict-aliasing -ffreestanding -fno-stack-protector -fno-stack-check -nostdinc   -isystem /shim/gnu-efi/../include/system -isystem /usr/lib/gcc/aarch64-linux-gnu/14/include -fno-merge-all-constants -DCONFIG_aarch64 -c /shim/gnu-efi//lib/sread.c -o sread.o
#14 385.8 gcc -I/shim/gnu-efi//lib -I/shim/gnu-efi/inc -I/shim/gnu-efi/inc/aarch64 -I/shim/gnu-efi/inc/protocol -Wno-error=pragmas -fpic  -O2 -ggdb -Wall -Wextra -Wno-missing-field-initializers -Werror -fshort-wchar -fno-strict-aliasing -ffreestanding -fno-stack-protector -fno-stack-check -nostdinc   -isystem /shim/gnu-efi/../include/system -isystem /usr/lib/gcc/aarch64-linux-gnu/14/include -fno-merge-all-constants -DCONFIG_aarch64 -c /shim/gnu-efi//lib/str.c -o str.o
#14 388.0 gcc -I/shim/gnu-efi//lib -I/shim/gnu-efi/inc -I/shim/gnu-efi/inc/aarch64 -I/shim/gnu-efi/inc/protocol -Wno-error=pragmas -fpic  -O2 -ggdb -Wall -Wextra -Wno-missing-field-initializers -Werror -fshort-wchar -fno-strict-aliasing -ffreestanding -fno-stack-protector -fno-stack-check -nostdinc   -isystem /shim/gnu-efi/../include/system -isystem /usr/lib/gcc/aarch64-linux-gnu/14/include -fno-merge-all-constants -DCONFIG_aarch64 -c /shim/gnu-efi//lib/cmdline.c -o cmdline.o
#14 388.2 gcc -I/shim/gnu-efi//lib -I/shim/gnu-efi/inc -I/shim/gnu-efi/inc/aarch64 -I/shim/gnu-efi/inc/protocol -Wno-error=pragmas -fpic  -O2 -ggdb -Wall -Wextra -Wno-missing-field-initializers -Werror -fshort-wchar -fno-strict-aliasing -ffreestanding -fno-stack-protector -fno-stack-check -nostdinc   -isystem /shim/gnu-efi/../include/system -isystem /usr/lib/gcc/aarch64-linux-gnu/14/include -fno-merge-all-constants -DCONFIG_aarch64 -c /shim/gnu-efi//lib/runtime/rtlock.c -o runtime/rtlock.o
#14 389.2 gcc -I/shim/gnu-efi//lib -I/shim/gnu-efi/inc -I/shim/gnu-efi/inc/aarch64 -I/shim/gnu-efi/inc/protocol -Wno-error=pragmas -fpic  -O2 -ggdb -Wall -Wextra -Wno-missing-field-initializers -Werror -fshort-wchar -fno-strict-aliasing -ffreestanding -fno-stack-protector -fno-stack-check -nostdinc   -isystem /shim/gnu-efi/../include/system -isystem /usr/lib/gcc/aarch64-linux-gnu/14/include -fno-merge-all-constants -DCONFIG_aarch64 -c /shim/gnu-efi//lib/runtime/efirtlib.c -o runtime/efirtlib.o
#14 390.1 gcc -I/shim/gnu-efi//lib -I/shim/gnu-efi/inc -I/shim/gnu-efi/inc/aarch64 -I/shim/gnu-efi/inc/protocol -Wno-error=pragmas -fpic  -O2 -ggdb -Wall -Wextra -Wno-missing-field-initializers -Werror -fshort-wchar -fno-strict-aliasing -ffreestanding -fno-stack-protector -fno-stack-check -nostdinc   -isystem /shim/gnu-efi/../include/system -isystem /usr/lib/gcc/aarch64-linux-gnu/14/include -fno-merge-all-constants -DCONFIG_aarch64 -c /shim/gnu-efi//lib/runtime/rtstr.c -o runtime/rtstr.o
#14 390.3 gcc -I/shim/gnu-efi//lib -I/shim/gnu-efi/inc -I/shim/gnu-efi/inc/aarch64 -I/shim/gnu-efi/inc/protocol -Wno-error=pragmas -fpic  -O2 -ggdb -Wall -Wextra -Wno-missing-field-initializers -Werror -fshort-wchar -fno-strict-aliasing -ffreestanding -fno-stack-protector -fno-stack-check -nostdinc   -isystem /shim/gnu-efi/../include/system -isystem /usr/lib/gcc/aarch64-linux-gnu/14/include -fno-merge-all-constants -DCONFIG_aarch64 -c /shim/gnu-efi//lib/runtime/vm.c -o runtime/vm.o
#14 390.9 gcc -I/shim/gnu-efi//lib -I/shim/gnu-efi/inc -I/shim/gnu-efi/inc/aarch64 -I/shim/gnu-efi/inc/protocol -Wno-error=pragmas -fpic  -O2 -ggdb -Wall -Wextra -Wno-missing-field-initializers -Werror -fshort-wchar -fno-strict-aliasing -ffreestanding -fno-stack-protector -fno-stack-check -nostdinc   -isystem /shim/gnu-efi/../include/system -isystem /usr/lib/gcc/aarch64-linux-gnu/14/include -fno-merge-all-constants -DCONFIG_aarch64 -c /shim/gnu-efi//lib/runtime/rtdata.c -o runtime/rtdata.o
#14 391.5 gcc -I/shim/gnu-efi//lib -I/shim/gnu-efi/inc -I/shim/gnu-efi/inc/aarch64 -I/shim/gnu-efi/inc/protocol -Wno-error=pragmas -fpic  -O2 -ggdb -Wall -Wextra -Wno-missing-field-initializers -Werror -fshort-wchar -fno-strict-aliasing -ffreestanding -fno-stack-protector -fno-stack-check -nostdinc   -isystem /shim/gnu-efi/../include/system -isystem /usr/lib/gcc/aarch64-linux-gnu/14/include -fno-merge-all-constants -DCONFIG_aarch64 -c /shim/gnu-efi//lib/aarch64/initplat.c -o aarch64/initplat.o
#14 391.9 gcc -I/shim/gnu-efi//lib -I/shim/gnu-efi/inc -I/shim/gnu-efi/inc/aarch64 -I/shim/gnu-efi/inc/protocol -Wno-error=pragmas -fpic  -O2 -ggdb -Wall -Wextra -Wno-missing-field-initializers -Werror -fshort-wchar -fno-strict-aliasing -ffreestanding -fno-stack-protector -fno-stack-check -nostdinc   -isystem /shim/gnu-efi/../include/system -isystem /usr/lib/gcc/aarch64-linux-gnu/14/include -fno-merge-all-constants -DCONFIG_aarch64 -c /shim/gnu-efi//lib/aarch64/math.c -o aarch64/math.o
#14 392.5 gcc -I/shim/gnu-efi//lib -I/shim/gnu-efi/inc -I/shim/gnu-efi/inc/aarch64 -I/shim/gnu-efi/inc/protocol -Wno-error=pragmas -fpic  -O2 -ggdb -Wall -Wextra -Wno-missing-field-initializers -Werror -fshort-wchar -fno-strict-aliasing -ffreestanding -fno-stack-protector -fno-stack-check -nostdinc   -isystem /shim/gnu-efi/../include/system -isystem /usr/lib/gcc/aarch64-linux-gnu/14/include -fno-merge-all-constants -DCONFIG_aarch64 -c /shim/gnu-efi//lib/aarch64/setjmp.S -o aarch64/setjmp.o
#14 392.9 /shim/gnu-efi//lib/aarch64/setjmp.S: Assembler messages:
#14 392.9 /shim/gnu-efi//lib/aarch64/setjmp.S:61: Warning: setting incorrect section attributes for .note.GNU-stack
#14 393.5 aarch64-linux-gnu-gcc-ar -rv -U libefi.a boxdraw.o smbios.o console.o crc.o data.o debug.o dpath.o error.o event.o exit.o guid.o hand.o hw.o init.o lock.o misc.o pause.o print.o sread.o str.o cmdline.o runtime/rtlock.o runtime/efirtlib.o runtime/rtstr.o runtime/vm.o runtime/rtdata.o aarch64/initplat.o aarch64/math.o aarch64/setjmp.o
#14 393.7 /usr/bin/ar: creating libefi.a
#14 393.8 a - boxdraw.o
#14 393.8 a - smbios.o
#14 393.8 a - console.o
#14 393.8 a - crc.o
#14 393.8 a - data.o
#14 393.8 a - debug.o
#14 393.8 a - dpath.o
#14 393.8 a - error.o
#14 393.8 a - event.o
#14 393.8 a - exit.o
#14 393.8 a - guid.o
#14 393.8 a - hand.o
#14 393.8 a - hw.o
#14 393.8 a - init.o
#14 393.8 a - lock.o
#14 393.8 a - misc.o
#14 393.8 a - pause.o
#14 393.8 a - print.o
#14 393.8 a - sread.o
#14 393.8 a - str.o
#14 393.8 a - cmdline.o
#14 393.8 a - runtime/rtlock.o
#14 393.8 a - runtime/efirtlib.o
#14 393.8 a - runtime/rtstr.o
#14 393.8 a - runtime/vm.o
#14 393.8 a - runtime/rtdata.o
#14 393.8 a - aarch64/initplat.o
#14 393.8 a - aarch64/math.o
#14 393.8 a - aarch64/setjmp.o
#14 393.8 make: Leaving directory '/shim/gnu-efi/aarch64/lib'
#14 393.8 make: Leaving directory '/shim/gnu-efi'
#14 393.8 mv gnu-efi/aarch64/lib/libefi.a libefi-test.a
#14 393.8 make -C gnu-efi \
#14 393.8 	COMPILER="gcc" \
#14 393.8 	ARCH=aarch64 \
#14 393.8 	TOPDIR=/shim/gnu-efi \
#14 393.8 	CFLAGS_LTO="" \
#14 393.8 	CFLAGS_GCOV="" \
#14 393.8 	-f /shim/gnu-efi/Makefile \
#14 393.8 	clean
#14 393.9 make: Entering directory '/shim/gnu-efi'
#14 394.2 removed 'aarch64/lib/event.o'
#14 394.2 removed 'aarch64/lib/sread.o'
#14 394.2 removed 'aarch64/lib/init.o'
#14 394.2 removed 'aarch64/lib/hand.o'
#14 394.2 removed 'aarch64/lib/smbios.o'
#14 394.2 removed 'aarch64/lib/cmdline.o'
#14 394.2 removed 'aarch64/lib/dpath.o'
#14 394.2 removed 'aarch64/lib/crc.o'
#14 394.2 removed directory 'aarch64/lib/arm'
#14 394.2 removed 'aarch64/lib/boxdraw.o'
#14 394.2 removed 'aarch64/lib/print.o'
#14 394.2 removed directory 'aarch64/lib/x86_64'
#14 394.2 removed 'aarch64/lib/lock.o'
#14 394.2 removed 'aarch64/lib/exit.o'
#14 394.2 removed 'aarch64/lib/runtime/rtlock.o'
#14 394.2 removed 'aarch64/lib/runtime/vm.o'
#14 394.2 removed 'aarch64/lib/runtime/efirtlib.o'
#14 394.2 removed 'aarch64/lib/runtime/rtdata.o'
#14 394.2 removed 'aarch64/lib/runtime/rtstr.o'
#14 394.2 removed directory 'aarch64/lib/runtime'
#14 394.2 removed 'aarch64/lib/aarch64/initplat.o'
#14 394.2 removed 'aarch64/lib/aarch64/math.o'
#14 394.2 removed 'aarch64/lib/aarch64/setjmp.o'
#14 394.2 removed directory 'aarch64/lib/aarch64'
#14 394.2 removed 'aarch64/lib/console.o'
#14 394.2 removed 'aarch64/lib/hw.o'
#14 394.2 removed directory 'aarch64/lib/ia64'
#14 394.2 removed directory 'aarch64/lib/ia32'
#14 394.2 removed 'aarch64/lib/misc.o'
#14 394.2 removed 'aarch64/lib/data.o'
#14 394.2 removed 'aarch64/lib/guid.o'
#14 394.2 removed 'aarch64/lib/str.o'
#14 394.2 removed 'aarch64/lib/pause.o'
#14 394.2 removed 'aarch64/lib/error.o'
#14 394.2 removed directory 'aarch64/lib/mips64el'
#14 394.2 removed 'aarch64/lib/debug.o'
#14 394.2 removed directory 'aarch64/lib'
#14 394.2 removed directory 'aarch64/'
#14 394.3 make: Leaving directory '/shim/gnu-efi'
#14 394.7 gcc -O2 -ggdb -std=gnu11 -isystem /shim/include/system -I/shim/gnu-efi/inc -I/shim/gnu-efi/inc/aarch64 -I/shim/gnu-efi/inc/protocol -Iinclude -iquote . -isystem /usr/include -isystem /usr/lib/gcc/aarch64-linux-gnu/14/include -DMDE_CPU_AARCH64 -DPAGE_SIZE=4096 -mstrict-align   -fshort-wchar -fno-builtin -rdynamic -fno-inline -fno-eliminate-unused-debug-types -fno-eliminate-unused-debug-symbols -gpubnames -grecord-gcc-switches  -Wall -Wextra -Wno-missing-field-initializers -Wsign-compare -Wno-deprecated-declarations -Wno-unused-but-set-variable -Wno-unused-variable -Wno-pointer-sign -Werror -Werror=nonnull -Werror=nonnull-compare  -DEFI_FUNCTION_WRAPPER -DGNU_EFI_USE_MS_ABI -DPAGE_SIZE=4096 -DSHIM_UNIT_TEST "-DDEFAULT_DEBUG_PRINT_STATE=0" -isystem include-fixed -isystem /usr/include/aarch64-linux-gnu -o test-csv csv.c test-csv.c test.c libefi-test.a -lefivar
#14 395.3 gcc -O2 -ggdb -std=gnu11 -isystem /shim/include/system -I/shim/gnu-efi/inc -I/shim/gnu-efi/inc/aarch64 -I/shim/gnu-efi/inc/protocol -Iinclude -iquote . -isystem /usr/include -isystem /usr/lib/gcc/aarch64-linux-gnu/14/include -DMDE_CPU_AARCH64 -DPAGE_SIZE=4096 -mstrict-align   -fshort-wchar -fno-builtin -rdynamic -fno-inline -fno-eliminate-unused-debug-types -fno-eliminate-unused-debug-symbols -gpubnames -grecord-gcc-switches  -Wall -Wextra -Wno-missing-field-initializers -Wsign-compare -Wno-deprecated-declarations -Wno-unused-but-set-variable -Wno-unused-variable -Wno-pointer-sign -Werror -Werror=nonnull -Werror=nonnull-compare  -DEFI_FUNCTION_WRAPPER -DGNU_EFI_USE_MS_ABI -DPAGE_SIZE=4096 -DSHIM_UNIT_TEST "-DDEFAULT_DEBUG_PRINT_STATE=0" -isystem include-fixed -isystem /usr/include/aarch64-linux-gnu -DHAVE_SHIM_LOCK_GUID -o test-load-options lib/guid.c load-options.c test-load-options.c test.c libefi-test.a -lefivar
#14 395.8 gcc -O2 -ggdb -std=gnu11 -isystem /shim/include/system -I/shim/gnu-efi/inc -I/shim/gnu-efi/inc/aarch64 -I/shim/gnu-efi/inc/protocol -Iinclude -iquote . -isystem /usr/include -isystem /usr/lib/gcc/aarch64-linux-gnu/14/include -DMDE_CPU_AARCH64 -DPAGE_SIZE=4096 -mstrict-align   -fshort-wchar -fno-builtin -rdynamic -fno-inline -fno-eliminate-unused-debug-types -fno-eliminate-unused-debug-symbols -gpubnames -grecord-gcc-switches  -Wall -Wextra -Wno-missing-field-initializers -Wsign-compare -Wno-deprecated-declarations -Wno-unused-but-set-variable -Wno-unused-variable -Wno-pointer-sign -Werror -Werror=nonnull -Werror=nonnull-compare  -DEFI_FUNCTION_WRAPPER -DGNU_EFI_USE_MS_ABI -DPAGE_SIZE=4096 -DSHIM_UNIT_TEST "-DDEFAULT_DEBUG_PRINT_STATE=0" -isystem include-fixed -isystem /usr/include/aarch64-linux-gnu -DHAVE_SHIM_LOCK_GUID -o test-mock-variables globals.c lib/guid.c lib/variables.c mock-variables.c mok.c test-mock-variables.c test.c tpm.c libefi-test.a -lefivar
#14 396.3 gcc -O2 -ggdb -std=gnu11 -isystem /shim/include/system -I/shim/gnu-efi/inc -I/shim/gnu-efi/inc/aarch64 -I/shim/gnu-efi/inc/protocol -Iinclude -iquote . -isystem /usr/include -isystem /usr/lib/gcc/aarch64-linux-gnu/14/include -DMDE_CPU_AARCH64 -DPAGE_SIZE=4096 -mstrict-align   -fshort-wchar -fno-builtin -rdynamic -fno-inline -fno-eliminate-unused-debug-types -fno-eliminate-unused-debug-symbols -gpubnames -grecord-gcc-switches  -Wall -Wextra -Wno-missing-field-initializers -Wsign-compare -Wno-deprecated-declarations -Wno-unused-but-set-variable -Wno-unused-variable -Wno-pointer-sign -Werror -Werror=nonnull -Werror=nonnull-compare  -DEFI_FUNCTION_WRAPPER -DGNU_EFI_USE_MS_ABI -DPAGE_SIZE=4096 -DSHIM_UNIT_TEST "-DDEFAULT_DEBUG_PRINT_STATE=0" -isystem include-fixed -isystem /usr/include/aarch64-linux-gnu -DHAVE_START_IMAGE -DHAVE_SHIM_LOCK_GUID -o test-mok-mirror globals.c lib/guid.c lib/variables.c mock-variables.c mok.c test-mok-mirror.c test.c tpm.c libefi-test.a -lefivar
#14 408.0 ./test-csv
#14 408.0 running test_parse_csv_line_size_0
#14 408.0 test_parse_csv_line_size_0: passed
#14 408.0 running test_parse_csv_line_size_1
#14 408.0 test_parse_csv_line_size_1: passed
#14 408.0 running test_parse_csv_line_comma_size_1
#14 408.0 test_parse_csv_line_comma_size_1: passed
#14 408.0 running test_parse_csv_line_comma_size_2
#14 408.0 test_parse_csv_line_comma_size_2: passed
#14 408.0 running test_csv_0
#14 408.0 test_csv_0: passed
#14 408.0 running test_csv_1
#14 408.0 test_csv_1: passed
#14 408.0 running test_csv_2
#14 408.0 test_csv_2: passed
#14 408.0 running test_csv_3
#14 408.0 test_csv_3: passed
#14 408.0 running test_simple_sbat_csv
#14 408.0 test_simple_sbat_csv: passed
#14 408.0 running test_csv_simple_fuzz
#14 408.0 parsed 2 entries
#14 408.0 test_csv_simple_fuzz: passed
#14 408.0 running test_csv_simple_fuzz
#14 408.0 parsed 85 entries
#14 408.0 test_csv_simple_fuzz: passed
#14 408.0 gcc -O2 -ggdb -std=gnu11 -isystem /shim/include/system -I/shim/gnu-efi/inc -I/shim/gnu-efi/inc/aarch64 -I/shim/gnu-efi/inc/protocol -Iinclude -iquote . -isystem /usr/include -isystem /usr/lib/gcc/aarch64-linux-gnu/14/include -DMDE_CPU_AARCH64 -DPAGE_SIZE=4096 -mstrict-align   -fshort-wchar -fno-builtin -rdynamic -fno-inline -fno-eliminate-unused-debug-types -fno-eliminate-unused-debug-symbols -gpubnames -grecord-gcc-switches  -Wall -Wextra -Wno-missing-field-initializers -Wsign-compare -Wno-deprecated-declarations -Wno-unused-but-set-variable -Wno-unused-variable -Wno-pointer-sign -Werror -Werror=nonnull -Werror=nonnull-compare  -DEFI_FUNCTION_WRAPPER -DGNU_EFI_USE_MS_ABI -DPAGE_SIZE=4096 -DSHIM_UNIT_TEST "-DDEFAULT_DEBUG_PRINT_STATE=0" -isystem include-fixed -isystem /usr/include/aarch64-linux-gnu -DHAVE_SHIM_LOCK_GUID -o test-pe-relocate globals.c pe-relocate.c test-pe-relocate.c test.c libefi-test.a -lefivar
#14 408.6 ./test-load-options
#14 408.7 running test_efi_shell_0
#14 408.7 test_efi_shell_0: passed
#14 408.7 running test_bds_0
#14 408.7 test_bds_0: passed
#14 408.7 running test_bds_1
#14 408.7 test_bds_1: passed
#14 408.7 running test_bds_2
#14 408.7 test_bds_2: passed
#14 408.7 running test_multi_end_dp
#14 408.7 test_multi_end_dp: passed
#14 408.8 gcc -O2 -ggdb -std=gnu11 -isystem /shim/include/system -I/shim/gnu-efi/inc -I/shim/gnu-efi/inc/aarch64 -I/shim/gnu-efi/inc/protocol -Iinclude -iquote . -isystem /usr/include -isystem /usr/lib/gcc/aarch64-linux-gnu/14/include -DMDE_CPU_AARCH64 -DPAGE_SIZE=4096 -mstrict-align   -fshort-wchar -fno-builtin -rdynamic -fno-inline -fno-eliminate-unused-debug-types -fno-eliminate-unused-debug-symbols -gpubnames -grecord-gcc-switches  -Wall -Wextra -Wno-missing-field-initializers -Wsign-compare -Wno-deprecated-declarations -Wno-unused-but-set-variable -Wno-unused-variable -Wno-pointer-sign -Werror -Werror=nonnull -Werror=nonnull-compare  -DEFI_FUNCTION_WRAPPER -DGNU_EFI_USE_MS_ABI -DPAGE_SIZE=4096 -DSHIM_UNIT_TEST "-DDEFAULT_DEBUG_PRINT_STATE=0" -isystem include-fixed -isystem /usr/include/aarch64-linux-gnu -o test-pe-util test-pe-util.c test.c libefi-test.a -lefivar
#14 415.4 ./test-pe-util
#14 415.4 running test_is_page_aligned
#14 415.4 test_is_page_aligned: passed
#14 415.4 gcc -O2 -ggdb -std=gnu11 -isystem /shim/include/system -I/shim/gnu-efi/inc -I/shim/gnu-efi/inc/aarch64 -I/shim/gnu-efi/inc/protocol -Iinclude -iquote . -isystem /usr/include -isystem /usr/lib/gcc/aarch64-linux-gnu/14/include -DMDE_CPU_AARCH64 -DPAGE_SIZE=4096 -mstrict-align   -fshort-wchar -fno-builtin -rdynamic -fno-inline -fno-eliminate-unused-debug-types -fno-eliminate-unused-debug-symbols -gpubnames -grecord-gcc-switches  -Wall -Wextra -Wno-missing-field-initializers -Wsign-compare -Wno-deprecated-declarations -Wno-unused-but-set-variable -Wno-unused-variable -Wno-pointer-sign -Werror -Werror=nonnull -Werror=nonnull-compare  -DEFI_FUNCTION_WRAPPER -DGNU_EFI_USE_MS_ABI -DPAGE_SIZE=4096 -DSHIM_UNIT_TEST "-DDEFAULT_DEBUG_PRINT_STATE=0" -isystem include-fixed -isystem /usr/include/aarch64-linux-gnu -DHAVE_GET_VARIABLE -DHAVE_GET_VARIABLE_ATTR -DHAVE_SHIM_LOCK_GUID -o test-sbat csv.c lib/guid.c lib/variables.c mock-variables.c sbat.c sbat_var.S test-sbat.c test.c libefi-test.a -lefivar
#14 421.1 ./test-pe-relocate
#14 421.1 running test_image_address
#14 421.1 test_image_address: passed
#14 421.1 gcc -O2 -ggdb -std=gnu11 -isystem /shim/include/system -I/shim/gnu-efi/inc -I/shim/gnu-efi/inc/aarch64 -I/shim/gnu-efi/inc/protocol -Iinclude -iquote . -isystem /usr/include -isystem /usr/lib/gcc/aarch64-linux-gnu/14/include -DMDE_CPU_AARCH64 -DPAGE_SIZE=4096 -mstrict-align   -fshort-wchar -fno-builtin -rdynamic -fno-inline -fno-eliminate-unused-debug-types -fno-eliminate-unused-debug-symbols -gpubnames -grecord-gcc-switches  -Wall -Wextra -Wno-missing-field-initializers -Wsign-compare -Wno-deprecated-declarations -Wno-unused-but-set-variable -Wno-unused-variable -Wno-pointer-sign -Werror -Werror=nonnull -Werror=nonnull-compare  -DEFI_FUNCTION_WRAPPER -DGNU_EFI_USE_MS_ABI -DPAGE_SIZE=4096 -DSHIM_UNIT_TEST "-DDEFAULT_DEBUG_PRINT_STATE=0" -isystem include-fixed -isystem /usr/include/aarch64-linux-gnu -o test-str lib/string.c test-str.c test.c libefi-test.a -lefivar
#14 432.9 ./test-mok-mirror
#14 432.9 test-mok-mirror: setting variable sort policy to MOCK_SORT_DESCENDING
#14 433.0 test-mok-mirror: setting delete policy to MOCK_VAR_DELETE_ATTR_ALLOW_ZERO
#14 433.0 running test_mok_mirror_with_enough_space
#14 433.0 test_mok_mirror_with_enough_space: passed
#14 433.0 running test_mok_mirror_setvar_out_of_resources
#14 433.0 test_mok_mirror_setvar_out_of_resources: passed
#14 433.0 test-mok-mirror: setting delete policy to MOCK_VAR_DELETE_ATTR_ALOW_MISMATCH
#14 433.0 running test_mok_mirror_with_enough_space
#14 433.0 test_mok_mirror_with_enough_space: passed
#14 433.0 running test_mok_mirror_setvar_out_of_resources
#14 433.0 test_mok_mirror_setvar_out_of_resources: passed
#14 433.0 test-mok-mirror: setting delete policy to MOCK_VAR_DELETE_ATTR_ALLOW_ZERO|MOCK_VAR_DELETE_ATTR_ALOW_MISMATCH
#14 433.0 running test_mok_mirror_with_enough_space
#14 433.0 test_mok_mirror_with_enough_space: passed
#14 433.0 running test_mok_mirror_setvar_out_of_resources
#14 433.0 test_mok_mirror_setvar_out_of_resources: passed
#14 433.0 test-mok-mirror: setting delete policy to MOCK_VAR_DELETE_ATTR_ALLOW_NONE
#14 433.0 running test_mok_mirror_with_enough_space
#14 433.1 test_mok_mirror_with_enough_space: passed
#14 433.1 running test_mok_mirror_setvar_out_of_resources
#14 433.1 test_mok_mirror_setvar_out_of_resources: passed
#14 433.1 test-mok-mirror: setting variable sort policy to MOCK_SORT_PREPEND
#14 433.1 test-mok-mirror: setting delete policy to MOCK_VAR_DELETE_ATTR_ALLOW_ZERO
#14 433.1 running test_mok_mirror_with_enough_space
#14 433.1 test_mok_mirror_with_enough_space: passed
#14 433.1 running test_mok_mirror_setvar_out_of_resources
#14 433.1 test_mok_mirror_setvar_out_of_resources: passed
#14 433.1 test-mok-mirror: setting delete policy to MOCK_VAR_DELETE_ATTR_ALOW_MISMATCH
#14 433.1 running test_mok_mirror_with_enough_space
#14 433.1 test_mok_mirror_with_enough_space: passed
#14 433.1 running test_mok_mirror_setvar_out_of_resources
#14 433.1 test_mok_mirror_setvar_out_of_resources: passed
#14 433.1 test-mok-mirror: setting delete policy to MOCK_VAR_DELETE_ATTR_ALLOW_ZERO|MOCK_VAR_DELETE_ATTR_ALOW_MISMATCH
#14 433.1 running test_mok_mirror_with_enough_space
#14 433.1 test_mok_mirror_with_enough_space: passed
#14 433.1 running test_mok_mirror_setvar_out_of_resources
#14 433.1 test_mok_mirror_setvar_out_of_resources: passed
#14 433.1 test-mok-mirror: setting delete policy to MOCK_VAR_DELETE_ATTR_ALLOW_NONE
#14 433.1 running test_mok_mirror_with_enough_space
#14 433.1 test_mok_mirror_with_enough_space: passed
#14 433.1 running test_mok_mirror_setvar_out_of_resources
#14 433.1 test_mok_mirror_setvar_out_of_resources: passed
#14 433.1 test-mok-mirror: setting variable sort policy to MOCK_SORT_APPEND
#14 433.1 test-mok-mirror: setting delete policy to MOCK_VAR_DELETE_ATTR_ALLOW_ZERO
#14 433.1 running test_mok_mirror_with_enough_space
#14 433.2 test_mok_mirror_with_enough_space: passed
#14 433.2 running test_mok_mirror_setvar_out_of_resources
#14 433.2 test_mok_mirror_setvar_out_of_resources: passed
#14 433.2 test-mok-mirror: setting delete policy to MOCK_VAR_DELETE_ATTR_ALOW_MISMATCH
#14 433.2 running test_mok_mirror_with_enough_space
#14 433.2 test_mok_mirror_with_enough_space: passed
#14 433.2 running test_mok_mirror_setvar_out_of_resources
#14 433.2 test_mok_mirror_setvar_out_of_resources: passed
#14 433.2 test-mok-mirror: setting delete policy to MOCK_VAR_DELETE_ATTR_ALLOW_ZERO|MOCK_VAR_DELETE_ATTR_ALOW_MISMATCH
#14 433.2 running test_mok_mirror_with_enough_space
#14 433.2 test_mok_mirror_with_enough_space: passed
#14 433.2 running test_mok_mirror_setvar_out_of_resources
#14 433.2 test_mok_mirror_setvar_out_of_resources: passed
#14 433.2 test-mok-mirror: setting delete policy to MOCK_VAR_DELETE_ATTR_ALLOW_NONE
#14 433.2 running test_mok_mirror_with_enough_space
#14 433.2 test_mok_mirror_with_enough_space: passed
#14 433.2 running test_mok_mirror_setvar_out_of_resources
#14 433.2 test_mok_mirror_setvar_out_of_resources: passed
#14 433.2 test-mok-mirror: setting variable sort policy to MOCK_SORT_ASCENDING
#14 433.2 test-mok-mirror: setting delete policy to MOCK_VAR_DELETE_ATTR_ALLOW_ZERO
#14 433.2 running test_mok_mirror_with_enough_space
#14 433.2 test_mok_mirror_with_enough_space: passed
#14 433.2 running test_mok_mirror_setvar_out_of_resources
#14 433.2 test_mok_mirror_setvar_out_of_resources: passed
#14 433.2 test-mok-mirror: setting delete policy to MOCK_VAR_DELETE_ATTR_ALOW_MISMATCH
#14 433.2 running test_mok_mirror_with_enough_space
#14 433.2 test_mok_mirror_with_enough_space: passed
#14 433.2 running test_mok_mirror_setvar_out_of_resources
#14 433.2 test_mok_mirror_setvar_out_of_resources: passed
#14 433.2 test-mok-mirror: setting delete policy to MOCK_VAR_DELETE_ATTR_ALLOW_ZERO|MOCK_VAR_DELETE_ATTR_ALOW_MISMATCH
#14 433.2 running test_mok_mirror_with_enough_space
#14 433.2 test_mok_mirror_with_enough_space: passed
#14 433.2 running test_mok_mirror_setvar_out_of_resources
#14 433.2 test_mok_mirror_setvar_out_of_resources: passed
#14 433.2 test-mok-mirror: setting delete policy to MOCK_VAR_DELETE_ATTR_ALLOW_NONE
#14 433.2 running test_mok_mirror_with_enough_space
#14 433.2 test_mok_mirror_with_enough_space: passed
#14 433.2 running test_mok_mirror_setvar_out_of_resources
#14 433.2 test_mok_mirror_setvar_out_of_resources: passed
#14 435.0 ./test-mock-variables
#14 435.0 running test_filter_out_true
#14 435.0 test_filter_out_true: passed
#14 435.0 running test_filter_out_false
#14 435.1 test_filter_out_false: passed
#14 435.1 test-mock-variables: setting variable sort policy to MOCK_SORT_DESCENDING
#14 435.1 running test_gnvn_buf_size_0
#14 435.1 test_gnvn_buf_size_0: passed
#14 435.1 running test_gnvn_0
#14 435.1 test_gnvn_0: passed
#14 435.1 running test_gnvn_1
#14 435.1 test_gnvn_1: passed
#14 435.1 running test_install_config_table_0
#14 435.1 test_install_config_table_0: passed
#14 435.1 test-mock-variables: setting variable sort policy to MOCK_SORT_PREPEND
#14 435.1 running test_gnvn_buf_size_0
#14 435.1 test_gnvn_buf_size_0: passed
#14 435.1 running test_gnvn_0
#14 435.1 test_gnvn_0: passed
#14 435.1 running test_gnvn_1
#14 435.1 test_gnvn_1: passed
#14 435.1 running test_install_config_table_0
#14 435.1 test_install_config_table_0: passed
#14 435.1 test-mock-variables: setting variable sort policy to MOCK_SORT_APPEND
#14 435.1 running test_gnvn_buf_size_0
#14 435.1 test_gnvn_buf_size_0: passed
#14 435.1 running test_gnvn_0
#14 435.1 test_gnvn_0: passed
#14 435.1 running test_gnvn_1
#14 435.1 test_gnvn_1: passed
#14 435.1 running test_install_config_table_0
#14 435.1 test_install_config_table_0: passed
#14 435.1 test-mock-variables: setting variable sort policy to MOCK_SORT_ASCENDING
#14 435.1 running test_gnvn_buf_size_0
#14 435.1 test_gnvn_buf_size_0: passed
#14 435.1 running test_gnvn_0
#14 435.1 test_gnvn_0: passed
#14 435.1 running test_gnvn_1
#14 435.1 test_gnvn_1: passed
#14 435.1 running test_install_config_table_0
#14 435.1 test_install_config_table_0: passed
#14 435.1 running test_get_variable_0
#14 435.1 test_get_variable_0: passed
#14 435.1 running test_set_variable_0
#14 435.1 test_set_variable_0: passed
#14 438.2 sbat_var.S: Assembler messages:
#14 438.2 sbat_var.S:24: Warning: setting incorrect section attributes for .note.GNU-stack
#14 445.1 ./test-str
#14 445.2 running test_strlen
#14 445.2 test_strlen: passed
#14 445.2 running test_strnlen
#14 445.2 test_strnlen: passed
#14 445.2 running test_strcmp
#14 445.2 testing shim_strcmp
#14 445.2 testing strcmp
#14 445.2 test_strcmp: passed
#14 445.2 running test_strncmp
#14 445.2 testing shim_strncmp
#14 445.2 testing strncmp
#14 445.2 testing gnuefi_strncmp
#14 445.2 testing gnuefi_good_strncmp
#14 445.2 test_strncmp: passed
#14 445.2 running test_strcasecmp
#14 445.2 testing shim_strcasecmp
#14 445.2 testing strcasecmp
#14 445.2 test_strcasecmp: passed
#14 445.2 running test_strncasecmp
#14 445.2 testing shim_strncasecmp
#14 445.2 testing strncasecmp
#14 445.2 test_strncasecmp: passed
#14 445.2 running test_strrchr
#14 445.2 test_strrchr: passed
#14 445.2 running test_strcpy
#14 445.2 test_strcpy: passed
#14 445.2 running test_strncpy
#14 445.2 test_strncpy: passed
#14 445.2 running test_strcat
#14 445.2 test_strcat: passed
#14 445.2 running test_stpcpy
#14 445.2 test_stpcpy: passed
#14 445.2 running test_strdup
#14 445.2 test_strdup: passed
#14 445.2 running test_strndup
#14 445.2 test_strndup: passed
#14 445.2 running test_strchr
#14 445.2 test_strchr: passed
#14 445.2 running test_strchrnul
#14 445.2 test_strchrnul: passed
#14 445.2 running test_strntoken_null
#14 445.2 test_strntoken_null: passed
#14 445.2 running test_strntoken_size_0
#14 445.2 test_strntoken_size_0: passed
#14 445.2 running test_strntoken_empty_size_1
#14 445.2 test_strntoken_empty_size_1: passed
#14 445.2 running test_strntoken_size_1
#14 445.2 test_strntoken_size_1: passed
#14 445.2 running test_strntoken_size_2
#14 445.2 test_strntoken_size_2: passed
#14 445.2 running test_strntoken_no_ascii_nul
#14 445.2 test_strntoken_no_ascii_nul: passed
#14 445.2 running test_strntoken_with_ascii_nul
#14 445.2 test_strntoken_with_ascii_nul: passed
#14 446.3 ./test-sbat
#14 446.4 running test_parse_sbat_tiny
#14 446.4 test_parse_sbat_tiny: passed
#14 446.4 running test_parse_sbat_section_null_sbat_base
#14 446.4 test_parse_sbat_section_null_sbat_base: passed
#14 446.4 running test_parse_sbat_section_zero_sbat_size
#14 446.4 test_parse_sbat_section_zero_sbat_size: passed
#14 446.4 running test_parse_sbat_section_null_entries
#14 446.4 test_parse_sbat_section_null_entries: passed
#14 446.4 running test_parse_sbat_section_null_count
#14 446.4 test_parse_sbat_section_null_count: passed
#14 446.4 running test_parse_sbat_section_no_newline
#14 446.4 test_parse_sbat_section_no_newline: passed
#14 446.4 running test_parse_sbat_section_no_commas
#14 446.4 test_parse_sbat_section_no_commas: passed
#14 446.4 running test_parse_sbat_section_too_few_elem
#14 446.4 test_parse_sbat_section_too_few_elem: passed
#14 446.4 running test_parse_sbat_section_too_many_elem
#14 446.4 test_parse_sbat_section_too_many_elem: passed
#14 446.4 running test_parse_sbat_var_null_list
#14 446.4 test_parse_sbat_var_null_list: passed
#14 446.4 running test_parse_sbat_var_data_null_list
#14 446.4 test_parse_sbat_var_data_null_list: passed
#14 446.4 running test_parse_sbat_var_data_null_data
#14 446.4 test_parse_sbat_var_data_null_data: passed
#14 446.4 running test_parse_sbat_var_data_zero_size
#14 446.4 test_parse_sbat_var_data_zero_size: passed
#14 446.4 running test_verify_sbat_null_sbat_section
#14 446.4 test_verify_sbat_null_sbat_section: passed
#14 446.4 running test_parse_and_verify
#14 446.4 test_parse_and_verify: passed
#14 446.4 running test_preserve_sbat_uefi_variable_good
#14 446.4 test_preserve_sbat_uefi_variable_good: passed
#14 446.4 running test_preserve_sbat_uefi_variable_newer
#14 446.4 test_preserve_sbat_uefi_variable_newer: passed
#14 446.4 running test_preserve_sbat_uefi_variable_older
#14 446.4 test_preserve_sbat_uefi_variable_older: passed
#14 446.4 running test_preserve_sbat_uefi_variable_bad_sig
#14 446.4 test_preserve_sbat_uefi_variable_bad_sig: passed
#14 446.4 running test_preserve_sbat_uefi_variable_bad_attr
#14 446.4 test_preserve_sbat_uefi_variable_bad_attr: passed
#14 446.4 running test_preserve_sbat_uefi_variable_bad_short
#14 446.4 test_preserve_sbat_uefi_variable_bad_short: passed
#14 446.4 running test_preserve_sbat_uefi_variable_version_newer
#14 446.4 test_preserve_sbat_uefi_variable_version_newer: passed
#14 446.4 running test_preserve_sbat_uefi_variable_version_newerlonger
#14 446.4 test_preserve_sbat_uefi_variable_version_newerlonger: passed
#14 446.4 running test_preserve_sbat_uefi_variable_version_older
#14 446.4 test_preserve_sbat_uefi_variable_version_older: passed
#14 446.4 running test_preserve_sbat_uefi_variable_version_olderlonger
#14 446.4 test_preserve_sbat_uefi_variable_version_olderlonger: passed
#14 446.4 running test_sbat_var_asciz
#14 446.4 test_sbat_var_asciz: passed
#14 446.4 make -f include/test.mk test-clean
#14 446.5 removed 'test-random.h'
#14 446.5 removed 'libefi-test.a'
#14 446.6 make[1]: Leaving directory '/shim'
#14 446.6    create-stamp debian/debhelper-build-stamp
#14 446.6    dh_prep
#14 447.6    dh_installdirs
#14 448.7    debian/rules override_dh_auto_install
#14 448.8 make[1]: Entering directory '/shim'
#14 449.9 dh_auto_install --destdir=debian/tmp -- INSTALL=install RELEASE=16.1 COMMIT_ID=afc49558b34548644c1cd0ad1b6526a9470182ed MAKELEVEL=0 ENABLE_HTTPBOOT=true VENDOR_CERT_FILE=debian/igel-uefi-ca.der VENDOR_DBX_FILE=dbx.esl EFIDIR=igel CROSS_COMPILE=aarch64-linux-gnu- CC=gcc  SBAT_AUTOMATIC_DATE=2025021800
#14 453.6 	make -j4 install DESTDIR=/shim/debian/tmp AM_UPDATE_INFO_DIR=no "INSTALL=install --strip-program=true" INSTALL=install RELEASE=16.1 COMMIT_ID=afc49558b34548644c1cd0ad1b6526a9470182ed MAKELEVEL=0 ENABLE_HTTPBOOT=true VENDOR_CERT_FILE=debian/igel-uefi-ca.der VENDOR_DBX_FILE=dbx.esl EFIDIR=igel CROSS_COMPILE=aarch64-linux-gnu- CC=gcc SBAT_AUTOMATIC_DATE=2025021800
#14 455.9 mkdir -p gnu-efi/lib gnu-efi/gnuefi
#14 456.0 mkdir -p gnu-efi/lib gnu-efi/gnuefi
#14 456.1 make -C gnu-efi \
#14 456.1 	COMPILER="gcc" \
#14 456.1 	CCC_CC="gcc" \
#14 456.1 	CC="gcc" \
#14 456.1 	ARCH=aarch64 \
#14 456.1 	TOPDIR=/shim/gnu-efi \
#14 456.1 	-f /shim/gnu-efi/Makefile \
#14 456.1 	lib gnuefi inc 
#14 456.1 gcc -I/usr/include -Og -g3 -Wall -Werror -Wextra -o buildid /shim/buildid.c -lelf
#14 456.2 make: Entering directory '/shim/gnu-efi'
#14 456.2 make -C gnu-efi \
#14 456.2 	COMPILER="gcc" \
#14 456.2 	CCC_CC="gcc" \
#14 456.2 	CC="gcc" \
#14 456.2 	ARCH=aarch64 \
#14 456.2 	TOPDIR=/shim/gnu-efi \
#14 456.2 	-f /shim/gnu-efi/Makefile \
#14 456.2 	lib gnuefi inc 
#14 456.3 mkdir -p /shim/gnu-efi/aarch64/lib
#14 456.3 make: Entering directory '/shim/gnu-efi'
#14 456.4 Making BOOTAA64.CSV
#14 456.4 mkdir -p /shim/gnu-efi/aarch64/lib
#14 456.5 make -C /shim/gnu-efi/aarch64/lib -f /shim/gnu-efi//lib/Makefile SRCDIR=/shim/gnu-efi//lib ARCH=aarch64
#14 456.5 mkdir -p /shim/gnu-efi/aarch64/inc
#14 456.6 make: Entering directory '/shim/gnu-efi/aarch64/lib'
#14 456.6 make -C /shim/gnu-efi/aarch64/lib -f /shim/gnu-efi//lib/Makefile SRCDIR=/shim/gnu-efi//lib ARCH=aarch64
#14 456.6 make: Entering directory '/shim/gnu-efi/aarch64/lib'
#14 456.6 make -C /shim/gnu-efi/aarch64/inc -f /shim/gnu-efi//inc/Makefile SRCDIR=/shim/gnu-efi//inc ARCH=aarch64
#14 456.7 make: Entering directory '/shim/gnu-efi/aarch64/inc'
#14 456.8 make: Nothing to be done for 'all'.
#14 456.8 make: Leaving directory '/shim/gnu-efi/aarch64/inc'
#14 456.8 mkdir -p /shim/gnu-efi/aarch64/inc
#14 457.0 make -C /shim/gnu-efi/aarch64/inc -f /shim/gnu-efi//inc/Makefile SRCDIR=/shim/gnu-efi//inc ARCH=aarch64
#14 457.1 make: Entering directory '/shim/gnu-efi/aarch64/inc'
#14 457.2 make: Nothing to be done for 'all'.
#14 457.2 make: Leaving directory '/shim/gnu-efi/aarch64/inc'
#14 457.2 gcc -I/shim/gnu-efi//lib -I/shim/gnu-efi/inc -I/shim/gnu-efi/inc/aarch64 -I/shim/gnu-efi/inc/protocol -Wno-error=pragmas -fpic  -Os -Wall -Wextra -Wno-missing-field-initializers -Werror -fshort-wchar -fno-strict-aliasing -ffreestanding -fno-stack-protector -fno-stack-check -nostdinc   -isystem /shim/gnu-efi/../include/system -isystem /usr/lib/gcc/aarch64-linux-gnu/14/include -fno-merge-all-constants -DCONFIG_aarch64 -c /shim/gnu-efi//lib/boxdraw.c -o boxdraw.o
#14 457.3 gcc -I/shim/gnu-efi//lib -I/shim/gnu-efi/inc -I/shim/gnu-efi/inc/aarch64 -I/shim/gnu-efi/inc/protocol -Wno-error=pragmas -fpic  -Os -Wall -Wextra -Wno-missing-field-initializers -Werror -fshort-wchar -fno-strict-aliasing -ffreestanding -fno-stack-protector -fno-stack-check -nostdinc   -isystem /shim/gnu-efi/../include/system -isystem /usr/lib/gcc/aarch64-linux-gnu/14/include -fno-merge-all-constants -DCONFIG_aarch64 -c /shim/gnu-efi//lib/boxdraw.c -o boxdraw.o
#14 457.5 gcc -I/shim/gnu-efi//lib -I/shim/gnu-efi/inc -I/shim/gnu-efi/inc/aarch64 -I/shim/gnu-efi/inc/protocol -Wno-error=pragmas -fpic  -Os -Wall -Wextra -Wno-missing-field-initializers -Werror -fshort-wchar -fno-strict-aliasing -ffreestanding -fno-stack-protector -fno-stack-check -nostdinc   -isystem /shim/gnu-efi/../include/system -isystem /usr/lib/gcc/aarch64-linux-gnu/14/include -fno-merge-all-constants -DCONFIG_aarch64 -c /shim/gnu-efi//lib/smbios.c -o smbios.o
#14 458.8 gcc -I/shim/gnu-efi//lib -I/shim/gnu-efi/inc -I/shim/gnu-efi/inc/aarch64 -I/shim/gnu-efi/inc/protocol -Wno-error=pragmas -fpic  -Os -Wall -Wextra -Wno-missing-field-initializers -Werror -fshort-wchar -fno-strict-aliasing -ffreestanding -fno-stack-protector -fno-stack-check -nostdinc   -isystem /shim/gnu-efi/../include/system -isystem /usr/lib/gcc/aarch64-linux-gnu/14/include -fno-merge-all-constants -DCONFIG_aarch64 -c /shim/gnu-efi//lib/console.c -o console.o
#14 459.0 gcc -I/shim/gnu-efi//lib -I/shim/gnu-efi/inc -I/shim/gnu-efi/inc/aarch64 -I/shim/gnu-efi/inc/protocol -Wno-error=pragmas -fpic  -Os -Wall -Wextra -Wno-missing-field-initializers -Werror -fshort-wchar -fno-strict-aliasing -ffreestanding -fno-stack-protector -fno-stack-check -nostdinc   -isystem /shim/gnu-efi/../include/system -isystem /usr/lib/gcc/aarch64-linux-gnu/14/include -fno-merge-all-constants -DCONFIG_aarch64 -c /shim/gnu-efi//lib/smbios.c -o smbios.o
#14 459.1 gcc -I/shim/gnu-efi//lib -I/shim/gnu-efi/inc -I/shim/gnu-efi/inc/aarch64 -I/shim/gnu-efi/inc/protocol -Wno-error=pragmas -fpic  -Os -Wall -Wextra -Wno-missing-field-initializers -Werror -fshort-wchar -fno-strict-aliasing -ffreestanding -fno-stack-protector -fno-stack-check -nostdinc   -isystem /shim/gnu-efi/../include/system -isystem /usr/lib/gcc/aarch64-linux-gnu/14/include -fno-merge-all-constants -DCONFIG_aarch64 -c /shim/gnu-efi//lib/crc.c -o crc.o
#14 459.6 gcc -I/shim/gnu-efi//lib -I/shim/gnu-efi/inc -I/shim/gnu-efi/inc/aarch64 -I/shim/gnu-efi/inc/protocol -Wno-error=pragmas -fpic  -Os -Wall -Wextra -Wno-missing-field-initializers -Werror -fshort-wchar -fno-strict-aliasing -ffreestanding -fno-stack-protector -fno-stack-check -nostdinc   -isystem /shim/gnu-efi/../include/system -isystem /usr/lib/gcc/aarch64-linux-gnu/14/include -fno-merge-all-constants -DCONFIG_aarch64 -c /shim/gnu-efi//lib/data.c -o data.o
#14 460.3 gcc -I/shim/gnu-efi//lib -I/shim/gnu-efi/inc -I/shim/gnu-efi/inc/aarch64 -I/shim/gnu-efi/inc/protocol -Wno-error=pragmas -fpic  -Os -Wall -Wextra -Wno-missing-field-initializers -Werror -fshort-wchar -fno-strict-aliasing -ffreestanding -fno-stack-protector -fno-stack-check -nostdinc   -isystem /shim/gnu-efi/../include/system -isystem /usr/lib/gcc/aarch64-linux-gnu/14/include -fno-merge-all-constants -DCONFIG_aarch64 -c /shim/gnu-efi//lib/debug.c -o debug.o
#14 460.8 gcc -I/shim/gnu-efi//lib -I/shim/gnu-efi/inc -I/shim/gnu-efi/inc/aarch64 -I/shim/gnu-efi/inc/protocol -Wno-error=pragmas -fpic  -Os -Wall -Wextra -Wno-missing-field-initializers -Werror -fshort-wchar -fno-strict-aliasing -ffreestanding -fno-stack-protector -fno-stack-check -nostdinc   -isystem /shim/gnu-efi/../include/system -isystem /usr/lib/gcc/aarch64-linux-gnu/14/include -fno-merge-all-constants -DCONFIG_aarch64 -c /shim/gnu-efi//lib/dpath.c -o dpath.o
#14 461.1 gcc -I/shim/gnu-efi//lib -I/shim/gnu-efi/inc -I/shim/gnu-efi/inc/aarch64 -I/shim/gnu-efi/inc/protocol -Wno-error=pragmas -fpic  -Os -Wall -Wextra -Wno-missing-field-initializers -Werror -fshort-wchar -fno-strict-aliasing -ffreestanding -fno-stack-protector -fno-stack-check -nostdinc   -isystem /shim/gnu-efi/../include/system -isystem /usr/lib/gcc/aarch64-linux-gnu/14/include -fno-merge-all-constants -DCONFIG_aarch64 -c /shim/gnu-efi//lib/console.c -o console.o
#14 461.3 gcc -I/shim/gnu-efi//lib -I/shim/gnu-efi/inc -I/shim/gnu-efi/inc/aarch64 -I/shim/gnu-efi/inc/protocol -Wno-error=pragmas -fpic  -Os -Wall -Wextra -Wno-missing-field-initializers -Werror -fshort-wchar -fno-strict-aliasing -ffreestanding -fno-stack-protector -fno-stack-check -nostdinc   -isystem /shim/gnu-efi/../include/system -isystem /usr/lib/gcc/aarch64-linux-gnu/14/include -fno-merge-all-constants -DCONFIG_aarch64 -c /shim/gnu-efi//lib/error.c -o error.o
#14 461.6 gcc -I/shim/gnu-efi//lib -I/shim/gnu-efi/inc -I/shim/gnu-efi/inc/aarch64 -I/shim/gnu-efi/inc/protocol -Wno-error=pragmas -fpic  -Os -Wall -Wextra -Wno-missing-field-initializers -Werror -fshort-wchar -fno-strict-aliasing -ffreestanding -fno-stack-protector -fno-stack-check -nostdinc   -isystem /shim/gnu-efi/../include/system -isystem /usr/lib/gcc/aarch64-linux-gnu/14/include -fno-merge-all-constants -DCONFIG_aarch64 -c /shim/gnu-efi//lib/event.c -o event.o
#14 462.9 gcc -I/shim/gnu-efi//lib -I/shim/gnu-efi/inc -I/shim/gnu-efi/inc/aarch64 -I/shim/gnu-efi/inc/protocol -Wno-error=pragmas -fpic  -Os -Wall -Wextra -Wno-missing-field-initializers -Werror -fshort-wchar -fno-strict-aliasing -ffreestanding -fno-stack-protector -fno-stack-check -nostdinc   -isystem /shim/gnu-efi/../include/system -isystem /usr/lib/gcc/aarch64-linux-gnu/14/include -fno-merge-all-constants -DCONFIG_aarch64 -c /shim/gnu-efi//lib/exit.c -o exit.o
#14 463.0 gcc -I/shim/gnu-efi//lib -I/shim/gnu-efi/inc -I/shim/gnu-efi/inc/aarch64 -I/shim/gnu-efi/inc/protocol -Wno-error=pragmas -fpic  -Os -Wall -Wextra -Wno-missing-field-initializers -Werror -fshort-wchar -fno-strict-aliasing -ffreestanding -fno-stack-protector -fno-stack-check -nostdinc   -isystem /shim/gnu-efi/../include/system -isystem /usr/lib/gcc/aarch64-linux-gnu/14/include -fno-merge-all-constants -DCONFIG_aarch64 -c /shim/gnu-efi//lib/crc.c -o crc.o
#14 463.5 gcc -I/shim/gnu-efi//lib -I/shim/gnu-efi/inc -I/shim/gnu-efi/inc/aarch64 -I/shim/gnu-efi/inc/protocol -Wno-error=pragmas -fpic  -Os -Wall -Wextra -Wno-missing-field-initializers -Werror -fshort-wchar -fno-strict-aliasing -ffreestanding -fno-stack-protector -fno-stack-check -nostdinc   -isystem /shim/gnu-efi/../include/system -isystem /usr/lib/gcc/aarch64-linux-gnu/14/include -fno-merge-all-constants -DCONFIG_aarch64 -c /shim/gnu-efi//lib/guid.c -o guid.o
#14 464.4 gcc -I/shim/gnu-efi//lib -I/shim/gnu-efi/inc -I/shim/gnu-efi/inc/aarch64 -I/shim/gnu-efi/inc/protocol -Wno-error=pragmas -fpic  -Os -Wall -Wextra -Wno-missing-field-initializers -Werror -fshort-wchar -fno-strict-aliasing -ffreestanding -fno-stack-protector -fno-stack-check -nostdinc   -isystem /shim/gnu-efi/../include/system -isystem /usr/lib/gcc/aarch64-linux-gnu/14/include -fno-merge-all-constants -DCONFIG_aarch64 -c /shim/gnu-efi//lib/hand.c -o hand.o
#14 465.1 gcc -I/shim/gnu-efi//lib -I/shim/gnu-efi/inc -I/shim/gnu-efi/inc/aarch64 -I/shim/gnu-efi/inc/protocol -Wno-error=pragmas -fpic  -Os -Wall -Wextra -Wno-missing-field-initializers -Werror -fshort-wchar -fno-strict-aliasing -ffreestanding -fno-stack-protector -fno-stack-check -nostdinc   -isystem /shim/gnu-efi/../include/system -isystem /usr/lib/gcc/aarch64-linux-gnu/14/include -fno-merge-all-constants -DCONFIG_aarch64 -c /shim/gnu-efi//lib/dpath.c -o dpath.o
#14 465.3 gcc -I/shim/gnu-efi//lib -I/shim/gnu-efi/inc -I/shim/gnu-efi/inc/aarch64 -I/shim/gnu-efi/inc/protocol -Wno-error=pragmas -fpic  -Os -Wall -Wextra -Wno-missing-field-initializers -Werror -fshort-wchar -fno-strict-aliasing -ffreestanding -fno-stack-protector -fno-stack-check -nostdinc   -isystem /shim/gnu-efi/../include/system -isystem /usr/lib/gcc/aarch64-linux-gnu/14/include -fno-merge-all-constants -DCONFIG_aarch64 -c /shim/gnu-efi//lib/hw.c -o hw.o
#14 465.4 gcc -I/shim/gnu-efi//lib -I/shim/gnu-efi/inc -I/shim/gnu-efi/inc/aarch64 -I/shim/gnu-efi/inc/protocol -Wno-error=pragmas -fpic  -Os -Wall -Wextra -Wno-missing-field-initializers -Werror -fshort-wchar -fno-strict-aliasing -ffreestanding -fno-stack-protector -fno-stack-check -nostdinc   -isystem /shim/gnu-efi/../include/system -isystem /usr/lib/gcc/aarch64-linux-gnu/14/include -fno-merge-all-constants -DCONFIG_aarch64 -c /shim/gnu-efi//lib/guid.c -o guid.o
#14 466.8 gcc -I/shim/gnu-efi//lib -I/shim/gnu-efi/inc -I/shim/gnu-efi/inc/aarch64 -I/shim/gnu-efi/inc/protocol -Wno-error=pragmas -fpic  -Os -Wall -Wextra -Wno-missing-field-initializers -Werror -fshort-wchar -fno-strict-aliasing -ffreestanding -fno-stack-protector -fno-stack-check -nostdinc   -isystem /shim/gnu-efi/../include/system -isystem /usr/lib/gcc/aarch64-linux-gnu/14/include -fno-merge-all-constants -DCONFIG_aarch64 -c /shim/gnu-efi//lib/init.c -o init.o
#14 467.2 gcc -I/shim/gnu-efi//lib -I/shim/gnu-efi/inc -I/shim/gnu-efi/inc/aarch64 -I/shim/gnu-efi/inc/protocol -Wno-error=pragmas -fpic  -Os -Wall -Wextra -Wno-missing-field-initializers -Werror -fshort-wchar -fno-strict-aliasing -ffreestanding -fno-stack-protector -fno-stack-check -nostdinc   -isystem /shim/gnu-efi/../include/system -isystem /usr/lib/gcc/aarch64-linux-gnu/14/include -fno-merge-all-constants -DCONFIG_aarch64 -c /shim/gnu-efi//lib/hand.c -o hand.o
#14 467.5 gcc -I/shim/gnu-efi//lib -I/shim/gnu-efi/inc -I/shim/gnu-efi/inc/aarch64 -I/shim/gnu-efi/inc/protocol -Wno-error=pragmas -fpic  -Os -Wall -Wextra -Wno-missing-field-initializers -Werror -fshort-wchar -fno-strict-aliasing -ffreestanding -fno-stack-protector -fno-stack-check -nostdinc   -isystem /shim/gnu-efi/../include/system -isystem /usr/lib/gcc/aarch64-linux-gnu/14/include -fno-merge-all-constants -DCONFIG_aarch64 -c /shim/gnu-efi//lib/lock.c -o lock.o
#14 468.8 gcc -I/shim/gnu-efi//lib -I/shim/gnu-efi/inc -I/shim/gnu-efi/inc/aarch64 -I/shim/gnu-efi/inc/protocol -Wno-error=pragmas -fpic  -Os -Wall -Wextra -Wno-missing-field-initializers -Werror -fshort-wchar -fno-strict-aliasing -ffreestanding -fno-stack-protector -fno-stack-check -nostdinc   -isystem /shim/gnu-efi/../include/system -isystem /usr/lib/gcc/aarch64-linux-gnu/14/include -fno-merge-all-constants -DCONFIG_aarch64 -c /shim/gnu-efi//lib/misc.c -o misc.o
#14 469.2 gcc -I/shim/gnu-efi//lib -I/shim/gnu-efi/inc -I/shim/gnu-efi/inc/aarch64 -I/shim/gnu-efi/inc/protocol -Wno-error=pragmas -fpic  -Os -Wall -Wextra -Wno-missing-field-initializers -Werror -fshort-wchar -fno-strict-aliasing -ffreestanding -fno-stack-protector -fno-stack-check -nostdinc   -isystem /shim/gnu-efi/../include/system -isystem /usr/lib/gcc/aarch64-linux-gnu/14/include -fno-merge-all-constants -DCONFIG_aarch64 -c /shim/gnu-efi//lib/pause.c -o pause.o
#14 469.7 gcc -I/shim/gnu-efi//lib -I/shim/gnu-efi/inc -I/shim/gnu-efi/inc/aarch64 -I/shim/gnu-efi/inc/protocol -Wno-error=pragmas -fpic  -Os -Wall -Wextra -Wno-missing-field-initializers -Werror -fshort-wchar -fno-strict-aliasing -ffreestanding -fno-stack-protector -fno-stack-check -nostdinc   -isystem /shim/gnu-efi/../include/system -isystem /usr/lib/gcc/aarch64-linux-gnu/14/include -fno-merge-all-constants -DCONFIG_aarch64 -c /shim/gnu-efi//lib/init.c -o init.o
#14 470.6 gcc -I/shim/gnu-efi//lib -I/shim/gnu-efi/inc -I/shim/gnu-efi/inc/aarch64 -I/shim/gnu-efi/inc/protocol -Wno-error=pragmas -fpic  -Os -Wall -Wextra -Wno-missing-field-initializers -Werror -fshort-wchar -fno-strict-aliasing -ffreestanding -fno-stack-protector -fno-stack-check -nostdinc   -isystem /shim/gnu-efi/../include/system -isystem /usr/lib/gcc/aarch64-linux-gnu/14/include -fno-merge-all-constants -DCONFIG_aarch64 -c /shim/gnu-efi//lib/print.c -o print.o
#14 470.6 gcc -I/shim/gnu-efi//lib -I/shim/gnu-efi/inc -I/shim/gnu-efi/inc/aarch64 -I/shim/gnu-efi/inc/protocol -Wno-error=pragmas -fpic  -Os -Wall -Wextra -Wno-missing-field-initializers -Werror -fshort-wchar -fno-strict-aliasing -ffreestanding -fno-stack-protector -fno-stack-check -nostdinc   -isystem /shim/gnu-efi/../include/system -isystem /usr/lib/gcc/aarch64-linux-gnu/14/include -fno-merge-all-constants -DCONFIG_aarch64 -c /shim/gnu-efi//lib/misc.c -o misc.o
#14 471.8 gcc -I/shim/gnu-efi//lib -I/shim/gnu-efi/inc -I/shim/gnu-efi/inc/aarch64 -I/shim/gnu-efi/inc/protocol -Wno-error=pragmas -fpic  -Os -Wall -Wextra -Wno-missing-field-initializers -Werror -fshort-wchar -fno-strict-aliasing -ffreestanding -fno-stack-protector -fno-stack-check -nostdinc   -isystem /shim/gnu-efi/../include/system -isystem /usr/lib/gcc/aarch64-linux-gnu/14/include -fno-merge-all-constants -DCONFIG_aarch64 -c /shim/gnu-efi//lib/print.c -o print.o
#14 472.0 gcc -I/shim/gnu-efi//lib -I/shim/gnu-efi/inc -I/shim/gnu-efi/inc/aarch64 -I/shim/gnu-efi/inc/protocol -Wno-error=pragmas -fpic  -Os -Wall -Wextra -Wno-missing-field-initializers -Werror -fshort-wchar -fno-strict-aliasing -ffreestanding -fno-stack-protector -fno-stack-check -nostdinc   -isystem /shim/gnu-efi/../include/system -isystem /usr/lib/gcc/aarch64-linux-gnu/14/include -fno-merge-all-constants -DCONFIG_aarch64 -c /shim/gnu-efi//lib/sread.c -o sread.o
#14 473.9 gcc -I/shim/gnu-efi//lib -I/shim/gnu-efi/inc -I/shim/gnu-efi/inc/aarch64 -I/shim/gnu-efi/inc/protocol -Wno-error=pragmas -fpic  -Os -Wall -Wextra -Wno-missing-field-initializers -Werror -fshort-wchar -fno-strict-aliasing -ffreestanding -fno-stack-protector -fno-stack-check -nostdinc   -isystem /shim/gnu-efi/../include/system -isystem /usr/lib/gcc/aarch64-linux-gnu/14/include -fno-merge-all-constants -DCONFIG_aarch64 -c /shim/gnu-efi//lib/sread.c -o sread.o
#14 474.4 gcc -I/shim/gnu-efi//lib -I/shim/gnu-efi/inc -I/shim/gnu-efi/inc/aarch64 -I/shim/gnu-efi/inc/protocol -Wno-error=pragmas -fpic  -Os -Wall -Wextra -Wno-missing-field-initializers -Werror -fshort-wchar -fno-strict-aliasing -ffreestanding -fno-stack-protector -fno-stack-check -nostdinc   -isystem /shim/gnu-efi/../include/system -isystem /usr/lib/gcc/aarch64-linux-gnu/14/include -fno-merge-all-constants -DCONFIG_aarch64 -c /shim/gnu-efi//lib/str.c -o str.o
#14 475.3 gcc -I/shim/gnu-efi//lib -I/shim/gnu-efi/inc -I/shim/gnu-efi/inc/aarch64 -I/shim/gnu-efi/inc/protocol -Wno-error=pragmas -fpic  -Os -Wall -Wextra -Wno-missing-field-initializers -Werror -fshort-wchar -fno-strict-aliasing -ffreestanding -fno-stack-protector -fno-stack-check -nostdinc   -isystem /shim/gnu-efi/../include/system -isystem /usr/lib/gcc/aarch64-linux-gnu/14/include -fno-merge-all-constants -DCONFIG_aarch64 -c /shim/gnu-efi//lib/cmdline.c -o cmdline.o
#14 476.3 gcc -I/shim/gnu-efi//lib -I/shim/gnu-efi/inc -I/shim/gnu-efi/inc/aarch64 -I/shim/gnu-efi/inc/protocol -Wno-error=pragmas -fpic  -Os -Wall -Wextra -Wno-missing-field-initializers -Werror -fshort-wchar -fno-strict-aliasing -ffreestanding -fno-stack-protector -fno-stack-check -nostdinc   -isystem /shim/gnu-efi/../include/system -isystem /usr/lib/gcc/aarch64-linux-gnu/14/include -fno-merge-all-constants -DCONFIG_aarch64 -c /shim/gnu-efi//lib/str.c -o str.o
#14 476.8 gcc -I/shim/gnu-efi//lib -I/shim/gnu-efi/inc -I/shim/gnu-efi/inc/aarch64 -I/shim/gnu-efi/inc/protocol -Wno-error=pragmas -fpic  -Os -Wall -Wextra -Wno-missing-field-initializers -Werror -fshort-wchar -fno-strict-aliasing -ffreestanding -fno-stack-protector -fno-stack-check -nostdinc   -isystem /shim/gnu-efi/../include/system -isystem /usr/lib/gcc/aarch64-linux-gnu/14/include -fno-merge-all-constants -DCONFIG_aarch64 -c /shim/gnu-efi//lib/cmdline.c -o cmdline.o
#14 477.1 gcc -I/shim/gnu-efi//lib -I/shim/gnu-efi/inc -I/shim/gnu-efi/inc/aarch64 -I/shim/gnu-efi/inc/protocol -Wno-error=pragmas -fpic  -Os -Wall -Wextra -Wno-missing-field-initializers -Werror -fshort-wchar -fno-strict-aliasing -ffreestanding -fno-stack-protector -fno-stack-check -nostdinc   -isystem /shim/gnu-efi/../include/system -isystem /usr/lib/gcc/aarch64-linux-gnu/14/include -fno-merge-all-constants -DCONFIG_aarch64 -c /shim/gnu-efi//lib/runtime/rtlock.c -o runtime/rtlock.o
#14 477.6 gcc -I/shim/gnu-efi//lib -I/shim/gnu-efi/inc -I/shim/gnu-efi/inc/aarch64 -I/shim/gnu-efi/inc/protocol -Wno-error=pragmas -fpic  -Os -Wall -Wextra -Wno-missing-field-initializers -Werror -fshort-wchar -fno-strict-aliasing -ffreestanding -fno-stack-protector -fno-stack-check -nostdinc   -isystem /shim/gnu-efi/../include/system -isystem /usr/lib/gcc/aarch64-linux-gnu/14/include -fno-merge-all-constants -DCONFIG_aarch64 -c /shim/gnu-efi//lib/runtime/efirtlib.c -o runtime/efirtlib.o
#14 478.9 gcc -I/shim/gnu-efi//lib -I/shim/gnu-efi/inc -I/shim/gnu-efi/inc/aarch64 -I/shim/gnu-efi/inc/protocol -Wno-error=pragmas -fpic  -Os -Wall -Wextra -Wno-missing-field-initializers -Werror -fshort-wchar -fno-strict-aliasing -ffreestanding -fno-stack-protector -fno-stack-check -nostdinc   -isystem /shim/gnu-efi/../include/system -isystem /usr/lib/gcc/aarch64-linux-gnu/14/include -fno-merge-all-constants -DCONFIG_aarch64 -c /shim/gnu-efi//lib/runtime/rtstr.c -o runtime/rtstr.o
#14 479.1 gcc -I/shim/gnu-efi//lib -I/shim/gnu-efi/inc -I/shim/gnu-efi/inc/aarch64 -I/shim/gnu-efi/inc/protocol -Wno-error=pragmas -fpic  -Os -Wall -Wextra -Wno-missing-field-initializers -Werror -fshort-wchar -fno-strict-aliasing -ffreestanding -fno-stack-protector -fno-stack-check -nostdinc   -isystem /shim/gnu-efi/../include/system -isystem /usr/lib/gcc/aarch64-linux-gnu/14/include -fno-merge-all-constants -DCONFIG_aarch64 -c /shim/gnu-efi//lib/runtime/rtlock.c -o runtime/rtlock.o
#14 479.2 gcc -I/shim/gnu-efi//lib -I/shim/gnu-efi/inc -I/shim/gnu-efi/inc/aarch64 -I/shim/gnu-efi/inc/protocol -Wno-error=pragmas -fpic  -Os -Wall -Wextra -Wno-missing-field-initializers -Werror -fshort-wchar -fno-strict-aliasing -ffreestanding -fno-stack-protector -fno-stack-check -nostdinc   -isystem /shim/gnu-efi/../include/system -isystem /usr/lib/gcc/aarch64-linux-gnu/14/include -fno-merge-all-constants -DCONFIG_aarch64 -c /shim/gnu-efi//lib/runtime/vm.c -o runtime/vm.o
#14 479.4 gcc -I/shim/gnu-efi//lib -I/shim/gnu-efi/inc -I/shim/gnu-efi/inc/aarch64 -I/shim/gnu-efi/inc/protocol -Wno-error=pragmas -fpic  -Os -Wall -Wextra -Wno-missing-field-initializers -Werror -fshort-wchar -fno-strict-aliasing -ffreestanding -fno-stack-protector -fno-stack-check -nostdinc   -isystem /shim/gnu-efi/../include/system -isystem /usr/lib/gcc/aarch64-linux-gnu/14/include -fno-merge-all-constants -DCONFIG_aarch64 -c /shim/gnu-efi//lib/runtime/efirtlib.c -o runtime/efirtlib.o
#14 480.7 gcc -I/shim/gnu-efi//lib -I/shim/gnu-efi/inc -I/shim/gnu-efi/inc/aarch64 -I/shim/gnu-efi/inc/protocol -Wno-error=pragmas -fpic  -Os -Wall -Wextra -Wno-missing-field-initializers -Werror -fshort-wchar -fno-strict-aliasing -ffreestanding -fno-stack-protector -fno-stack-check -nostdinc   -isystem /shim/gnu-efi/../include/system -isystem /usr/lib/gcc/aarch64-linux-gnu/14/include -fno-merge-all-constants -DCONFIG_aarch64 -c /shim/gnu-efi//lib/runtime/rtstr.c -o runtime/rtstr.o
#14 480.9 gcc -I/shim/gnu-efi//lib -I/shim/gnu-efi/inc -I/shim/gnu-efi/inc/aarch64 -I/shim/gnu-efi/inc/protocol -Wno-error=pragmas -fpic  -Os -Wall -Wextra -Wno-missing-field-initializers -Werror -fshort-wchar -fno-strict-aliasing -ffreestanding -fno-stack-protector -fno-stack-check -nostdinc   -isystem /shim/gnu-efi/../include/system -isystem /usr/lib/gcc/aarch64-linux-gnu/14/include -fno-merge-all-constants -DCONFIG_aarch64 -c /shim/gnu-efi//lib/runtime/rtdata.c -o runtime/rtdata.o
#14 481.2 gcc -I/shim/gnu-efi//lib -I/shim/gnu-efi/inc -I/shim/gnu-efi/inc/aarch64 -I/shim/gnu-efi/inc/protocol -Wno-error=pragmas -fpic  -Os -Wall -Wextra -Wno-missing-field-initializers -Werror -fshort-wchar -fno-strict-aliasing -ffreestanding -fno-stack-protector -fno-stack-check -nostdinc   -isystem /shim/gnu-efi/../include/system -isystem /usr/lib/gcc/aarch64-linux-gnu/14/include -fno-merge-all-constants -DCONFIG_aarch64 -c /shim/gnu-efi//lib/runtime/rtdata.c -o runtime/rtdata.o
#14 481.2 gcc -I/shim/gnu-efi//lib -I/shim/gnu-efi/inc -I/shim/gnu-efi/inc/aarch64 -I/shim/gnu-efi/inc/protocol -Wno-error=pragmas -fpic  -Os -Wall -Wextra -Wno-missing-field-initializers -Werror -fshort-wchar -fno-strict-aliasing -ffreestanding -fno-stack-protector -fno-stack-check -nostdinc   -isystem /shim/gnu-efi/../include/system -isystem /usr/lib/gcc/aarch64-linux-gnu/14/include -fno-merge-all-constants -DCONFIG_aarch64 -c /shim/gnu-efi//lib/aarch64/initplat.c -o aarch64/initplat.o
#14 481.8 gcc -I/shim/gnu-efi//lib -I/shim/gnu-efi/inc -I/shim/gnu-efi/inc/aarch64 -I/shim/gnu-efi/inc/protocol -Wno-error=pragmas -fpic  -Os -Wall -Wextra -Wno-missing-field-initializers -Werror -fshort-wchar -fno-strict-aliasing -ffreestanding -fno-stack-protector -fno-stack-check -nostdinc   -isystem /shim/gnu-efi/../include/system -isystem /usr/lib/gcc/aarch64-linux-gnu/14/include -fno-merge-all-constants -DCONFIG_aarch64 -c /shim/gnu-efi//lib/aarch64/math.c -o aarch64/math.o
#14 482.0 gcc -I/shim/gnu-efi//lib -I/shim/gnu-efi/inc -I/shim/gnu-efi/inc/aarch64 -I/shim/gnu-efi/inc/protocol -Wno-error=pragmas -fpic  -Os -Wall -Wextra -Wno-missing-field-initializers -Werror -fshort-wchar -fno-strict-aliasing -ffreestanding -fno-stack-protector -fno-stack-check -nostdinc   -isystem /shim/gnu-efi/../include/system -isystem /usr/lib/gcc/aarch64-linux-gnu/14/include -fno-merge-all-constants -DCONFIG_aarch64 -c /shim/gnu-efi//lib/aarch64/initplat.c -o aarch64/initplat.o
#14 482.3 gcc -I/shim/gnu-efi//lib -I/shim/gnu-efi/inc -I/shim/gnu-efi/inc/aarch64 -I/shim/gnu-efi/inc/protocol -Wno-error=pragmas -fpic  -Os -Wall -Wextra -Wno-missing-field-initializers -Werror -fshort-wchar -fno-strict-aliasing -ffreestanding -fno-stack-protector -fno-stack-check -nostdinc   -isystem /shim/gnu-efi/../include/system -isystem /usr/lib/gcc/aarch64-linux-gnu/14/include -fno-merge-all-constants -DCONFIG_aarch64 -c /shim/gnu-efi//lib/aarch64/setjmp.S -o aarch64/setjmp.o
#14 482.7 /shim/gnu-efi//lib/aarch64/setjmp.S: Assembler messages:
#14 482.7 /shim/gnu-efi//lib/aarch64/setjmp.S:61: Warning: setting incorrect section attributes for .note.GNU-stack
#14 482.8 gcc -I/shim/gnu-efi//lib -I/shim/gnu-efi/inc -I/shim/gnu-efi/inc/aarch64 -I/shim/gnu-efi/inc/protocol -Wno-error=pragmas -fpic  -Os -Wall -Wextra -Wno-missing-field-initializers -Werror -fshort-wchar -fno-strict-aliasing -ffreestanding -fno-stack-protector -fno-stack-check -nostdinc   -isystem /shim/gnu-efi/../include/system -isystem /usr/lib/gcc/aarch64-linux-gnu/14/include -fno-merge-all-constants -DCONFIG_aarch64 -c /shim/gnu-efi//lib/aarch64/math.c -o aarch64/math.o
#14 483.6 aarch64-linux-gnu-gcc-ar -rv -U libefi.a boxdraw.o smbios.o console.o crc.o data.o debug.o dpath.o error.o event.o exit.o guid.o hand.o hw.o init.o lock.o misc.o pause.o print.o sread.o str.o cmdline.o runtime/rtlock.o runtime/efirtlib.o runtime/rtstr.o runtime/vm.o runtime/rtdata.o aarch64/initplat.o aarch64/math.o aarch64/setjmp.o
#14 483.8 /usr/bin/ar: creating libefi.a
#14 483.9 a - boxdraw.o
#14 483.9 a - smbios.o
#14 483.9 a - console.o
#14 483.9 a - crc.o
#14 483.9 a - data.o
#14 483.9 a - debug.o
#14 483.9 a - dpath.o
#14 483.9 a - error.o
#14 483.9 a - event.o
#14 483.9 a - exit.o
#14 483.9 a - guid.o
#14 483.9 a - hand.o
#14 483.9 a - hw.o
#14 483.9 a - init.o
#14 483.9 a - lock.o
#14 483.9 a - misc.o
#14 483.9 a - pause.o
#14 483.9 a - print.o
#14 483.9 a - sread.o
#14 483.9 a - str.o
#14 483.9 a - cmdline.o
#14 483.9 a - runtime/rtlock.o
#14 483.9 a - runtime/efirtlib.o
#14 483.9 a - runtime/rtstr.o
#14 483.9 a - runtime/vm.o
#14 483.9 a - runtime/rtdata.o
#14 483.9 a - aarch64/initplat.o
#14 483.9 a - aarch64/math.o
#14 483.9 a - aarch64/setjmp.o
#14 483.9 make: Leaving directory '/shim/gnu-efi/aarch64/lib'
#14 483.9 mkdir -p /shim/gnu-efi/aarch64/gnuefi
#14 484.0 make -C /shim/gnu-efi/aarch64/gnuefi -f /shim/gnu-efi//gnuefi/Makefile SRCDIR=/shim/gnu-efi//gnuefi ARCH=aarch64
#14 484.1 make: Entering directory '/shim/gnu-efi/aarch64/gnuefi'
#14 484.1 aarch64-linux-gnu-gcc-ar -rv -U libefi.a boxdraw.o smbios.o console.o crc.o data.o debug.o dpath.o error.o event.o exit.o guid.o hand.o hw.o init.o lock.o misc.o pause.o print.o sread.o str.o cmdline.o runtime/rtlock.o runtime/efirtlib.o runtime/rtstr.o runtime/vm.o runtime/rtdata.o aarch64/initplat.o aarch64/math.o aarch64/setjmp.o
#14 484.3 gcc -I/shim/gnu-efi//gnuefi -I/shim/gnu-efi/inc -I/shim/gnu-efi/inc/aarch64 -I/shim/gnu-efi/inc/protocol -Wno-error=pragmas -fpic  -Os -Wall -Wextra -Wno-missing-field-initializers -Werror -fshort-wchar -fno-strict-aliasing -ffreestanding -fno-stack-protector -fno-stack-check -nostdinc   -isystem /shim/gnu-efi/../include/system -isystem /usr/lib/gcc/aarch64-linux-gnu/14/include -fno-merge-all-constants -DCONFIG_aarch64 -c /shim/gnu-efi//gnuefi/crt0-efi-aarch64.S -o crt0-efi-aarch64.o
#14 484.4 r - boxdraw.o
#14 484.4 r - smbios.o
#14 484.4 r - console.o
#14 484.4 r - crc.o
#14 484.4 r - data.o
#14 484.4 r - debug.o
#14 484.4 r - dpath.o
#14 484.4 r - error.o
#14 484.4 r - event.o
#14 484.4 r - exit.o
#14 484.4 r - guid.o
#14 484.4 r - hand.o
#14 484.4 r - hw.o
#14 484.4 r - init.o
#14 484.4 r - lock.o
#14 484.4 r - misc.o
#14 484.4 r - pause.o
#14 484.4 r - print.o
#14 484.4 r - sread.o
#14 484.4 r - str.o
#14 484.4 r - cmdline.o
#14 484.4 r - runtime/rtlock.o
#14 484.4 r - runtime/efirtlib.o
#14 484.4 r - runtime/rtstr.o
#14 484.4 r - runtime/vm.o
#14 484.4 r - runtime/rtdata.o
#14 484.4 r - aarch64/initplat.o
#14 484.4 r - aarch64/math.o
#14 484.4 r - aarch64/setjmp.o
#14 484.4 make: Leaving directory '/shim/gnu-efi/aarch64/lib'
#14 484.4 mkdir -p /shim/gnu-efi/aarch64/gnuefi
#14 484.5 make -C /shim/gnu-efi/aarch64/gnuefi -f /shim/gnu-efi//gnuefi/Makefile SRCDIR=/shim/gnu-efi//gnuefi ARCH=aarch64
#14 484.5 gcc -I/shim/gnu-efi//gnuefi -I/shim/gnu-efi/inc -I/shim/gnu-efi/inc/aarch64 -I/shim/gnu-efi/inc/protocol -Wno-error=pragmas -fpic  -Os -Wall -Wextra -Wno-missing-field-initializers -Werror -fshort-wchar -fno-strict-aliasing -ffreestanding -fno-stack-protector -fno-stack-check -nostdinc   -isystem /shim/gnu-efi/../include/system -isystem /usr/lib/gcc/aarch64-linux-gnu/14/include -fno-merge-all-constants -fno-jump-tables -DCONFIG_aarch64 -c /shim/gnu-efi//gnuefi/reloc_aarch64.c -o reloc_aarch64.o
#14 484.6 make: Entering directory '/shim/gnu-efi/aarch64/gnuefi'
#14 484.9 /shim/gnu-efi//gnuefi/crt0-efi-aarch64.S: Assembler messages:
#14 484.9 /shim/gnu-efi//gnuefi/crt0-efi-aarch64.S:54: Warning: setting incorrect section attributes for .note.GNU-stack
#14 485.0 gcc -I/shim/gnu-efi//gnuefi -I/shim/gnu-efi/inc -I/shim/gnu-efi/inc/aarch64 -I/shim/gnu-efi/inc/protocol -Wno-error=pragmas -fpic  -Os -Wall -Wextra -Wno-missing-field-initializers -Werror -fshort-wchar -fno-strict-aliasing -ffreestanding -fno-stack-protector -fno-stack-check -nostdinc   -isystem /shim/gnu-efi/../include/system -isystem /usr/lib/gcc/aarch64-linux-gnu/14/include -fno-merge-all-constants -DCONFIG_aarch64 -c /shim/gnu-efi//gnuefi/crt0-efi-aarch64.S -o crt0-efi-aarch64.o
#14 485.2 gcc -I/shim/gnu-efi//gnuefi -I/shim/gnu-efi/inc -I/shim/gnu-efi/inc/aarch64 -I/shim/gnu-efi/inc/protocol -Wno-error=pragmas -fpic  -Os -Wall -Wextra -Wno-missing-field-initializers -Werror -fshort-wchar -fno-strict-aliasing -ffreestanding -fno-stack-protector -fno-stack-check -nostdinc   -isystem /shim/gnu-efi/../include/system -isystem /usr/lib/gcc/aarch64-linux-gnu/14/include -fno-merge-all-constants -fno-jump-tables -DCONFIG_aarch64 -c /shim/gnu-efi//gnuefi/reloc_aarch64.c -o reloc_aarch64.o
#14 485.5 /shim/gnu-efi//gnuefi/crt0-efi-aarch64.S: Assembler messages:
#14 485.5 /shim/gnu-efi//gnuefi/crt0-efi-aarch64.S:54: Warning: setting incorrect section attributes for .note.GNU-stack
#14 486.3 aarch64-linux-gnu-gcc-ar -rv -U libgnuefi.a reloc_aarch64.o
#14 486.5 /usr/bin/ar: creating libgnuefi.a
#14 486.5 a - reloc_aarch64.o
#14 486.5 make: Leaving directory '/shim/gnu-efi/aarch64/gnuefi'
#14 486.5 make: Leaving directory '/shim/gnu-efi'
#14 486.9 aarch64-linux-gnu-gcc-ar -rv -U libgnuefi.a reloc_aarch64.o
#14 487.1 r - reloc_aarch64.o
#14 487.1 make: Leaving directory '/shim/gnu-efi/aarch64/gnuefi'
#14 487.1 make: Leaving directory '/shim/gnu-efi'
#14 487.3 aarch64-linux-gnu-ld -o shimaa64.so --hash-style=sysv -nostdlib -znocombreloc -T /shim/elf_aarch64_efi.lds -shared -Bsymbolic -Lgnu-efi/aarch64/gnuefi -Lgnu-efi/aarch64/lib -LCryptlib -LCryptlib/OpenSSL gnu-efi/aarch64/gnuefi/crt0-efi-aarch64.o --build-id=sha1  --no-undefined shim.o globals.o memattrs.o mok.o netboot.o cert.o dp.o loader-proto.o tpm.o version.o errlog.o sbat.o sbat_data.o sbat_var.o pe.o pe-relocate.o httpboot.o csv.o load-options.o utils.o verify.o Cryptlib/libcryptlib.a Cryptlib/OpenSSL/libopenssl.a lib/lib.a gnu-efi/aarch64/lib/libefi.a gnu-efi/aarch64/gnuefi/libgnuefi.a -lefi -lgnuefi --start-group Cryptlib/libcryptlib.a Cryptlib/OpenSSL/libopenssl.a --end-group /usr/lib/gcc/aarch64-linux-gnu/14/libgcc.a lib/lib.a
#14 487.7 aarch64-linux-gnu-ld -o mmaa64.so --hash-style=sysv -nostdlib -znocombreloc -T /shim/elf_aarch64_efi.lds -shared -Bsymbolic -Lgnu-efi/aarch64/gnuefi -Lgnu-efi/aarch64/lib -LCryptlib -LCryptlib/OpenSSL gnu-efi/aarch64/gnuefi/crt0-efi-aarch64.o --build-id=sha1  --no-undefined MokManager.o PasswordCrypt.o crypt_blowfish.o errlog.o sbat_data.o globals.o dp.o Cryptlib/libcryptlib.a Cryptlib/OpenSSL/libopenssl.a lib/lib.a gnu-efi/aarch64/lib/libefi.a gnu-efi/aarch64/gnuefi/libgnuefi.a -lefi -lgnuefi --start-group Cryptlib/libcryptlib.a Cryptlib/OpenSSL/libopenssl.a --end-group /usr/lib/gcc/aarch64-linux-gnu/14/libgcc.a lib/lib.a
#14 487.7 aarch64-linux-gnu-ld: warning: shimaa64.so has a LOAD segment with RWX permissions
#14 488.1 aarch64-linux-gnu-ld -o fbaa64.so --hash-style=sysv -nostdlib -znocombreloc -T /shim/elf_aarch64_efi.lds -shared -Bsymbolic -Lgnu-efi/aarch64/gnuefi -Lgnu-efi/aarch64/lib -LCryptlib -LCryptlib/OpenSSL gnu-efi/aarch64/gnuefi/crt0-efi-aarch64.o --build-id=sha1  --no-undefined fallback.o tpm.o errlog.o sbat_data.o globals.o utils.o Cryptlib/libcryptlib.a Cryptlib/OpenSSL/libopenssl.a lib/lib.a gnu-efi/aarch64/lib/libefi.a gnu-efi/aarch64/gnuefi/libgnuefi.a -lefi -lgnuefi --start-group Cryptlib/libcryptlib.a Cryptlib/OpenSSL/libopenssl.a --end-group /usr/lib/gcc/aarch64-linux-gnu/14/libgcc.a lib/lib.a
#14 488.1 aarch64-linux-gnu-ld: warning: mmaa64.so has a LOAD segment with RWX permissions
#14 488.3 aarch64-linux-gnu-objcopy -D -j .text -j .sdata -j .data -j .data.ident \
#14 488.3 	-j .dynamic -j .rodata -j .rel* \
#14 488.3 	-j .rela* -j .dyn -j .reloc -j .eh_frame \
#14 488.3 	-j .vendor_cert -j .sbat -j .sbatlevel \
#14 488.3 	--file-alignment 0x1000 \
#14 488.3 	--output-target efi-app-aarch64 shimaa64.so shimaa64.efi
#14 488.4 aarch64-linux-gnu-ld: warning: fbaa64.so has a LOAD segment with RWX permissions
#14 488.4 aarch64-linux-gnu-objcopy -D -j .text -j .sdata -j .data \
#14 488.4 	-j .dynamic -j .rodata -j .rel* \
#14 488.4 	-j .rela* -j .dyn -j .reloc -j .eh_frame -j .sbat \
#14 488.4 	-j .sbatlevel \
#14 488.4 	-j .debug_info -j .debug_abbrev -j .debug_aranges \
#14 488.4 	-j .debug_line -j .debug_str -j .debug_ranges \
#14 488.4 	-j .note.gnu.build-id \
#14 488.4 	--file-alignment 0x1000 \
#14 488.4 	shimaa64.so shimaa64.efi.debug
#14 488.6 aarch64-linux-gnu-objcopy -D -j .text -j .sdata -j .data \
#14 488.6 	-j .dynamic -j .rodata -j .rel* \
#14 488.6 	-j .rela* -j .dyn -j .reloc -j .eh_frame -j .sbat \
#14 488.6 	-j .sbatlevel \
#14 488.6 	-j .debug_info -j .debug_abbrev -j .debug_aranges \
#14 488.6 	-j .debug_line -j .debug_str -j .debug_ranges \
#14 488.6 	-j .note.gnu.build-id \
#14 488.6 	--file-alignment 0x1000 \
#14 488.6 	mmaa64.so mmaa64.efi.debug
#14 488.7 ./post-process-pe -vv  shimaa64.efi
#14 488.7 aarch64-linux-gnu-objcopy -D -j .text -j .sdata -j .data \
#14 488.7 	-j .dynamic -j .rodata -j .rel* \
#14 488.7 	-j .rela* -j .dyn -j .reloc -j .eh_frame -j .sbat \
#14 488.7 	-j .sbatlevel \
#14 488.7 	-j .debug_info -j .debug_abbrev -j .debug_aranges \
#14 488.7 	-j .debug_line -j .debug_str -j .debug_ranges \
#14 488.7 	-j .note.gnu.build-id \
#14 488.7 	--file-alignment 0x1000 \
#14 488.7 	fbaa64.so fbaa64.efi.debug
#14 488.7 validate_nx_compat():380: NX Compatibility flag is not set
#14 489.0 aarch64-linux-gnu-objcopy -D -j .text -j .sdata -j .data -j .data.ident \
#14 489.0 	-j .dynamic -j .rodata -j .rel* \
#14 489.0 	-j .rela* -j .dyn -j .reloc -j .eh_frame \
#14 489.0 	-j .vendor_cert -j .sbat -j .sbatlevel \
#14 489.0 	--file-alignment 0x1000 \
#14 489.0 	--output-target efi-app-aarch64 mmaa64.so mmaa64.efi
#14 489.2 aarch64-linux-gnu-objcopy -D -j .text -j .sdata -j .data -j .data.ident \
#14 489.2 	-j .dynamic -j .rodata -j .rel* \
#14 489.2 	-j .rela* -j .dyn -j .reloc -j .eh_frame \
#14 489.2 	-j .vendor_cert -j .sbat -j .sbatlevel \
#14 489.2 	--file-alignment 0x1000 \
#14 489.2 	--output-target efi-app-aarch64 fbaa64.so fbaa64.efi
#14 489.3 ./post-process-pe -vv  mmaa64.efi
#14 489.4 validate_nx_compat():380: NX Compatibility flag is not set
#14 489.5 ./post-process-pe -vv  fbaa64.efi
#14 489.5 validate_nx_compat():380: NX Compatibility flag is not set
#14 489.5 install -d -m 0755 /shim/debian/tmp/
#14 489.6 install -d -m 0755 /shim/debian/tmp//usr/src/debug//shim-16.1-16.1
#14 489.7 install -d -m 0755 /shim/debian/tmp//usr/lib/debug/boot/efi/EFI/igel//
#14 489.8 find /shim -type f -a '(' -iname '*.c' -o -iname '*.h' -o -iname '*.S' ')' | while read file ; do \
#14 489.8 	outfile=$(echo ${file} | sed -e "s,^/shim,,") ; \
#14 489.8 	install -d -m 0755 /shim/debian/tmp//usr/src/debug//shim-16.1-16.1/$(dirname ${outfile}) ; \
#14 489.8 	install -m 0644 ${file} /shim/debian/tmp//usr/src/debug//shim-16.1-16.1/${outfile} ; \
#14 489.8 done
#14 635.2 install -d -m 0755 /shim/debian/tmp/
#14 635.4 install -d -m 0700 /shim/debian/tmp/boot/efi/
#14 635.4 install -d -m 0755 /shim/debian/tmp/boot/efi/EFI/BOOT/
#14 635.4 install -d -m 0755 /shim/debian/tmp/boot/efi/EFI/igel/
#14 635.5 install -m 0644 shimaa64.efi /shim/debian/tmp/boot/efi/EFI/BOOT//BOOTAA64.EFI
#14 635.5 install -m 0644 shimaa64.efi /shim/debian/tmp/boot/efi/EFI/igel//
#14 635.5 install -m 0644 BOOTAA64.CSV /shim/debian/tmp/boot/efi/EFI/igel//
#14 635.6 install -m 0644 fbaa64.efi /shim/debian/tmp/boot/efi/EFI/BOOT//
#14 635.6 install -m 0644 mmaa64.efi /shim/debian/tmp/boot/efi/EFI/BOOT//
#14 635.7 install -m 0644 mmaa64.efi /shim/debian/tmp/boot/efi/EFI/igel//
#14 635.7 # Remove the copy of the source that's installed - we have git
#14 635.7 # already...
#14 635.8 rm -rf debian/tmp/usr
#14 635.8 # And remove the extra removable-media copy of shim too, it's
#14 635.9 # not needed for our build and causes debhelper to complain
#14 635.9 rm -f debian/tmp/boot/efi/EFI/BOOT/BOOT*.EFI
#14 636.0 install -m 644 debian/igel-uefi-ca.der debian/shim-unsigned/usr/share/shim
#14 636.0 # Generate the template packages that we'll use for SB signing later
#14 636.0 ./debian/signing-template.generate
#14 641.9 # Log some useful things about the build here
#14 641.9 ./debian/check_nx shim*.efi
#14 642.0 Checking NX bit on shimaa64.efi:
#14 642.1   DllCharacteristics 00000000
#14 642.1   NOT tagged as NX-compatible
#14 642.1 sha256sum *.efi
#14 642.2 823c569ca8d390e110a628e67f14cca1615586da65154f216ed6754d8955a01e  fbaa64.efi
#14 642.2 e2a17576b6574435cb643e624c6394d6ecc15320d4a1aeb45930c0bcebc68a8a  mmaa64.efi
#14 642.2 42185722a4f3f8f47f9b416fcab46be0269bc99d13e8cc9b838e879cc6ee7faf  shimaa64.efi
#14 642.2 make[1]: Leaving directory '/shim'
#14 642.2    dh_install
#14 643.3    dh_installdocs
#14 644.3    dh_installchangelogs
#14 645.8    dh_lintian
#14 646.7    dh_perl
#14 647.6    dh_link
#14 648.5    dh_strip_nondeterminism
#14 651.3    dh_compress
#14 652.4    dh_fixperms
#14 653.9    dh_missing
#14 654.8    dh_dwz
#14 655.7    dh_strip
#14 656.6    dh_makeshlibs
#14 657.4    dh_shlibdeps
#14 658.3    dh_installdeb
#14 659.2    dh_gencontrol
#14 661.3 dpkg-gencontrol: warning: Depends field of package shim-unsigned: substitution variable ${shlibs:Depends} used, but is not defined
#14 661.5    dh_md5sums
#14 663.0    dh_builddeb
#14 663.9 dpkg-deb: building package 'shim-helpers-arm64-signed-template' in '../shim-helpers-arm64-signed-template_16.1-2_arm64.deb'.
#14 663.9 dpkg-deb: building package 'shim-unsigned' in '../shim-unsigned_16.1-2_arm64.deb'.
#14 668.6  dpkg-genbuildinfo --build=binary -O../shim_16.1-2_arm64.buildinfo
#14 670.8  dpkg-genchanges --build=binary -O../shim_16.1-2_arm64.changes
#14 672.1 dpkg-genchanges: info: binary-only upload (no source code included)
#14 672.1  dpkg-source -i --after-build .
#14 673.8 dpkg-source: info: using options from shim/debian/source/local-options: --extend-diff-ignore=(^|/)\.origin$
#14 673.8 dpkg-buildpackage: info: binary-only upload (no source included)
#14 673.9 Now running lintian shim_16.1-2_arm64.changes ...
#14 681.9 running with root privileges is not recommended!
#14 707.0 Finished running lintian.
#14 DONE 707.1s

#15 [12/17] RUN mkdir -p /build/output
#15 sha256:3b9fa91d791a8913e249b1907bcf5c4a86bb896346632a04bbc72172ffef19ea
#15 DONE 0.5s

#16 [13/17] RUN cp /shim/shim*.efi /build/output/
#16 sha256:7ceafd3b1e87dee0795a1b5743dd1d3e2eb13861810c3d6e51aba672cd3f9f4f
#16 DONE 0.4s

#17 [14/17] RUN objdump -s -j .sbatlevel /build/output/shim*.efi
#17 sha256:93be5c1128afe0520097dea044a0902d112fa74d86997f0af3b3d58e950dda67
#17 0.471 
#17 0.471 /build/output/shimaa64.efi:     file format pei-aarch64-little
#17 0.471 
#17 0.471 Contents of section .sbatlevel:
#17 0.471  8d000 00000000 08000000 29000000 73626174  ........)...sbat
#17 0.471  8d010 2c312c32 30323530 32313830 300a7368  ,1,2025021800.sh
#17 0.471  8d020 696d2c34 0a677275 622c350a 00736261  im,4.grub,5..sba
#17 0.471  8d030 742c312c 32303235 30353130 30300a73  t,1,2025051000.s
#17 0.471  8d040 68696d2c 340a6772 75622c35 0a677275  him,4.grub,5.gru
#17 0.471  8d050 622e7072 6f786d6f 782c320a 00        b.proxmox,2..   
#17 DONE 0.5s

#18 [15/17] RUN objdump -j .sbat -s /build/output/shim*.efi
#18 sha256:5cf9b9806b3d1ea47820a9e04657dad931865e1467c7a26c8cb12a6b73255b92
#18 0.408 
#18 0.408 /build/output/shimaa64.efi:     file format pei-aarch64-little
#18 0.408 
#18 0.408 Contents of section .sbat:
#18 0.408  de000 73626174 2c312c53 42415420 56657273  sbat,1,SBAT Vers
#18 0.408  de010 696f6e2c 73626174 2c312c68 74747073  ion,sbat,1,https
#18 0.408  de020 3a2f2f67 69746875 622e636f 6d2f7268  ://github.com/rh
#18 0.408  de030 626f6f74 2f736869 6d2f626c 6f622f6d  boot/shim/blob/m
#18 0.408  de040 61696e2f 53424154 2e6d640a 7368696d  ain/SBAT.md.shim
#18 0.408  de050 2c342c55 45464920 7368696d 2c736869  ,4,UEFI shim,shi
#18 0.408  de060 6d2c312c 68747470 733a2f2f 67697468  m,1,https://gith
#18 0.408  de070 75622e63 6f6d2f72 68626f6f 742f7368  ub.com/rhboot/sh
#18 0.408  de080 696d0a73 68696d2e 6967656c 2c312c49  im.shim.igel,1,I
#18 0.408  de090 67656c2c 7368696d 2c31362e 312c6874  gel,shim,16.1,ht
#18 0.408  de0a0 7470733a 2f2f7777 772e6967 656c2e63  tps://www.igel.c
#18 0.408  de0b0 6f6d0a                               om.             
#18 DONE 0.4s

#19 [16/17] RUN sha256sum /build/output/*
#19 sha256:3714ce52778baafd12e43b35fafda75887b108250d9b7d8044cd63b44d7328c1
#19 0.301 42185722a4f3f8f47f9b416fcab46be0269bc99d13e8cc9b838e879cc6ee7faf  /build/output/shimaa64.efi
#19 DONE 0.3s

#20 exporting to image
#20 sha256:e8c613e07b0b7ff33893b694f7759a10d42e180f2b4dc349fb57dc6b71dcab00
#20 exporting layers
#20 exporting layers 10.2s done
#20 writing image sha256:d2f50f1cd588e5c47fcae9d1f5ad792d7474ffcaea2bde3fa3ba88d7f98bfa98 done
#20 naming to docker.io/library/shim:arm64 done
#20 DONE 10.2s
