#1 [internal] load build definition from Dockerfile
#1 sha256:f0cee746119e88b14c29c827d8eca98ee566b3deb1e2f26e5204304b224181fd
#1 transferring dockerfile: 38B done
#1 DONE 0.0s

#2 [internal] load .dockerignore
#2 sha256:e49fdaec5d055285710ed76b88b50a73f80881368ae713c212038c3a69c96aef
#2 transferring context: 2B done
#2 DONE 0.0s

#3 [internal] load metadata for docker.io/library/debian:trixie
#3 sha256:fb11af782bdcabed9380ff4f80f27b36157c551e128c8b57acf6723cf7ae3020
#3 DONE 0.0s

#4 [ 1/17] FROM docker.io/library/debian:trixie
#4 sha256:ac0bc2b7634c2c380662ecd26afa7249009572dae541cdede413ebb16f695475
#4 CACHED

#5 [ 2/17] RUN apt-get update -y
#5 sha256:d189a53c712cb90e63238ef96bf96e6b1191d95881eb89c413798d57c548f2e4
#5 0.245 Get:1 http://deb.debian.org/debian trixie InRelease [140 kB]
#5 0.263 Get:2 http://deb.debian.org/debian trixie-updates InRelease [47.3 kB]
#5 0.268 Get:3 http://deb.debian.org/debian-security trixie-security InRelease [43.4 kB]
#5 0.283 Get:4 http://deb.debian.org/debian trixie/main amd64 Packages [9673 kB]
#5 0.355 Get:5 http://deb.debian.org/debian trixie-updates/main amd64 Packages [4412 B]
#5 0.356 Get:6 http://deb.debian.org/debian-security trixie-security/main amd64 Packages [229 kB]
#5 1.083 Fetched 10.1 MB in 1s (11.8 MB/s)
#5 1.083 Reading package lists...
#5 DONE 1.8s

#6 [ 3/17] RUN apt-get install -y devscripts debhelper-compat gnu-efi openssl libelf-dev gcc-14 dos2unix xxd libefivar-dev sbsigntool pesign efivar git wget
#6 sha256:35f6dd2bd12cee834afdd47c376fa7a6d35454a754b703857b2fb261df01e54d
#6 0.413 Reading package lists...
#6 1.052 Building dependency tree...
#6 1.207 Reading state information...
#6 1.449 The following additional packages will be installed:
#6 1.449   adduser appstream autoconf automake autopoint autotools-dev binutils
#6 1.449   binutils-common binutils-x86-64-linux-gnu bsdextrautils build-essential
#6 1.449   bzip2 ca-certificates coolkey cpp cpp-14 cpp-14-x86-64-linux-gnu
#6 1.449   cpp-x86-64-linux-gnu dbus dbus-bin dbus-daemon dbus-session-bus-common
#6 1.449   dbus-system-bus-common dbus-user-session dctrl-tools debian-keyring
#6 1.449   debian-tag2upload-keyring dh-autoreconf dh-strip-nondeterminism diffstat
#6 1.449   dirmngr distro-info-data dmsetup dpkg-dev dput dwz equivs fakeroot file g++
#6 1.449   g++-14 g++-14-x86-64-linux-gnu g++-x86-64-linux-gnu gcc
#6 1.449   gcc-14-x86-64-linux-gnu gcc-x86-64-linux-gnu gettext gettext-base git-man
#6 1.449   gnupg gnupg-l10n gnupg-utils gpg gpg-agent gpg-wks-client gpgconf gpgsm gpgv
#6 1.449   groff-base intltool-debian iso-codes krb5-locales less libabsl20240722
#6 1.449   libalgorithm-diff-perl libalgorithm-diff-xs-perl libalgorithm-merge-perl
#6 1.449   libaliased-perl libapparmor1 libappstream5 libapt-pkg-perl
#6 1.449   libarchive-cpio-perl libarchive-zip-perl libarchive13t64
#6 1.449   libarray-intspan-perl libasan8 libassuan9 libatomic1 libauthen-sasl-perl
#6 1.450   libb-hooks-endofscope-perl libb-hooks-op-check-perl libberkeleydb-perl
#6 1.450   libbinutils libbrotli1 libc-dev-bin libc6-dev libcapture-tiny-perl
#6 1.450   libcbor0.10 libcc1-0 libccid libcgi-fast-perl libcgi-pm-perl
#6 1.450   libckyapplet1t64 libclass-data-inheritable-perl libclass-inspector-perl
#6 1.450   libclass-method-modifiers-perl libclass-xsaccessor-perl libclone-perl
#6 1.450   libcom-err2 libcommon-sense-perl libconfig-tiny-perl libconst-fast-perl
#6 1.450   libcontextual-return-perl libconvert-binhex-perl libcpanel-json-xs-perl
#6 1.450   libcrypt-dev libcryptsetup12 libctf-nobfd0 libctf0 libcurl3t64-gnutls
#6 1.450   libdata-dpath-perl libdata-dump-perl libdata-messagepack-perl
#6 1.450   libdata-optlist-perl libdata-validate-domain-perl libdata-validate-ip-perl
#6 1.450   libdata-validate-uri-perl libdbus-1-3 libdebhelper-perl
#6 1.450   libdevel-callchecker-perl libdevel-size-perl libdevel-stacktrace-perl
#6 1.450   libdevmapper1.02.1 libdistro-info-perl libdpkg-perl libduktape207
#6 1.450   libdynaloader-functions-perl libeac3 libedit2 libefiboot1t64 libefisec1t64
#6 1.450   libefivar1t64 libelf1t64 libemail-address-xs-perl libencode-locale-perl
#6 1.450   liberror-perl libexception-class-perl libexpat1 libexporter-tiny-perl
#6 1.450   libfakeroot libfcgi-bin libfcgi-perl libfcgi0t64
#6 1.450   libfeature-compat-class-perl libfeature-compat-try-perl libffi8 libfido2-1
#6 1.450   libfile-basedir-perl libfile-chdir-perl libfile-dirlist-perl
#6 1.450   libfile-fcntllock-perl libfile-find-rule-perl libfile-homedir-perl
#6 1.450   libfile-listing-perl libfile-sharedir-perl libfile-stripnondeterminism-perl
#6 1.450   libfile-touch-perl libfile-which-perl libfont-afm-perl libfont-ttf-perl
#6 1.450   libfreezethaw-perl libgcc-14-dev libgcrypt20 libgdbm-compat4t64 libgdbm6t64
#6 1.450   libgit-wrapper-perl libgitlab-api-v4-perl libglib2.0-0t64 libglib2.0-data
#6 1.450   libgnutls30t64 libgomp1 libgpg-error-l10n libgpg-error0 libgpgme11t64
#6 1.450   libgpm2 libgprofng0 libgssapi-krb5-2 libhtml-form-perl libhtml-format-perl
#6 1.450   libhtml-html5-entities-perl libhtml-parser-perl libhtml-tagset-perl
#6 1.450   libhtml-tokeparser-simple-perl libhtml-tree-perl libhttp-cookies-perl
#6 1.450   libhttp-daemon-perl libhttp-date-perl libhttp-message-perl
#6 1.450   libhttp-negotiate-perl libhttp-tiny-multipart-perl libhwasan0 libidn2-0
#6 1.450   libimport-into-perl libindirect-perl libio-compress-brotli-perl
#6 1.450   libio-html-perl libio-interactive-perl libio-prompter-perl
#6 1.450   libio-sessiondata-perl libio-socket-ssl-perl libio-string-perl
#6 1.450   libio-stringy-perl libipc-run3-perl libipc-system-simple-perl libisl23
#6 1.450   libiterator-perl libiterator-util-perl libitm1 libjansson4 libjson-c5
#6 1.450   libjson-maybexs-perl libjson-perl libjson-xs-perl libk5crypto3 libkeyutils1
#6 1.450   libkmod2 libkrb5-3 libkrb5support0 libksba8 libldap-common libldap2
#6 1.450   liblist-compare-perl liblist-moreutils-perl liblist-moreutils-xs-perl
#6 1.450   liblist-someutils-perl liblist-someutils-xs-perl liblist-utilsby-perl
#6 1.450   liblocale-gettext-perl liblog-any-adapter-screen-perl liblog-any-perl
#6 1.450   liblsan0 libltdl-dev libltdl7 liblwp-mediatypes-perl
#6 1.450   liblwp-protocol-https-perl liblz1 liblzo2-2 libmagic-mgc libmagic1t64
#6 1.450   libmail-sendmail-perl libmailtools-perl libmarkdown2 libmatch-simple-perl
#6 1.450   libmatch-simple-xs-perl libmath-base85-perl libmime-tools-perl libmldbm-perl
#6 1.450   libmodule-implementation-perl libmodule-runtime-perl libmoo-perl
#6 1.450   libmoox-aliases-perl libmouse-perl libmpc3 libmpfr6 libnamespace-clean-perl
#6 1.450   libncursesw6 libnet-domain-tld-perl libnet-http-perl libnet-ipv6addr-perl
#6 1.450   libnet-netmask-perl libnet-smtp-ssl-perl libnet-ssleay-perl
#6 1.450   libnetaddr-ip-perl libnghttp2-14 libnghttp3-9 libngtcp2-16
#6 1.450   libngtcp2-crypto-gnutls8 libnpth0t64 libnspr4 libnss-systemd libnss3
#6 1.450   libnss3-tools libnumber-compare-perl libobject-pad-perl libp11-kit0
#6 1.450   libpackage-stash-perl libpackage-stash-xs-perl libpam-systemd
#6 1.450   libparams-classify-perl libparams-util-perl libpath-iterator-rule-perl
#6 1.451   libpath-tiny-perl libpcsclite1 libperl5.40 libperlio-gzip-perl
#6 1.451   libperlio-utf8-strict-perl libpipeline1 libpod-constants-perl
#6 1.451   libpod-parser-perl libpolkit-agent-1-0 libpolkit-gobject-1-0 libpopt0
#6 1.451   libproc-processtable-perl libproc2-0 libpsl5t64 libpython3-stdlib
#6 1.451   libpython3.13-minimal libpython3.13-stdlib libquadmath0
#6 1.451   libre-engine-re2-perl libre2-11 libreadline8t64 libreadonly-perl
#6 1.451   libref-util-perl libref-util-xs-perl libregexp-pattern-license-perl
#6 1.451   libregexp-pattern-perl libregexp-wildcards-perl librole-tiny-perl librtmp1
#6 1.451   libsasl2-2 libsasl2-modules libsasl2-modules-db libsereal-decoder-perl
#6 1.451   libsereal-encoder-perl libset-intspan-perl libsframe1 libsoap-lite-perl
#6 1.451   libsocket6-perl libsort-versions-perl libssh2-1t64 libstdc++-14-dev
#6 1.451   libstemmer0d libstrictures-perl libstring-copyright-perl
#6 1.451   libstring-escape-perl libstring-license-perl libstring-shellquote-perl
#6 1.451   libsub-exporter-perl libsub-exporter-progressive-perl libsub-identify-perl
#6 1.451   libsub-infix-perl libsub-install-perl libsub-name-perl libsub-quote-perl
#6 1.451   libsyntax-keyword-try-perl libsys-cpuaffinity-perl libsys-hostname-long-perl
#6 1.451   libsystemd-shared libtask-weaken-perl libtasn1-6 libterm-readkey-perl
#6 1.451   libtext-charwidth-perl libtext-glob-perl libtext-levenshteinxs-perl
#6 1.451   libtext-markdown-discount-perl libtext-wrapi18n-perl libtext-xslate-perl
#6 1.451   libtime-duration-perl libtime-moment-perl libtimedate-perl libtool
#6 1.451   libtry-tiny-perl libtsan2 libtype-tiny-perl libtype-tiny-xs-perl
#6 1.451   libtypes-serialiser-perl libubsan1 libuchardet0 libunicode-utf8-perl
#6 1.452   libunistring5 libunwind8 liburi-perl libusb-1.0-0 libvariable-magic-perl
#6 1.452   libwant-perl libwww-mechanize-perl libwww-perl libwww-robotrules-perl
#6 1.452   libx11-6 libx11-data libxau6 libxcb1 libxdelta2t64 libxdmcp6 libxext6
#6 1.452   libxml-libxml-perl libxml-namespacesupport-perl libxml-parser-perl
#6 1.452   libxml-sax-base-perl libxml-sax-expat-perl libxml-sax-perl libxml2 libxmlb2
#6 1.452   libxmlrpc-lite-perl libxmuu1 libxs-parse-keyword-perl
#6 1.452   libxs-parse-sublike-perl libxstring-perl libyaml-0-2 libyaml-libyaml-perl
#6 1.452   libzstd-dev licensecheck lintian linux-libc-dev linux-sysctl-defaults
#6 1.452   lsb-release lzip lzop m4 make man-db manpages manpages-dev media-types
#6 1.452   netbase opensc opensc-pkcs11 openssh-client patch patchutils pbzip2 pcscd
#6 1.452   perl perl-modules-5.40 perl-openssl-defaults pinentry-curses pixz plzip
#6 1.452   po-debconf polkitd pristine-tar procps psmisc publicsuffix python-apt-common
#6 1.452   python3 python3-apt python3-certifi python3-chardet
#6 1.452   python3-charset-normalizer python3-debian python3-gpg python3-idna
#6 1.452   python3-magic python3-minimal python3-requests python3-unidiff
#6 1.452   python3-urllib3 python3-xdg python3.13 python3.13-minimal readline-common
#6 1.452   rpcsvc-proto runit-helper sensible-utils sgml-base shared-mime-info sq
#6 1.452   strace systemd systemd-cryptsetup systemd-sysv systemd-timesyncd t1utils ucf
#6 1.453   unzip wdiff xauth xdelta xdelta3 xdg-user-dirs xml-core xz-utils zlib1g-dev
#6 1.455 Suggested packages:
#6 1.455   cron quota apt-config-icons autoconf-archive gnu-standards autoconf-doc
#6 1.455   binutils-doc gprofng-gui binutils-gold bzip2-doc cpp-doc gcc-14-locales
#6 1.455   cpp-14-doc debtags dh-make adequate at autopkgtest bls-standalone bsd-mailx
#6 1.455   | mailx check-all-the-things diffoscope disorderfs docker.io dose-extra duck
#6 1.455   elpa-devscripts faketime gnuplot how-can-i-help libdbd-pg-perl
#6 1.455   libterm-size-perl mmdebstrap mutt piuparts postgresql-client pristine-lfs
#6 1.455   python3-debianbts python3-pycurl quilt ratt reprotest svn-buildpackage w3m
#6 1.455   pinentry-gnome3 tor mini-dinstall rsync g++-multilib g++-14-multilib
#6 1.455   gcc-14-doc gcc-multilib flex bison gdb gcc-doc gcc-14-multilib
#6 1.455   gdb-x86-64-linux-gnu gettext-doc libasprintf-dev libgettextpo-dev
#6 1.455   gnulib-l10n git-doc git-email git-gui gitk gitweb git-cvs git-mediawiki
#6 1.455   git-svn gpg-wks-server parcimonie xloadimage scdaemon tpm2daemon groff
#6 1.455   isoquery lrzip libdigest-hmac-perl libgssapi-perl libc-devtools glibc-doc
#6 1.455   pcmciautils bzr rng-tools gdbm-l10n low-memory-monitor gnutls-bin gpm
#6 1.455   krb5-doc krb5-user libtool-doc libcrypt-ssleay-perl libtss2-rc0t64
#6 1.455   libscalar-number-perl libsasl2-modules-gssapi-mit
#6 1.455   | libsasl2-modules-gssapi-heimdal libsasl2-modules-ldap libsasl2-modules-otp
#6 1.455   libsasl2-modules-sql libapache2-mod-perl2 libmime-lite-perl
#6 1.455   libnet-jabber-perl libstdc++-14-doc libbareword-filehandles-perl
#6 1.455   libmultidimensional-perl libbpf1 libdw1t64 libip4tc2 libpwquality1
#6 1.455   libqrencode4 gfortran | fortran95-compiler gcj-jdk libdevel-lexalias-perl
#6 1.455   libbusiness-isbn-perl libmime-base32-perl libregexp-ipv6-perl
#6 1.455   libauthen-ntlm-perl libxml-sax-expatxs-perl bash-completion
#6 1.455   binutils-multiarch libtext-template-perl m4-doc make-doc apparmor
#6 1.455   www-browser keychain libpam-ssh monkeysphere ssh-askpass ed diffutils-doc
#6 1.455   perl-doc libterm-readline-gnu-perl | libterm-readline-perl-perl
#6 1.455   libtap-harness-archive-perl pinentry-doc libmail-box-perl python3-doc
#6 1.455   python3-tk python3-venv python-apt-doc python-charset-normalizer-doc zstd
#6 1.455   python3-cryptography python3-openssl python3-socks python-requests-doc
#6 1.455   python3-brotli python-pyxdg-doc python3.13-venv python3.13-doc
#6 1.455   binfmt-support readline-doc sgml-base-doc systemd-container systemd-homed
#6 1.455   systemd-userdbd systemd-boot systemd-resolved systemd-repart
#6 1.455   libtss2-tcti-device0 zip wdiff-doc
#6 1.455 Recommended packages:
#6 1.455   epiphany-extensions
#6 3.290 The following NEW packages will be installed:
#6 3.290   adduser appstream autoconf automake autopoint autotools-dev binutils
#6 3.290   binutils-common binutils-x86-64-linux-gnu bsdextrautils build-essential
#6 3.290   bzip2 ca-certificates coolkey cpp cpp-14 cpp-14-x86-64-linux-gnu
#6 3.290   cpp-x86-64-linux-gnu dbus dbus-bin dbus-daemon dbus-session-bus-common
#6 3.290   dbus-system-bus-common dbus-user-session dctrl-tools debhelper
#6 3.290   debian-keyring debian-tag2upload-keyring devscripts dh-autoreconf
#6 3.290   dh-strip-nondeterminism diffstat dirmngr distro-info-data dmsetup dos2unix
#6 3.290   dpkg-dev dput dwz efivar equivs fakeroot file g++ g++-14
#6 3.290   g++-14-x86-64-linux-gnu g++-x86-64-linux-gnu gcc gcc-14
#6 3.291   gcc-14-x86-64-linux-gnu gcc-x86-64-linux-gnu gettext gettext-base git
#6 3.291   git-man gnu-efi gnupg gnupg-l10n gnupg-utils gpg gpg-agent gpg-wks-client
#6 3.291   gpgconf gpgsm gpgv groff-base intltool-debian iso-codes krb5-locales less
#6 3.291   libabsl20240722 libalgorithm-diff-perl libalgorithm-diff-xs-perl
#6 3.291   libalgorithm-merge-perl libaliased-perl libapparmor1 libappstream5
#6 3.291   libapt-pkg-perl libarchive-cpio-perl libarchive-zip-perl libarchive13t64
#6 3.291   libarray-intspan-perl libasan8 libassuan9 libatomic1 libauthen-sasl-perl
#6 3.291   libb-hooks-endofscope-perl libb-hooks-op-check-perl libberkeleydb-perl
#6 3.291   libbinutils libbrotli1 libc-dev-bin libc6-dev libcapture-tiny-perl
#6 3.291   libcbor0.10 libcc1-0 libccid libcgi-fast-perl libcgi-pm-perl
#6 3.291   libckyapplet1t64 libclass-data-inheritable-perl libclass-inspector-perl
#6 3.291   libclass-method-modifiers-perl libclass-xsaccessor-perl libclone-perl
#6 3.291   libcom-err2 libcommon-sense-perl libconfig-tiny-perl libconst-fast-perl
#6 3.291   libcontextual-return-perl libconvert-binhex-perl libcpanel-json-xs-perl
#6 3.291   libcrypt-dev libcryptsetup12 libctf-nobfd0 libctf0 libcurl3t64-gnutls
#6 3.291   libdata-dpath-perl libdata-dump-perl libdata-messagepack-perl
#6 3.291   libdata-optlist-perl libdata-validate-domain-perl libdata-validate-ip-perl
#6 3.291   libdata-validate-uri-perl libdbus-1-3 libdebhelper-perl
#6 3.291   libdevel-callchecker-perl libdevel-size-perl libdevel-stacktrace-perl
#6 3.291   libdevmapper1.02.1 libdistro-info-perl libdpkg-perl libduktape207
#6 3.291   libdynaloader-functions-perl libeac3 libedit2 libefiboot1t64 libefisec1t64
#6 3.291   libefivar-dev libefivar1t64 libelf-dev libelf1t64 libemail-address-xs-perl
#6 3.291   libencode-locale-perl liberror-perl libexception-class-perl libexpat1
#6 3.291   libexporter-tiny-perl libfakeroot libfcgi-bin libfcgi-perl libfcgi0t64
#6 3.291   libfeature-compat-class-perl libfeature-compat-try-perl libffi8 libfido2-1
#6 3.291   libfile-basedir-perl libfile-chdir-perl libfile-dirlist-perl
#6 3.291   libfile-fcntllock-perl libfile-find-rule-perl libfile-homedir-perl
#6 3.291   libfile-listing-perl libfile-sharedir-perl libfile-stripnondeterminism-perl
#6 3.291   libfile-touch-perl libfile-which-perl libfont-afm-perl libfont-ttf-perl
#6 3.291   libfreezethaw-perl libgcc-14-dev libgcrypt20 libgdbm-compat4t64 libgdbm6t64
#6 3.291   libgit-wrapper-perl libgitlab-api-v4-perl libglib2.0-0t64 libglib2.0-data
#6 3.291   libgnutls30t64 libgomp1 libgpg-error-l10n libgpg-error0 libgpgme11t64
#6 3.291   libgpm2 libgprofng0 libgssapi-krb5-2 libhtml-form-perl libhtml-format-perl
#6 3.291   libhtml-html5-entities-perl libhtml-parser-perl libhtml-tagset-perl
#6 3.291   libhtml-tokeparser-simple-perl libhtml-tree-perl libhttp-cookies-perl
#6 3.291   libhttp-daemon-perl libhttp-date-perl libhttp-message-perl
#6 3.291   libhttp-negotiate-perl libhttp-tiny-multipart-perl libhwasan0 libidn2-0
#6 3.291   libimport-into-perl libindirect-perl libio-compress-brotli-perl
#6 3.291   libio-html-perl libio-interactive-perl libio-prompter-perl
#6 3.291   libio-sessiondata-perl libio-socket-ssl-perl libio-string-perl
#6 3.291   libio-stringy-perl libipc-run3-perl libipc-system-simple-perl libisl23
#6 3.291   libiterator-perl libiterator-util-perl libitm1 libjansson4 libjson-c5
#6 3.291   libjson-maybexs-perl libjson-perl libjson-xs-perl libk5crypto3 libkeyutils1
#6 3.291   libkmod2 libkrb5-3 libkrb5support0 libksba8 libldap-common libldap2
#6 3.291   liblist-compare-perl liblist-moreutils-perl liblist-moreutils-xs-perl
#6 3.291   liblist-someutils-perl liblist-someutils-xs-perl liblist-utilsby-perl
#6 3.291   liblocale-gettext-perl liblog-any-adapter-screen-perl liblog-any-perl
#6 3.291   liblsan0 libltdl-dev libltdl7 liblwp-mediatypes-perl
#6 3.291   liblwp-protocol-https-perl liblz1 liblzo2-2 libmagic-mgc libmagic1t64
#6 3.291   libmail-sendmail-perl libmailtools-perl libmarkdown2 libmatch-simple-perl
#6 3.291   libmatch-simple-xs-perl libmath-base85-perl libmime-tools-perl libmldbm-perl
#6 3.291   libmodule-implementation-perl libmodule-runtime-perl libmoo-perl
#6 3.291   libmoox-aliases-perl libmouse-perl libmpc3 libmpfr6 libnamespace-clean-perl
#6 3.291   libncursesw6 libnet-domain-tld-perl libnet-http-perl libnet-ipv6addr-perl
#6 3.291   libnet-netmask-perl libnet-smtp-ssl-perl libnet-ssleay-perl
#6 3.291   libnetaddr-ip-perl libnghttp2-14 libnghttp3-9 libngtcp2-16
#6 3.291   libngtcp2-crypto-gnutls8 libnpth0t64 libnspr4 libnss-systemd libnss3
#6 3.291   libnss3-tools libnumber-compare-perl libobject-pad-perl libp11-kit0
#6 3.291   libpackage-stash-perl libpackage-stash-xs-perl libpam-systemd
#6 3.291   libparams-classify-perl libparams-util-perl libpath-iterator-rule-perl
#6 3.291   libpath-tiny-perl libpcsclite1 libperl5.40 libperlio-gzip-perl
#6 3.291   libperlio-utf8-strict-perl libpipeline1 libpod-constants-perl
#6 3.291   libpod-parser-perl libpolkit-agent-1-0 libpolkit-gobject-1-0 libpopt0
#6 3.291   libproc-processtable-perl libproc2-0 libpsl5t64 libpython3-stdlib
#6 3.291   libpython3.13-minimal libpython3.13-stdlib libquadmath0
#6 3.291   libre-engine-re2-perl libre2-11 libreadline8t64 libreadonly-perl
#6 3.291   libref-util-perl libref-util-xs-perl libregexp-pattern-license-perl
#6 3.292   libregexp-pattern-perl libregexp-wildcards-perl librole-tiny-perl librtmp1
#6 3.292   libsasl2-2 libsasl2-modules libsasl2-modules-db libsereal-decoder-perl
#6 3.292   libsereal-encoder-perl libset-intspan-perl libsframe1 libsoap-lite-perl
#6 3.292   libsocket6-perl libsort-versions-perl libssh2-1t64 libstdc++-14-dev
#6 3.292   libstemmer0d libstrictures-perl libstring-copyright-perl
#6 3.292   libstring-escape-perl libstring-license-perl libstring-shellquote-perl
#6 3.292   libsub-exporter-perl libsub-exporter-progressive-perl libsub-identify-perl
#6 3.292   libsub-infix-perl libsub-install-perl libsub-name-perl libsub-quote-perl
#6 3.292   libsyntax-keyword-try-perl libsys-cpuaffinity-perl libsys-hostname-long-perl
#6 3.292   libsystemd-shared libtask-weaken-perl libtasn1-6 libterm-readkey-perl
#6 3.292   libtext-charwidth-perl libtext-glob-perl libtext-levenshteinxs-perl
#6 3.292   libtext-markdown-discount-perl libtext-wrapi18n-perl libtext-xslate-perl
#6 3.292   libtime-duration-perl libtime-moment-perl libtimedate-perl libtool
#6 3.292   libtry-tiny-perl libtsan2 libtype-tiny-perl libtype-tiny-xs-perl
#6 3.292   libtypes-serialiser-perl libubsan1 libuchardet0 libunicode-utf8-perl
#6 3.292   libunistring5 libunwind8 liburi-perl libusb-1.0-0 libvariable-magic-perl
#6 3.292   libwant-perl libwww-mechanize-perl libwww-perl libwww-robotrules-perl
#6 3.292   libx11-6 libx11-data libxau6 libxcb1 libxdelta2t64 libxdmcp6 libxext6
#6 3.292   libxml-libxml-perl libxml-namespacesupport-perl libxml-parser-perl
#6 3.292   libxml-sax-base-perl libxml-sax-expat-perl libxml-sax-perl libxml2 libxmlb2
#6 3.292   libxmlrpc-lite-perl libxmuu1 libxs-parse-keyword-perl
#6 3.292   libxs-parse-sublike-perl libxstring-perl libyaml-0-2 libyaml-libyaml-perl
#6 3.292   libzstd-dev licensecheck lintian linux-libc-dev linux-sysctl-defaults
#6 3.293   lsb-release lzip lzop m4 make man-db manpages manpages-dev media-types
#6 3.293   netbase opensc opensc-pkcs11 openssh-client openssl patch patchutils pbzip2
#6 3.293   pcscd perl perl-modules-5.40 perl-openssl-defaults pesign pinentry-curses
#6 3.293   pixz plzip po-debconf polkitd pristine-tar procps psmisc publicsuffix
#6 3.293   python-apt-common python3 python3-apt python3-certifi python3-chardet
#6 3.293   python3-charset-normalizer python3-debian python3-gpg python3-idna
#6 3.293   python3-magic python3-minimal python3-requests python3-unidiff
#6 3.293   python3-urllib3 python3-xdg python3.13 python3.13-minimal readline-common
#6 3.293   rpcsvc-proto runit-helper sbsigntool sensible-utils sgml-base
#6 3.293   shared-mime-info sq strace systemd systemd-cryptsetup systemd-sysv
#6 3.293   systemd-timesyncd t1utils ucf unzip wdiff wget xauth xdelta xdelta3
#6 3.293   xdg-user-dirs xml-core xxd xz-utils zlib1g-dev
#6 3.353 0 upgraded, 479 newly installed, 0 to remove and 0 not upgraded.
#6 3.353 Need to get 210 MB of archives.
#6 3.353 After this operation, 729 MB of additional disk space will be used.
#6 3.353 Get:1 http://deb.debian.org/debian trixie/main amd64 libsystemd-shared amd64 257.13-1~deb13u1 [2155 kB]
#6 3.391 Get:2 http://deb.debian.org/debian trixie/main amd64 libapparmor1 amd64 4.1.0-1 [43.7 kB]
#6 3.392 Get:3 http://deb.debian.org/debian trixie/main amd64 systemd amd64 257.13-1~deb13u1 [3094 kB]
#6 3.409 Get:4 http://deb.debian.org/debian trixie/main amd64 systemd-sysv amd64 257.13-1~deb13u1 [64.9 kB]
#6 3.409 Get:5 http://deb.debian.org/debian trixie/main amd64 libdbus-1-3 amd64 1.16.2-2 [178 kB]
#6 3.410 Get:6 http://deb.debian.org/debian trixie/main amd64 dbus-bin amd64 1.16.2-2 [80.0 kB]
#6 3.410 Get:7 http://deb.debian.org/debian trixie/main amd64 dbus-session-bus-common all 1.16.2-2 [52.3 kB]
#6 3.410 Get:8 http://deb.debian.org/debian-security trixie-security/main amd64 libexpat1 amd64 2.8.2-1~deb13u1 [122 kB]
#6 3.411 Get:9 http://deb.debian.org/debian trixie/main amd64 dbus-daemon amd64 1.16.2-2 [159 kB]
#6 3.411 Get:10 http://deb.debian.org/debian trixie/main amd64 adduser all 3.152 [191 kB]
#6 3.412 Get:11 http://deb.debian.org/debian trixie/main amd64 dbus-system-bus-common all 1.16.2-2 [53.5 kB]
#6 3.412 Get:12 http://deb.debian.org/debian trixie/main amd64 dbus amd64 1.16.2-2 [71.6 kB]
#6 3.415 Get:13 http://deb.debian.org/debian trixie/main amd64 liblocale-gettext-perl amd64 1.07-7+b1 [15.3 kB]
#6 3.418 Get:14 http://deb.debian.org/debian trixie/main amd64 libusb-1.0-0 amd64 2:1.0.28-1 [59.6 kB]
#6 3.425 Get:15 http://deb.debian.org/debian trixie/main amd64 libccid amd64 1.6.2-1 [78.8 kB]
#6 3.426 Get:16 http://deb.debian.org/debian trixie/main amd64 libatomic1 amd64 14.2.0-19 [9308 B]
#6 3.427 Get:17 http://deb.debian.org/debian trixie/main amd64 libffi8 amd64 3.4.8-2 [24.1 kB]
#6 3.428 Get:18 http://deb.debian.org/debian trixie/main amd64 libglib2.0-0t64 amd64 2.84.4-3~deb13u3 [1519 kB]
#6 3.435 Get:19 http://deb.debian.org/debian trixie/main amd64 libpolkit-gobject-1-0 amd64 126-2 [48.0 kB]
#6 3.439 Get:20 http://deb.debian.org/debian trixie/main amd64 runit-helper all 2.16.4 [7296 B]
#6 3.439 Get:21 http://deb.debian.org/debian trixie/main amd64 libpcsclite1 amd64 2.3.3-1 [55.2 kB]
#6 3.439 Get:22 http://deb.debian.org/debian trixie/main amd64 libpam-systemd amd64 257.13-1~deb13u1 [297 kB]
#6 3.439 Get:23 http://deb.debian.org/debian trixie/main amd64 sgml-base all 1.31+nmu1 [10.9 kB]
#6 3.439 Get:24 http://deb.debian.org/debian trixie/main amd64 xml-core all 0.19 [20.1 kB]
#6 3.439 Get:25 http://deb.debian.org/debian trixie/main amd64 libduktape207 amd64 2.7.0-2+b2 [135 kB]
#6 3.439 Get:26 http://deb.debian.org/debian trixie/main amd64 libpolkit-agent-1-0 amd64 126-2 [26.4 kB]
#6 3.444 Get:27 http://deb.debian.org/debian trixie/main amd64 polkitd amd64 126-2 [122 kB]
#6 3.446 Get:28 http://deb.debian.org/debian trixie/main amd64 pcscd amd64 2.3.3-1 [96.6 kB]
#6 3.449 Get:29 http://deb.debian.org/debian trixie-updates/main amd64 libpython3.13-minimal amd64 3.13.5-2+deb13u4 [863 kB]
#6 3.456 Get:30 http://deb.debian.org/debian trixie-updates/main amd64 python3.13-minimal amd64 3.13.5-2+deb13u4 [2217 kB]
#6 3.462 Get:31 http://deb.debian.org/debian trixie/main amd64 python3-minimal amd64 3.13.5-1 [27.2 kB]
#6 3.462 Get:32 http://deb.debian.org/debian trixie/main amd64 media-types all 13.0.0 [29.3 kB]
#6 3.463 Get:33 http://deb.debian.org/debian trixie/main amd64 netbase all 6.5 [12.4 kB]
#6 3.463 Get:34 http://deb.debian.org/debian trixie/main amd64 libncursesw6 amd64 6.5+20250216-2 [135 kB]
#6 3.464 Get:35 http://deb.debian.org/debian trixie/main amd64 readline-common all 8.2-6 [69.4 kB]
#6 3.465 Get:36 http://deb.debian.org/debian trixie/main amd64 libreadline8t64 amd64 8.2-6 [169 kB]
#6 3.466 Get:37 http://deb.debian.org/debian trixie-updates/main amd64 libpython3.13-stdlib amd64 3.13.5-2+deb13u4 [1957 kB]
#6 3.479 Get:38 http://deb.debian.org/debian trixie-updates/main amd64 python3.13 amd64 3.13.5-2+deb13u4 [757 kB]
#6 3.481 Get:39 http://deb.debian.org/debian trixie/main amd64 libpython3-stdlib amd64 3.13.5-1 [10.2 kB]
#6 3.481 Get:40 http://deb.debian.org/debian trixie/main amd64 python3 amd64 3.13.5-1 [28.2 kB]
#6 3.481 Get:41 http://deb.debian.org/debian trixie/main amd64 less amd64 668-1 [161 kB]
#6 3.482 Get:42 http://deb.debian.org/debian trixie/main amd64 linux-sysctl-defaults all 4.12.1 [5724 B]
#6 3.482 Get:43 http://deb.debian.org/debian trixie/main amd64 libproc2-0 amd64 2:4.0.4-9 [65.6 kB]
#6 3.482 Get:44 http://deb.debian.org/debian trixie/main amd64 procps amd64 2:4.0.4-9 [882 kB]
#6 3.486 Get:45 http://deb.debian.org/debian trixie/main amd64 sensible-utils all 0.0.25 [25.0 kB]
#6 3.487 Get:46 http://deb.debian.org/debian trixie/main amd64 bzip2 amd64 1.0.8-6 [40.5 kB]
#6 3.487 Get:47 http://deb.debian.org/debian trixie/main amd64 openssl amd64 3.5.6-1~deb13u2 [1503 kB]
#6 3.494 Get:48 http://deb.debian.org/debian trixie/main amd64 ca-certificates all 20250419 [162 kB]
#6 3.495 Get:49 http://deb.debian.org/debian trixie/main amd64 libmagic-mgc amd64 1:5.46-5 [338 kB]
#6 3.497 Get:50 http://deb.debian.org/debian trixie/main amd64 libmagic1t64 amd64 1:5.46-5 [109 kB]
#6 3.498 Get:51 http://deb.debian.org/debian trixie/main amd64 file amd64 1:5.46-5 [43.6 kB]
#6 3.499 Get:52 http://deb.debian.org/debian trixie/main amd64 gettext-base amd64 0.23.1-2 [243 kB]
#6 3.500 Get:53 http://deb.debian.org/debian trixie/main amd64 libuchardet0 amd64 0.0.8-1+b2 [68.9 kB]
#6 3.500 Get:54 http://deb.debian.org/debian trixie/main amd64 groff-base amd64 1.23.0-9 [1187 kB]
#6 3.506 Get:55 http://deb.debian.org/debian trixie/main amd64 krb5-locales all 1.21.3-5+deb13u1 [101 kB]
#6 3.506 Get:56 http://deb.debian.org/debian trixie/main amd64 libnss-systemd amd64 257.13-1~deb13u1 [220 kB]
#6 3.508 Get:57 http://deb.debian.org/debian trixie/main amd64 bsdextrautils amd64 2.41-5 [94.6 kB]
#6 3.509 Get:58 http://deb.debian.org/debian trixie/main amd64 libgdbm6t64 amd64 1.24-2 [75.2 kB]
#6 3.509 Get:59 http://deb.debian.org/debian trixie/main amd64 libpipeline1 amd64 1.5.8-1 [42.0 kB]
#6 3.511 Get:60 http://deb.debian.org/debian trixie/main amd64 man-db amd64 2.13.1-1 [1469 kB]
#6 3.518 Get:61 http://deb.debian.org/debian trixie/main amd64 manpages all 6.9.1-1 [1393 kB]
#6 3.525 Get:62 http://deb.debian.org/debian trixie/main amd64 libedit2 amd64 3.1-20250104-1 [93.8 kB]
#6 3.526 Get:63 http://deb.debian.org/debian trixie/main amd64 libcbor0.10 amd64 0.10.2-2 [28.3 kB]
#6 3.526 Get:64 http://deb.debian.org/debian trixie/main amd64 libfido2-1 amd64 1.15.0-1+b1 [78.7 kB]
#6 3.527 Get:65 http://deb.debian.org/debian trixie/main amd64 libkrb5support0 amd64 1.21.3-5+deb13u1 [33.1 kB]
#6 3.527 Get:66 http://deb.debian.org/debian trixie/main amd64 libcom-err2 amd64 1.47.2-3+b11 [25.0 kB]
#6 3.527 Get:67 http://deb.debian.org/debian trixie/main amd64 libk5crypto3 amd64 1.21.3-5+deb13u1 [81.2 kB]
#6 3.528 Get:68 http://deb.debian.org/debian trixie/main amd64 libkeyutils1 amd64 1.6.3-6 [9456 B]
#6 3.528 Get:69 http://deb.debian.org/debian trixie/main amd64 libkrb5-3 amd64 1.21.3-5+deb13u1 [326 kB]
#6 3.529 Get:70 http://deb.debian.org/debian trixie/main amd64 libgssapi-krb5-2 amd64 1.21.3-5+deb13u1 [138 kB]
#6 3.532 Get:71 http://deb.debian.org/debian trixie/main amd64 openssh-client amd64 1:10.0p1-7+deb13u4 [990 kB]
#6 3.537 Get:72 http://deb.debian.org/debian trixie/main amd64 perl-modules-5.40 all 5.40.1-6 [3019 kB]
#6 3.552 Get:73 http://deb.debian.org/debian trixie/main amd64 libgdbm-compat4t64 amd64 1.24-2 [50.3 kB]
#6 3.552 Get:74 http://deb.debian.org/debian trixie/main amd64 libperl5.40 amd64 5.40.1-6 [4341 kB]
#6 3.572 Get:75 http://deb.debian.org/debian trixie/main amd64 perl amd64 5.40.1-6 [267 kB]
#6 3.573 Get:76 http://deb.debian.org/debian trixie/main amd64 systemd-timesyncd amd64 257.13-1~deb13u1 [93.3 kB]
#6 3.573 Get:77 http://deb.debian.org/debian trixie/main amd64 libtext-charwidth-perl amd64 0.04-11+b4 [9476 B]
#6 3.574 Get:78 http://deb.debian.org/debian trixie/main amd64 libtext-wrapi18n-perl all 0.06-10 [8808 B]
#6 3.574 Get:79 http://deb.debian.org/debian trixie/main amd64 ucf all 3.0052 [43.3 kB]
#6 3.574 Get:80 http://deb.debian.org/debian trixie/main amd64 libunistring5 amd64 1.3-2 [477 kB]
#6 3.576 Get:81 http://deb.debian.org/debian trixie/main amd64 libidn2-0 amd64 2.3.8-2 [109 kB]
#6 3.577 Get:82 http://deb.debian.org/debian trixie/main amd64 libp11-kit0 amd64 0.25.5-3 [425 kB]
#6 3.579 Get:83 http://deb.debian.org/debian trixie/main amd64 libtasn1-6 amd64 4.20.0-2+deb13u1 [50.1 kB]
#6 3.579 Get:84 http://deb.debian.org/debian trixie/main amd64 libgnutls30t64 amd64 3.8.9-3+deb13u4 [1469 kB]
#6 3.585 Get:85 http://deb.debian.org/debian trixie/main amd64 libpsl5t64 amd64 0.21.2-1.1+b1 [57.2 kB]
#6 3.586 Get:86 http://deb.debian.org/debian trixie/main amd64 wget amd64 1.25.0-2 [984 kB]
#6 3.590 Get:87 http://deb.debian.org/debian trixie/main amd64 xz-utils amd64 5.8.1-1+deb13u1 [659 kB]
#6 3.593 Get:88 http://deb.debian.org/debian trixie/main amd64 libxml2 amd64 2.12.7+dfsg+really2.9.14-2.1+deb13u3 [700 kB]
#6 3.596 Get:89 http://deb.debian.org/debian trixie/main amd64 shared-mime-info amd64 2.4-5+b2 [760 kB]
#6 3.599 Get:90 http://deb.debian.org/debian trixie/main amd64 libbrotli1 amd64 1.1.0-2+b7 [307 kB]
#6 3.600 Get:91 http://deb.debian.org/debian trixie/main amd64 libsasl2-modules-db amd64 2.1.28+dfsg1-9 [19.8 kB]
#6 3.600 Get:92 http://deb.debian.org/debian trixie/main amd64 libsasl2-2 amd64 2.1.28+dfsg1-9 [57.5 kB]
#6 3.601 Get:93 http://deb.debian.org/debian trixie/main amd64 libldap2 amd64 2.6.10+dfsg-1 [194 kB]
#6 3.602 Get:94 http://deb.debian.org/debian trixie/main amd64 libnghttp2-14 amd64 1.64.0-1.1+deb13u1 [76.2 kB]
#6 3.602 Get:95 http://deb.debian.org/debian trixie/main amd64 libnghttp3-9 amd64 1.8.0-1 [67.7 kB]
#6 3.603 Get:96 http://deb.debian.org/debian trixie/main amd64 libngtcp2-16 amd64 1.11.0-1+deb13u1 [132 kB]
#6 3.603 Get:97 http://deb.debian.org/debian trixie/main amd64 libngtcp2-crypto-gnutls8 amd64 1.11.0-1+deb13u1 [29.5 kB]
#6 3.605 Get:98 http://deb.debian.org/debian trixie/main amd64 librtmp1 amd64 2.4+20151223.gitfa8646d.1-2+b5 [58.8 kB]
#6 3.611 Get:99 http://deb.debian.org/debian trixie/main amd64 libssh2-1t64 amd64 1.11.1-1+deb13u1 [245 kB]
#6 3.612 Get:100 http://deb.debian.org/debian trixie/main amd64 libcurl3t64-gnutls amd64 8.14.1-2+deb13u4 [384 kB]
#6 3.619 Get:101 http://deb.debian.org/debian trixie/main amd64 libstemmer0d amd64 2.2.0-4+b2 [119 kB]
#6 3.620 Get:102 http://deb.debian.org/debian trixie/main amd64 libxmlb2 amd64 0.3.22-1 [63.1 kB]
#6 3.620 Get:103 http://deb.debian.org/debian trixie/main amd64 libyaml-0-2 amd64 0.2.5-2 [52.5 kB]
#6 3.632 Get:104 http://deb.debian.org/debian trixie/main amd64 libappstream5 amd64 1.0.5-1 [226 kB]
#6 3.640 Get:105 http://deb.debian.org/debian trixie/main amd64 appstream amd64 1.0.5-1 [538 kB]
#6 3.642 Get:106 http://deb.debian.org/debian trixie/main amd64 m4 amd64 1.4.19-8 [294 kB]
#6 3.645 Get:107 http://deb.debian.org/debian trixie/main amd64 autoconf all 2.72-3.1 [494 kB]
#6 3.650 Get:108 http://deb.debian.org/debian trixie/main amd64 autotools-dev all 20240727.1 [60.2 kB]
#6 3.652 Get:109 http://deb.debian.org/debian trixie/main amd64 automake all 1:1.17-4 [862 kB]
#6 3.667 Get:110 http://deb.debian.org/debian trixie/main amd64 autopoint all 0.23.1-2 [770 kB]
#6 3.671 Get:111 http://deb.debian.org/debian trixie/main amd64 libsframe1 amd64 2.44-3 [78.4 kB]
#6 3.672 Get:112 http://deb.debian.org/debian trixie/main amd64 binutils-common amd64 2.44-3 [2509 kB]
#6 3.687 Get:113 http://deb.debian.org/debian trixie/main amd64 libbinutils amd64 2.44-3 [534 kB]
#6 3.691 Get:114 http://deb.debian.org/debian trixie/main amd64 libgprofng0 amd64 2.44-3 [808 kB]
#6 3.697 Get:115 http://deb.debian.org/debian trixie/main amd64 libctf-nobfd0 amd64 2.44-3 [156 kB]
#6 3.698 Get:116 http://deb.debian.org/debian trixie/main amd64 libctf0 amd64 2.44-3 [88.6 kB]
#6 3.699 Get:117 http://deb.debian.org/debian trixie/main amd64 libjansson4 amd64 2.14-2+b3 [39.8 kB]
#6 3.703 Get:118 http://deb.debian.org/debian trixie/main amd64 binutils-x86-64-linux-gnu amd64 2.44-3 [1014 kB]
#6 3.704 Get:119 http://deb.debian.org/debian trixie/main amd64 binutils amd64 2.44-3 [265 kB]
#6 3.705 Get:120 http://deb.debian.org/debian trixie/main amd64 libc-dev-bin amd64 2.41-12+deb13u3 [59.8 kB]
#6 3.706 Get:121 http://deb.debian.org/debian-security trixie-security/main amd64 linux-libc-dev all 6.12.96-1 [2859 kB]
#6 3.716 Get:122 http://deb.debian.org/debian trixie/main amd64 libcrypt-dev amd64 1:4.4.38-1 [119 kB]
#6 3.718 Get:123 http://deb.debian.org/debian trixie/main amd64 rpcsvc-proto amd64 1.4.3-1 [63.3 kB]
#6 3.719 Get:124 http://deb.debian.org/debian trixie/main amd64 libc6-dev amd64 2.41-12+deb13u3 [1992 kB]
#6 3.730 Get:125 http://deb.debian.org/debian trixie/main amd64 libisl23 amd64 0.27-1 [659 kB]
#6 3.733 Get:126 http://deb.debian.org/debian trixie/main amd64 libmpfr6 amd64 4.2.2-1 [729 kB]
#6 3.738 Get:127 http://deb.debian.org/debian trixie/main amd64 libmpc3 amd64 1.3.1-1+b3 [52.2 kB]
#6 3.738 Get:128 http://deb.debian.org/debian trixie/main amd64 cpp-14-x86-64-linux-gnu amd64 14.2.0-19 [11.0 MB]
#6 3.797 Get:129 http://deb.debian.org/debian trixie/main amd64 cpp-14 amd64 14.2.0-19 [1280 B]
#6 3.797 Get:130 http://deb.debian.org/debian trixie/main amd64 cpp-x86-64-linux-gnu amd64 4:14.2.0-1 [4840 B]
#6 3.799 Get:131 http://deb.debian.org/debian trixie/main amd64 cpp amd64 4:14.2.0-1 [1568 B]
#6 3.799 Get:132 http://deb.debian.org/debian trixie/main amd64 libcc1-0 amd64 14.2.0-19 [42.8 kB]
#6 3.800 Get:133 http://deb.debian.org/debian trixie/main amd64 libgomp1 amd64 14.2.0-19 [137 kB]
#6 3.800 Get:134 http://deb.debian.org/debian trixie/main amd64 libitm1 amd64 14.2.0-19 [26.0 kB]
#6 3.800 Get:135 http://deb.debian.org/debian trixie/main amd64 libasan8 amd64 14.2.0-19 [2725 kB]
#6 3.810 Get:136 http://deb.debian.org/debian trixie/main amd64 liblsan0 amd64 14.2.0-19 [1204 kB]
#6 3.816 Get:137 http://deb.debian.org/debian trixie/main amd64 libtsan2 amd64 14.2.0-19 [2460 kB]
#6 3.827 Get:138 http://deb.debian.org/debian trixie/main amd64 libubsan1 amd64 14.2.0-19 [1074 kB]
#6 3.833 Get:139 http://deb.debian.org/debian trixie/main amd64 libhwasan0 amd64 14.2.0-19 [1488 kB]
#6 3.840 Get:140 http://deb.debian.org/debian trixie/main amd64 libquadmath0 amd64 14.2.0-19 [145 kB]
#6 3.841 Get:141 http://deb.debian.org/debian trixie/main amd64 libgcc-14-dev amd64 14.2.0-19 [2672 kB]
#6 3.854 Get:142 http://deb.debian.org/debian trixie/main amd64 gcc-14-x86-64-linux-gnu amd64 14.2.0-19 [21.4 MB]
#6 3.952 Get:143 http://deb.debian.org/debian trixie/main amd64 gcc-14 amd64 14.2.0-19 [540 kB]
#6 3.954 Get:144 http://deb.debian.org/debian trixie/main amd64 gcc-x86-64-linux-gnu amd64 4:14.2.0-1 [1436 B]
#6 3.954 Get:145 http://deb.debian.org/debian trixie/main amd64 gcc amd64 4:14.2.0-1 [5136 B]
#6 3.954 Get:146 http://deb.debian.org/debian trixie/main amd64 libstdc++-14-dev amd64 14.2.0-19 [2376 kB]
#6 3.964 Get:147 http://deb.debian.org/debian trixie/main amd64 g++-14-x86-64-linux-gnu amd64 14.2.0-19 [12.1 MB]
#6 4.019 Get:148 http://deb.debian.org/debian trixie/main amd64 g++-14 amd64 14.2.0-19 [22.5 kB]
#6 4.019 Get:149 http://deb.debian.org/debian trixie/main amd64 g++-x86-64-linux-gnu amd64 4:14.2.0-1 [1200 B]
#6 4.020 Get:150 http://deb.debian.org/debian trixie/main amd64 g++ amd64 4:14.2.0-1 [1344 B]
#6 4.020 Get:151 http://deb.debian.org/debian trixie/main amd64 make amd64 4.4.1-2 [463 kB]
#6 4.021 Get:152 http://deb.debian.org/debian trixie/main amd64 libdpkg-perl all 1.22.22 [651 kB]
#6 4.025 Get:153 http://deb.debian.org/debian trixie/main amd64 patch amd64 2.8-2 [134 kB]
#6 4.025 Get:154 http://deb.debian.org/debian trixie/main amd64 dpkg-dev all 1.22.22 [1337 kB]
#6 4.029 Get:155 http://deb.debian.org/debian trixie/main amd64 build-essential amd64 12.12 [4624 B]
#6 4.030 Get:156 http://deb.debian.org/debian trixie/main amd64 libckyapplet1t64 amd64 1.1.0-16.1 [22.6 kB]
#6 4.031 Get:157 http://deb.debian.org/debian trixie/main amd64 coolkey amd64 1.1.0-16.1 [90.8 kB]
#6 4.034 Get:158 http://deb.debian.org/debian trixie/main amd64 dbus-user-session amd64 1.16.2-2 [52.1 kB]
#6 4.034 Get:159 http://deb.debian.org/debian trixie/main amd64 dctrl-tools amd64 2.24-3+b1 [104 kB]
#6 4.035 Get:160 http://deb.debian.org/debian trixie/main amd64 libdebhelper-perl all 13.24.2 [90.9 kB]
#6 4.036 Get:161 http://deb.debian.org/debian trixie/main amd64 libtool all 2.5.4-4 [539 kB]
#6 4.040 Get:162 http://deb.debian.org/debian trixie/main amd64 dh-autoreconf all 20 [17.1 kB]
#6 4.040 Get:163 http://deb.debian.org/debian trixie/main amd64 libarchive-zip-perl all 1.68-1 [104 kB]
#6 4.041 Get:164 http://deb.debian.org/debian trixie/main amd64 libfile-stripnondeterminism-perl all 1.14.1-2 [19.7 kB]
#6 4.042 Get:165 http://deb.debian.org/debian trixie/main amd64 dh-strip-nondeterminism all 1.14.1-2 [8620 B]
#6 4.043 Get:166 http://deb.debian.org/debian trixie/main amd64 libelf1t64 amd64 0.192-4 [189 kB]
#6 4.044 Get:167 http://deb.debian.org/debian trixie/main amd64 dwz amd64 0.15-1+b1 [110 kB]
#6 4.052 Get:168 http://deb.debian.org/debian trixie/main amd64 gettext amd64 0.23.1-2 [1680 kB]
#6 4.063 Get:169 http://deb.debian.org/debian trixie/main amd64 intltool-debian all 0.35.0+20060710.6 [22.9 kB]
#6 4.063 Get:170 http://deb.debian.org/debian trixie/main amd64 po-debconf all 1.0.21+nmu1 [248 kB]
#6 4.069 Get:171 http://deb.debian.org/debian trixie/main amd64 debhelper all 13.24.2 [919 kB]
#6 4.072 Get:172 http://deb.debian.org/debian trixie/main amd64 debian-keyring all 2025.07.26 [33.8 MB]
#6 4.198 Get:173 http://deb.debian.org/debian trixie/main amd64 debian-tag2upload-keyring all 1.1 [3892 B]
#6 4.198 Get:174 http://deb.debian.org/debian trixie/main amd64 libgpg-error0 amd64 1.51-4 [82.1 kB]
#6 4.198 Get:175 http://deb.debian.org/debian trixie/main amd64 libassuan9 amd64 3.0.2-2 [61.5 kB]
#6 4.199 Get:176 http://deb.debian.org/debian trixie/main amd64 libgcrypt20 amd64 1.11.0-7+deb13u1 [843 kB]
#6 4.207 Get:177 http://deb.debian.org/debian trixie/main amd64 gpgconf amd64 2.4.7-21+deb13u1+b4 [129 kB]
#6 4.207 Get:178 http://deb.debian.org/debian trixie/main amd64 libksba8 amd64 1.6.7-2+b1 [136 kB]
#6 4.207 Get:179 http://deb.debian.org/debian trixie/main amd64 libnpth0t64 amd64 1.8-3 [23.2 kB]
#6 4.207 Get:180 http://deb.debian.org/debian trixie/main amd64 gpg amd64 2.4.7-21+deb13u1+b4 [634 kB]
#6 4.207 Get:181 http://deb.debian.org/debian trixie/main amd64 pinentry-curses amd64 1.3.1-2 [86.4 kB]
#6 4.207 Get:182 http://deb.debian.org/debian trixie/main amd64 gpg-agent amd64 2.4.7-21+deb13u1+b4 [271 kB]
#6 4.209 Get:183 http://deb.debian.org/debian trixie/main amd64 libfile-dirlist-perl all 0.05-3 [7600 B]
#6 4.210 Get:184 http://deb.debian.org/debian trixie/main amd64 libfile-which-perl all 1.27-2 [15.1 kB]
#6 4.211 Get:185 http://deb.debian.org/debian trixie/main amd64 libfile-homedir-perl all 1.006-2 [42.4 kB]
#6 4.213 Get:186 http://deb.debian.org/debian trixie/main amd64 libfile-touch-perl all 0.12-2 [8816 B]
#6 4.214 Get:187 http://deb.debian.org/debian trixie/main amd64 libclass-method-modifiers-perl all 2.15-1 [18.0 kB]
#6 4.215 Get:188 http://deb.debian.org/debian trixie/main amd64 libclass-xsaccessor-perl amd64 1.19-4+b5 [36.1 kB]
#6 4.216 Get:189 http://deb.debian.org/debian trixie/main amd64 libb-hooks-op-check-perl amd64 0.22-3+b2 [10.6 kB]
#6 4.218 Get:190 http://deb.debian.org/debian trixie/main amd64 libdynaloader-functions-perl all 0.004-2 [12.2 kB]
#6 4.218 Get:191 http://deb.debian.org/debian trixie/main amd64 libdevel-callchecker-perl amd64 0.009-2 [15.6 kB]
#6 4.221 Get:192 http://deb.debian.org/debian trixie/main amd64 libparams-classify-perl amd64 0.015-2+b4 [22.5 kB]
#6 4.223 Get:193 http://deb.debian.org/debian trixie/main amd64 libmodule-runtime-perl all 0.018-1 [17.8 kB]
#6 4.225 Get:194 http://deb.debian.org/debian trixie/main amd64 libimport-into-perl all 1.002005-2 [11.3 kB]
#6 4.226 Get:195 http://deb.debian.org/debian trixie/main amd64 librole-tiny-perl all 2.002004-1 [21.4 kB]
#6 4.229 Get:196 http://deb.debian.org/debian trixie/main amd64 libsub-quote-perl all 2.006008-1 [21.8 kB]
#6 4.232 Get:197 http://deb.debian.org/debian trixie/main amd64 libmoo-perl all 2.005005-1 [58.0 kB]
#6 4.234 Get:198 http://deb.debian.org/debian trixie/main amd64 libencode-locale-perl all 1.05-3 [12.9 kB]
#6 4.235 Get:199 http://deb.debian.org/debian trixie/main amd64 libtimedate-perl all 2.3300-2 [39.3 kB]
#6 4.236 Get:200 http://deb.debian.org/debian trixie/main amd64 libhttp-date-perl all 6.06-1 [10.7 kB]
#6 4.237 Get:201 http://deb.debian.org/debian trixie/main amd64 libfile-listing-perl all 6.16-1 [12.4 kB]
#6 4.239 Get:202 http://deb.debian.org/debian trixie/main amd64 libhtml-tagset-perl all 3.24-1 [14.7 kB]
#6 4.240 Get:203 http://deb.debian.org/debian trixie/main amd64 liburi-perl all 5.30-1 [105 kB]
#6 4.241 Get:204 http://deb.debian.org/debian trixie/main amd64 libhtml-parser-perl amd64 3.83-2~deb13u1 [99.6 kB]
#6 4.249 Get:205 http://deb.debian.org/debian trixie/main amd64 libhtml-tree-perl all 5.07-3 [211 kB]
#6 4.250 Get:206 http://deb.debian.org/debian trixie/main amd64 libclone-perl amd64 0.47-1+b1 [13.9 kB]
#6 4.251 Get:207 http://deb.debian.org/debian trixie/main amd64 libio-html-perl all 1.004-3 [16.2 kB]
#6 4.251 Get:208 http://deb.debian.org/debian trixie/main amd64 liblwp-mediatypes-perl all 6.04-2 [20.2 kB]
#6 4.251 Get:209 http://deb.debian.org/debian trixie/main amd64 libhttp-message-perl all 7.00-2 [79.8 kB]
#6 4.253 Get:210 http://deb.debian.org/debian trixie/main amd64 libhttp-cookies-perl all 6.11-1 [19.1 kB]
#6 4.253 Get:211 http://deb.debian.org/debian trixie/main amd64 libhttp-negotiate-perl all 6.01-2 [13.1 kB]
#6 4.254 Get:212 http://deb.debian.org/debian trixie/main amd64 perl-openssl-defaults amd64 7+b2 [6724 B]
#6 4.254 Get:213 http://deb.debian.org/debian trixie/main amd64 libnet-ssleay-perl amd64 1.94-3 [339 kB]
#6 4.256 Get:214 http://deb.debian.org/debian trixie/main amd64 libio-socket-ssl-perl all 2.089-1 [223 kB]
#6 4.258 Get:215 http://deb.debian.org/debian trixie/main amd64 libnet-http-perl all 6.23-1 [23.9 kB]
#6 4.258 Get:216 http://deb.debian.org/debian trixie/main amd64 liblwp-protocol-https-perl all 6.14-1 [10.8 kB]
#6 4.263 Get:217 http://deb.debian.org/debian trixie/main amd64 libtry-tiny-perl all 0.32-1 [22.9 kB]
#6 4.263 Get:218 http://deb.debian.org/debian trixie/main amd64 libwww-robotrules-perl all 6.02-1 [12.9 kB]
#6 4.263 Get:219 http://deb.debian.org/debian trixie/main amd64 libwww-perl all 6.78-1 [183 kB]
#6 4.265 Get:220 http://deb.debian.org/debian trixie/main amd64 patchutils amd64 0.4.2-1 [77.5 kB]
#6 4.272 Get:221 http://deb.debian.org/debian trixie/main amd64 gpgv amd64 2.4.7-21+deb13u1+b4 [241 kB]
#6 4.274 Get:222 http://deb.debian.org/debian trixie/main amd64 wdiff amd64 1.2.2-9 [122 kB]
#6 4.281 Get:223 http://deb.debian.org/debian trixie/main amd64 devscripts all 2.25.15+deb13u1 [1068 kB]
#6 4.287 Get:224 http://deb.debian.org/debian trixie/main amd64 diffstat amd64 1.67-1 [35.5 kB]
#6 4.295 Get:225 http://deb.debian.org/debian trixie/main amd64 dirmngr amd64 2.4.7-21+deb13u1+b4 [384 kB]
#6 4.297 Get:226 http://deb.debian.org/debian trixie/main amd64 distro-info-data all 0.66+deb13u2 [6792 B]
#6 4.297 Get:227 http://deb.debian.org/debian trixie/main amd64 libdevmapper1.02.1 amd64 2:1.02.205-2 [135 kB]
#6 4.298 Get:228 http://deb.debian.org/debian trixie/main amd64 dmsetup amd64 2:1.02.205-2 [82.3 kB]
#6 4.299 Get:229 http://deb.debian.org/debian trixie/main amd64 dos2unix amd64 7.5.2-1 [518 kB]
#6 4.307 Get:230 http://deb.debian.org/debian trixie/main amd64 python3-charset-normalizer amd64 3.4.2-1 [128 kB]
#6 4.309 Get:231 http://deb.debian.org/debian trixie/main amd64 python3-debian all 1.0.1 [120 kB]
#6 4.310 Get:232 http://deb.debian.org/debian trixie/main amd64 gnupg-l10n all 2.4.7-21+deb13u1 [749 kB]
#6 4.315 Get:233 http://deb.debian.org/debian trixie/main amd64 gpgsm amd64 2.4.7-21+deb13u1+b4 [276 kB]
#6 4.325 Get:234 http://deb.debian.org/debian trixie/main amd64 gnupg all 2.4.7-21+deb13u1 [417 kB]
#6 4.328 Get:235 http://deb.debian.org/debian trixie/main amd64 libgpgme11t64 amd64 1.24.2-3 [346 kB]
#6 4.336 Get:236 http://deb.debian.org/debian trixie/main amd64 python3-gpg amd64 1.24.2-3 [408 kB]
#6 4.340 Get:237 http://deb.debian.org/debian trixie/main amd64 python3-xdg all 0.28-2 [40.5 kB]
#6 4.341 Get:238 http://deb.debian.org/debian trixie/main amd64 dput all 1.2.4 [45.2 kB]
#6 4.343 Get:239 http://deb.debian.org/debian trixie/main amd64 libefisec1t64 amd64 38-3.1+b1 [16.4 kB]
#6 4.345 Get:240 http://deb.debian.org/debian trixie/main amd64 libefivar1t64 amd64 38-3.1+b1 [58.5 kB]
#6 4.347 Get:241 http://deb.debian.org/debian trixie/main amd64 libefiboot1t64 amd64 38-3.1+b1 [43.9 kB]
#6 4.350 Get:242 http://deb.debian.org/debian trixie/main amd64 efivar amd64 38-3.1+b1 [30.2 kB]
#6 4.351 Get:243 http://deb.debian.org/debian trixie/main amd64 equivs all 2.3.2 [15.2 kB]
#6 4.351 Get:244 http://deb.debian.org/debian trixie/main amd64 libfakeroot amd64 1.37.1.1-1 [29.6 kB]
#6 4.351 Get:245 http://deb.debian.org/debian trixie/main amd64 fakeroot amd64 1.37.1.1-1 [76.0 kB]
#6 4.352 Get:246 http://deb.debian.org/debian trixie/main amd64 liberror-perl all 0.17030-1 [26.9 kB]
#6 4.352 Get:247 http://deb.debian.org/debian trixie/main amd64 git-man all 1:2.47.3-0+deb13u1 [2205 kB]
#6 4.361 Get:248 http://deb.debian.org/debian trixie/main amd64 git amd64 1:2.47.3-0+deb13u1 [8862 kB]
#6 4.393 Get:249 http://deb.debian.org/debian trixie/main amd64 gnu-efi amd64 3.0.18-1+deb13u1 [341 kB]
#6 4.394 Get:250 http://deb.debian.org/debian trixie/main amd64 gpg-wks-client amd64 2.4.7-21+deb13u1+b4 [109 kB]
#6 4.394 Get:251 http://deb.debian.org/debian trixie/main amd64 iso-codes all 4.18.0-1 [3125 kB]
#6 4.410 Get:252 http://deb.debian.org/debian trixie/main amd64 libabsl20240722 amd64 20240722.0-4 [492 kB]
#6 4.411 Get:253 http://deb.debian.org/debian trixie/main amd64 libalgorithm-diff-perl all 1.201-1 [43.3 kB]
#6 4.411 Get:254 http://deb.debian.org/debian trixie/main amd64 libalgorithm-diff-xs-perl amd64 0.04-9 [11.1 kB]
#6 4.412 Get:255 http://deb.debian.org/debian trixie/main amd64 libalgorithm-merge-perl all 0.08-5 [11.8 kB]
#6 4.414 Get:256 http://deb.debian.org/debian trixie/main amd64 libaliased-perl all 0.34-3 [13.5 kB]
#6 4.414 Get:257 http://deb.debian.org/debian trixie/main amd64 libapt-pkg-perl amd64 0.1.42 [68.3 kB]
#6 4.414 Get:258 http://deb.debian.org/debian trixie/main amd64 libarchive-cpio-perl all 0.10-3 [10.8 kB]
#6 4.414 Get:259 http://deb.debian.org/debian trixie/main amd64 libarchive13t64 amd64 3.7.4-4+deb13u1 [350 kB]
#6 4.414 Get:260 http://deb.debian.org/debian trixie/main amd64 libarray-intspan-perl all 2.004-2 [25.7 kB]
#6 4.416 Get:261 http://deb.debian.org/debian trixie/main amd64 libauthen-sasl-perl all 2.1700-1 [44.8 kB]
#6 4.421 Get:262 http://deb.debian.org/debian trixie/main amd64 libmodule-implementation-perl all 0.09-2 [12.6 kB]
#6 4.422 Get:263 http://deb.debian.org/debian trixie/main amd64 libsub-exporter-progressive-perl all 0.001013-3 [7496 B]
#6 4.423 Get:264 http://deb.debian.org/debian trixie/main amd64 libvariable-magic-perl amd64 0.64-1+b1 [44.9 kB]
#6 4.423 Get:265 http://deb.debian.org/debian trixie/main amd64 libb-hooks-endofscope-perl all 0.28-2 [17.6 kB]
#6 4.423 Get:266 http://deb.debian.org/debian trixie/main amd64 libberkeleydb-perl amd64 0.66-1 [121 kB]
#6 4.424 Get:267 http://deb.debian.org/debian trixie/main amd64 libcapture-tiny-perl all 0.50-1 [24.6 kB]
#6 4.428 Get:268 http://deb.debian.org/debian trixie/main amd64 libcgi-pm-perl all 4.68-1 [217 kB]
#6 4.430 Get:269 http://deb.debian.org/debian trixie/main amd64 libfcgi0t64 amd64 2.4.5-0.1 [25.4 kB]
#6 4.431 Get:270 http://deb.debian.org/debian trixie/main amd64 libfcgi-perl amd64 0.82+ds-3+b2 [25.3 kB]
#6 4.433 Get:271 http://deb.debian.org/debian trixie/main amd64 libcgi-fast-perl all 1:2.17-1 [11.8 kB]
#6 4.434 Get:272 http://deb.debian.org/debian trixie/main amd64 libclass-data-inheritable-perl all 0.10-1 [8632 B]
#6 4.434 Get:273 http://deb.debian.org/debian trixie/main amd64 libclass-inspector-perl all 1.36-3 [17.5 kB]
#6 4.435 Get:274 http://deb.debian.org/debian trixie/main amd64 libcommon-sense-perl amd64 3.75-3+b5 [22.9 kB]
#6 4.436 Get:275 http://deb.debian.org/debian trixie/main amd64 libconfig-tiny-perl all 2.30-1 [18.9 kB]
#6 4.438 Get:276 http://deb.debian.org/debian trixie/main amd64 libparams-util-perl amd64 1.102-3+b1 [24.4 kB]
#6 4.438 Get:277 http://deb.debian.org/debian trixie/main amd64 libsub-install-perl all 0.929-1 [10.5 kB]
#6 4.440 Get:278 http://deb.debian.org/debian trixie/main amd64 libdata-optlist-perl all 0.114-1 [10.6 kB]
#6 4.442 Get:279 http://deb.debian.org/debian trixie/main amd64 libsub-exporter-perl all 0.990-1 [50.6 kB]
#6 4.448 Get:280 http://deb.debian.org/debian trixie/main amd64 libconst-fast-perl all 0.014-2 [8792 B]
#6 4.448 Get:281 http://deb.debian.org/debian trixie/main amd64 libwant-perl amd64 0.29-2+b4 [27.6 kB]
#6 4.452 Get:282 http://deb.debian.org/debian trixie/main amd64 libcontextual-return-perl all 0.004014-4 [54.9 kB]
#6 4.453 Get:283 http://deb.debian.org/debian trixie/main amd64 libconvert-binhex-perl all 1.125-3 [27.4 kB]
#6 4.461 Get:284 http://deb.debian.org/debian trixie/main amd64 libcpanel-json-xs-perl amd64 4.39-2~deb13u1 [130 kB]
#6 4.462 Get:285 http://deb.debian.org/debian trixie/main amd64 libjson-c5 amd64 0.18+ds-1 [46.0 kB]
#6 4.469 Get:286 http://deb.debian.org/debian trixie/main amd64 libcryptsetup12 amd64 2:2.7.5-2 [254 kB]
#6 4.471 Get:287 http://deb.debian.org/debian trixie/main amd64 libdevel-stacktrace-perl all 2.0500-1 [26.4 kB]
#6 4.471 Get:288 http://deb.debian.org/debian trixie/main amd64 libexception-class-perl all 1.45-1 [34.6 kB]
#6 4.473 Get:289 http://deb.debian.org/debian trixie/main amd64 libiterator-perl all 0.03+ds1-2 [18.8 kB]
#6 4.474 Get:290 http://deb.debian.org/debian trixie/main amd64 libiterator-util-perl all 0.02+ds1-2 [14.0 kB]
#6 4.475 Get:291 http://deb.debian.org/debian trixie/main amd64 libdata-dpath-perl all 0.60-1 [41.8 kB]
#6 4.476 Get:292 http://deb.debian.org/debian trixie/main amd64 libdata-dump-perl all 1.25-1 [28.4 kB]
#6 4.477 Get:293 http://deb.debian.org/debian trixie/main amd64 libdata-messagepack-perl amd64 1.02-2 [32.6 kB]
#6 4.488 Get:294 http://deb.debian.org/debian trixie/main amd64 libnet-domain-tld-perl all 1.75-4 [31.5 kB]
#6 4.491 Get:295 http://deb.debian.org/debian trixie/main amd64 libdata-validate-domain-perl all 0.15-1 [11.9 kB]
#6 4.491 Get:296 http://deb.debian.org/debian trixie/main amd64 libnet-ipv6addr-perl all 1.02-1 [21.7 kB]
#6 4.493 Get:297 http://deb.debian.org/debian trixie/main amd64 libnet-netmask-perl all 2.0002-2 [28.6 kB]
#6 4.495 Get:298 http://deb.debian.org/debian trixie/main amd64 libnetaddr-ip-perl amd64 4.079+dfsg-2+b5 [98.1 kB]
#6 4.496 Get:299 http://deb.debian.org/debian trixie/main amd64 libdata-validate-ip-perl all 0.31-1 [20.6 kB]
#6 4.500 Get:300 http://deb.debian.org/debian trixie/main amd64 libdata-validate-uri-perl all 0.07-3 [11.0 kB]
#6 4.503 Get:301 http://deb.debian.org/debian trixie/main amd64 libdevel-size-perl amd64 0.84-1+b1 [24.2 kB]
#6 4.505 Get:302 http://deb.debian.org/debian trixie/main amd64 libdistro-info-perl all 1.13 [5800 B]
#6 4.507 Get:303 http://deb.debian.org/debian trixie/main amd64 libeac3 amd64 1.1.2+ds+git20220117+453c3d6b03a0-1.1+b3 [51.1 kB]
#6 4.511 Get:304 http://deb.debian.org/debian trixie/main amd64 libefivar-dev amd64 38-3.1+b1 [18.2 kB]
#6 4.511 Get:305 http://deb.debian.org/debian trixie/main amd64 zlib1g-dev amd64 1:1.3.dfsg+really1.3.1-1+b1 [920 kB]
#6 4.517 Get:306 http://deb.debian.org/debian trixie/main amd64 libzstd-dev amd64 1.5.7+dfsg-1 [371 kB]
#6 4.520 Get:307 http://deb.debian.org/debian trixie/main amd64 libelf-dev amd64 0.192-4 [93.2 kB]
#6 4.522 Get:308 http://deb.debian.org/debian trixie/main amd64 libemail-address-xs-perl amd64 1.05-1+b4 [29.4 kB]
#6 4.523 Get:309 http://deb.debian.org/debian trixie/main amd64 libexporter-tiny-perl all 1.006002-1 [38.7 kB]
#6 4.525 Get:310 http://deb.debian.org/debian trixie/main amd64 libfcgi-bin amd64 2.4.5-0.1 [12.4 kB]
#6 4.526 Get:311 http://deb.debian.org/debian trixie/main amd64 libfile-sharedir-perl all 1.118-3 [16.0 kB]
#6 4.527 Get:312 http://deb.debian.org/debian trixie/main amd64 libindirect-perl amd64 0.39-2+b4 [27.1 kB]
#6 4.528 Get:313 http://deb.debian.org/debian trixie/main amd64 libxs-parse-keyword-perl amd64 0.48-2 [65.7 kB]
#6 4.530 Get:314 http://deb.debian.org/debian trixie/main amd64 libxs-parse-sublike-perl amd64 0.37-1 [47.1 kB]
#6 4.533 Get:315 http://deb.debian.org/debian trixie/main amd64 libobject-pad-perl amd64 0.820-1 [140 kB]
#6 4.536 Get:316 http://deb.debian.org/debian trixie/main amd64 libfeature-compat-class-perl all 0.07-1 [11.5 kB]
#6 4.538 Get:317 http://deb.debian.org/debian trixie/main amd64 libsyntax-keyword-try-perl amd64 0.30-1+b1 [27.4 kB]
#6 4.539 Get:318 http://deb.debian.org/debian trixie/main amd64 libfeature-compat-try-perl all 0.05-1 [10.4 kB]
#6 4.540 Get:319 http://deb.debian.org/debian trixie/main amd64 libipc-system-simple-perl all 1.30-2 [26.8 kB]
#6 4.540 Get:320 http://deb.debian.org/debian trixie/main amd64 libfile-basedir-perl all 0.09-2 [15.1 kB]
#6 4.542 Get:321 http://deb.debian.org/debian trixie/main amd64 libfile-chdir-perl all 0.1008-1.2 [11.9 kB]
#6 4.542 Get:322 http://deb.debian.org/debian trixie/main amd64 libfile-fcntllock-perl amd64 0.22-4+b4 [34.6 kB]
#6 4.543 Get:323 http://deb.debian.org/debian trixie/main amd64 libnumber-compare-perl all 0.03-3 [6332 B]
#6 4.544 Get:324 http://deb.debian.org/debian trixie/main amd64 libtext-glob-perl all 0.11-3 [7676 B]
#6 4.545 Get:325 http://deb.debian.org/debian trixie/main amd64 libfile-find-rule-perl all 0.34-4 [25.6 kB]
#6 4.546 Get:326 http://deb.debian.org/debian trixie/main amd64 libfont-afm-perl all 1.20-4 [13.1 kB]
#6 4.548 Get:327 http://deb.debian.org/debian trixie/main amd64 libio-string-perl all 1.08-4 [12.1 kB]
#6 4.559 Get:328 http://deb.debian.org/debian trixie/main amd64 libfont-ttf-perl all 1.06-2 [318 kB]
#6 4.562 Get:329 http://deb.debian.org/debian trixie/main amd64 libfreezethaw-perl all 0.5001-3 [16.0 kB]
#6 4.563 Get:330 http://deb.debian.org/debian trixie/main amd64 libsort-versions-perl all 1.62-3 [8928 B]
#6 4.564 Get:331 http://deb.debian.org/debian trixie/main amd64 libgit-wrapper-perl all 0.048-2 [33.4 kB]
#6 4.566 Get:332 http://deb.debian.org/debian trixie/main amd64 libhttp-tiny-multipart-perl all 0.08-2 [9812 B]
#6 4.567 Get:333 http://deb.debian.org/debian trixie/main amd64 libsub-infix-perl all 0.004-4 [11.8 kB]
#6 4.567 Get:334 http://deb.debian.org/debian trixie/main amd64 libmatch-simple-perl all 0.012-1 [15.7 kB]
#6 4.568 Get:335 http://deb.debian.org/debian trixie/main amd64 libio-prompter-perl all 0.005002-1 [62.6 kB]
#6 4.568 Get:336 http://deb.debian.org/debian trixie/main amd64 libtypes-serialiser-perl all 1.01-1 [12.2 kB]
#6 4.568 Get:337 http://deb.debian.org/debian trixie/main amd64 libjson-xs-perl amd64 4.040-1~deb13u1 [91.0 kB]
#6 4.569 Get:338 http://deb.debian.org/debian trixie/main amd64 libjson-maybexs-perl all 1.004008-1 [12.9 kB]
#6 4.572 Get:339 http://deb.debian.org/debian trixie/main amd64 liblog-any-perl all 1.717-1 [78.9 kB]
#6 4.573 Get:340 http://deb.debian.org/debian trixie/main amd64 liblog-any-adapter-screen-perl all 0.141-1 [14.0 kB]
#6 4.573 Get:341 http://deb.debian.org/debian trixie/main amd64 libpackage-stash-perl all 0.40-1 [22.0 kB]
#6 4.578 Get:342 http://deb.debian.org/debian trixie/main amd64 libsub-identify-perl amd64 0.14-3+b3 [11.3 kB]
#6 4.579 Get:343 http://deb.debian.org/debian trixie/main amd64 libsub-name-perl amd64 0.28-1 [12.2 kB]
#6 4.579 Get:344 http://deb.debian.org/debian trixie/main amd64 libnamespace-clean-perl all 0.27-2 [17.8 kB]
#6 4.580 Get:345 http://deb.debian.org/debian trixie/main amd64 libpath-tiny-perl all 0.148-1 [56.7 kB]
#6 4.581 Get:346 http://deb.debian.org/debian trixie/main amd64 libstrictures-perl all 2.000006-1 [18.6 kB]
#6 4.589 Get:347 http://deb.debian.org/debian trixie/main amd64 libtype-tiny-perl all 2.004000-2 [343 kB]
#6 4.591 Get:348 http://deb.debian.org/debian trixie/main amd64 libgitlab-api-v4-perl all 0.27-1 [89.0 kB]
#6 4.592 Get:349 http://deb.debian.org/debian trixie/main amd64 libglib2.0-data all 2.84.4-3~deb13u3 [1287 kB]
#6 4.598 Get:350 http://deb.debian.org/debian trixie/main amd64 libgpg-error-l10n all 1.51-4 [114 kB]
#6 4.599 Get:351 http://deb.debian.org/debian trixie/main amd64 libgpm2 amd64 1.20.7-11+b2 [14.4 kB]
#6 4.599 Get:352 http://deb.debian.org/debian trixie/main amd64 libhtml-form-perl all 6.12-1 [32.3 kB]
#6 4.600 Get:353 http://deb.debian.org/debian trixie/main amd64 libhtml-format-perl all 2.16-2 [38.8 kB]
#6 4.600 Get:354 http://deb.debian.org/debian trixie/main amd64 libhtml-html5-entities-perl all 0.004-3 [21.0 kB]
#6 4.601 Get:355 http://deb.debian.org/debian trixie/main amd64 libhtml-tokeparser-simple-perl all 3.16-4 [39.1 kB]
#6 4.603 Get:356 http://deb.debian.org/debian trixie/main amd64 libhttp-daemon-perl all 6.16-1+deb13u1 [23.8 kB]
#6 4.603 Get:357 http://deb.debian.org/debian trixie/main amd64 libio-compress-brotli-perl amd64 0.004001-2+b3 [16.9 kB]
#6 4.604 Get:358 http://deb.debian.org/debian trixie/main amd64 libio-interactive-perl all 1.027-1 [11.8 kB]
#6 4.610 Get:359 http://deb.debian.org/debian trixie/main amd64 libio-sessiondata-perl all 1.03-3 [6316 B]
#6 4.611 Get:360 http://deb.debian.org/debian trixie/main amd64 libio-stringy-perl all 2.113-2 [48.3 kB]
#6 4.611 Get:361 http://deb.debian.org/debian trixie/main amd64 libipc-run3-perl all 0.049-1 [31.5 kB]
#6 4.612 Get:362 http://deb.debian.org/debian trixie/main amd64 libjson-perl all 4.10000-1 [87.5 kB]
#6 4.612 Get:363 http://deb.debian.org/debian trixie/main amd64 libkmod2 amd64 34.2-2 [63.2 kB]
#6 4.613 Get:364 http://deb.debian.org/debian trixie/main amd64 libldap-common all 2.6.10+dfsg-1 [35.1 kB]
#6 4.614 Get:365 http://deb.debian.org/debian trixie/main amd64 liblist-compare-perl all 0.55-2 [65.7 kB]
#6 4.615 Get:366 http://deb.debian.org/debian trixie/main amd64 liblist-moreutils-xs-perl amd64 0.430-4+b2 [42.1 kB]
#6 4.616 Get:367 http://deb.debian.org/debian trixie/main amd64 liblist-moreutils-perl all 0.430-2 [46.9 kB]
#6 4.617 Get:368 http://deb.debian.org/debian trixie/main amd64 liblist-someutils-perl all 0.59-1 [37.1 kB]
#6 4.625 Get:369 http://deb.debian.org/debian trixie/main amd64 liblist-someutils-xs-perl amd64 0.58-3+b3 [34.5 kB]
#6 4.627 Get:370 http://deb.debian.org/debian trixie/main amd64 liblist-utilsby-perl all 0.12-2 [15.5 kB]
#6 4.627 Get:371 http://deb.debian.org/debian trixie/main amd64 libltdl7 amd64 2.5.4-4 [416 kB]
#6 4.640 Get:372 http://deb.debian.org/debian trixie/main amd64 libltdl-dev amd64 2.5.4-4 [168 kB]
#6 4.641 Get:373 http://deb.debian.org/debian trixie/main amd64 liblz1 amd64 1.15-3 [39.0 kB]
#6 4.641 Get:374 http://deb.debian.org/debian trixie/main amd64 liblzo2-2 amd64 2.10-3+b1 [55.1 kB]
#6 4.642 Get:375 http://deb.debian.org/debian trixie/main amd64 libsys-hostname-long-perl all 1.5-3 [11.6 kB]
#6 4.642 Get:376 http://deb.debian.org/debian trixie/main amd64 libmail-sendmail-perl all 0.80-3 [24.3 kB]
#6 4.643 Get:377 http://deb.debian.org/debian trixie/main amd64 libnet-smtp-ssl-perl all 1.04-2 [6548 B]
#6 4.643 Get:378 http://deb.debian.org/debian trixie/main amd64 libmailtools-perl all 2.22-1 [88.8 kB]
#6 4.644 Get:379 http://deb.debian.org/debian trixie/main amd64 libmarkdown2 amd64 2.2.7-2.1 [36.0 kB]
#6 4.645 Get:380 http://deb.debian.org/debian trixie/main amd64 libmatch-simple-xs-perl amd64 0.002-1+b1 [10.8 kB]
#6 4.646 Get:381 http://deb.debian.org/debian trixie/main amd64 libmath-base85-perl all 0.5+dfsg-2 [6684 B]
#6 4.656 Get:382 http://deb.debian.org/debian trixie/main amd64 libmime-tools-perl all 5.515-1 [203 kB]
#6 4.657 Get:383 http://deb.debian.org/debian trixie/main amd64 libmldbm-perl all 2.05-4 [16.8 kB]
#6 4.657 Get:384 http://deb.debian.org/debian trixie/main amd64 libmoox-aliases-perl all 0.001006-2 [7156 B]
#6 4.658 Get:385 http://deb.debian.org/debian trixie/main amd64 libmouse-perl amd64 2.5.11-1+b1 [144 kB]
#6 4.658 Get:386 http://deb.debian.org/debian trixie/main amd64 libnspr4 amd64 2:4.36-1 [110 kB]
#6 4.659 Get:387 http://deb.debian.org/debian-security trixie-security/main amd64 libnss3 amd64 2:3.110-1+deb13u4 [1394 kB]
#6 4.671 Get:388 http://deb.debian.org/debian-security trixie-security/main amd64 libnss3-tools amd64 2:3.110-1+deb13u4 [1086 kB]
#6 4.673 Get:389 http://deb.debian.org/debian trixie/main amd64 libpackage-stash-xs-perl amd64 0.30-1+b4 [20.9 kB]
#6 4.673 Get:390 http://deb.debian.org/debian trixie/main amd64 libpath-iterator-rule-perl all 1.015-2 [41.7 kB]
#6 4.675 Get:391 http://deb.debian.org/debian trixie/main amd64 libperlio-gzip-perl amd64 0.20-1+b4 [17.5 kB]
#6 4.675 Get:392 http://deb.debian.org/debian trixie/main amd64 libperlio-utf8-strict-perl amd64 0.010-1+b3 [11.4 kB]
#6 4.675 Get:393 http://deb.debian.org/debian trixie/main amd64 libpod-parser-perl all 1.67-1 [94.1 kB]
#6 4.675 Get:394 http://deb.debian.org/debian trixie/main amd64 libpod-constants-perl all 0.19-2 [17.3 kB]
#6 4.675 Get:395 http://deb.debian.org/debian trixie/main amd64 libpopt0 amd64 1.19+dfsg-2 [43.8 kB]
#6 4.675 Get:396 http://deb.debian.org/debian trixie/main amd64 libproc-processtable-perl amd64 0.636-1+b3 [42.3 kB]
#6 4.680 Get:397 http://deb.debian.org/debian trixie/main amd64 libre2-11 amd64 20240702-3+b1 [169 kB]
#6 4.682 Get:398 http://deb.debian.org/debian trixie/main amd64 libre-engine-re2-perl amd64 0.18+ds-2 [19.2 kB]
#6 4.683 Get:399 http://deb.debian.org/debian trixie/main amd64 libreadonly-perl all 2.050-3 [23.1 kB]
#6 4.684 Get:400 http://deb.debian.org/debian trixie/main amd64 libref-util-perl all 0.204-2 [17.4 kB]
#6 4.684 Get:401 http://deb.debian.org/debian trixie/main amd64 libref-util-xs-perl amd64 0.117-2+b4 [14.1 kB]
#6 4.685 Get:402 http://deb.debian.org/debian trixie/main amd64 libregexp-pattern-license-perl all 3.11.2-1 [94.6 kB]
#6 4.685 Get:403 http://deb.debian.org/debian trixie/main amd64 libregexp-pattern-perl all 0.2.14-2 [18.7 kB]
#6 4.685 Get:404 http://deb.debian.org/debian trixie/main amd64 libregexp-wildcards-perl all 1.05-3 [14.1 kB]
#6 4.686 Get:405 http://deb.debian.org/debian trixie/main amd64 libsasl2-modules amd64 2.1.28+dfsg1-9 [66.7 kB]
#6 4.686 Get:406 http://deb.debian.org/debian trixie/main amd64 libsereal-decoder-perl amd64 5.004+ds-1+b3 [100 kB]
#6 4.688 Get:407 http://deb.debian.org/debian trixie/main amd64 libsereal-encoder-perl amd64 5.004+ds-1+b3 [104 kB]
#6 4.694 Get:408 http://deb.debian.org/debian trixie/main amd64 libset-intspan-perl all 1.19-3 [25.3 kB]
#6 4.695 Get:409 http://deb.debian.org/debian trixie/main amd64 libtask-weaken-perl all 1.06-2 [9364 B]
#6 4.698 Get:410 http://deb.debian.org/debian trixie/main amd64 libxml-parser-perl amd64 2.47-2~deb13u1 [198 kB]
#6 4.701 Get:411 http://deb.debian.org/debian trixie/main amd64 libsoap-lite-perl all 1.27-3 [239 kB]
#6 4.703 Get:412 http://deb.debian.org/debian trixie/main amd64 libsocket6-perl amd64 0.29-3+b4 [21.6 kB]
#6 4.704 Get:413 http://deb.debian.org/debian trixie/main amd64 libstring-copyright-perl all 0.003014-1 [23.4 kB]
#6 4.705 Get:414 http://deb.debian.org/debian trixie/main amd64 libstring-escape-perl all 2010.002-3 [18.7 kB]
#6 4.706 Get:415 http://deb.debian.org/debian trixie/main amd64 libstring-license-perl all 0.0.11-1 [34.7 kB]
#6 4.706 Get:416 http://deb.debian.org/debian trixie/main amd64 libstring-shellquote-perl all 1.04-3 [11.9 kB]
#6 4.706 Get:417 http://deb.debian.org/debian trixie/main amd64 libsys-cpuaffinity-perl amd64 1.13~03-2+b4 [32.5 kB]
#6 4.707 Get:418 http://deb.debian.org/debian trixie/main amd64 libterm-readkey-perl amd64 2.38-2+b4 [24.6 kB]
#6 4.709 Get:419 http://deb.debian.org/debian trixie/main amd64 libtext-levenshteinxs-perl amd64 0.03-5+b4 [8720 B]
#6 4.709 Get:420 http://deb.debian.org/debian trixie/main amd64 libtext-markdown-discount-perl amd64 0.18-1 [13.1 kB]
#6 4.717 Get:421 http://deb.debian.org/debian trixie/main amd64 libtext-xslate-perl amd64 3.5.9-2+b1 [174 kB]
#6 4.718 Get:422 http://deb.debian.org/debian trixie/main amd64 libtime-duration-perl all 1.21-2 [13.1 kB]
#6 4.718 Get:423 http://deb.debian.org/debian trixie/main amd64 libtime-moment-perl amd64 0.44-2+b4 [73.2 kB]
#6 4.719 Get:424 http://deb.debian.org/debian trixie/main amd64 libtype-tiny-xs-perl amd64 0.025-2+b1 [26.3 kB]
#6 4.720 Get:425 http://deb.debian.org/debian trixie/main amd64 libunicode-utf8-perl amd64 0.62-3 [20.1 kB]
#6 4.722 Get:426 http://deb.debian.org/debian trixie/main amd64 libunwind8 amd64 1.8.1-0.1 [56.3 kB]
#6 4.722 Get:427 http://deb.debian.org/debian trixie/main amd64 libwww-mechanize-perl all 2.19-1 [114 kB]
#6 4.722 Get:428 http://deb.debian.org/debian trixie/main amd64 libxau6 amd64 1:1.0.11-1 [20.4 kB]
#6 4.722 Get:429 http://deb.debian.org/debian trixie/main amd64 libxdmcp6 amd64 1:1.1.5-1 [27.8 kB]
#6 4.722 Get:430 http://deb.debian.org/debian trixie/main amd64 libxcb1 amd64 1.17.0-2+b1 [144 kB]
#6 4.730 Get:431 http://deb.debian.org/debian trixie/main amd64 libx11-data all 2:1.8.12-1 [343 kB]
#6 4.732 Get:432 http://deb.debian.org/debian trixie/main amd64 libx11-6 amd64 2:1.8.12-1 [815 kB]
#6 4.738 Get:433 http://deb.debian.org/debian trixie/main amd64 libxdelta2t64 amd64 1.1.3-10.7 [48.6 kB]
#6 4.770 Get:434 http://deb.debian.org/debian trixie/main amd64 libxext6 amd64 2:1.3.4-1+b3 [50.4 kB]
#6 4.777 Get:435 http://deb.debian.org/debian trixie/main amd64 libxml-namespacesupport-perl all 1.12-2 [15.1 kB]
#6 4.778 Get:436 http://deb.debian.org/debian trixie/main amd64 libxml-sax-base-perl all 1.09-3 [20.6 kB]
#6 4.779 Get:437 http://deb.debian.org/debian trixie/main amd64 libxml-sax-perl all 1.02+dfsg-4 [53.4 kB]
#6 4.787 Get:438 http://deb.debian.org/debian trixie/main amd64 libxml-libxml-perl amd64 2.0207+dfsg+really+2.0134-5+deb13u1 [314 kB]
#6 4.789 Get:439 http://deb.debian.org/debian trixie/main amd64 libxml-sax-expat-perl all 0.51-2 [11.1 kB]
#6 4.789 Get:440 http://deb.debian.org/debian trixie/main amd64 libxmlrpc-lite-perl all 0.717-5 [22.4 kB]
#6 4.789 Get:441 http://deb.debian.org/debian trixie/main amd64 libxmuu1 amd64 2:1.1.3-3+b4 [21.9 kB]
#6 4.790 Get:442 http://deb.debian.org/debian trixie/main amd64 libxstring-perl amd64 0.005-2+b4 [8076 B]
#6 4.790 Get:443 http://deb.debian.org/debian trixie/main amd64 libyaml-libyaml-perl amd64 0.903.0+ds-1 [35.4 kB]
#6 4.791 Get:444 http://deb.debian.org/debian trixie/main amd64 licensecheck all 3.3.9-1 [50.1 kB]
#6 4.793 Get:445 http://deb.debian.org/debian trixie/main amd64 plzip amd64 1.12-3 [65.0 kB]
#6 4.793 Get:446 http://deb.debian.org/debian trixie/main amd64 lzip amd64 1.25-3 [90.9 kB]
#6 4.793 Get:447 http://deb.debian.org/debian trixie/main amd64 lzop amd64 1.04-2 [84.2 kB]
#6 4.795 Get:448 http://deb.debian.org/debian trixie/main amd64 t1utils amd64 1.41-4 [62.1 kB]
#6 4.801 Get:449 http://deb.debian.org/debian trixie/main amd64 unzip amd64 6.0-29 [173 kB]
#6 4.809 Get:450 http://deb.debian.org/debian trixie/main amd64 lintian all 2.122.0 [1063 kB]
#6 4.813 Get:451 http://deb.debian.org/debian trixie/main amd64 lsb-release all 12.1-1 [5912 B]
#6 4.814 Get:452 http://deb.debian.org/debian trixie/main amd64 manpages-dev all 6.9.1-1 [2122 kB]
#6 4.822 Get:453 http://deb.debian.org/debian trixie/main amd64 opensc-pkcs11 amd64 0.26.1-2 [924 kB]
#6 4.834 Get:454 http://deb.debian.org/debian trixie/main amd64 opensc amd64 0.26.1-2 [411 kB]
#6 4.835 Get:455 http://deb.debian.org/debian trixie/main amd64 pbzip2 amd64 1.1.13-1 [44.9 kB]
#6 4.845 Get:456 http://deb.debian.org/debian trixie/main amd64 pesign amd64 116-8.1 [120 kB]
#6 4.848 Get:457 http://deb.debian.org/debian trixie/main amd64 pixz amd64 1.0.7-4 [20.9 kB]
#6 4.850 Get:458 http://deb.debian.org/debian trixie/main amd64 xdelta amd64 1.1.3-10.7 [25.9 kB]
#6 4.853 Get:459 http://deb.debian.org/debian trixie/main amd64 xdelta3 amd64 3.0.11-dfsg-1.2 [70.4 kB]
#6 4.854 Get:460 http://deb.debian.org/debian trixie/main amd64 pristine-tar amd64 1.50+nmu2 [108 kB]
#6 4.863 Get:461 http://deb.debian.org/debian trixie/main amd64 psmisc amd64 23.7-2 [267 kB]
#6 4.864 Get:462 http://deb.debian.org/debian trixie/main amd64 publicsuffix all 20250328.1952-0.1 [296 kB]
#6 4.866 Get:463 http://deb.debian.org/debian trixie/main amd64 python-apt-common all 3.0.0 [68.2 kB]
#6 4.872 Get:464 http://deb.debian.org/debian trixie/main amd64 python3-apt amd64 3.0.0 [164 kB]
#6 4.873 Get:465 http://deb.debian.org/debian trixie/main amd64 python3-certifi all 2025.1.31+ds-1 [9652 B]
#6 4.873 Get:466 http://deb.debian.org/debian trixie/main amd64 python3-chardet all 5.2.0+dfsg-2 [108 kB]
#6 4.874 Get:467 http://deb.debian.org/debian trixie/main amd64 python3-idna all 3.10-1+deb13u1 [43.0 kB]
#6 4.875 Get:468 http://deb.debian.org/debian trixie/main amd64 python3-magic all 2:0.4.27-3 [14.6 kB]
#6 4.875 Get:469 http://deb.debian.org/debian trixie/main amd64 python3-urllib3 all 2.3.0-3+deb13u2 [115 kB]
#6 4.876 Get:470 http://deb.debian.org/debian trixie/main amd64 python3-requests all 2.32.3+dfsg-5+deb13u1 [72.2 kB]
#6 4.876 Get:471 http://deb.debian.org/debian trixie/main amd64 python3-unidiff all 0.7.5-2 [12.6 kB]
#6 4.878 Get:472 http://deb.debian.org/debian trixie/main amd64 sbsigntool amd64 0.9.4-3.2 [67.5 kB]
#6 4.885 Get:473 http://deb.debian.org/debian trixie/main amd64 sq amd64 1.3.1-2+b2 [5653 kB]
#6 4.920 Get:474 http://deb.debian.org/debian trixie/main amd64 strace amd64 6.13+ds-1 [1423 kB]
#6 4.934 Get:475 http://deb.debian.org/debian trixie/main amd64 systemd-cryptsetup amd64 257.13-1~deb13u1 [173 kB]
#6 4.935 Get:476 http://deb.debian.org/debian trixie/main amd64 xauth amd64 1:1.1.2-1.1 [35.9 kB]
#6 4.935 Get:477 http://deb.debian.org/debian trixie/main amd64 xdg-user-dirs amd64 0.18-2 [53.2 kB]
#6 4.936 Get:478 http://deb.debian.org/debian trixie/main amd64 xxd amd64 2:9.1.1230-2 [98.8 kB]
#6 4.937 Get:479 http://deb.debian.org/debian trixie/main amd64 gnupg-utils amd64 2.4.7-21+deb13u1+b4 [194 kB]
#6 5.123 debconf: unable to initialize frontend: Dialog
#6 5.123 debconf: (TERM is not set, so the dialog frontend is not usable.)
#6 5.123 debconf: falling back to frontend: Readline
#6 5.123 debconf: unable to initialize frontend: Readline
#6 5.123 debconf: (Can't locate Term/ReadLine.pm in @INC (you may need to install the Term::ReadLine module) (@INC entries checked: /etc/perl /usr/local/lib/x86_64-linux-gnu/perl/5.40.1 /usr/local/share/perl/5.40.1 /usr/lib/x86_64-linux-gnu/perl5/5.40 /usr/share/perl5 /usr/lib/x86_64-linux-gnu/perl-base /usr/lib/x86_64-linux-gnu/perl/5.40 /usr/share/perl/5.40 /usr/local/lib/site_perl) at /usr/share/perl5/Debconf/FrontEnd/Readline.pm line 8, <STDIN> line 479.)
#6 5.123 debconf: falling back to frontend: Teletype
#6 5.128 debconf: unable to initialize frontend: Teletype
#6 5.128 debconf: (This frontend requires a controlling tty.)
#6 5.128 debconf: falling back to frontend: Noninteractive
#6 14.91 Preconfiguring packages ...
#6 14.99 Fetched 210 MB in 2s (130 MB/s)
#6 15.00 Selecting previously unselected package libsystemd-shared:amd64.
#6 15.00 (Reading database ... (Reading database ... 5%(Reading database ... 10%(Reading database ... 15%(Reading database ... 20%(Reading database ... 25%(Reading database ... 30%(Reading database ... 35%(Reading database ... 40%(Reading database ... 45%(Reading database ... 50%(Reading database ... 55%(Reading database ... 60%(Reading database ... 65%(Reading database ... 70%(Reading database ... 75%(Reading database ... 80%(Reading database ... 85%(Reading database ... 90%(Reading database ... 95%(Reading database ... 100%(Reading database ... 4936 files and directories currently installed.)
#6 15.00 Preparing to unpack .../libsystemd-shared_257.13-1~deb13u1_amd64.deb ...
#6 15.01 Unpacking libsystemd-shared:amd64 (257.13-1~deb13u1) ...
#6 15.13 Selecting previously unselected package libapparmor1:amd64.
#6 15.13 Preparing to unpack .../libapparmor1_4.1.0-1_amd64.deb ...
#6 15.14 Unpacking libapparmor1:amd64 (4.1.0-1) ...
#6 15.17 Setting up libsystemd-shared:amd64 (257.13-1~deb13u1) ...
#6 15.20 Selecting previously unselected package systemd.
#6 15.20 (Reading database ... (Reading database ... 5%(Reading database ... 10%(Reading database ... 15%(Reading database ... 20%(Reading database ... 25%(Reading database ... 30%(Reading database ... 35%(Reading database ... 40%(Reading database ... 45%(Reading database ... 50%(Reading database ... 55%(Reading database ... 60%(Reading database ... 65%(Reading database ... 70%(Reading database ... 75%(Reading database ... 80%(Reading database ... 85%(Reading database ... 90%(Reading database ... 95%(Reading database ... 100%(Reading database ... 4949 files and directories currently installed.)
#6 15.21 Preparing to unpack .../systemd_257.13-1~deb13u1_amd64.deb ...
#6 15.22 Unpacking systemd (257.13-1~deb13u1) ...
#6 15.40 Setting up libapparmor1:amd64 (4.1.0-1) ...
#6 15.40 Setting up systemd (257.13-1~deb13u1) ...
#6 15.43 Created symlink '/etc/systemd/system/getty.target.wants/getty@tty1.service' → '/usr/lib/systemd/system/getty@.service'.
#6 15.43 Created symlink '/etc/systemd/system/multi-user.target.wants/remote-fs.target' → '/usr/lib/systemd/system/remote-fs.target'.
#6 15.44 Created symlink '/etc/systemd/system/sysinit.target.wants/systemd-pstore.service' → '/usr/lib/systemd/system/systemd-pstore.service'.
#6 15.44 Initializing machine ID from random generator.
#6 15.46 Creating group 'systemd-journal' with GID 999.
#6 15.46 Creating group 'systemd-network' with GID 998.
#6 15.46 Creating user 'systemd-network' (systemd Network Management) with UID 998 and GID 998.
#6 15.48 /usr/lib/tmpfiles.d/legacy.conf:14: Duplicate line for path "/run/lock", ignoring.
#6 15.51 Selecting previously unselected package systemd-sysv.
#6 15.51 (Reading database ... (Reading database ... 5%(Reading database ... 10%(Reading database ... 15%(Reading database ... 20%(Reading database ... 25%(Reading database ... 30%(Reading database ... 35%(Reading database ... 40%(Reading database ... 45%(Reading database ... 50%(Reading database ... 55%(Reading database ... 60%(Reading database ... 65%(Reading database ... 70%(Reading database ... 75%(Reading database ... 80%(Reading database ... 85%(Reading database ... 90%(Reading database ... 95%(Reading database ... 100%(Reading database ... 5886 files and directories currently installed.)
#6 15.52 Preparing to unpack .../0-systemd-sysv_257.13-1~deb13u1_amd64.deb ...
#6 15.52 Unpacking systemd-sysv (257.13-1~deb13u1) ...
#6 15.54 Selecting previously unselected package libdbus-1-3:amd64.
#6 15.54 Preparing to unpack .../1-libdbus-1-3_1.16.2-2_amd64.deb ...
#6 15.55 Unpacking libdbus-1-3:amd64 (1.16.2-2) ...
#6 15.57 Selecting previously unselected package dbus-bin.
#6 15.57 Preparing to unpack .../2-dbus-bin_1.16.2-2_amd64.deb ...
#6 15.57 Unpacking dbus-bin (1.16.2-2) ...
#6 15.60 Selecting previously unselected package dbus-session-bus-common.
#6 15.60 Preparing to unpack .../3-dbus-session-bus-common_1.16.2-2_all.deb ...
#6 15.60 Unpacking dbus-session-bus-common (1.16.2-2) ...
#6 15.62 Selecting previously unselected package libexpat1:amd64.
#6 15.62 Preparing to unpack .../4-libexpat1_2.8.2-1~deb13u1_amd64.deb ...
#6 15.63 Unpacking libexpat1:amd64 (2.8.2-1~deb13u1) ...
#6 15.66 Selecting previously unselected package dbus-daemon.
#6 15.66 Preparing to unpack .../5-dbus-daemon_1.16.2-2_amd64.deb ...
#6 15.66 Unpacking dbus-daemon (1.16.2-2) ...
#6 15.69 Selecting previously unselected package adduser.
#6 15.69 Preparing to unpack .../6-adduser_3.152_all.deb ...
#6 15.69 Unpacking adduser (3.152) ...
#6 15.72 Setting up adduser (3.152) ...
#6 15.76 Selecting previously unselected package dbus-system-bus-common.
#6 15.76 (Reading database ... (Reading database ... 5%(Reading database ... 10%(Reading database ... 15%(Reading database ... 20%(Reading database ... 25%(Reading database ... 30%(Reading database ... 35%(Reading database ... 40%(Reading database ... 45%(Reading database ... 50%(Reading database ... 55%(Reading database ... 60%(Reading database ... 65%(Reading database ... 70%(Reading database ... 75%(Reading database ... 80%(Reading database ... 85%(Reading database ... 90%(Reading database ... 95%(Reading database ... 100%(Reading database ... 6044 files and directories currently installed.)
#6 15.76 Preparing to unpack .../00-dbus-system-bus-common_1.16.2-2_all.deb ...
#6 15.76 Unpacking dbus-system-bus-common (1.16.2-2) ...
#6 15.79 Selecting previously unselected package dbus.
#6 15.79 Preparing to unpack .../01-dbus_1.16.2-2_amd64.deb ...
#6 15.79 Unpacking dbus (1.16.2-2) ...
#6 15.82 Selecting previously unselected package liblocale-gettext-perl.
#6 15.82 Preparing to unpack .../02-liblocale-gettext-perl_1.07-7+b1_amd64.deb ...
#6 15.82 Unpacking liblocale-gettext-perl (1.07-7+b1) ...
#6 15.85 Selecting previously unselected package libusb-1.0-0:amd64.
#6 15.85 Preparing to unpack .../03-libusb-1.0-0_2%3a1.0.28-1_amd64.deb ...
#6 15.85 Unpacking libusb-1.0-0:amd64 (2:1.0.28-1) ...
#6 15.87 Selecting previously unselected package libccid.
#6 15.87 Preparing to unpack .../04-libccid_1.6.2-1_amd64.deb ...
#6 15.88 Unpacking libccid (1.6.2-1) ...
#6 15.90 Selecting previously unselected package libatomic1:amd64.
#6 15.91 Preparing to unpack .../05-libatomic1_14.2.0-19_amd64.deb ...
#6 15.91 Unpacking libatomic1:amd64 (14.2.0-19) ...
#6 15.93 Selecting previously unselected package libffi8:amd64.
#6 15.93 Preparing to unpack .../06-libffi8_3.4.8-2_amd64.deb ...
#6 15.93 Unpacking libffi8:amd64 (3.4.8-2) ...
#6 15.96 Selecting previously unselected package libglib2.0-0t64:amd64.
#6 15.96 Preparing to unpack .../07-libglib2.0-0t64_2.84.4-3~deb13u3_amd64.deb ...
#6 15.97 Unpacking libglib2.0-0t64:amd64 (2.84.4-3~deb13u3) ...
#6 16.05 Selecting previously unselected package libpolkit-gobject-1-0:amd64.
#6 16.05 Preparing to unpack .../08-libpolkit-gobject-1-0_126-2_amd64.deb ...
#6 16.05 Unpacking libpolkit-gobject-1-0:amd64 (126-2) ...
#6 16.07 Selecting previously unselected package runit-helper.
#6 16.07 Preparing to unpack .../09-runit-helper_2.16.4_all.deb ...
#6 16.07 Unpacking runit-helper (2.16.4) ...
#6 16.10 Selecting previously unselected package libpcsclite1:amd64.
#6 16.10 Preparing to unpack .../10-libpcsclite1_2.3.3-1_amd64.deb ...
#6 16.10 Unpacking libpcsclite1:amd64 (2.3.3-1) ...
#6 16.12 Selecting previously unselected package libpam-systemd:amd64.
#6 16.13 Preparing to unpack .../11-libpam-systemd_257.13-1~deb13u1_amd64.deb ...
#6 16.13 Unpacking libpam-systemd:amd64 (257.13-1~deb13u1) ...
#6 16.17 Selecting previously unselected package sgml-base.
#6 16.17 Preparing to unpack .../12-sgml-base_1.31+nmu1_all.deb ...
#6 16.18 Unpacking sgml-base (1.31+nmu1) ...
#6 16.21 Selecting previously unselected package xml-core.
#6 16.21 Preparing to unpack .../13-xml-core_0.19_all.deb ...
#6 16.21 Unpacking xml-core (0.19) ...
#6 16.24 Selecting previously unselected package libduktape207:amd64.
#6 16.24 Preparing to unpack .../14-libduktape207_2.7.0-2+b2_amd64.deb ...
#6 16.24 Unpacking libduktape207:amd64 (2.7.0-2+b2) ...
#6 16.27 Selecting previously unselected package libpolkit-agent-1-0:amd64.
#6 16.27 Preparing to unpack .../15-libpolkit-agent-1-0_126-2_amd64.deb ...
#6 16.28 Unpacking libpolkit-agent-1-0:amd64 (126-2) ...
#6 16.30 Selecting previously unselected package polkitd.
#6 16.30 Preparing to unpack .../16-polkitd_126-2_amd64.deb ...
#6 16.33 Unpacking polkitd (126-2) ...
#6 16.36 Selecting previously unselected package pcscd.
#6 16.36 Preparing to unpack .../17-pcscd_2.3.3-1_amd64.deb ...
#6 16.37 Unpacking pcscd (2.3.3-1) ...
#6 16.40 Selecting previously unselected package libpython3.13-minimal:amd64.
#6 16.40 Preparing to unpack .../18-libpython3.13-minimal_3.13.5-2+deb13u4_amd64.deb ...
#6 16.40 Unpacking libpython3.13-minimal:amd64 (3.13.5-2+deb13u4) ...
#6 16.47 Selecting previously unselected package python3.13-minimal.
#6 16.47 Preparing to unpack .../19-python3.13-minimal_3.13.5-2+deb13u4_amd64.deb ...
#6 16.48 Unpacking python3.13-minimal (3.13.5-2+deb13u4) ...
#6 16.62 Setting up libpython3.13-minimal:amd64 (3.13.5-2+deb13u4) ...
#6 16.63 Setting up libexpat1:amd64 (2.8.2-1~deb13u1) ...
#6 16.63 Setting up python3.13-minimal (3.13.5-2+deb13u4) ...
#6 17.38 Selecting previously unselected package python3-minimal.
#6 17.38 (Reading database ... (Reading database ... 5%(Reading database ... 10%(Reading database ... 15%(Reading database ... 20%(Reading database ... 25%(Reading database ... 30%(Reading database ... 35%(Reading database ... 40%(Reading database ... 45%(Reading database ... 50%(Reading database ... 55%(Reading database ... 60%(Reading database ... 65%(Reading database ... 70%(Reading database ... 75%(Reading database ... 80%(Reading database ... 85%(Reading database ... 90%(Reading database ... 95%(Reading database ... 100%(Reading database ... 6673 files and directories currently installed.)
#6 17.38 Preparing to unpack .../0-python3-minimal_3.13.5-1_amd64.deb ...
#6 17.38 Unpacking python3-minimal (3.13.5-1) ...
#6 17.41 Selecting previously unselected package media-types.
#6 17.41 Preparing to unpack .../1-media-types_13.0.0_all.deb ...
#6 17.41 Unpacking media-types (13.0.0) ...
#6 17.43 Selecting previously unselected package netbase.
#6 17.43 Preparing to unpack .../2-netbase_6.5_all.deb ...
#6 17.43 Unpacking netbase (6.5) ...
#6 17.46 Selecting previously unselected package libncursesw6:amd64.
#6 17.46 Preparing to unpack .../3-libncursesw6_6.5+20250216-2_amd64.deb ...
#6 17.46 Unpacking libncursesw6:amd64 (6.5+20250216-2) ...
#6 17.49 Selecting previously unselected package readline-common.
#6 17.49 Preparing to unpack .../4-readline-common_8.2-6_all.deb ...
#6 17.49 Unpacking readline-common (8.2-6) ...
#6 17.51 Selecting previously unselected package libreadline8t64:amd64.
#6 17.52 Preparing to unpack .../5-libreadline8t64_8.2-6_amd64.deb ...
#6 17.52 Adding 'diversion of /lib/x86_64-linux-gnu/libhistory.so.8 to /lib/x86_64-linux-gnu/libhistory.so.8.usr-is-merged by libreadline8t64'
#6 17.53 Adding 'diversion of /lib/x86_64-linux-gnu/libhistory.so.8.2 to /lib/x86_64-linux-gnu/libhistory.so.8.2.usr-is-merged by libreadline8t64'
#6 17.53 Adding 'diversion of /lib/x86_64-linux-gnu/libreadline.so.8 to /lib/x86_64-linux-gnu/libreadline.so.8.usr-is-merged by libreadline8t64'
#6 17.54 Adding 'diversion of /lib/x86_64-linux-gnu/libreadline.so.8.2 to /lib/x86_64-linux-gnu/libreadline.so.8.2.usr-is-merged by libreadline8t64'
#6 17.54 Unpacking libreadline8t64:amd64 (8.2-6) ...
#6 17.56 Selecting previously unselected package libpython3.13-stdlib:amd64.
#6 17.56 Preparing to unpack .../6-libpython3.13-stdlib_3.13.5-2+deb13u4_amd64.deb ...
#6 17.57 Unpacking libpython3.13-stdlib:amd64 (3.13.5-2+deb13u4) ...
#6 17.68 Selecting previously unselected package python3.13.
#6 17.68 Preparing to unpack .../7-python3.13_3.13.5-2+deb13u4_amd64.deb ...
#6 17.68 Unpacking python3.13 (3.13.5-2+deb13u4) ...
#6 17.71 Selecting previously unselected package libpython3-stdlib:amd64.
#6 17.71 Preparing to unpack .../8-libpython3-stdlib_3.13.5-1_amd64.deb ...
#6 17.71 Unpacking libpython3-stdlib:amd64 (3.13.5-1) ...
#6 17.73 Setting up python3-minimal (3.13.5-1) ...
#6 17.89 Selecting previously unselected package python3.
#6 17.89 (Reading database ... (Reading database ... 5%(Reading database ... 10%(Reading database ... 15%(Reading database ... 20%(Reading database ... 25%(Reading database ... 30%(Reading database ... 35%(Reading database ... 40%(Reading database ... 45%(Reading database ... 50%(Reading database ... 55%(Reading database ... 60%(Reading database ... 65%(Reading database ... 70%(Reading database ... 75%(Reading database ... 80%(Reading database ... 85%(Reading database ... 90%(Reading database ... 95%(Reading database ... 100%(Reading database ... 7175 files and directories currently installed.)
#6 17.90 Preparing to unpack .../000-python3_3.13.5-1_amd64.deb ...
#6 17.90 Unpacking python3 (3.13.5-1) ...
#6 17.93 Selecting previously unselected package less.
#6 17.93 Preparing to unpack .../001-less_668-1_amd64.deb ...
#6 17.93 Unpacking less (668-1) ...
#6 17.96 Selecting previously unselected package linux-sysctl-defaults.
#6 17.96 Preparing to unpack .../002-linux-sysctl-defaults_4.12.1_all.deb ...
#6 17.96 Unpacking linux-sysctl-defaults (4.12.1) ...
#6 17.99 Selecting previously unselected package libproc2-0:amd64.
#6 17.99 Preparing to unpack .../003-libproc2-0_2%3a4.0.4-9_amd64.deb ...
#6 17.99 Unpacking libproc2-0:amd64 (2:4.0.4-9) ...
#6 18.02 Selecting previously unselected package procps.
#6 18.02 Preparing to unpack .../004-procps_2%3a4.0.4-9_amd64.deb ...
#6 18.02 Unpacking procps (2:4.0.4-9) ...
#6 18.08 Selecting previously unselected package sensible-utils.
#6 18.08 Preparing to unpack .../005-sensible-utils_0.0.25_all.deb ...
#6 18.09 Unpacking sensible-utils (0.0.25) ...
#6 18.11 Selecting previously unselected package bzip2.
#6 18.11 Preparing to unpack .../006-bzip2_1.0.8-6_amd64.deb ...
#6 18.11 Unpacking bzip2 (1.0.8-6) ...
#6 18.14 Selecting previously unselected package openssl.
#6 18.14 Preparing to unpack .../007-openssl_3.5.6-1~deb13u2_amd64.deb ...
#6 18.14 Unpacking openssl (3.5.6-1~deb13u2) ...
#6 18.24 Selecting previously unselected package ca-certificates.
#6 18.24 Preparing to unpack .../008-ca-certificates_20250419_all.deb ...
#6 18.24 Unpacking ca-certificates (20250419) ...
#6 18.29 Selecting previously unselected package libmagic-mgc.
#6 18.30 Preparing to unpack .../009-libmagic-mgc_1%3a5.46-5_amd64.deb ...
#6 18.30 Unpacking libmagic-mgc (1:5.46-5) ...
#6 18.36 Selecting previously unselected package libmagic1t64:amd64.
#6 18.36 Preparing to unpack .../010-libmagic1t64_1%3a5.46-5_amd64.deb ...
#6 18.37 Unpacking libmagic1t64:amd64 (1:5.46-5) ...
#6 18.41 Selecting previously unselected package file.
#6 18.41 Preparing to unpack .../011-file_1%3a5.46-5_amd64.deb ...
#6 18.41 Unpacking file (1:5.46-5) ...
#6 18.44 Selecting previously unselected package gettext-base.
#6 18.44 Preparing to unpack .../012-gettext-base_0.23.1-2_amd64.deb ...
#6 18.44 Unpacking gettext-base (0.23.1-2) ...
#6 18.48 Selecting previously unselected package libuchardet0:amd64.
#6 18.48 Preparing to unpack .../013-libuchardet0_0.0.8-1+b2_amd64.deb ...
#6 18.48 Unpacking libuchardet0:amd64 (0.0.8-1+b2) ...
#6 18.51 Selecting previously unselected package groff-base.
#6 18.51 Preparing to unpack .../014-groff-base_1.23.0-9_amd64.deb ...
#6 18.51 Unpacking groff-base (1.23.0-9) ...
#6 18.59 Selecting previously unselected package krb5-locales.
#6 18.59 Preparing to unpack .../015-krb5-locales_1.21.3-5+deb13u1_all.deb ...
#6 18.59 Unpacking krb5-locales (1.21.3-5+deb13u1) ...
#6 18.62 Selecting previously unselected package libnss-systemd:amd64.
#6 18.62 Preparing to unpack .../016-libnss-systemd_257.13-1~deb13u1_amd64.deb ...
#6 18.63 Unpacking libnss-systemd:amd64 (257.13-1~deb13u1) ...
#6 18.65 Selecting previously unselected package bsdextrautils.
#6 18.65 Preparing to unpack .../017-bsdextrautils_2.41-5_amd64.deb ...
#6 18.66 Unpacking bsdextrautils (2.41-5) ...
#6 18.68 Selecting previously unselected package libgdbm6t64:amd64.
#6 18.68 Preparing to unpack .../018-libgdbm6t64_1.24-2_amd64.deb ...
#6 18.68 Unpacking libgdbm6t64:amd64 (1.24-2) ...
#6 18.71 Selecting previously unselected package libpipeline1:amd64.
#6 18.71 Preparing to unpack .../019-libpipeline1_1.5.8-1_amd64.deb ...
#6 18.71 Unpacking libpipeline1:amd64 (1.5.8-1) ...
#6 18.74 Selecting previously unselected package man-db.
#6 18.74 Preparing to unpack .../020-man-db_2.13.1-1_amd64.deb ...
#6 18.75 Unpacking man-db (2.13.1-1) ...
#6 18.83 Selecting previously unselected package manpages.
#6 18.83 Preparing to unpack .../021-manpages_6.9.1-1_all.deb ...
#6 18.83 Unpacking manpages (6.9.1-1) ...
#6 18.90 Selecting previously unselected package libedit2:amd64.
#6 18.90 Preparing to unpack .../022-libedit2_3.1-20250104-1_amd64.deb ...
#6 18.90 Unpacking libedit2:amd64 (3.1-20250104-1) ...
#6 18.93 Selecting previously unselected package libcbor0.10:amd64.
#6 18.93 Preparing to unpack .../023-libcbor0.10_0.10.2-2_amd64.deb ...
#6 18.93 Unpacking libcbor0.10:amd64 (0.10.2-2) ...
#6 18.95 Selecting previously unselected package libfido2-1:amd64.
#6 18.96 Preparing to unpack .../024-libfido2-1_1.15.0-1+b1_amd64.deb ...
#6 18.96 Unpacking libfido2-1:amd64 (1.15.0-1+b1) ...
#6 18.98 Selecting previously unselected package libkrb5support0:amd64.
#6 18.99 Preparing to unpack .../025-libkrb5support0_1.21.3-5+deb13u1_amd64.deb ...
#6 18.99 Unpacking libkrb5support0:amd64 (1.21.3-5+deb13u1) ...
#6 19.01 Selecting previously unselected package libcom-err2:amd64.
#6 19.01 Preparing to unpack .../026-libcom-err2_1.47.2-3+b11_amd64.deb ...
#6 19.01 Unpacking libcom-err2:amd64 (1.47.2-3+b11) ...
#6 19.04 Selecting previously unselected package libk5crypto3:amd64.
#6 19.04 Preparing to unpack .../027-libk5crypto3_1.21.3-5+deb13u1_amd64.deb ...
#6 19.04 Unpacking libk5crypto3:amd64 (1.21.3-5+deb13u1) ...
#6 19.06 Selecting previously unselected package libkeyutils1:amd64.
#6 19.07 Preparing to unpack .../028-libkeyutils1_1.6.3-6_amd64.deb ...
#6 19.07 Unpacking libkeyutils1:amd64 (1.6.3-6) ...
#6 19.09 Selecting previously unselected package libkrb5-3:amd64.
#6 19.09 Preparing to unpack .../029-libkrb5-3_1.21.3-5+deb13u1_amd64.deb ...
#6 19.10 Unpacking libkrb5-3:amd64 (1.21.3-5+deb13u1) ...
#6 19.14 Selecting previously unselected package libgssapi-krb5-2:amd64.
#6 19.14 Preparing to unpack .../030-libgssapi-krb5-2_1.21.3-5+deb13u1_amd64.deb ...
#6 19.14 Unpacking libgssapi-krb5-2:amd64 (1.21.3-5+deb13u1) ...
#6 19.17 Selecting previously unselected package openssh-client.
#6 19.17 Preparing to unpack .../031-openssh-client_1%3a10.0p1-7+deb13u4_amd64.deb ...
#6 19.18 Unpacking openssh-client (1:10.0p1-7+deb13u4) ...
#6 19.24 Selecting previously unselected package perl-modules-5.40.
#6 19.24 Preparing to unpack .../032-perl-modules-5.40_5.40.1-6_all.deb ...
#6 19.24 Unpacking perl-modules-5.40 (5.40.1-6) ...
#6 19.47 Selecting previously unselected package libgdbm-compat4t64:amd64.
#6 19.47 Preparing to unpack .../033-libgdbm-compat4t64_1.24-2_amd64.deb ...
#6 19.47 Unpacking libgdbm-compat4t64:amd64 (1.24-2) ...
#6 19.50 Selecting previously unselected package libperl5.40:amd64.
#6 19.50 Preparing to unpack .../034-libperl5.40_5.40.1-6_amd64.deb ...
#6 19.50 Unpacking libperl5.40:amd64 (5.40.1-6) ...
#6 19.74 Selecting previously unselected package perl.
#6 19.74 Preparing to unpack .../035-perl_5.40.1-6_amd64.deb ...
#6 19.74 Unpacking perl (5.40.1-6) ...
#6 19.78 Selecting previously unselected package systemd-timesyncd.
#6 19.78 Preparing to unpack .../036-systemd-timesyncd_257.13-1~deb13u1_amd64.deb ...
#6 19.78 Unpacking systemd-timesyncd (257.13-1~deb13u1) ...
#6 19.81 Selecting previously unselected package libtext-charwidth-perl:amd64.
#6 19.81 Preparing to unpack .../037-libtext-charwidth-perl_0.04-11+b4_amd64.deb ...
#6 19.81 Unpacking libtext-charwidth-perl:amd64 (0.04-11+b4) ...
#6 19.84 Selecting previously unselected package libtext-wrapi18n-perl.
#6 19.85 Preparing to unpack .../038-libtext-wrapi18n-perl_0.06-10_all.deb ...
#6 19.85 Unpacking libtext-wrapi18n-perl (0.06-10) ...
#6 19.87 Selecting previously unselected package ucf.
#6 19.88 Preparing to unpack .../039-ucf_3.0052_all.deb ...
#6 19.88 Moving old data out of the way
#6 19.88 Unpacking ucf (3.0052) ...
#6 19.91 Selecting previously unselected package libunistring5:amd64.
#6 19.91 Preparing to unpack .../040-libunistring5_1.3-2_amd64.deb ...
#6 19.91 Unpacking libunistring5:amd64 (1.3-2) ...
#6 19.96 Selecting previously unselected package libidn2-0:amd64.
#6 19.96 Preparing to unpack .../041-libidn2-0_2.3.8-2_amd64.deb ...
#6 19.96 Unpacking libidn2-0:amd64 (2.3.8-2) ...
#6 20.00 Selecting previously unselected package libp11-kit0:amd64.
#6 20.00 Preparing to unpack .../042-libp11-kit0_0.25.5-3_amd64.deb ...
#6 20.00 Unpacking libp11-kit0:amd64 (0.25.5-3) ...
#6 20.04 Selecting previously unselected package libtasn1-6:amd64.
#6 20.04 Preparing to unpack .../043-libtasn1-6_4.20.0-2+deb13u1_amd64.deb ...
#6 20.04 Unpacking libtasn1-6:amd64 (4.20.0-2+deb13u1) ...
#6 20.07 Selecting previously unselected package libgnutls30t64:amd64.
#6 20.07 Preparing to unpack .../044-libgnutls30t64_3.8.9-3+deb13u4_amd64.deb ...
#6 20.07 Unpacking libgnutls30t64:amd64 (3.8.9-3+deb13u4) ...
#6 20.15 Selecting previously unselected package libpsl5t64:amd64.
#6 20.15 Preparing to unpack .../045-libpsl5t64_0.21.2-1.1+b1_amd64.deb ...
#6 20.15 Unpacking libpsl5t64:amd64 (0.21.2-1.1+b1) ...
#6 20.17 Selecting previously unselected package wget.
#6 20.17 Preparing to unpack .../046-wget_1.25.0-2_amd64.deb ...
#6 20.17 Unpacking wget (1.25.0-2) ...
#6 20.24 Selecting previously unselected package xz-utils.
#6 20.24 Preparing to unpack .../047-xz-utils_5.8.1-1+deb13u1_amd64.deb ...
#6 20.25 Unpacking xz-utils (5.8.1-1+deb13u1) ...
#6 20.29 Selecting previously unselected package libxml2:amd64.
#6 20.30 Preparing to unpack .../048-libxml2_2.12.7+dfsg+really2.9.14-2.1+deb13u3_amd64.deb ...
#6 20.30 Unpacking libxml2:amd64 (2.12.7+dfsg+really2.9.14-2.1+deb13u3) ...
#6 20.36 Selecting previously unselected package shared-mime-info.
#6 20.36 Preparing to unpack .../049-shared-mime-info_2.4-5+b2_amd64.deb ...
#6 20.37 Unpacking shared-mime-info (2.4-5+b2) ...
#6 20.44 Selecting previously unselected package libbrotli1:amd64.
#6 20.44 Preparing to unpack .../050-libbrotli1_1.1.0-2+b7_amd64.deb ...
#6 20.44 Unpacking libbrotli1:amd64 (1.1.0-2+b7) ...
#6 20.48 Selecting previously unselected package libsasl2-modules-db:amd64.
#6 20.48 Preparing to unpack .../051-libsasl2-modules-db_2.1.28+dfsg1-9_amd64.deb ...
#6 20.48 Unpacking libsasl2-modules-db:amd64 (2.1.28+dfsg1-9) ...
#6 20.51 Selecting previously unselected package libsasl2-2:amd64.
#6 20.51 Preparing to unpack .../052-libsasl2-2_2.1.28+dfsg1-9_amd64.deb ...
#6 20.51 Unpacking libsasl2-2:amd64 (2.1.28+dfsg1-9) ...
#6 20.54 Selecting previously unselected package libldap2:amd64.
#6 20.54 Preparing to unpack .../053-libldap2_2.6.10+dfsg-1_amd64.deb ...
#6 20.54 Unpacking libldap2:amd64 (2.6.10+dfsg-1) ...
#6 20.57 Selecting previously unselected package libnghttp2-14:amd64.
#6 20.57 Preparing to unpack .../054-libnghttp2-14_1.64.0-1.1+deb13u1_amd64.deb ...
#6 20.57 Unpacking libnghttp2-14:amd64 (1.64.0-1.1+deb13u1) ...
#6 20.60 Selecting previously unselected package libnghttp3-9:amd64.
#6 20.60 Preparing to unpack .../055-libnghttp3-9_1.8.0-1_amd64.deb ...
#6 20.60 Unpacking libnghttp3-9:amd64 (1.8.0-1) ...
#6 20.63 Selecting previously unselected package libngtcp2-16:amd64.
#6 20.63 Preparing to unpack .../056-libngtcp2-16_1.11.0-1+deb13u1_amd64.deb ...
#6 20.63 Unpacking libngtcp2-16:amd64 (1.11.0-1+deb13u1) ...
#6 20.67 Selecting previously unselected package libngtcp2-crypto-gnutls8:amd64.
#6 20.67 Preparing to unpack .../057-libngtcp2-crypto-gnutls8_1.11.0-1+deb13u1_amd64.deb ...
#6 20.67 Unpacking libngtcp2-crypto-gnutls8:amd64 (1.11.0-1+deb13u1) ...
#6 20.70 Selecting previously unselected package librtmp1:amd64.
#6 20.70 Preparing to unpack .../058-librtmp1_2.4+20151223.gitfa8646d.1-2+b5_amd64.deb ...
#6 20.70 Unpacking librtmp1:amd64 (2.4+20151223.gitfa8646d.1-2+b5) ...
#6 20.75 Selecting previously unselected package libssh2-1t64:amd64.
#6 20.75 Preparing to unpack .../059-libssh2-1t64_1.11.1-1+deb13u1_amd64.deb ...
#6 20.75 Unpacking libssh2-1t64:amd64 (1.11.1-1+deb13u1) ...
#6 20.78 Selecting previously unselected package libcurl3t64-gnutls:amd64.
#6 20.78 Preparing to unpack .../060-libcurl3t64-gnutls_8.14.1-2+deb13u4_amd64.deb ...
#6 20.78 Unpacking libcurl3t64-gnutls:amd64 (8.14.1-2+deb13u4) ...
#6 20.83 Selecting previously unselected package libstemmer0d:amd64.
#6 20.83 Preparing to unpack .../061-libstemmer0d_2.2.0-4+b2_amd64.deb ...
#6 20.83 Unpacking libstemmer0d:amd64 (2.2.0-4+b2) ...
#6 20.86 Selecting previously unselected package libxmlb2:amd64.
#6 20.86 Preparing to unpack .../062-libxmlb2_0.3.22-1_amd64.deb ...
#6 20.86 Unpacking libxmlb2:amd64 (0.3.22-1) ...
#6 20.89 Selecting previously unselected package libyaml-0-2:amd64.
#6 20.89 Preparing to unpack .../063-libyaml-0-2_0.2.5-2_amd64.deb ...
#6 20.89 Unpacking libyaml-0-2:amd64 (0.2.5-2) ...
#6 20.91 Selecting previously unselected package libappstream5:amd64.
#6 20.91 Preparing to unpack .../064-libappstream5_1.0.5-1_amd64.deb ...
#6 20.92 Unpacking libappstream5:amd64 (1.0.5-1) ...
#6 20.95 Selecting previously unselected package appstream.
#6 20.95 Preparing to unpack .../065-appstream_1.0.5-1_amd64.deb ...
#6 20.96 Unpacking appstream (1.0.5-1) ...
#6 21.01 Selecting previously unselected package m4.
#6 21.01 Preparing to unpack .../066-m4_1.4.19-8_amd64.deb ...
#6 21.01 Unpacking m4 (1.4.19-8) ...
#6 21.05 Selecting previously unselected package autoconf.
#6 21.05 Preparing to unpack .../067-autoconf_2.72-3.1_all.deb ...
#6 21.05 Unpacking autoconf (2.72-3.1) ...
#6 21.09 Selecting previously unselected package autotools-dev.
#6 21.10 Preparing to unpack .../068-autotools-dev_20240727.1_all.deb ...
#6 21.10 Unpacking autotools-dev (20240727.1) ...
#6 21.13 Selecting previously unselected package automake.
#6 21.13 Preparing to unpack .../069-automake_1%3a1.17-4_all.deb ...
#6 21.14 Unpacking automake (1:1.17-4) ...
#6 21.18 Selecting previously unselected package autopoint.
#6 21.18 Preparing to unpack .../070-autopoint_0.23.1-2_all.deb ...
#6 21.19 Unpacking autopoint (0.23.1-2) ...
#6 21.22 Selecting previously unselected package libsframe1:amd64.
#6 21.22 Preparing to unpack .../071-libsframe1_2.44-3_amd64.deb ...
#6 21.22 Unpacking libsframe1:amd64 (2.44-3) ...
#6 21.24 Selecting previously unselected package binutils-common:amd64.
#6 21.24 Preparing to unpack .../072-binutils-common_2.44-3_amd64.deb ...
#6 21.25 Unpacking binutils-common:amd64 (2.44-3) ...
#6 21.38 Selecting previously unselected package libbinutils:amd64.
#6 21.38 Preparing to unpack .../073-libbinutils_2.44-3_amd64.deb ...
#6 21.39 Unpacking libbinutils:amd64 (2.44-3) ...
#6 21.44 Selecting previously unselected package libgprofng0:amd64.
#6 21.44 Preparing to unpack .../074-libgprofng0_2.44-3_amd64.deb ...
#6 21.44 Unpacking libgprofng0:amd64 (2.44-3) ...
#6 21.51 Selecting previously unselected package libctf-nobfd0:amd64.
#6 21.51 Preparing to unpack .../075-libctf-nobfd0_2.44-3_amd64.deb ...
#6 21.51 Unpacking libctf-nobfd0:amd64 (2.44-3) ...
#6 21.54 Selecting previously unselected package libctf0:amd64.
#6 21.54 Preparing to unpack .../076-libctf0_2.44-3_amd64.deb ...
#6 21.54 Unpacking libctf0:amd64 (2.44-3) ...
#6 21.57 Selecting previously unselected package libjansson4:amd64.
#6 21.57 Preparing to unpack .../077-libjansson4_2.14-2+b3_amd64.deb ...
#6 21.58 Unpacking libjansson4:amd64 (2.14-2+b3) ...
#6 21.60 Selecting previously unselected package binutils-x86-64-linux-gnu.
#6 21.60 Preparing to unpack .../078-binutils-x86-64-linux-gnu_2.44-3_amd64.deb ...
#6 21.60 Unpacking binutils-x86-64-linux-gnu (2.44-3) ...
#6 21.70 Selecting previously unselected package binutils.
#6 21.70 Preparing to unpack .../079-binutils_2.44-3_amd64.deb ...
#6 21.71 Unpacking binutils (2.44-3) ...
#6 21.74 Selecting previously unselected package libc-dev-bin.
#6 21.74 Preparing to unpack .../080-libc-dev-bin_2.41-12+deb13u3_amd64.deb ...
#6 21.74 Unpacking libc-dev-bin (2.41-12+deb13u3) ...
#6 21.76 Selecting previously unselected package linux-libc-dev.
#6 21.77 Preparing to unpack .../081-linux-libc-dev_6.12.96-1_all.deb ...
#6 21.77 Unpacking linux-libc-dev (6.12.96-1) ...
#6 22.00 Selecting previously unselected package libcrypt-dev:amd64.
#6 22.01 Preparing to unpack .../082-libcrypt-dev_1%3a4.4.38-1_amd64.deb ...
#6 22.01 Unpacking libcrypt-dev:amd64 (1:4.4.38-1) ...
#6 22.04 Selecting previously unselected package rpcsvc-proto.
#6 22.04 Preparing to unpack .../083-rpcsvc-proto_1.4.3-1_amd64.deb ...
#6 22.05 Unpacking rpcsvc-proto (1.4.3-1) ...
#6 22.08 Selecting previously unselected package libc6-dev:amd64.
#6 22.08 Preparing to unpack .../084-libc6-dev_2.41-12+deb13u3_amd64.deb ...
#6 22.09 Unpacking libc6-dev:amd64 (2.41-12+deb13u3) ...
#6 22.21 Selecting previously unselected package libisl23:amd64.
#6 22.22 Preparing to unpack .../085-libisl23_0.27-1_amd64.deb ...
#6 22.22 Unpacking libisl23:amd64 (0.27-1) ...
#6 22.27 Selecting previously unselected package libmpfr6:amd64.
#6 22.27 Preparing to unpack .../086-libmpfr6_4.2.2-1_amd64.deb ...
#6 22.28 Unpacking libmpfr6:amd64 (4.2.2-1) ...
#6 22.32 Selecting previously unselected package libmpc3:amd64.
#6 22.32 Preparing to unpack .../087-libmpc3_1.3.1-1+b3_amd64.deb ...
#6 22.32 Unpacking libmpc3:amd64 (1.3.1-1+b3) ...
#6 22.35 Selecting previously unselected package cpp-14-x86-64-linux-gnu.
#6 22.35 Preparing to unpack .../088-cpp-14-x86-64-linux-gnu_14.2.0-19_amd64.deb ...
#6 22.35 Unpacking cpp-14-x86-64-linux-gnu (14.2.0-19) ...
#6 22.83 Selecting previously unselected package cpp-14.
#6 22.83 Preparing to unpack .../089-cpp-14_14.2.0-19_amd64.deb ...
#6 22.83 Unpacking cpp-14 (14.2.0-19) ...
#6 22.86 Selecting previously unselected package cpp-x86-64-linux-gnu.
#6 22.86 Preparing to unpack .../090-cpp-x86-64-linux-gnu_4%3a14.2.0-1_amd64.deb ...
#6 22.86 Unpacking cpp-x86-64-linux-gnu (4:14.2.0-1) ...
#6 22.89 Selecting previously unselected package cpp.
#6 22.89 Preparing to unpack .../091-cpp_4%3a14.2.0-1_amd64.deb ...
#6 22.90 Unpacking cpp (4:14.2.0-1) ...
#6 22.92 Selecting previously unselected package libcc1-0:amd64.
#6 22.93 Preparing to unpack .../092-libcc1-0_14.2.0-19_amd64.deb ...
#6 22.93 Unpacking libcc1-0:amd64 (14.2.0-19) ...
#6 22.96 Selecting previously unselected package libgomp1:amd64.
#6 22.96 Preparing to unpack .../093-libgomp1_14.2.0-19_amd64.deb ...
#6 22.96 Unpacking libgomp1:amd64 (14.2.0-19) ...
#6 22.99 Selecting previously unselected package libitm1:amd64.
#6 22.99 Preparing to unpack .../094-libitm1_14.2.0-19_amd64.deb ...
#6 23.00 Unpacking libitm1:amd64 (14.2.0-19) ...
#6 23.03 Selecting previously unselected package libasan8:amd64.
#6 23.03 Preparing to unpack .../095-libasan8_14.2.0-19_amd64.deb ...
#6 23.03 Unpacking libasan8:amd64 (14.2.0-19) ...
#6 23.20 Selecting previously unselected package liblsan0:amd64.
#6 23.20 Preparing to unpack .../096-liblsan0_14.2.0-19_amd64.deb ...
#6 23.20 Unpacking liblsan0:amd64 (14.2.0-19) ...
#6 23.29 Selecting previously unselected package libtsan2:amd64.
#6 23.29 Preparing to unpack .../097-libtsan2_14.2.0-19_amd64.deb ...
#6 23.29 Unpacking libtsan2:amd64 (14.2.0-19) ...
#6 23.44 Selecting previously unselected package libubsan1:amd64.
#6 23.44 Preparing to unpack .../098-libubsan1_14.2.0-19_amd64.deb ...
#6 23.44 Unpacking libubsan1:amd64 (14.2.0-19) ...
#6 23.53 Selecting previously unselected package libhwasan0:amd64.
#6 23.53 Preparing to unpack .../099-libhwasan0_14.2.0-19_amd64.deb ...
#6 23.53 Unpacking libhwasan0:amd64 (14.2.0-19) ...
#6 23.64 Selecting previously unselected package libquadmath0:amd64.
#6 23.64 Preparing to unpack .../100-libquadmath0_14.2.0-19_amd64.deb ...
#6 23.64 Unpacking libquadmath0:amd64 (14.2.0-19) ...
#6 23.67 Selecting previously unselected package libgcc-14-dev:amd64.
#6 23.67 Preparing to unpack .../101-libgcc-14-dev_14.2.0-19_amd64.deb ...
#6 23.67 Unpacking libgcc-14-dev:amd64 (14.2.0-19) ...
#6 23.83 Selecting previously unselected package gcc-14-x86-64-linux-gnu.
#6 23.83 Preparing to unpack .../102-gcc-14-x86-64-linux-gnu_14.2.0-19_amd64.deb ...
#6 23.83 Unpacking gcc-14-x86-64-linux-gnu (14.2.0-19) ...
#6 24.40 Selecting previously unselected package gcc-14.
#6 24.41 Preparing to unpack .../103-gcc-14_14.2.0-19_amd64.deb ...
#6 24.41 Unpacking gcc-14 (14.2.0-19) ...
#6 24.44 Selecting previously unselected package gcc-x86-64-linux-gnu.
#6 24.44 Preparing to unpack .../104-gcc-x86-64-linux-gnu_4%3a14.2.0-1_amd64.deb ...
#6 24.44 Unpacking gcc-x86-64-linux-gnu (4:14.2.0-1) ...
#6 24.47 Selecting previously unselected package gcc.
#6 24.47 Preparing to unpack .../105-gcc_4%3a14.2.0-1_amd64.deb ...
#6 24.47 Unpacking gcc (4:14.2.0-1) ...
#6 24.49 Selecting previously unselected package libstdc++-14-dev:amd64.
#6 24.49 Preparing to unpack .../106-libstdc++-14-dev_14.2.0-19_amd64.deb ...
#6 24.50 Unpacking libstdc++-14-dev:amd64 (14.2.0-19) ...
#6 24.65 Selecting previously unselected package g++-14-x86-64-linux-gnu.
#6 24.66 Preparing to unpack .../107-g++-14-x86-64-linux-gnu_14.2.0-19_amd64.deb ...
#6 24.66 Unpacking g++-14-x86-64-linux-gnu (14.2.0-19) ...
#6 25.11 Selecting previously unselected package g++-14.
#6 25.11 Preparing to unpack .../108-g++-14_14.2.0-19_amd64.deb ...
#6 25.12 Unpacking g++-14 (14.2.0-19) ...
#6 25.14 Selecting previously unselected package g++-x86-64-linux-gnu.
#6 25.14 Preparing to unpack .../109-g++-x86-64-linux-gnu_4%3a14.2.0-1_amd64.deb ...
#6 25.14 Unpacking g++-x86-64-linux-gnu (4:14.2.0-1) ...
#6 25.17 Selecting previously unselected package g++.
#6 25.17 Preparing to unpack .../110-g++_4%3a14.2.0-1_amd64.deb ...
#6 25.17 Unpacking g++ (4:14.2.0-1) ...
#6 25.19 Selecting previously unselected package make.
#6 25.20 Preparing to unpack .../111-make_4.4.1-2_amd64.deb ...
#6 25.20 Unpacking make (4.4.1-2) ...
#6 25.24 Selecting previously unselected package libdpkg-perl.
#6 25.24 Preparing to unpack .../112-libdpkg-perl_1.22.22_all.deb ...
#6 25.25 Unpacking libdpkg-perl (1.22.22) ...
#6 25.31 Selecting previously unselected package patch.
#6 25.31 Preparing to unpack .../113-patch_2.8-2_amd64.deb ...
#6 25.31 Unpacking patch (2.8-2) ...
#6 25.34 Selecting previously unselected package dpkg-dev.
#6 25.34 Preparing to unpack .../114-dpkg-dev_1.22.22_all.deb ...
#6 25.35 Unpacking dpkg-dev (1.22.22) ...
#6 25.41 Selecting previously unselected package build-essential.
#6 25.41 Preparing to unpack .../115-build-essential_12.12_amd64.deb ...
#6 25.41 Unpacking build-essential (12.12) ...
#6 25.44 Selecting previously unselected package libckyapplet1t64.
#6 25.44 Preparing to unpack .../116-libckyapplet1t64_1.1.0-16.1_amd64.deb ...
#6 25.44 Unpacking libckyapplet1t64 (1.1.0-16.1) ...
#6 25.46 Selecting previously unselected package coolkey.
#6 25.46 Preparing to unpack .../117-coolkey_1.1.0-16.1_amd64.deb ...
#6 25.47 Unpacking coolkey (1.1.0-16.1) ...
#6 25.49 Selecting previously unselected package dbus-user-session.
#6 25.49 Preparing to unpack .../118-dbus-user-session_1.16.2-2_amd64.deb ...
#6 25.49 Unpacking dbus-user-session (1.16.2-2) ...
#6 25.52 Selecting previously unselected package dctrl-tools.
#6 25.52 Preparing to unpack .../119-dctrl-tools_2.24-3+b1_amd64.deb ...
#6 25.53 Unpacking dctrl-tools (2.24-3+b1) ...
#6 25.56 Selecting previously unselected package libdebhelper-perl.
#6 25.56 Preparing to unpack .../120-libdebhelper-perl_13.24.2_all.deb ...
#6 25.56 Unpacking libdebhelper-perl (13.24.2) ...
#6 25.59 Selecting previously unselected package libtool.
#6 25.59 Preparing to unpack .../121-libtool_2.5.4-4_all.deb ...
#6 25.60 Unpacking libtool (2.5.4-4) ...
#6 25.63 Selecting previously unselected package dh-autoreconf.
#6 25.63 Preparing to unpack .../122-dh-autoreconf_20_all.deb ...
#6 25.63 Unpacking dh-autoreconf (20) ...
#6 25.66 Selecting previously unselected package libarchive-zip-perl.
#6 25.66 Preparing to unpack .../123-libarchive-zip-perl_1.68-1_all.deb ...
#6 25.67 Unpacking libarchive-zip-perl (1.68-1) ...
#6 25.69 Selecting previously unselected package libfile-stripnondeterminism-perl.
#6 25.69 Preparing to unpack .../124-libfile-stripnondeterminism-perl_1.14.1-2_all.deb ...
#6 25.69 Unpacking libfile-stripnondeterminism-perl (1.14.1-2) ...
#6 25.71 Selecting previously unselected package dh-strip-nondeterminism.
#6 25.72 Preparing to unpack .../125-dh-strip-nondeterminism_1.14.1-2_all.deb ...
#6 25.72 Unpacking dh-strip-nondeterminism (1.14.1-2) ...
#6 25.74 Selecting previously unselected package libelf1t64:amd64.
#6 25.74 Preparing to unpack .../126-libelf1t64_0.192-4_amd64.deb ...
#6 25.74 Unpacking libelf1t64:amd64 (0.192-4) ...
#6 25.78 Selecting previously unselected package dwz.
#6 25.78 Preparing to unpack .../127-dwz_0.15-1+b1_amd64.deb ...
#6 25.78 Unpacking dwz (0.15-1+b1) ...
#6 25.81 Selecting previously unselected package gettext.
#6 25.81 Preparing to unpack .../128-gettext_0.23.1-2_amd64.deb ...
#6 25.82 Unpacking gettext (0.23.1-2) ...
#6 25.93 Selecting previously unselected package intltool-debian.
#6 25.93 Preparing to unpack .../129-intltool-debian_0.35.0+20060710.6_all.deb ...
#6 25.93 Unpacking intltool-debian (0.35.0+20060710.6) ...
#6 25.96 Selecting previously unselected package po-debconf.
#6 25.96 Preparing to unpack .../130-po-debconf_1.0.21+nmu1_all.deb ...
#6 25.96 Unpacking po-debconf (1.0.21+nmu1) ...
#6 26.00 Selecting previously unselected package debhelper.
#6 26.00 Preparing to unpack .../131-debhelper_13.24.2_all.deb ...
#6 26.01 Unpacking debhelper (13.24.2) ...
#6 26.08 Selecting previously unselected package debian-keyring.
#6 26.08 Preparing to unpack .../132-debian-keyring_2025.07.26_all.deb ...
#6 26.09 Unpacking debian-keyring (2025.07.26) ...
#6 26.86 Selecting previously unselected package debian-tag2upload-keyring.
#6 26.86 Preparing to unpack .../133-debian-tag2upload-keyring_1.1_all.deb ...
#6 26.86 Unpacking debian-tag2upload-keyring (1.1) ...
#6 26.88 Selecting previously unselected package libgpg-error0:amd64.
#6 26.89 Preparing to unpack .../134-libgpg-error0_1.51-4_amd64.deb ...
#6 26.89 Unpacking libgpg-error0:amd64 (1.51-4) ...
#6 26.91 Selecting previously unselected package libassuan9:amd64.
#6 26.92 Preparing to unpack .../135-libassuan9_3.0.2-2_amd64.deb ...
#6 26.92 Unpacking libassuan9:amd64 (3.0.2-2) ...
#6 26.95 Selecting previously unselected package libgcrypt20:amd64.
#6 26.95 Preparing to unpack .../136-libgcrypt20_1.11.0-7+deb13u1_amd64.deb ...
#6 26.95 Unpacking libgcrypt20:amd64 (1.11.0-7+deb13u1) ...
#6 27.00 Selecting previously unselected package gpgconf.
#6 27.01 Preparing to unpack .../137-gpgconf_2.4.7-21+deb13u1+b4_amd64.deb ...
#6 27.01 Unpacking gpgconf (2.4.7-21+deb13u1+b4) ...
#6 27.04 Selecting previously unselected package libksba8:amd64.
#6 27.04 Preparing to unpack .../138-libksba8_1.6.7-2+b1_amd64.deb ...
#6 27.04 Unpacking libksba8:amd64 (1.6.7-2+b1) ...
#6 27.07 Selecting previously unselected package libnpth0t64:amd64.
#6 27.07 Preparing to unpack .../139-libnpth0t64_1.8-3_amd64.deb ...
#6 27.08 Unpacking libnpth0t64:amd64 (1.8-3) ...
#6 27.11 Selecting previously unselected package gpg.
#6 27.11 Preparing to unpack .../140-gpg_2.4.7-21+deb13u1+b4_amd64.deb ...
#6 27.11 Unpacking gpg (2.4.7-21+deb13u1+b4) ...
#6 27.16 Selecting previously unselected package pinentry-curses.
#6 27.17 Preparing to unpack .../141-pinentry-curses_1.3.1-2_amd64.deb ...
#6 27.17 Unpacking pinentry-curses (1.3.1-2) ...
#6 27.19 Selecting previously unselected package gpg-agent.
#6 27.20 Preparing to unpack .../142-gpg-agent_2.4.7-21+deb13u1+b4_amd64.deb ...
#6 27.20 Unpacking gpg-agent (2.4.7-21+deb13u1+b4) ...
#6 27.23 Selecting previously unselected package libfile-dirlist-perl.
#6 27.23 Preparing to unpack .../143-libfile-dirlist-perl_0.05-3_all.deb ...
#6 27.23 Unpacking libfile-dirlist-perl (0.05-3) ...
#6 27.25 Selecting previously unselected package libfile-which-perl.
#6 27.25 Preparing to unpack .../144-libfile-which-perl_1.27-2_all.deb ...
#6 27.26 Unpacking libfile-which-perl (1.27-2) ...
#6 27.28 Selecting previously unselected package libfile-homedir-perl.
#6 27.28 Preparing to unpack .../145-libfile-homedir-perl_1.006-2_all.deb ...
#6 27.28 Unpacking libfile-homedir-perl (1.006-2) ...
#6 27.31 Selecting previously unselected package libfile-touch-perl.
#6 27.31 Preparing to unpack .../146-libfile-touch-perl_0.12-2_all.deb ...
#6 27.31 Unpacking libfile-touch-perl (0.12-2) ...
#6 27.33 Selecting previously unselected package libclass-method-modifiers-perl.
#6 27.34 Preparing to unpack .../147-libclass-method-modifiers-perl_2.15-1_all.deb ...
#6 27.34 Unpacking libclass-method-modifiers-perl (2.15-1) ...
#6 27.36 Selecting previously unselected package libclass-xsaccessor-perl.
#6 27.36 Preparing to unpack .../148-libclass-xsaccessor-perl_1.19-4+b5_amd64.deb ...
#6 27.37 Unpacking libclass-xsaccessor-perl (1.19-4+b5) ...
#6 27.39 Selecting previously unselected package libb-hooks-op-check-perl:amd64.
#6 27.39 Preparing to unpack .../149-libb-hooks-op-check-perl_0.22-3+b2_amd64.deb ...
#6 27.40 Unpacking libb-hooks-op-check-perl:amd64 (0.22-3+b2) ...
#6 27.42 Selecting previously unselected package libdynaloader-functions-perl.
#6 27.42 Preparing to unpack .../150-libdynaloader-functions-perl_0.004-2_all.deb ...
#6 27.42 Unpacking libdynaloader-functions-perl (0.004-2) ...
#6 27.44 Selecting previously unselected package libdevel-callchecker-perl:amd64.
#6 27.44 Preparing to unpack .../151-libdevel-callchecker-perl_0.009-2_amd64.deb ...
#6 27.45 Unpacking libdevel-callchecker-perl:amd64 (0.009-2) ...
#6 27.47 Selecting previously unselected package libparams-classify-perl:amd64.
#6 27.47 Preparing to unpack .../152-libparams-classify-perl_0.015-2+b4_amd64.deb ...
#6 27.47 Unpacking libparams-classify-perl:amd64 (0.015-2+b4) ...
#6 27.49 Selecting previously unselected package libmodule-runtime-perl.
#6 27.50 Preparing to unpack .../153-libmodule-runtime-perl_0.018-1_all.deb ...
#6 27.50 Unpacking libmodule-runtime-perl (0.018-1) ...
#6 27.52 Selecting previously unselected package libimport-into-perl.
#6 27.52 Preparing to unpack .../154-libimport-into-perl_1.002005-2_all.deb ...
#6 27.53 Unpacking libimport-into-perl (1.002005-2) ...
#6 27.55 Selecting previously unselected package librole-tiny-perl.
#6 27.55 Preparing to unpack .../155-librole-tiny-perl_2.002004-1_all.deb ...
#6 27.55 Unpacking librole-tiny-perl (2.002004-1) ...
#6 27.57 Selecting previously unselected package libsub-quote-perl.
#6 27.57 Preparing to unpack .../156-libsub-quote-perl_2.006008-1_all.deb ...
#6 27.58 Unpacking libsub-quote-perl (2.006008-1) ...
#6 27.60 Selecting previously unselected package libmoo-perl.
#6 27.60 Preparing to unpack .../157-libmoo-perl_2.005005-1_all.deb ...
#6 27.60 Unpacking libmoo-perl (2.005005-1) ...
#6 27.63 Selecting previously unselected package libencode-locale-perl.
#6 27.63 Preparing to unpack .../158-libencode-locale-perl_1.05-3_all.deb ...
#6 27.63 Unpacking libencode-locale-perl (1.05-3) ...
#6 27.65 Selecting previously unselected package libtimedate-perl.
#6 27.65 Preparing to unpack .../159-libtimedate-perl_2.3300-2_all.deb ...
#6 27.65 Unpacking libtimedate-perl (2.3300-2) ...
#6 27.68 Selecting previously unselected package libhttp-date-perl.
#6 27.68 Preparing to unpack .../160-libhttp-date-perl_6.06-1_all.deb ...
#6 27.69 Unpacking libhttp-date-perl (6.06-1) ...
#6 27.71 Selecting previously unselected package libfile-listing-perl.
#6 27.71 Preparing to unpack .../161-libfile-listing-perl_6.16-1_all.deb ...
#6 27.71 Unpacking libfile-listing-perl (6.16-1) ...
#6 27.73 Selecting previously unselected package libhtml-tagset-perl.
#6 27.73 Preparing to unpack .../162-libhtml-tagset-perl_3.24-1_all.deb ...
#6 27.73 Unpacking libhtml-tagset-perl (3.24-1) ...
#6 27.75 Selecting previously unselected package liburi-perl.
#6 27.76 Preparing to unpack .../163-liburi-perl_5.30-1_all.deb ...
#6 27.76 Unpacking liburi-perl (5.30-1) ...
#6 27.78 Selecting previously unselected package libhtml-parser-perl:amd64.
#6 27.79 Preparing to unpack .../164-libhtml-parser-perl_3.83-2~deb13u1_amd64.deb ...
#6 27.79 Unpacking libhtml-parser-perl:amd64 (3.83-2~deb13u1) ...
#6 27.82 Selecting previously unselected package libhtml-tree-perl.
#6 27.82 Preparing to unpack .../165-libhtml-tree-perl_5.07-3_all.deb ...
#6 27.82 Unpacking libhtml-tree-perl (5.07-3) ...
#6 27.85 Selecting previously unselected package libclone-perl:amd64.
#6 27.85 Preparing to unpack .../166-libclone-perl_0.47-1+b1_amd64.deb ...
#6 27.85 Unpacking libclone-perl:amd64 (0.47-1+b1) ...
#6 27.88 Selecting previously unselected package libio-html-perl.
#6 27.89 Preparing to unpack .../167-libio-html-perl_1.004-3_all.deb ...
#6 27.89 Unpacking libio-html-perl (1.004-3) ...
#6 27.91 Selecting previously unselected package liblwp-mediatypes-perl.
#6 27.91 Preparing to unpack .../168-liblwp-mediatypes-perl_6.04-2_all.deb ...
#6 27.91 Unpacking liblwp-mediatypes-perl (6.04-2) ...
#6 27.93 Selecting previously unselected package libhttp-message-perl.
#6 27.94 Preparing to unpack .../169-libhttp-message-perl_7.00-2_all.deb ...
#6 27.94 Unpacking libhttp-message-perl (7.00-2) ...
#6 27.96 Selecting previously unselected package libhttp-cookies-perl.
#6 27.97 Preparing to unpack .../170-libhttp-cookies-perl_6.11-1_all.deb ...
#6 27.97 Unpacking libhttp-cookies-perl (6.11-1) ...
#6 27.98 Selecting previously unselected package libhttp-negotiate-perl.
#6 27.99 Preparing to unpack .../171-libhttp-negotiate-perl_6.01-2_all.deb ...
#6 27.99 Unpacking libhttp-negotiate-perl (6.01-2) ...
#6 28.01 Selecting previously unselected package perl-openssl-defaults:amd64.
#6 28.01 Preparing to unpack .../172-perl-openssl-defaults_7+b2_amd64.deb ...
#6 28.01 Unpacking perl-openssl-defaults:amd64 (7+b2) ...
#6 28.04 Selecting previously unselected package libnet-ssleay-perl:amd64.
#6 28.04 Preparing to unpack .../173-libnet-ssleay-perl_1.94-3_amd64.deb ...
#6 28.04 Unpacking libnet-ssleay-perl:amd64 (1.94-3) ...
#6 28.09 Selecting previously unselected package libio-socket-ssl-perl.
#6 28.09 Preparing to unpack .../174-libio-socket-ssl-perl_2.089-1_all.deb ...
#6 28.09 Unpacking libio-socket-ssl-perl (2.089-1) ...
#6 28.12 Selecting previously unselected package libnet-http-perl.
#6 28.12 Preparing to unpack .../175-libnet-http-perl_6.23-1_all.deb ...
#6 28.12 Unpacking libnet-http-perl (6.23-1) ...
#6 28.14 Selecting previously unselected package liblwp-protocol-https-perl.
#6 28.15 Preparing to unpack .../176-liblwp-protocol-https-perl_6.14-1_all.deb ...
#6 28.15 Unpacking liblwp-protocol-https-perl (6.14-1) ...
#6 28.17 Selecting previously unselected package libtry-tiny-perl.
#6 28.17 Preparing to unpack .../177-libtry-tiny-perl_0.32-1_all.deb ...
#6 28.17 Unpacking libtry-tiny-perl (0.32-1) ...
#6 28.19 Selecting previously unselected package libwww-robotrules-perl.
#6 28.20 Preparing to unpack .../178-libwww-robotrules-perl_6.02-1_all.deb ...
#6 28.20 Unpacking libwww-robotrules-perl (6.02-1) ...
#6 28.22 Selecting previously unselected package libwww-perl.
#6 28.22 Preparing to unpack .../179-libwww-perl_6.78-1_all.deb ...
#6 28.23 Unpacking libwww-perl (6.78-1) ...
#6 28.26 Selecting previously unselected package patchutils.
#6 28.26 Preparing to unpack .../180-patchutils_0.4.2-1_amd64.deb ...
#6 28.27 Unpacking patchutils (0.4.2-1) ...
#6 28.29 Selecting previously unselected package gpgv.
#6 28.29 Preparing to unpack .../181-gpgv_2.4.7-21+deb13u1+b4_amd64.deb ...
#6 28.30 Unpacking gpgv (2.4.7-21+deb13u1+b4) ...
#6 28.33 Selecting previously unselected package wdiff.
#6 28.33 Preparing to unpack .../182-wdiff_1.2.2-9_amd64.deb ...
#6 28.33 Unpacking wdiff (1.2.2-9) ...
#6 28.37 Selecting previously unselected package devscripts.
#6 28.37 Preparing to unpack .../183-devscripts_2.25.15+deb13u1_all.deb ...
#6 28.40 Unpacking devscripts (2.25.15+deb13u1) ...
#6 28.47 Selecting previously unselected package diffstat.
#6 28.47 Preparing to unpack .../184-diffstat_1.67-1_amd64.deb ...
#6 28.47 Unpacking diffstat (1.67-1) ...
#6 28.50 Selecting previously unselected package dirmngr.
#6 28.50 Preparing to unpack .../185-dirmngr_2.4.7-21+deb13u1+b4_amd64.deb ...
#6 28.51 Unpacking dirmngr (2.4.7-21+deb13u1+b4) ...
#6 28.55 Selecting previously unselected package distro-info-data.
#6 28.55 Preparing to unpack .../186-distro-info-data_0.66+deb13u2_all.deb ...
#6 28.55 Unpacking distro-info-data (0.66+deb13u2) ...
#6 28.58 Selecting previously unselected package libdevmapper1.02.1:amd64.
#6 28.58 Preparing to unpack .../187-libdevmapper1.02.1_2%3a1.02.205-2_amd64.deb ...
#6 28.58 Unpacking libdevmapper1.02.1:amd64 (2:1.02.205-2) ...
#6 28.61 Selecting previously unselected package dmsetup.
#6 28.61 Preparing to unpack .../188-dmsetup_2%3a1.02.205-2_amd64.deb ...
#6 28.62 Unpacking dmsetup (2:1.02.205-2) ...
#6 28.64 Selecting previously unselected package dos2unix.
#6 28.64 Preparing to unpack .../189-dos2unix_7.5.2-1_amd64.deb ...
#6 28.64 Unpacking dos2unix (7.5.2-1) ...
#6 28.69 Selecting previously unselected package python3-charset-normalizer.
#6 28.69 Preparing to unpack .../190-python3-charset-normalizer_3.4.2-1_amd64.deb ...
#6 28.70 Unpacking python3-charset-normalizer (3.4.2-1) ...
#6 28.73 Selecting previously unselected package python3-debian.
#6 28.73 Preparing to unpack .../191-python3-debian_1.0.1_all.deb ...
#6 28.73 Unpacking python3-debian (1.0.1) ...
#6 28.76 Selecting previously unselected package gnupg-l10n.
#6 28.76 Preparing to unpack .../192-gnupg-l10n_2.4.7-21+deb13u1_all.deb ...
#6 28.77 Unpacking gnupg-l10n (2.4.7-21+deb13u1) ...
#6 28.82 Selecting previously unselected package gpgsm.
#6 28.82 Preparing to unpack .../193-gpgsm_2.4.7-21+deb13u1+b4_amd64.deb ...
#6 28.83 Unpacking gpgsm (2.4.7-21+deb13u1+b4) ...
#6 28.86 Selecting previously unselected package gnupg.
#6 28.86 Preparing to unpack .../194-gnupg_2.4.7-21+deb13u1_all.deb ...
#6 28.86 Unpacking gnupg (2.4.7-21+deb13u1) ...
#6 28.90 Selecting previously unselected package libgpgme11t64:amd64.
#6 28.90 Preparing to unpack .../195-libgpgme11t64_1.24.2-3_amd64.deb ...
#6 28.90 Unpacking libgpgme11t64:amd64 (1.24.2-3) ...
#6 28.94 Selecting previously unselected package python3-gpg.
#6 28.94 Preparing to unpack .../196-python3-gpg_1.24.2-3_amd64.deb ...
#6 28.94 Unpacking python3-gpg (1.24.2-3) ...
#6 28.98 Selecting previously unselected package python3-xdg.
#6 28.99 Preparing to unpack .../197-python3-xdg_0.28-2_all.deb ...
#6 28.99 Unpacking python3-xdg (0.28-2) ...
#6 29.02 Selecting previously unselected package dput.
#6 29.02 Preparing to unpack .../198-dput_1.2.4_all.deb ...
#6 29.03 Unpacking dput (1.2.4) ...
#6 29.06 Selecting previously unselected package libefisec1t64:amd64.
#6 29.06 Preparing to unpack .../199-libefisec1t64_38-3.1+b1_amd64.deb ...
#6 29.07 Unpacking libefisec1t64:amd64 (38-3.1+b1) ...
#6 29.09 Selecting previously unselected package libefivar1t64:amd64.
#6 29.09 Preparing to unpack .../200-libefivar1t64_38-3.1+b1_amd64.deb ...
#6 29.09 Unpacking libefivar1t64:amd64 (38-3.1+b1) ...
#6 29.12 Selecting previously unselected package libefiboot1t64:amd64.
#6 29.12 Preparing to unpack .../201-libefiboot1t64_38-3.1+b1_amd64.deb ...
#6 29.13 Unpacking libefiboot1t64:amd64 (38-3.1+b1) ...
#6 29.15 Selecting previously unselected package efivar.
#6 29.15 Preparing to unpack .../202-efivar_38-3.1+b1_amd64.deb ...
#6 29.15 Unpacking efivar (38-3.1+b1) ...
#6 29.17 Selecting previously unselected package equivs.
#6 29.18 Preparing to unpack .../203-equivs_2.3.2_all.deb ...
#6 29.18 Unpacking equivs (2.3.2) ...
#6 29.21 Selecting previously unselected package libfakeroot:amd64.
#6 29.21 Preparing to unpack .../204-libfakeroot_1.37.1.1-1_amd64.deb ...
#6 29.21 Unpacking libfakeroot:amd64 (1.37.1.1-1) ...
#6 29.24 Selecting previously unselected package fakeroot.
#6 29.24 Preparing to unpack .../205-fakeroot_1.37.1.1-1_amd64.deb ...
#6 29.25 Unpacking fakeroot (1.37.1.1-1) ...
#6 29.27 Selecting previously unselected package liberror-perl.
#6 29.28 Preparing to unpack .../206-liberror-perl_0.17030-1_all.deb ...
#6 29.28 Unpacking liberror-perl (0.17030-1) ...
#6 29.30 Selecting previously unselected package git-man.
#6 29.30 Preparing to unpack .../207-git-man_1%3a2.47.3-0+deb13u1_all.deb ...
#6 29.31 Unpacking git-man (1:2.47.3-0+deb13u1) ...
#6 29.38 Selecting previously unselected package git.
#6 29.38 Preparing to unpack .../208-git_1%3a2.47.3-0+deb13u1_amd64.deb ...
#6 29.38 Unpacking git (1:2.47.3-0+deb13u1) ...
#6 29.73 Selecting previously unselected package gnu-efi.
#6 29.73 Preparing to unpack .../209-gnu-efi_3.0.18-1+deb13u1_amd64.deb ...
#6 29.73 Unpacking gnu-efi (3.0.18-1+deb13u1) ...
#6 29.77 Selecting previously unselected package gpg-wks-client.
#6 29.78 Preparing to unpack .../210-gpg-wks-client_2.4.7-21+deb13u1+b4_amd64.deb ...
#6 29.78 Unpacking gpg-wks-client (2.4.7-21+deb13u1+b4) ...
#6 29.81 Selecting previously unselected package iso-codes.
#6 29.81 Preparing to unpack .../211-iso-codes_4.18.0-1_all.deb ...
#6 29.82 Unpacking iso-codes (4.18.0-1) ...
#6 30.06 Selecting previously unselected package libabsl20240722:amd64.
#6 30.06 Preparing to unpack .../212-libabsl20240722_20240722.0-4_amd64.deb ...
#6 30.07 Unpacking libabsl20240722:amd64 (20240722.0-4) ...
#6 30.12 Selecting previously unselected package libalgorithm-diff-perl.
#6 30.12 Preparing to unpack .../213-libalgorithm-diff-perl_1.201-1_all.deb ...
#6 30.13 Unpacking libalgorithm-diff-perl (1.201-1) ...
#6 30.15 Selecting previously unselected package libalgorithm-diff-xs-perl.
#6 30.16 Preparing to unpack .../214-libalgorithm-diff-xs-perl_0.04-9_amd64.deb ...
#6 30.16 Unpacking libalgorithm-diff-xs-perl (0.04-9) ...
#6 30.19 Selecting previously unselected package libalgorithm-merge-perl.
#6 30.19 Preparing to unpack .../215-libalgorithm-merge-perl_0.08-5_all.deb ...
#6 30.19 Unpacking libalgorithm-merge-perl (0.08-5) ...
#6 30.22 Selecting previously unselected package libaliased-perl.
#6 30.22 Preparing to unpack .../216-libaliased-perl_0.34-3_all.deb ...
#6 30.22 Unpacking libaliased-perl (0.34-3) ...
#6 30.25 Selecting previously unselected package libapt-pkg-perl.
#6 30.25 Preparing to unpack .../217-libapt-pkg-perl_0.1.42_amd64.deb ...
#6 30.25 Unpacking libapt-pkg-perl (0.1.42) ...
#6 30.28 Selecting previously unselected package libarchive-cpio-perl.
#6 30.28 Preparing to unpack .../218-libarchive-cpio-perl_0.10-3_all.deb ...
#6 30.29 Unpacking libarchive-cpio-perl (0.10-3) ...
#6 30.32 Selecting previously unselected package libarchive13t64:amd64.
#6 30.32 Preparing to unpack .../219-libarchive13t64_3.7.4-4+deb13u1_amd64.deb ...
#6 30.32 Unpacking libarchive13t64:amd64 (3.7.4-4+deb13u1) ...
#6 30.37 Selecting previously unselected package libarray-intspan-perl.
#6 30.37 Preparing to unpack .../220-libarray-intspan-perl_2.004-2_all.deb ...
#6 30.37 Unpacking libarray-intspan-perl (2.004-2) ...
#6 30.39 Selecting previously unselected package libauthen-sasl-perl.
#6 30.40 Preparing to unpack .../221-libauthen-sasl-perl_2.1700-1_all.deb ...
#6 30.40 Unpacking libauthen-sasl-perl (2.1700-1) ...
#6 30.43 Selecting previously unselected package libmodule-implementation-perl.
#6 30.43 Preparing to unpack .../222-libmodule-implementation-perl_0.09-2_all.deb ...
#6 30.43 Unpacking libmodule-implementation-perl (0.09-2) ...
#6 30.45 Selecting previously unselected package libsub-exporter-progressive-perl.
#6 30.46 Preparing to unpack .../223-libsub-exporter-progressive-perl_0.001013-3_all.deb ...
#6 30.46 Unpacking libsub-exporter-progressive-perl (0.001013-3) ...
#6 30.48 Selecting previously unselected package libvariable-magic-perl.
#6 30.48 Preparing to unpack .../224-libvariable-magic-perl_0.64-1+b1_amd64.deb ...
#6 30.49 Unpacking libvariable-magic-perl (0.64-1+b1) ...
#6 30.52 Selecting previously unselected package libb-hooks-endofscope-perl.
#6 30.52 Preparing to unpack .../225-libb-hooks-endofscope-perl_0.28-2_all.deb ...
#6 30.53 Unpacking libb-hooks-endofscope-perl (0.28-2) ...
#6 30.56 Selecting previously unselected package libberkeleydb-perl:amd64.
#6 30.57 Preparing to unpack .../226-libberkeleydb-perl_0.66-1_amd64.deb ...
#6 30.57 Unpacking libberkeleydb-perl:amd64 (0.66-1) ...
#6 30.60 Selecting previously unselected package libcapture-tiny-perl.
#6 30.61 Preparing to unpack .../227-libcapture-tiny-perl_0.50-1_all.deb ...
#6 30.61 Unpacking libcapture-tiny-perl (0.50-1) ...
#6 30.64 Selecting previously unselected package libcgi-pm-perl.
#6 30.64 Preparing to unpack .../228-libcgi-pm-perl_4.68-1_all.deb ...
#6 30.64 Unpacking libcgi-pm-perl (4.68-1) ...
#6 30.68 Selecting previously unselected package libfcgi0t64:amd64.
#6 30.68 Preparing to unpack .../229-libfcgi0t64_2.4.5-0.1_amd64.deb ...
#6 30.68 Unpacking libfcgi0t64:amd64 (2.4.5-0.1) ...
#6 30.71 Selecting previously unselected package libfcgi-perl.
#6 30.71 Preparing to unpack .../230-libfcgi-perl_0.82+ds-3+b2_amd64.deb ...
#6 30.71 Unpacking libfcgi-perl (0.82+ds-3+b2) ...
#6 30.73 Selecting previously unselected package libcgi-fast-perl.
#6 30.74 Preparing to unpack .../231-libcgi-fast-perl_1%3a2.17-1_all.deb ...
#6 30.74 Unpacking libcgi-fast-perl (1:2.17-1) ...
#6 30.76 Selecting previously unselected package libclass-data-inheritable-perl.
#6 30.76 Preparing to unpack .../232-libclass-data-inheritable-perl_0.10-1_all.deb ...
#6 30.77 Unpacking libclass-data-inheritable-perl (0.10-1) ...
#6 30.79 Selecting previously unselected package libclass-inspector-perl.
#6 30.79 Preparing to unpack .../233-libclass-inspector-perl_1.36-3_all.deb ...
#6 30.79 Unpacking libclass-inspector-perl (1.36-3) ...
#6 30.82 Selecting previously unselected package libcommon-sense-perl:amd64.
#6 30.82 Preparing to unpack .../234-libcommon-sense-perl_3.75-3+b5_amd64.deb ...
#6 30.82 Unpacking libcommon-sense-perl:amd64 (3.75-3+b5) ...
#6 30.85 Selecting previously unselected package libconfig-tiny-perl.
#6 30.85 Preparing to unpack .../235-libconfig-tiny-perl_2.30-1_all.deb ...
#6 30.85 Unpacking libconfig-tiny-perl (2.30-1) ...
#6 30.87 Selecting previously unselected package libparams-util-perl.
#6 30.88 Preparing to unpack .../236-libparams-util-perl_1.102-3+b1_amd64.deb ...
#6 30.88 Unpacking libparams-util-perl (1.102-3+b1) ...
#6 30.90 Selecting previously unselected package libsub-install-perl.
#6 30.91 Preparing to unpack .../237-libsub-install-perl_0.929-1_all.deb ...
#6 30.91 Unpacking libsub-install-perl (0.929-1) ...
#6 30.93 Selecting previously unselected package libdata-optlist-perl.
#6 30.93 Preparing to unpack .../238-libdata-optlist-perl_0.114-1_all.deb ...
#6 30.93 Unpacking libdata-optlist-perl (0.114-1) ...
#6 30.96 Selecting previously unselected package libsub-exporter-perl.
#6 30.96 Preparing to unpack .../239-libsub-exporter-perl_0.990-1_all.deb ...
#6 30.96 Unpacking libsub-exporter-perl (0.990-1) ...
#6 30.99 Selecting previously unselected package libconst-fast-perl.
#6 30.99 Preparing to unpack .../240-libconst-fast-perl_0.014-2_all.deb ...
#6 30.99 Unpacking libconst-fast-perl (0.014-2) ...
#6 31.01 Selecting previously unselected package libwant-perl.
#6 31.02 Preparing to unpack .../241-libwant-perl_0.29-2+b4_amd64.deb ...
#6 31.02 Unpacking libwant-perl (0.29-2+b4) ...
#6 31.04 Selecting previously unselected package libcontextual-return-perl.
#6 31.05 Preparing to unpack .../242-libcontextual-return-perl_0.004014-4_all.deb ...
#6 31.05 Unpacking libcontextual-return-perl (0.004014-4) ...
#6 31.08 Selecting previously unselected package libconvert-binhex-perl.
#6 31.08 Preparing to unpack .../243-libconvert-binhex-perl_1.125-3_all.deb ...
#6 31.09 Unpacking libconvert-binhex-perl (1.125-3) ...
#6 31.11 Selecting previously unselected package libcpanel-json-xs-perl:amd64.
#6 31.11 Preparing to unpack .../244-libcpanel-json-xs-perl_4.39-2~deb13u1_amd64.deb ...
#6 31.11 Unpacking libcpanel-json-xs-perl:amd64 (4.39-2~deb13u1) ...
#6 31.14 Selecting previously unselected package libjson-c5:amd64.
#6 31.15 Preparing to unpack .../245-libjson-c5_0.18+ds-1_amd64.deb ...
#6 31.15 Unpacking libjson-c5:amd64 (0.18+ds-1) ...
#6 31.18 Selecting previously unselected package libcryptsetup12:amd64.
#6 31.18 Preparing to unpack .../246-libcryptsetup12_2%3a2.7.5-2_amd64.deb ...
#6 31.18 Unpacking libcryptsetup12:amd64 (2:2.7.5-2) ...
#6 31.22 Selecting previously unselected package libdevel-stacktrace-perl.
#6 31.22 Preparing to unpack .../247-libdevel-stacktrace-perl_2.0500-1_all.deb ...
#6 31.22 Unpacking libdevel-stacktrace-perl (2.0500-1) ...
#6 31.24 Selecting previously unselected package libexception-class-perl.
#6 31.24 Preparing to unpack .../248-libexception-class-perl_1.45-1_all.deb ...
#6 31.25 Unpacking libexception-class-perl (1.45-1) ...
#6 31.27 Selecting previously unselected package libiterator-perl.
#6 31.27 Preparing to unpack .../249-libiterator-perl_0.03+ds1-2_all.deb ...
#6 31.28 Unpacking libiterator-perl (0.03+ds1-2) ...
#6 31.30 Selecting previously unselected package libiterator-util-perl.
#6 31.30 Preparing to unpack .../250-libiterator-util-perl_0.02+ds1-2_all.deb ...
#6 31.32 Unpacking libiterator-util-perl (0.02+ds1-2) ...
#6 31.34 Selecting previously unselected package libdata-dpath-perl.
#6 31.35 Preparing to unpack .../251-libdata-dpath-perl_0.60-1_all.deb ...
#6 31.35 Unpacking libdata-dpath-perl (0.60-1) ...
#6 31.37 Selecting previously unselected package libdata-dump-perl.
#6 31.37 Preparing to unpack .../252-libdata-dump-perl_1.25-1_all.deb ...
#6 31.38 Unpacking libdata-dump-perl (1.25-1) ...
#6 31.40 Selecting previously unselected package libdata-messagepack-perl.
#6 31.40 Preparing to unpack .../253-libdata-messagepack-perl_1.02-2_amd64.deb ...
#6 31.40 Unpacking libdata-messagepack-perl (1.02-2) ...
#6 31.43 Selecting previously unselected package libnet-domain-tld-perl.
#6 31.43 Preparing to unpack .../254-libnet-domain-tld-perl_1.75-4_all.deb ...
#6 31.43 Unpacking libnet-domain-tld-perl (1.75-4) ...
#6 31.46 Selecting previously unselected package libdata-validate-domain-perl.
#6 31.46 Preparing to unpack .../255-libdata-validate-domain-perl_0.15-1_all.deb ...
#6 31.46 Unpacking libdata-validate-domain-perl (0.15-1) ...
#6 31.49 Selecting previously unselected package libnet-ipv6addr-perl.
#6 31.49 Preparing to unpack .../256-libnet-ipv6addr-perl_1.02-1_all.deb ...
#6 31.49 Unpacking libnet-ipv6addr-perl (1.02-1) ...
#6 31.51 Selecting previously unselected package libnet-netmask-perl.
#6 31.52 Preparing to unpack .../257-libnet-netmask-perl_2.0002-2_all.deb ...
#6 31.52 Unpacking libnet-netmask-perl (2.0002-2) ...
#6 31.54 Selecting previously unselected package libnetaddr-ip-perl.
#6 31.54 Preparing to unpack .../258-libnetaddr-ip-perl_4.079+dfsg-2+b5_amd64.deb ...
#6 31.55 Unpacking libnetaddr-ip-perl (4.079+dfsg-2+b5) ...
#6 31.57 Selecting previously unselected package libdata-validate-ip-perl.
#6 31.58 Preparing to unpack .../259-libdata-validate-ip-perl_0.31-1_all.deb ...
#6 31.58 Unpacking libdata-validate-ip-perl (0.31-1) ...
#6 31.60 Selecting previously unselected package libdata-validate-uri-perl.
#6 31.61 Preparing to unpack .../260-libdata-validate-uri-perl_0.07-3_all.deb ...
#6 31.61 Unpacking libdata-validate-uri-perl (0.07-3) ...
#6 31.63 Selecting previously unselected package libdevel-size-perl.
#6 31.63 Preparing to unpack .../261-libdevel-size-perl_0.84-1+b1_amd64.deb ...
#6 31.63 Unpacking libdevel-size-perl (0.84-1+b1) ...
#6 31.66 Selecting previously unselected package libdistro-info-perl.
#6 31.66 Preparing to unpack .../262-libdistro-info-perl_1.13_all.deb ...
#6 31.66 Unpacking libdistro-info-perl (1.13) ...
#6 31.69 Selecting previously unselected package libeac3:amd64.
#6 31.69 Preparing to unpack .../263-libeac3_1.1.2+ds+git20220117+453c3d6b03a0-1.1+b3_amd64.deb ...
#6 31.69 Unpacking libeac3:amd64 (1.1.2+ds+git20220117+453c3d6b03a0-1.1+b3) ...
#6 31.72 Selecting previously unselected package libefivar-dev:amd64.
#6 31.72 Preparing to unpack .../264-libefivar-dev_38-3.1+b1_amd64.deb ...
#6 31.72 Unpacking libefivar-dev:amd64 (38-3.1+b1) ...
#6 31.75 Selecting previously unselected package zlib1g-dev:amd64.
#6 31.75 Preparing to unpack .../265-zlib1g-dev_1%3a1.3.dfsg+really1.3.1-1+b1_amd64.deb ...
#6 31.76 Unpacking zlib1g-dev:amd64 (1:1.3.dfsg+really1.3.1-1+b1) ...
#6 31.79 Selecting previously unselected package libzstd-dev:amd64.
#6 31.79 Preparing to unpack .../266-libzstd-dev_1.5.7+dfsg-1_amd64.deb ...
#6 31.80 Unpacking libzstd-dev:amd64 (1.5.7+dfsg-1) ...
#6 31.84 Selecting previously unselected package libelf-dev:amd64.
#6 31.84 Preparing to unpack .../267-libelf-dev_0.192-4_amd64.deb ...
#6 31.84 Unpacking libelf-dev:amd64 (0.192-4) ...
#6 31.87 Selecting previously unselected package libemail-address-xs-perl.
#6 31.88 Preparing to unpack .../268-libemail-address-xs-perl_1.05-1+b4_amd64.deb ...
#6 31.88 Unpacking libemail-address-xs-perl (1.05-1+b4) ...
#6 31.90 Selecting previously unselected package libexporter-tiny-perl.
#6 31.90 Preparing to unpack .../269-libexporter-tiny-perl_1.006002-1_all.deb ...
#6 31.91 Unpacking libexporter-tiny-perl (1.006002-1) ...
#6 31.93 Selecting previously unselected package libfcgi-bin.
#6 31.94 Preparing to unpack .../270-libfcgi-bin_2.4.5-0.1_amd64.deb ...
#6 31.94 Unpacking libfcgi-bin (2.4.5-0.1) ...
#6 31.96 Selecting previously unselected package libfile-sharedir-perl.
#6 31.97 Preparing to unpack .../271-libfile-sharedir-perl_1.118-3_all.deb ...
#6 31.97 Unpacking libfile-sharedir-perl (1.118-3) ...
#6 31.99 Selecting previously unselected package libindirect-perl.
#6 32.00 Preparing to unpack .../272-libindirect-perl_0.39-2+b4_amd64.deb ...
#6 32.00 Unpacking libindirect-perl (0.39-2+b4) ...
#6 32.02 Selecting previously unselected package libxs-parse-keyword-perl.
#6 32.02 Preparing to unpack .../273-libxs-parse-keyword-perl_0.48-2_amd64.deb ...
#6 32.03 Unpacking libxs-parse-keyword-perl (0.48-2) ...
#6 32.06 Selecting previously unselected package libxs-parse-sublike-perl:amd64.
#6 32.06 Preparing to unpack .../274-libxs-parse-sublike-perl_0.37-1_amd64.deb ...
#6 32.06 Unpacking libxs-parse-sublike-perl:amd64 (0.37-1) ...
#6 32.09 Selecting previously unselected package libobject-pad-perl.
#6 32.09 Preparing to unpack .../275-libobject-pad-perl_0.820-1_amd64.deb ...
#6 32.09 Unpacking libobject-pad-perl (0.820-1) ...
#6 32.13 Selecting previously unselected package libfeature-compat-class-perl.
#6 32.13 Preparing to unpack .../276-libfeature-compat-class-perl_0.07-1_all.deb ...
#6 32.13 Unpacking libfeature-compat-class-perl (0.07-1) ...
#6 32.15 Selecting previously unselected package libsyntax-keyword-try-perl.
#6 32.16 Preparing to unpack .../277-libsyntax-keyword-try-perl_0.30-1+b1_amd64.deb ...
#6 32.16 Unpacking libsyntax-keyword-try-perl (0.30-1+b1) ...
#6 32.19 Selecting previously unselected package libfeature-compat-try-perl.
#6 32.19 Preparing to unpack .../278-libfeature-compat-try-perl_0.05-1_all.deb ...
#6 32.19 Unpacking libfeature-compat-try-perl (0.05-1) ...
#6 32.22 Selecting previously unselected package libipc-system-simple-perl.
#6 32.22 Preparing to unpack .../279-libipc-system-simple-perl_1.30-2_all.deb ...
#6 32.22 Unpacking libipc-system-simple-perl (1.30-2) ...
#6 32.25 Selecting previously unselected package libfile-basedir-perl.
#6 32.25 Preparing to unpack .../280-libfile-basedir-perl_0.09-2_all.deb ...
#6 32.25 Unpacking libfile-basedir-perl (0.09-2) ...
#6 32.27 Selecting previously unselected package libfile-chdir-perl.
#6 32.28 Preparing to unpack .../281-libfile-chdir-perl_0.1008-1.2_all.deb ...
#6 32.28 Unpacking libfile-chdir-perl (0.1008-1.2) ...
#6 32.30 Selecting previously unselected package libfile-fcntllock-perl.
#6 32.30 Preparing to unpack .../282-libfile-fcntllock-perl_0.22-4+b4_amd64.deb ...
#6 32.30 Unpacking libfile-fcntllock-perl (0.22-4+b4) ...
#6 32.33 Selecting previously unselected package libnumber-compare-perl.
#6 32.33 Preparing to unpack .../283-libnumber-compare-perl_0.03-3_all.deb ...
#6 32.33 Unpacking libnumber-compare-perl (0.03-3) ...
#6 32.36 Selecting previously unselected package libtext-glob-perl.
#6 32.36 Preparing to unpack .../284-libtext-glob-perl_0.11-3_all.deb ...
#6 32.36 Unpacking libtext-glob-perl (0.11-3) ...
#6 32.39 Selecting previously unselected package libfile-find-rule-perl.
#6 32.39 Preparing to unpack .../285-libfile-find-rule-perl_0.34-4_all.deb ...
#6 32.39 Unpacking libfile-find-rule-perl (0.34-4) ...
#6 32.41 Selecting previously unselected package libfont-afm-perl.
#6 32.42 Preparing to unpack .../286-libfont-afm-perl_1.20-4_all.deb ...
#6 32.42 Unpacking libfont-afm-perl (1.20-4) ...
#6 32.44 Selecting previously unselected package libio-string-perl.
#6 32.45 Preparing to unpack .../287-libio-string-perl_1.08-4_all.deb ...
#6 32.45 Unpacking libio-string-perl (1.08-4) ...
#6 32.47 Selecting previously unselected package libfont-ttf-perl.
#6 32.47 Preparing to unpack .../288-libfont-ttf-perl_1.06-2_all.deb ...
#6 32.47 Unpacking libfont-ttf-perl (1.06-2) ...
#6 32.52 Selecting previously unselected package libfreezethaw-perl.
#6 32.52 Preparing to unpack .../289-libfreezethaw-perl_0.5001-3_all.deb ...
#6 32.52 Unpacking libfreezethaw-perl (0.5001-3) ...
#6 32.54 Selecting previously unselected package libsort-versions-perl.
#6 32.54 Preparing to unpack .../290-libsort-versions-perl_1.62-3_all.deb ...
#6 32.55 Unpacking libsort-versions-perl (1.62-3) ...
#6 32.57 Selecting previously unselected package libgit-wrapper-perl.
#6 32.57 Preparing to unpack .../291-libgit-wrapper-perl_0.048-2_all.deb ...
#6 32.57 Unpacking libgit-wrapper-perl (0.048-2) ...
#6 32.60 Selecting previously unselected package libhttp-tiny-multipart-perl.
#6 32.60 Preparing to unpack .../292-libhttp-tiny-multipart-perl_0.08-2_all.deb ...
#6 32.60 Unpacking libhttp-tiny-multipart-perl (0.08-2) ...
#6 32.62 Selecting previously unselected package libsub-infix-perl.
#6 32.62 Preparing to unpack .../293-libsub-infix-perl_0.004-4_all.deb ...
#6 32.63 Unpacking libsub-infix-perl (0.004-4) ...
#6 32.65 Selecting previously unselected package libmatch-simple-perl.
#6 32.65 Preparing to unpack .../294-libmatch-simple-perl_0.012-1_all.deb ...
#6 32.65 Unpacking libmatch-simple-perl (0.012-1) ...
#6 32.68 Selecting previously unselected package libio-prompter-perl.
#6 32.68 Preparing to unpack .../295-libio-prompter-perl_0.005002-1_all.deb ...
#6 32.68 Unpacking libio-prompter-perl (0.005002-1) ...
#6 32.71 Selecting previously unselected package libtypes-serialiser-perl.
#6 32.71 Preparing to unpack .../296-libtypes-serialiser-perl_1.01-1_all.deb ...
#6 32.71 Unpacking libtypes-serialiser-perl (1.01-1) ...
#6 32.74 Selecting previously unselected package libjson-xs-perl.
#6 32.74 Preparing to unpack .../297-libjson-xs-perl_4.040-1~deb13u1_amd64.deb ...
#6 32.74 Unpacking libjson-xs-perl (4.040-1~deb13u1) ...
#6 32.77 Selecting previously unselected package libjson-maybexs-perl.
#6 32.77 Preparing to unpack .../298-libjson-maybexs-perl_1.004008-1_all.deb ...
#6 32.77 Unpacking libjson-maybexs-perl (1.004008-1) ...
#6 32.80 Selecting previously unselected package liblog-any-perl.
#6 32.80 Preparing to unpack .../299-liblog-any-perl_1.717-1_all.deb ...
#6 32.80 Unpacking liblog-any-perl (1.717-1) ...
#6 32.83 Selecting previously unselected package liblog-any-adapter-screen-perl.
#6 32.83 Preparing to unpack .../300-liblog-any-adapter-screen-perl_0.141-1_all.deb ...
#6 32.83 Unpacking liblog-any-adapter-screen-perl (0.141-1) ...
#6 32.86 Selecting previously unselected package libpackage-stash-perl.
#6 32.86 Preparing to unpack .../301-libpackage-stash-perl_0.40-1_all.deb ...
#6 32.86 Unpacking libpackage-stash-perl (0.40-1) ...
#6 32.88 Selecting previously unselected package libsub-identify-perl.
#6 32.89 Preparing to unpack .../302-libsub-identify-perl_0.14-3+b3_amd64.deb ...
#6 32.89 Unpacking libsub-identify-perl (0.14-3+b3) ...
#6 32.91 Selecting previously unselected package libsub-name-perl:amd64.
#6 32.91 Preparing to unpack .../303-libsub-name-perl_0.28-1_amd64.deb ...
#6 32.91 Unpacking libsub-name-perl:amd64 (0.28-1) ...
#6 32.94 Selecting previously unselected package libnamespace-clean-perl.
#6 32.94 Preparing to unpack .../304-libnamespace-clean-perl_0.27-2_all.deb ...
#6 32.94 Unpacking libnamespace-clean-perl (0.27-2) ...
#6 32.96 Selecting previously unselected package libpath-tiny-perl.
#6 32.97 Preparing to unpack .../305-libpath-tiny-perl_0.148-1_all.deb ...
#6 32.97 Unpacking libpath-tiny-perl (0.148-1) ...
#6 32.99 Selecting previously unselected package libstrictures-perl.
#6 32.99 Preparing to unpack .../306-libstrictures-perl_2.000006-1_all.deb ...
#6 33.00 Unpacking libstrictures-perl (2.000006-1) ...
#6 33.02 Selecting previously unselected package libtype-tiny-perl.
#6 33.02 Preparing to unpack .../307-libtype-tiny-perl_2.004000-2_all.deb ...
#6 33.02 Unpacking libtype-tiny-perl (2.004000-2) ...
#6 33.06 Selecting previously unselected package libgitlab-api-v4-perl.
#6 33.07 Preparing to unpack .../308-libgitlab-api-v4-perl_0.27-1_all.deb ...
#6 33.07 Unpacking libgitlab-api-v4-perl (0.27-1) ...
#6 33.10 Selecting previously unselected package libglib2.0-data.
#6 33.10 Preparing to unpack .../309-libglib2.0-data_2.84.4-3~deb13u3_all.deb ...
#6 33.10 Unpacking libglib2.0-data (2.84.4-3~deb13u3) ...
#6 33.20 Selecting previously unselected package libgpg-error-l10n.
#6 33.21 Preparing to unpack .../310-libgpg-error-l10n_1.51-4_all.deb ...
#6 33.21 Unpacking libgpg-error-l10n (1.51-4) ...
#6 33.25 Selecting previously unselected package libgpm2:amd64.
#6 33.25 Preparing to unpack .../311-libgpm2_1.20.7-11+b2_amd64.deb ...
#6 33.25 Unpacking libgpm2:amd64 (1.20.7-11+b2) ...
#6 33.28 Selecting previously unselected package libhtml-form-perl.
#6 33.28 Preparing to unpack .../312-libhtml-form-perl_6.12-1_all.deb ...
#6 33.28 Unpacking libhtml-form-perl (6.12-1) ...
#6 33.31 Selecting previously unselected package libhtml-format-perl.
#6 33.31 Preparing to unpack .../313-libhtml-format-perl_2.16-2_all.deb ...
#6 33.31 Unpacking libhtml-format-perl (2.16-2) ...
#6 33.34 Selecting previously unselected package libhtml-html5-entities-perl.
#6 33.35 Preparing to unpack .../314-libhtml-html5-entities-perl_0.004-3_all.deb ...
#6 33.35 Unpacking libhtml-html5-entities-perl (0.004-3) ...
#6 33.38 Selecting previously unselected package libhtml-tokeparser-simple-perl.
#6 33.38 Preparing to unpack .../315-libhtml-tokeparser-simple-perl_3.16-4_all.deb ...
#6 33.38 Unpacking libhtml-tokeparser-simple-perl (3.16-4) ...
#6 33.41 Selecting previously unselected package libhttp-daemon-perl.
#6 33.41 Preparing to unpack .../316-libhttp-daemon-perl_6.16-1+deb13u1_all.deb ...
#6 33.41 Unpacking libhttp-daemon-perl (6.16-1+deb13u1) ...
#6 33.43 Selecting previously unselected package libio-compress-brotli-perl.
#6 33.43 Preparing to unpack .../317-libio-compress-brotli-perl_0.004001-2+b3_amd64.deb ...
#6 33.43 Unpacking libio-compress-brotli-perl (0.004001-2+b3) ...
#6 33.46 Selecting previously unselected package libio-interactive-perl.
#6 33.46 Preparing to unpack .../318-libio-interactive-perl_1.027-1_all.deb ...
#6 33.47 Unpacking libio-interactive-perl (1.027-1) ...
#6 33.49 Selecting previously unselected package libio-sessiondata-perl.
#6 33.49 Preparing to unpack .../319-libio-sessiondata-perl_1.03-3_all.deb ...
#6 33.49 Unpacking libio-sessiondata-perl (1.03-3) ...
#6 33.51 Selecting previously unselected package libio-stringy-perl.
#6 33.52 Preparing to unpack .../320-libio-stringy-perl_2.113-2_all.deb ...
#6 33.52 Unpacking libio-stringy-perl (2.113-2) ...
#6 33.54 Selecting previously unselected package libipc-run3-perl.
#6 33.55 Preparing to unpack .../321-libipc-run3-perl_0.049-1_all.deb ...
#6 33.55 Unpacking libipc-run3-perl (0.049-1) ...
#6 33.57 Selecting previously unselected package libjson-perl.
#6 33.58 Preparing to unpack .../322-libjson-perl_4.10000-1_all.deb ...
#6 33.58 Unpacking libjson-perl (4.10000-1) ...
#6 33.61 Selecting previously unselected package libkmod2:amd64.
#6 33.61 Preparing to unpack .../323-libkmod2_34.2-2_amd64.deb ...
#6 33.62 Unpacking libkmod2:amd64 (34.2-2) ...
#6 33.64 Selecting previously unselected package libldap-common.
#6 33.64 Preparing to unpack .../324-libldap-common_2.6.10+dfsg-1_all.deb ...
#6 33.64 Unpacking libldap-common (2.6.10+dfsg-1) ...
#6 33.67 Selecting previously unselected package liblist-compare-perl.
#6 33.67 Preparing to unpack .../325-liblist-compare-perl_0.55-2_all.deb ...
#6 33.67 Unpacking liblist-compare-perl (0.55-2) ...
#6 33.70 Selecting previously unselected package liblist-moreutils-xs-perl.
#6 33.70 Preparing to unpack .../326-liblist-moreutils-xs-perl_0.430-4+b2_amd64.deb ...
#6 33.71 Unpacking liblist-moreutils-xs-perl (0.430-4+b2) ...
#6 33.73 Selecting previously unselected package liblist-moreutils-perl.
#6 33.73 Preparing to unpack .../327-liblist-moreutils-perl_0.430-2_all.deb ...
#6 33.73 Unpacking liblist-moreutils-perl (0.430-2) ...
#6 33.76 Selecting previously unselected package liblist-someutils-perl.
#6 33.76 Preparing to unpack .../328-liblist-someutils-perl_0.59-1_all.deb ...
#6 33.76 Unpacking liblist-someutils-perl (0.59-1) ...
#6 33.79 Selecting previously unselected package liblist-someutils-xs-perl:amd64.
#6 33.79 Preparing to unpack .../329-liblist-someutils-xs-perl_0.58-3+b3_amd64.deb ...
#6 33.79 Unpacking liblist-someutils-xs-perl:amd64 (0.58-3+b3) ...
#6 33.82 Selecting previously unselected package liblist-utilsby-perl.
#6 33.82 Preparing to unpack .../330-liblist-utilsby-perl_0.12-2_all.deb ...
#6 33.82 Unpacking liblist-utilsby-perl (0.12-2) ...
#6 33.85 Selecting previously unselected package libltdl7:amd64.
#6 33.85 Preparing to unpack .../331-libltdl7_2.5.4-4_amd64.deb ...
#6 33.85 Unpacking libltdl7:amd64 (2.5.4-4) ...
#6 33.88 Selecting previously unselected package libltdl-dev:amd64.
#6 33.88 Preparing to unpack .../332-libltdl-dev_2.5.4-4_amd64.deb ...
#6 33.88 Unpacking libltdl-dev:amd64 (2.5.4-4) ...
#6 33.91 Selecting previously unselected package liblz1:amd64.
#6 33.92 Preparing to unpack .../333-liblz1_1.15-3_amd64.deb ...
#6 33.92 Unpacking liblz1:amd64 (1.15-3) ...
#6 33.96 Selecting previously unselected package liblzo2-2:amd64.
#6 33.96 Preparing to unpack .../334-liblzo2-2_2.10-3+b1_amd64.deb ...
#6 33.96 Unpacking liblzo2-2:amd64 (2.10-3+b1) ...
#6 33.98 Selecting previously unselected package libsys-hostname-long-perl.
#6 33.99 Preparing to unpack .../335-libsys-hostname-long-perl_1.5-3_all.deb ...
#6 33.99 Unpacking libsys-hostname-long-perl (1.5-3) ...
#6 34.01 Selecting previously unselected package libmail-sendmail-perl.
#6 34.01 Preparing to unpack .../336-libmail-sendmail-perl_0.80-3_all.deb ...
#6 34.01 Unpacking libmail-sendmail-perl (0.80-3) ...
#6 34.04 Selecting previously unselected package libnet-smtp-ssl-perl.
#6 34.04 Preparing to unpack .../337-libnet-smtp-ssl-perl_1.04-2_all.deb ...
#6 34.04 Unpacking libnet-smtp-ssl-perl (1.04-2) ...
#6 34.06 Selecting previously unselected package libmailtools-perl.
#6 34.07 Preparing to unpack .../338-libmailtools-perl_2.22-1_all.deb ...
#6 34.07 Unpacking libmailtools-perl (2.22-1) ...
#6 34.09 Selecting previously unselected package libmarkdown2:amd64.
#6 34.10 Preparing to unpack .../339-libmarkdown2_2.2.7-2.1_amd64.deb ...
#6 34.10 Unpacking libmarkdown2:amd64 (2.2.7-2.1) ...
#6 34.12 Selecting previously unselected package libmatch-simple-xs-perl.
#6 34.12 Preparing to unpack .../340-libmatch-simple-xs-perl_0.002-1+b1_amd64.deb ...
#6 34.13 Unpacking libmatch-simple-xs-perl (0.002-1+b1) ...
#6 34.15 Selecting previously unselected package libmath-base85-perl.
#6 34.15 Preparing to unpack .../341-libmath-base85-perl_0.5+dfsg-2_all.deb ...
#6 34.15 Unpacking libmath-base85-perl (0.5+dfsg-2) ...
#6 34.18 Selecting previously unselected package libmime-tools-perl.
#6 34.18 Preparing to unpack .../342-libmime-tools-perl_5.515-1_all.deb ...
#6 34.18 Unpacking libmime-tools-perl (5.515-1) ...
#6 34.22 Selecting previously unselected package libmldbm-perl.
#6 34.22 Preparing to unpack .../343-libmldbm-perl_2.05-4_all.deb ...
#6 34.22 Unpacking libmldbm-perl (2.05-4) ...
#6 34.24 Selecting previously unselected package libmoox-aliases-perl.
#6 34.24 Preparing to unpack .../344-libmoox-aliases-perl_0.001006-2_all.deb ...
#6 34.25 Unpacking libmoox-aliases-perl (0.001006-2) ...
#6 34.27 Selecting previously unselected package libmouse-perl:amd64.
#6 34.27 Preparing to unpack .../345-libmouse-perl_2.5.11-1+b1_amd64.deb ...
#6 34.27 Unpacking libmouse-perl:amd64 (2.5.11-1+b1) ...
#6 34.30 Selecting previously unselected package libnspr4:amd64.
#6 34.30 Preparing to unpack .../346-libnspr4_2%3a4.36-1_amd64.deb ...
#6 34.31 Unpacking libnspr4:amd64 (2:4.36-1) ...
#6 34.34 Selecting previously unselected package libnss3:amd64.
#6 34.34 Preparing to unpack .../347-libnss3_2%3a3.110-1+deb13u4_amd64.deb ...
#6 34.34 Unpacking libnss3:amd64 (2:3.110-1+deb13u4) ...
#6 34.42 Selecting previously unselected package libnss3-tools.
#6 34.43 Preparing to unpack .../348-libnss3-tools_2%3a3.110-1+deb13u4_amd64.deb ...
#6 34.43 Unpacking libnss3-tools (2:3.110-1+deb13u4) ...
#6 34.50 Selecting previously unselected package libpackage-stash-xs-perl:amd64.
#6 34.50 Preparing to unpack .../349-libpackage-stash-xs-perl_0.30-1+b4_amd64.deb ...
#6 34.51 Unpacking libpackage-stash-xs-perl:amd64 (0.30-1+b4) ...
#6 34.53 Selecting previously unselected package libpath-iterator-rule-perl.
#6 34.54 Preparing to unpack .../350-libpath-iterator-rule-perl_1.015-2_all.deb ...
#6 34.54 Unpacking libpath-iterator-rule-perl (1.015-2) ...
#6 34.56 Selecting previously unselected package libperlio-gzip-perl.
#6 34.57 Preparing to unpack .../351-libperlio-gzip-perl_0.20-1+b4_amd64.deb ...
#6 34.57 Unpacking libperlio-gzip-perl (0.20-1+b4) ...
#6 34.60 Selecting previously unselected package libperlio-utf8-strict-perl.
#6 34.60 Preparing to unpack .../352-libperlio-utf8-strict-perl_0.010-1+b3_amd64.deb ...
#6 34.60 Unpacking libperlio-utf8-strict-perl (0.010-1+b3) ...
#6 34.63 Selecting previously unselected package libpod-parser-perl.
#6 34.64 Preparing to unpack .../353-libpod-parser-perl_1.67-1_all.deb ...
#6 34.65 Adding 'diversion of /usr/bin/podselect to /usr/bin/podselect.bundled by libpod-parser-perl'
#6 34.66 Adding 'diversion of /usr/share/man/man1/podselect.1.gz to /usr/share/man/man1/podselect.bundled.1.gz by libpod-parser-perl'
#6 34.66 Unpacking libpod-parser-perl (1.67-1) ...
#6 34.69 Selecting previously unselected package libpod-constants-perl.
#6 34.70 Preparing to unpack .../354-libpod-constants-perl_0.19-2_all.deb ...
#6 34.70 Unpacking libpod-constants-perl (0.19-2) ...
#6 34.73 Selecting previously unselected package libpopt0:amd64.
#6 34.73 Preparing to unpack .../355-libpopt0_1.19+dfsg-2_amd64.deb ...
#6 34.73 Unpacking libpopt0:amd64 (1.19+dfsg-2) ...
#6 34.76 Selecting previously unselected package libproc-processtable-perl:amd64.
#6 34.76 Preparing to unpack .../356-libproc-processtable-perl_0.636-1+b3_amd64.deb ...
#6 34.76 Unpacking libproc-processtable-perl:amd64 (0.636-1+b3) ...
#6 34.80 Selecting previously unselected package libre2-11:amd64.
#6 34.80 Preparing to unpack .../357-libre2-11_20240702-3+b1_amd64.deb ...
#6 34.80 Unpacking libre2-11:amd64 (20240702-3+b1) ...
#6 34.83 Selecting previously unselected package libre-engine-re2-perl:amd64.
#6 34.84 Preparing to unpack .../358-libre-engine-re2-perl_0.18+ds-2_amd64.deb ...
#6 34.84 Unpacking libre-engine-re2-perl:amd64 (0.18+ds-2) ...
#6 34.86 Selecting previously unselected package libreadonly-perl.
#6 34.87 Preparing to unpack .../359-libreadonly-perl_2.050-3_all.deb ...
#6 34.87 Unpacking libreadonly-perl (2.050-3) ...
#6 34.89 Selecting previously unselected package libref-util-perl.
#6 34.90 Preparing to unpack .../360-libref-util-perl_0.204-2_all.deb ...
#6 34.90 Unpacking libref-util-perl (0.204-2) ...
#6 34.92 Selecting previously unselected package libref-util-xs-perl.
#6 34.93 Preparing to unpack .../361-libref-util-xs-perl_0.117-2+b4_amd64.deb ...
#6 34.93 Unpacking libref-util-xs-perl (0.117-2+b4) ...
#6 34.95 Selecting previously unselected package libregexp-pattern-license-perl.
#6 34.95 Preparing to unpack .../362-libregexp-pattern-license-perl_3.11.2-1_all.deb ...
#6 34.95 Unpacking libregexp-pattern-license-perl (3.11.2-1) ...
#6 34.98 Selecting previously unselected package libregexp-pattern-perl.
#6 34.98 Preparing to unpack .../363-libregexp-pattern-perl_0.2.14-2_all.deb ...
#6 34.98 Unpacking libregexp-pattern-perl (0.2.14-2) ...
#6 35.01 Selecting previously unselected package libregexp-wildcards-perl.
#6 35.01 Preparing to unpack .../364-libregexp-wildcards-perl_1.05-3_all.deb ...
#6 35.01 Unpacking libregexp-wildcards-perl (1.05-3) ...
#6 35.04 Selecting previously unselected package libsasl2-modules:amd64.
#6 35.04 Preparing to unpack .../365-libsasl2-modules_2.1.28+dfsg1-9_amd64.deb ...
#6 35.05 Unpacking libsasl2-modules:amd64 (2.1.28+dfsg1-9) ...
#6 35.08 Selecting previously unselected package libsereal-decoder-perl.
#6 35.08 Preparing to unpack .../366-libsereal-decoder-perl_5.004+ds-1+b3_amd64.deb ...
#6 35.09 Unpacking libsereal-decoder-perl (5.004+ds-1+b3) ...
#6 35.12 Selecting previously unselected package libsereal-encoder-perl.
#6 35.12 Preparing to unpack .../367-libsereal-encoder-perl_5.004+ds-1+b3_amd64.deb ...
#6 35.12 Unpacking libsereal-encoder-perl (5.004+ds-1+b3) ...
#6 35.15 Selecting previously unselected package libset-intspan-perl.
#6 35.15 Preparing to unpack .../368-libset-intspan-perl_1.19-3_all.deb ...
#6 35.15 Unpacking libset-intspan-perl (1.19-3) ...
#6 35.18 Selecting previously unselected package libtask-weaken-perl.
#6 35.18 Preparing to unpack .../369-libtask-weaken-perl_1.06-2_all.deb ...
#6 35.18 Unpacking libtask-weaken-perl (1.06-2) ...
#6 35.21 Selecting previously unselected package libxml-parser-perl.
#6 35.21 Preparing to unpack .../370-libxml-parser-perl_2.47-2~deb13u1_amd64.deb ...
#6 35.21 Unpacking libxml-parser-perl (2.47-2~deb13u1) ...
#6 35.25 Selecting previously unselected package libsoap-lite-perl.
#6 35.25 Preparing to unpack .../371-libsoap-lite-perl_1.27-3_all.deb ...
#6 35.25 Unpacking libsoap-lite-perl (1.27-3) ...
#6 35.30 Selecting previously unselected package libsocket6-perl.
#6 35.30 Preparing to unpack .../372-libsocket6-perl_0.29-3+b4_amd64.deb ...
#6 35.31 Unpacking libsocket6-perl (0.29-3+b4) ...
#6 35.34 Selecting previously unselected package libstring-copyright-perl.
#6 35.34 Preparing to unpack .../373-libstring-copyright-perl_0.003014-1_all.deb ...
#6 35.34 Unpacking libstring-copyright-perl (0.003014-1) ...
#6 35.37 Selecting previously unselected package libstring-escape-perl.
#6 35.37 Preparing to unpack .../374-libstring-escape-perl_2010.002-3_all.deb ...
#6 35.37 Unpacking libstring-escape-perl (2010.002-3) ...
#6 35.40 Selecting previously unselected package libstring-license-perl.
#6 35.40 Preparing to unpack .../375-libstring-license-perl_0.0.11-1_all.deb ...
#6 35.41 Unpacking libstring-license-perl (0.0.11-1) ...
#6 35.44 Selecting previously unselected package libstring-shellquote-perl.
#6 35.44 Preparing to unpack .../376-libstring-shellquote-perl_1.04-3_all.deb ...
#6 35.44 Unpacking libstring-shellquote-perl (1.04-3) ...
#6 35.47 Selecting previously unselected package libsys-cpuaffinity-perl.
#6 35.47 Preparing to unpack .../377-libsys-cpuaffinity-perl_1.13~03-2+b4_amd64.deb ...
#6 35.47 Unpacking libsys-cpuaffinity-perl (1.13~03-2+b4) ...
#6 35.50 Selecting previously unselected package libterm-readkey-perl.
#6 35.50 Preparing to unpack .../378-libterm-readkey-perl_2.38-2+b4_amd64.deb ...
#6 35.50 Unpacking libterm-readkey-perl (2.38-2+b4) ...
#6 35.53 Selecting previously unselected package libtext-levenshteinxs-perl.
#6 35.53 Preparing to unpack .../379-libtext-levenshteinxs-perl_0.03-5+b4_amd64.deb ...
#6 35.54 Unpacking libtext-levenshteinxs-perl (0.03-5+b4) ...
#6 35.56 Selecting previously unselected package libtext-markdown-discount-perl.
#6 35.56 Preparing to unpack .../380-libtext-markdown-discount-perl_0.18-1_amd64.deb ...
#6 35.56 Unpacking libtext-markdown-discount-perl (0.18-1) ...
#6 35.59 Selecting previously unselected package libtext-xslate-perl:amd64.
#6 35.59 Preparing to unpack .../381-libtext-xslate-perl_3.5.9-2+b1_amd64.deb ...
#6 35.59 Unpacking libtext-xslate-perl:amd64 (3.5.9-2+b1) ...
#6 35.63 Selecting previously unselected package libtime-duration-perl.
#6 35.63 Preparing to unpack .../382-libtime-duration-perl_1.21-2_all.deb ...
#6 35.63 Unpacking libtime-duration-perl (1.21-2) ...
#6 35.66 Selecting previously unselected package libtime-moment-perl.
#6 35.66 Preparing to unpack .../383-libtime-moment-perl_0.44-2+b4_amd64.deb ...
#6 35.67 Unpacking libtime-moment-perl (0.44-2+b4) ...
#6 35.69 Selecting previously unselected package libtype-tiny-xs-perl:amd64.
#6 35.70 Preparing to unpack .../384-libtype-tiny-xs-perl_0.025-2+b1_amd64.deb ...
#6 35.70 Unpacking libtype-tiny-xs-perl:amd64 (0.025-2+b1) ...
#6 35.73 Selecting previously unselected package libunicode-utf8-perl.
#6 35.73 Preparing to unpack .../385-libunicode-utf8-perl_0.62-3_amd64.deb ...
#6 35.73 Unpacking libunicode-utf8-perl (0.62-3) ...
#6 35.76 Selecting previously unselected package libunwind8:amd64.
#6 35.76 Preparing to unpack .../386-libunwind8_1.8.1-0.1_amd64.deb ...
#6 35.76 Unpacking libunwind8:amd64 (1.8.1-0.1) ...
#6 35.79 Selecting previously unselected package libwww-mechanize-perl.
#6 35.79 Preparing to unpack .../387-libwww-mechanize-perl_2.19-1_all.deb ...
#6 35.79 Unpacking libwww-mechanize-perl (2.19-1) ...
#6 35.82 Selecting previously unselected package libxau6:amd64.
#6 35.83 Preparing to unpack .../388-libxau6_1%3a1.0.11-1_amd64.deb ...
#6 35.83 Unpacking libxau6:amd64 (1:1.0.11-1) ...
#6 35.86 Selecting previously unselected package libxdmcp6:amd64.
#6 35.86 Preparing to unpack .../389-libxdmcp6_1%3a1.1.5-1_amd64.deb ...
#6 35.86 Unpacking libxdmcp6:amd64 (1:1.1.5-1) ...
#6 35.89 Selecting previously unselected package libxcb1:amd64.
#6 35.89 Preparing to unpack .../390-libxcb1_1.17.0-2+b1_amd64.deb ...
#6 35.89 Unpacking libxcb1:amd64 (1.17.0-2+b1) ...
#6 35.92 Selecting previously unselected package libx11-data.
#6 35.92 Preparing to unpack .../391-libx11-data_2%3a1.8.12-1_all.deb ...
#6 35.92 Unpacking libx11-data (2:1.8.12-1) ...
#6 35.99 Selecting previously unselected package libx11-6:amd64.
#6 36.00 Preparing to unpack .../392-libx11-6_2%3a1.8.12-1_amd64.deb ...
#6 36.00 Unpacking libx11-6:amd64 (2:1.8.12-1) ...
#6 36.08 Selecting previously unselected package libxdelta2t64:amd64.
#6 36.08 Preparing to unpack .../393-libxdelta2t64_1.1.3-10.7_amd64.deb ...
#6 36.09 Unpacking libxdelta2t64:amd64 (1.1.3-10.7) ...
#6 36.12 Selecting previously unselected package libxext6:amd64.
#6 36.13 Preparing to unpack .../394-libxext6_2%3a1.3.4-1+b3_amd64.deb ...
#6 36.13 Unpacking libxext6:amd64 (2:1.3.4-1+b3) ...
#6 36.15 Selecting previously unselected package libxml-namespacesupport-perl.
#6 36.16 Preparing to unpack .../395-libxml-namespacesupport-perl_1.12-2_all.deb ...
#6 36.16 Unpacking libxml-namespacesupport-perl (1.12-2) ...
#6 36.18 Selecting previously unselected package libxml-sax-base-perl.
#6 36.19 Preparing to unpack .../396-libxml-sax-base-perl_1.09-3_all.deb ...
#6 36.19 Unpacking libxml-sax-base-perl (1.09-3) ...
#6 36.22 Selecting previously unselected package libxml-sax-perl.
#6 36.22 Preparing to unpack .../397-libxml-sax-perl_1.02+dfsg-4_all.deb ...
#6 36.23 Unpacking libxml-sax-perl (1.02+dfsg-4) ...
#6 36.27 Selecting previously unselected package libxml-libxml-perl.
#6 36.28 Preparing to unpack .../398-libxml-libxml-perl_2.0207+dfsg+really+2.0134-5+deb13u1_amd64.deb ...
#6 36.28 Unpacking libxml-libxml-perl (2.0207+dfsg+really+2.0134-5+deb13u1) ...
#6 36.32 Selecting previously unselected package libxml-sax-expat-perl.
#6 36.32 Preparing to unpack .../399-libxml-sax-expat-perl_0.51-2_all.deb ...
#6 36.32 Unpacking libxml-sax-expat-perl (0.51-2) ...
#6 36.35 Selecting previously unselected package libxmlrpc-lite-perl.
#6 36.35 Preparing to unpack .../400-libxmlrpc-lite-perl_0.717-5_all.deb ...
#6 36.35 Unpacking libxmlrpc-lite-perl (0.717-5) ...
#6 36.38 Selecting previously unselected package libxmuu1:amd64.
#6 36.38 Preparing to unpack .../401-libxmuu1_2%3a1.1.3-3+b4_amd64.deb ...
#6 36.39 Unpacking libxmuu1:amd64 (2:1.1.3-3+b4) ...
#6 36.41 Selecting previously unselected package libxstring-perl:amd64.
#6 36.41 Preparing to unpack .../402-libxstring-perl_0.005-2+b4_amd64.deb ...
#6 36.42 Unpacking libxstring-perl:amd64 (0.005-2+b4) ...
#6 36.44 Selecting previously unselected package libyaml-libyaml-perl.
#6 36.45 Preparing to unpack .../403-libyaml-libyaml-perl_0.903.0+ds-1_amd64.deb ...
#6 36.45 Unpacking libyaml-libyaml-perl (0.903.0+ds-1) ...
#6 36.47 Selecting previously unselected package licensecheck.
#6 36.47 Preparing to unpack .../404-licensecheck_3.3.9-1_all.deb ...
#6 36.48 Unpacking licensecheck (3.3.9-1) ...
#6 36.51 Selecting previously unselected package plzip.
#6 36.51 Preparing to unpack .../405-plzip_1.12-3_amd64.deb ...
#6 36.51 Unpacking plzip (1.12-3) ...
#6 36.54 Selecting previously unselected package lzip.
#6 36.54 Preparing to unpack .../406-lzip_1.25-3_amd64.deb ...
#6 36.55 Unpacking lzip (1.25-3) ...
#6 36.57 Selecting previously unselected package lzop.
#6 36.58 Preparing to unpack .../407-lzop_1.04-2_amd64.deb ...
#6 36.58 Unpacking lzop (1.04-2) ...
#6 36.60 Selecting previously unselected package t1utils.
#6 36.61 Preparing to unpack .../408-t1utils_1.41-4_amd64.deb ...
#6 36.61 Unpacking t1utils (1.41-4) ...
#6 36.64 Selecting previously unselected package unzip.
#6 36.64 Preparing to unpack .../409-unzip_6.0-29_amd64.deb ...
#6 36.64 Unpacking unzip (6.0-29) ...
#6 36.69 Selecting previously unselected package lintian.
#6 36.69 Preparing to unpack .../410-lintian_2.122.0_all.deb ...
#6 36.70 Unpacking lintian (2.122.0) ...
#6 36.97 Selecting previously unselected package lsb-release.
#6 36.97 Preparing to unpack .../411-lsb-release_12.1-1_all.deb ...
#6 36.97 Unpacking lsb-release (12.1-1) ...
#6 37.01 Selecting previously unselected package manpages-dev.
#6 37.01 Preparing to unpack .../412-manpages-dev_6.9.1-1_all.deb ...
#6 37.01 Unpacking manpages-dev (6.9.1-1) ...
#6 37.22 Selecting previously unselected package opensc-pkcs11:amd64.
#6 37.22 Preparing to unpack .../413-opensc-pkcs11_0.26.1-2_amd64.deb ...
#6 37.22 Unpacking opensc-pkcs11:amd64 (0.26.1-2) ...
#6 37.30 Selecting previously unselected package opensc.
#6 37.30 Preparing to unpack .../414-opensc_0.26.1-2_amd64.deb ...
#6 37.30 Unpacking opensc (0.26.1-2) ...
#6 37.36 Selecting previously unselected package pbzip2.
#6 37.36 Preparing to unpack .../415-pbzip2_1.1.13-1_amd64.deb ...
#6 37.36 Unpacking pbzip2 (1.1.13-1) ...
#6 37.40 Selecting previously unselected package pesign.
#6 37.40 Preparing to unpack .../416-pesign_116-8.1_amd64.deb ...
#6 37.40 Unpacking pesign (116-8.1) ...
#6 37.44 Selecting previously unselected package pixz.
#6 37.44 Preparing to unpack .../417-pixz_1.0.7-4_amd64.deb ...
#6 37.44 Unpacking pixz (1.0.7-4) ...
#6 37.48 Selecting previously unselected package xdelta.
#6 37.48 Preparing to unpack .../418-xdelta_1.1.3-10.7_amd64.deb ...
#6 37.49 Unpacking xdelta (1.1.3-10.7) ...
#6 37.51 Selecting previously unselected package xdelta3.
#6 37.52 Preparing to unpack .../419-xdelta3_3.0.11-dfsg-1.2_amd64.deb ...
#6 37.52 Unpacking xdelta3 (3.0.11-dfsg-1.2) ...
#6 37.55 Selecting previously unselected package pristine-tar.
#6 37.56 Preparing to unpack .../420-pristine-tar_1.50+nmu2_amd64.deb ...
#6 37.56 Unpacking pristine-tar (1.50+nmu2) ...
#6 37.59 Selecting previously unselected package psmisc.
#6 37.59 Preparing to unpack .../421-psmisc_23.7-2_amd64.deb ...
#6 37.60 Unpacking psmisc (23.7-2) ...
#6 37.63 Selecting previously unselected package publicsuffix.
#6 37.64 Preparing to unpack .../422-publicsuffix_20250328.1952-0.1_all.deb ...
#6 37.64 Unpacking publicsuffix (20250328.1952-0.1) ...
#6 37.68 Selecting previously unselected package python-apt-common.
#6 37.68 Preparing to unpack .../423-python-apt-common_3.0.0_all.deb ...
#6 37.68 Unpacking python-apt-common (3.0.0) ...
#6 37.72 Selecting previously unselected package python3-apt.
#6 37.73 Preparing to unpack .../424-python3-apt_3.0.0_amd64.deb ...
#6 37.73 Unpacking python3-apt (3.0.0) ...
#6 37.77 Selecting previously unselected package python3-certifi.
#6 37.77 Preparing to unpack .../425-python3-certifi_2025.1.31+ds-1_all.deb ...
#6 37.77 Unpacking python3-certifi (2025.1.31+ds-1) ...
#6 37.80 Selecting previously unselected package python3-chardet.
#6 37.80 Preparing to unpack .../426-python3-chardet_5.2.0+dfsg-2_all.deb ...
#6 37.80 Unpacking python3-chardet (5.2.0+dfsg-2) ...
#6 37.84 Selecting previously unselected package python3-idna.
#6 37.84 Preparing to unpack .../427-python3-idna_3.10-1+deb13u1_all.deb ...
#6 37.85 Unpacking python3-idna (3.10-1+deb13u1) ...
#6 37.88 Selecting previously unselected package python3-magic.
#6 37.88 Preparing to unpack .../428-python3-magic_2%3a0.4.27-3_all.deb ...
#6 37.88 Unpacking python3-magic (2:0.4.27-3) ...
#6 37.91 Selecting previously unselected package python3-urllib3.
#6 37.92 Preparing to unpack .../429-python3-urllib3_2.3.0-3+deb13u2_all.deb ...
#6 37.92 Unpacking python3-urllib3 (2.3.0-3+deb13u2) ...
#6 37.96 Selecting previously unselected package python3-requests.
#6 37.96 Preparing to unpack .../430-python3-requests_2.32.3+dfsg-5+deb13u1_all.deb ...
#6 37.96 Unpacking python3-requests (2.32.3+dfsg-5+deb13u1) ...
#6 38.00 Selecting previously unselected package python3-unidiff.
#6 38.00 Preparing to unpack .../431-python3-unidiff_0.7.5-2_all.deb ...
#6 38.00 Unpacking python3-unidiff (0.7.5-2) ...
#6 38.03 Selecting previously unselected package sbsigntool.
#6 38.03 Preparing to unpack .../432-sbsigntool_0.9.4-3.2_amd64.deb ...
#6 38.03 Unpacking sbsigntool (0.9.4-3.2) ...
#6 38.07 Selecting previously unselected package sq.
#6 38.07 Preparing to unpack .../433-sq_1.3.1-2+b2_amd64.deb ...
#6 38.07 Unpacking sq (1.3.1-2+b2) ...
#6 38.38 Selecting previously unselected package strace.
#6 38.38 Preparing to unpack .../434-strace_6.13+ds-1_amd64.deb ...
#6 38.38 Unpacking strace (6.13+ds-1) ...
#6 38.44 Selecting previously unselected package systemd-cryptsetup.
#6 38.44 Preparing to unpack .../435-systemd-cryptsetup_257.13-1~deb13u1_amd64.deb ...
#6 38.44 Unpacking systemd-cryptsetup (257.13-1~deb13u1) ...
#6 38.48 Selecting previously unselected package xauth.
#6 38.48 Preparing to unpack .../436-xauth_1%3a1.1.2-1.1_amd64.deb ...
#6 38.48 Unpacking xauth (1:1.1.2-1.1) ...
#6 38.51 Selecting previously unselected package xdg-user-dirs.
#6 38.52 Preparing to unpack .../437-xdg-user-dirs_0.18-2_amd64.deb ...
#6 38.52 Unpacking xdg-user-dirs (0.18-2) ...
#6 38.56 Selecting previously unselected package xxd.
#6 38.56 Preparing to unpack .../438-xxd_2%3a9.1.1230-2_amd64.deb ...
#6 38.56 Unpacking xxd (2:9.1.1230-2) ...
#6 38.59 Selecting previously unselected package gnupg-utils.
#6 38.59 Preparing to unpack .../439-gnupg-utils_2.4.7-21+deb13u1+b4_amd64.deb ...
#6 38.60 Unpacking gnupg-utils (2.4.7-21+deb13u1+b4) ...
#6 38.65 Setting up liblz1:amd64 (1.15-3) ...
#6 38.66 Setting up media-types (13.0.0) ...
#6 38.67 Setting up gnu-efi (3.0.18-1+deb13u1) ...
#6 38.67 Setting up libpipeline1:amd64 (1.5.8-1) ...
#6 38.68 Setting up plzip (1.12-3) ...
#6 38.69 update-alternatives: using /usr/bin/lzip.plzip to provide /usr/bin/lzip (lzip) in auto mode
#6 38.69 update-alternatives: using /usr/bin/lzip.plzip to provide /usr/bin/lzip-compressor (lzip-compressor) in auto mode
#6 38.69 update-alternatives: using /usr/bin/lzip.plzip to provide /usr/bin/lzip-decompressor (lzip-decompressor) in auto mode
#6 38.70 Setting up libtext-charwidth-perl:amd64 (0.04-11+b4) ...
#6 38.71 Setting up runit-helper (2.16.4) ...
#6 38.71 Setting up wdiff (1.2.2-9) ...
#6 38.72 Setting up systemd-sysv (257.13-1~deb13u1) ...
#6 38.74 Setting up libxau6:amd64 (1:1.0.11-1) ...
#6 38.75 Setting up libxdmcp6:amd64 (1:1.1.5-1) ...
#6 38.76 Setting up libnpth0t64:amd64 (1.8-3) ...
#6 38.76 Setting up libkeyutils1:amd64 (1.6.3-6) ...
#6 38.77 Setting up libxcb1:amd64 (1.17.0-2+b1) ...
#6 38.78 Setting up libgpm2:amd64 (1.20.7-11+b2) ...
#6 38.78 Setting up libzstd-dev:amd64 (1.5.7+dfsg-1) ...
#6 38.79 Setting up libgdbm6t64:amd64 (1.24-2) ...
#6 38.79 Setting up bsdextrautils (2.41-5) ...
#6 38.80 Setting up libgpg-error0:amd64 (1.51-4) ...
#6 38.81 Setting up libtext-glob-perl (0.11-3) ...
#6 38.81 Setting up libgdbm-compat4t64:amd64 (1.24-2) ...
#6 38.82 Setting up xdg-user-dirs (0.18-2) ...
#6 38.83 Setting up libckyapplet1t64 (1.1.0-16.1) ...
#6 38.84 Setting up libmagic-mgc (1:5.46-5) ...
#6 38.85 Setting up psmisc (23.7-2) ...
#6 38.85 Setting up libcbor0.10:amd64 (0.10.2-2) ...
#6 38.86 Setting up libyaml-0-2:amd64 (0.2.5-2) ...
#6 38.86 Setting up distro-info-data (0.66+deb13u2) ...
#6 38.87 Setting up manpages (6.9.1-1) ...
#6 38.88 Setting up libfcgi0t64:amd64 (2.4.5-0.1) ...
#6 38.88 Setting up libefivar1t64:amd64 (38-3.1+b1) ...
#6 38.89 Setting up unzip (6.0-29) ...
#6 38.89 Setting up libbrotli1:amd64 (1.1.0-2+b7) ...
#6 38.90 Setting up libedit2:amd64 (3.1-20250104-1) ...
#6 38.91 Setting up libsasl2-modules:amd64 (2.1.28+dfsg1-9) ...
#6 38.92 Setting up libmagic1t64:amd64 (1:5.46-5) ...
#6 38.93 Setting up libfcgi-bin (2.4.5-0.1) ...
#6 38.94 Setting up binutils-common:amd64 (2.44-3) ...
#6 38.94 Setting up libnghttp2-14:amd64 (1.64.0-1.1+deb13u1) ...
#6 38.95 Setting up less (668-1) ...
#6 38.96 Setting up perl-openssl-defaults:amd64 (7+b2) ...
#6 38.96 Setting up linux-libc-dev (6.12.96-1) ...
#6 38.97 Setting up libctf-nobfd0:amd64 (2.44-3) ...
#6 38.98 Setting up gettext-base (0.23.1-2) ...
#6 38.98 Setting up m4 (1.4.19-8) ...
#6 38.99 Setting up libgcrypt20:amd64 (1.11.0-7+deb13u1) ...
#6 39.00 Setting up libnss-systemd:amd64 (257.13-1~deb13u1) ...
#6 39.01 Setting up liblzo2-2:amd64 (2.10-3+b1) ...
#6 39.02 Setting up krb5-locales (1.21.3-5+deb13u1) ...
#6 39.02 Setting up libcom-err2:amd64 (1.47.2-3+b11) ...
#6 39.03 Setting up sq (1.3.1-2+b2) ...
#6 39.04 Setting up file (1:5.46-5) ...
#6 39.04 Setting up libgomp1:amd64 (14.2.0-19) ...
#6 39.05 Setting up libabsl20240722:amd64 (20240722.0-4) ...
#6 39.06 Setting up bzip2 (1.0.8-6) ...
#6 39.06 Setting up libldap-common (2.6.10+dfsg-1) ...
#6 39.07 Setting up libunwind8:amd64 (1.8.1-0.1) ...
#6 39.08 Setting up pbzip2 (1.1.13-1) ...
#6 39.08 Setting up libtext-wrapi18n-perl (0.06-10) ...
#6 39.09 Setting up libefisec1t64:amd64 (38-3.1+b1) ...
#6 39.10 Setting up xxd (2:9.1.1230-2) ...
#6 39.11 Setting up libsframe1:amd64 (2.44-3) ...
#6 39.11 Setting up libfakeroot:amd64 (1.37.1.1-1) ...
#6 39.12 Setting up libelf1t64:amd64 (0.192-4) ...
#6 39.13 Setting up libjansson4:amd64 (2.14-2+b3) ...
#6 39.13 Setting up libeac3:amd64 (1.1.2+ds+git20220117+453c3d6b03a0-1.1+b3) ...
#6 39.14 Setting up libkrb5support0:amd64 (1.21.3-5+deb13u1) ...
#6 39.15 Setting up libnumber-compare-perl (0.03-3) ...
#6 39.15 Setting up libsasl2-modules-db:amd64 (2.1.28+dfsg1-9) ...
#6 39.16 Setting up fakeroot (1.37.1.1-1) ...
#6 39.16 update-alternatives: using /usr/bin/fakeroot-sysv to provide /usr/bin/fakeroot (fakeroot) in auto mode
#6 39.17 Setting up autotools-dev (20240727.1) ...
#6 39.18 Setting up libglib2.0-data (2.84.4-3~deb13u3) ...
#6 39.18 Setting up rpcsvc-proto (1.4.3-1) ...
#6 39.19 Setting up linux-sysctl-defaults (4.12.1) ...
#6 39.20 Setting up libx11-data (2:1.8.12-1) ...
#6 39.20 Setting up make (4.4.1-2) ...
#6 39.21 Setting up libmpfr6:amd64 (4.2.2-1) ...
#6 39.21 Setting up libnspr4:amd64 (2:4.36-1) ...
#6 39.22 Setting up gnupg-l10n (2.4.7-21+deb13u1) ...
#6 39.23 Setting up lzip (1.25-3) ...
#6 39.24 Setting up strace (6.13+ds-1) ...
#6 39.26 Setting up libdbus-1-3:amd64 (1.16.2-2) ...
#6 39.26 Setting up xz-utils (5.8.1-1+deb13u1) ...
#6 39.27 update-alternatives: using /usr/bin/xz to provide /usr/bin/lzma (lzma) in auto mode
#6 39.28 Setting up t1utils (1.41-4) ...
#6 39.28 Setting up libquadmath0:amd64 (14.2.0-19) ...
#6 39.29 Setting up diffstat (1.67-1) ...
#6 39.29 Setting up libproc2-0:amd64 (2:4.0.4-9) ...
#6 39.30 Setting up libunistring5:amd64 (1.3-2) ...
#6 39.31 Setting up libmpc3:amd64 (1.3.1-1+b3) ...
#6 39.31 Setting up systemd-timesyncd (257.13-1~deb13u1) ...
#6 39.33 Creating group 'systemd-timesync' with GID 997.
#6 39.33 Creating user 'systemd-timesync' (systemd Time Synchronization) with UID 997 and GID 997.
#6 39.56 Created symlink '/etc/systemd/system/dbus-org.freedesktop.timesync1.service' → '/usr/lib/systemd/system/systemd-timesyncd.service'.
#6 39.56 Created symlink '/etc/systemd/system/sysinit.target.wants/systemd-timesyncd.service' → '/usr/lib/systemd/system/systemd-timesyncd.service'.
#6 39.57 Setting up libatomic1:amd64 (14.2.0-19) ...
#6 39.57 Setting up patch (2.8-2) ...
#6 39.58 Setting up autopoint (0.23.1-2) ...
#6 39.59 Setting up libpcsclite1:amd64 (2.3.3-1) ...
#6 39.59 Setting up libncursesw6:amd64 (6.5+20250216-2) ...
#6 39.60 Setting up libk5crypto3:amd64 (1.21.3-5+deb13u1) ...
#6 39.61 Setting up libltdl7:amd64 (2.5.4-4) ...
#6 39.61 Setting up libsasl2-2:amd64 (2.1.28+dfsg1-9) ...
#6 39.62 Setting up libnghttp3-9:amd64 (1.8.0-1) ...
#6 39.62 Setting up libubsan1:amd64 (14.2.0-19) ...
#6 39.63 Setting up libffi8:amd64 (3.4.8-2) ...
#6 39.64 Setting up dwz (0.15-1+b1) ...
#6 39.64 Setting up python-apt-common (3.0.0) ...
#6 39.65 Setting up perl-modules-5.40 (5.40.1-6) ...
#6 39.65 Setting up debian-tag2upload-keyring (1.1) ...
#6 39.66 Setting up sensible-utils (0.0.25) ...
#6 39.66 Setting up libduktape207:amd64 (2.7.0-2+b2) ...
#6 39.67 Setting up libhwasan0:amd64 (14.2.0-19) ...
#6 39.68 Setting up xdelta3 (3.0.11-dfsg-1.2) ...
#6 39.68 Setting up gpgv (2.4.7-21+deb13u1+b4) ...
#6 39.69 Setting up libcrypt-dev:amd64 (1:4.4.38-1) ...
#6 39.70 Setting up dbus-session-bus-common (1.16.2-2) ...
#6 39.71 Setting up libasan8:amd64 (14.2.0-19) ...
#6 39.71 Setting up libuchardet0:amd64 (0.0.8-1+b2) ...
#6 39.72 Setting up lzop (1.04-2) ...
#6 39.72 Setting up libassuan9:amd64 (3.0.2-2) ...
#6 39.73 Setting up procps (2:4.0.4-9) ...
#6 39.75 Setting up libefiboot1t64:amd64 (38-3.1+b1) ...
#6 39.76 Setting up libtasn1-6:amd64 (4.20.0-2+deb13u1) ...
#6 39.77 Setting up git-man (1:2.47.3-0+deb13u1) ...
#6 39.77 Setting up libx11-6:amd64 (2:1.8.12-1) ...
#6 39.78 Setting up netbase (6.5) ...
#6 39.80 Setting up libngtcp2-16:amd64 (1.11.0-1+deb13u1) ...
#6 39.81 Setting up sgml-base (1.31+nmu1) ...
#6 39.84 Setting up libkrb5-3:amd64 (1.21.3-5+deb13u1) ...
#6 39.84 Setting up libusb-1.0-0:amd64 (2:1.0.28-1) ...
#6 39.85 Setting up libstemmer0d:amd64 (2.2.0-4+b2) ...
#6 39.85 Setting up dos2unix (7.5.2-1) ...
#6 39.86 Setting up libssh2-1t64:amd64 (1.11.1-1+deb13u1) ...
#6 39.87 Setting up libtsan2:amd64 (14.2.0-19) ...
#6 39.87 Setting up sbsigntool (0.9.4-3.2) ...
#6 39.88 Setting up libbinutils:amd64 (2.44-3) ...
#6 39.89 Setting up lsb-release (12.1-1) ...
#6 39.89 Setting up dbus-system-bus-common (1.16.2-2) ...
#6 39.90 Creating group 'messagebus' with GID 996.
#6 39.90 Creating user 'messagebus' (System Message Bus) with UID 996 and GID 996.
#6 39.92 Setting up libfido2-1:amd64 (1.15.0-1+b1) ...
#6 39.93 Setting up libisl23:amd64 (0.27-1) ...
#6 39.93 Setting up libefivar-dev:amd64 (38-3.1+b1) ...
#6 39.94 Setting up libc-dev-bin (2.41-12+deb13u3) ...
#6 39.95 Setting up openssl (3.5.6-1~deb13u2) ...
#6 39.96 Setting up libgpg-error-l10n (1.51-4) ...
#6 39.96 Setting up libjson-c5:amd64 (0.18+ds-1) ...
#6 39.97 Setting up readline-common (8.2-6) ...
#6 39.98 Setting up publicsuffix (20250328.1952-0.1) ...
#6 39.99 Setting up libxml2:amd64 (2.12.7+dfsg+really2.9.14-2.1+deb13u3) ...
#6 39.99 Setting up libmarkdown2:amd64 (2.2.7-2.1) ...
#6 40.00 Setting up libcc1-0:amd64 (14.2.0-19) ...
#6 40.01 Setting up libldap2:amd64 (2.6.10+dfsg-1) ...
#6 40.01 Setting up iso-codes (4.18.0-1) ...
#6 40.02 Setting up libxmuu1:amd64 (2:1.1.3-3+b4) ...
#6 40.02 Setting up dbus-bin (1.16.2-2) ...
#6 40.03 Setting up liblocale-gettext-perl (1.07-7+b1) ...
#6 40.04 Setting up liblsan0:amd64 (14.2.0-19) ...
#6 40.04 Setting up dctrl-tools (2.24-3+b1) ...
#6 40.05 Setting up libitm1:amd64 (14.2.0-19) ...
#6 40.06 Setting up debian-keyring (2025.07.26) ...
#6 40.06 Setting up libkmod2:amd64 (34.2-2) ...
#6 40.07 Setting up libpopt0:amd64 (1.19+dfsg-2) ...
#6 40.08 Setting up libctf0:amd64 (2.44-3) ...
#6 40.08 Setting up libksba8:amd64 (1.6.7-2+b1) ...
#6 40.09 Setting up pinentry-curses (1.3.1-2) ...
#6 40.10 Setting up manpages-dev (6.9.1-1) ...
#6 40.11 Setting up libre2-11:amd64 (20240702-3+b1) ...
#6 40.13 Setting up gettext (0.23.1-2) ...
#6 40.13 Setting up libccid (1.6.2-1) ...
#6 40.15 invoke-rc.d: unknown initscript, /etc/init.d/pcscd not found.
#6 40.16 invoke-rc.d: could not determine current runlevel
#6 40.16 Setting up libxext6:amd64 (2:1.3.4-1+b3) ...
#6 40.17 Setting up libidn2-0:amd64 (2.3.8-2) ...
#6 40.17 Setting up libnss3:amd64 (2:3.110-1+deb13u4) ...
#6 40.18 Setting up dbus-daemon (1.16.2-2) ...
#6 40.20 Setting up coolkey (1.1.0-16.1) ...
#6 40.20 Setting up efivar (38-3.1+b1) ...
#6 40.21 Setting up libperl5.40:amd64 (5.40.1-6) ...
#6 40.21 Setting up ca-certificates (20250419) ...
#6 40.29 debconf: unable to initialize frontend: Dialog
#6 40.29 debconf: (TERM is not set, so the dialog frontend is not usable.)
#6 40.29 debconf: falling back to frontend: Readline
#6 40.30 debconf: unable to initialize frontend: Readline
#6 40.30 debconf: (This frontend requires a controlling tty.)
#6 40.30 debconf: falling back to frontend: Teletype
#6 40.31 debconf: unable to initialize frontend: Teletype
#6 40.31 debconf: (This frontend requires a controlling tty.)
#6 40.31 debconf: falling back to frontend: Noninteractive
#6 40.83 Updating certificates in /etc/ssl/certs...
#6 41.65 150 added, 0 removed; done.
#6 41.68 Setting up perl (5.40.1-6) ...
#6 41.69 Setting up libpackage-stash-xs-perl:amd64 (0.30-1+b4) ...
#6 41.70 Setting up libglib2.0-0t64:amd64 (2.84.4-3~deb13u3) ...
#6 41.71 No schema files found: doing nothing.
#6 41.71 Setting up libgprofng0:amd64 (2.44-3) ...
#6 41.72 Setting up libclass-data-inheritable-perl (0.10-1) ...
#6 41.73 Setting up libsub-infix-perl (0.004-4) ...
#6 41.74 Setting up libdata-dump-perl (1.25-1) ...
#6 41.74 Setting up libfile-find-rule-perl (0.34-4) ...
#6 41.75 Setting up libref-util-perl (0.204-2) ...
#6 41.75 Setting up libipc-system-simple-perl (1.30-2) ...
#6 41.76 Setting up libnet-domain-tld-perl (1.75-4) ...
#6 41.77 Setting up libperlio-utf8-strict-perl (0.010-1+b3) ...
#6 41.77 Setting up libsocket6-perl (0.29-3+b4) ...
#6 41.78 Setting up dbus (1.16.2-2) ...
#6 41.81 invoke-rc.d: could not determine current runlevel
#6 41.82 invoke-rc.d: policy-rc.d denied execution of start.
#6 41.82 Setting up libio-compress-brotli-perl (0.004001-2+b3) ...
#6 41.83 Setting up shared-mime-info (2.4-5+b2) ...
#6 43.42 Setting up libp11-kit0:amd64 (0.25.5-3) ...
#6 43.42 Setting up libgssapi-krb5-2:amd64 (1.21.3-5+deb13u1) ...
#6 43.44 Setting up libvariable-magic-perl (0.64-1+b1) ...
#6 43.44 Setting up libio-html-perl (1.004-3) ...
#6 43.45 Setting up libpod-parser-perl (1.67-1) ...
#6 43.46 Setting up libb-hooks-op-check-perl:amd64 (0.22-3+b2) ...
#6 43.46 Setting up cpp-14-x86-64-linux-gnu (14.2.0-19) ...
#6 43.47 Setting up liblist-moreutils-xs-perl (0.430-4+b2) ...
#6 43.48 Setting up ucf (3.0052) ...
#6 43.49 Setting up libparams-util-perl (1.102-3+b1) ...
#6 43.50 Setting up libdpkg-perl (1.22.22) ...
#6 43.50 Setting up cpp-14 (14.2.0-19) ...
#6 43.51 Setting up libtime-duration-perl (1.21-2) ...
#6 43.52 Setting up autoconf (2.72-3.1) ...
#6 43.53 Setting up libsub-exporter-progressive-perl (0.001013-3) ...
#6 43.53 Setting up libarray-intspan-perl (2.004-2) ...
#6 43.54 Setting up libcapture-tiny-perl (0.50-1) ...
#6 43.55 Setting up libtimedate-perl (2.3300-2) ...
#6 43.55 Setting up libreadline8t64:amd64 (8.2-6) ...
#6 43.56 Setting up libsub-name-perl:amd64 (0.28-1) ...
#6 43.57 Setting up libtype-tiny-xs-perl:amd64 (0.025-2+b1) ...
#6 43.57 Setting up libdata-validate-domain-perl (0.15-1) ...
#6 43.58 Setting up libproc-processtable-perl:amd64 (0.636-1+b3) ...
#6 43.58 Setting up libfile-chdir-perl (0.1008-1.2) ...
#6 43.59 Setting up xauth (1:1.1.2-1.1) ...
#6 43.60 Setting up groff-base (1.23.0-9) ...
#6 43.61 Setting up xml-core (0.19) ...
#6 43.82 Setting up libpath-tiny-perl (0.148-1) ...
#6 43.83 Setting up libarchive-cpio-perl (0.10-3) ...
#6 43.83 Setting up libjson-perl (4.10000-1) ...
#6 43.84 Setting up gpgconf (2.4.7-21+deb13u1+b4) ...
#6 43.85 Setting up libpam-systemd:amd64 (257.13-1~deb13u1) ...
#6 43.94 debconf: unable to initialize frontend: Dialog
#6 43.94 debconf: (TERM is not set, so the dialog frontend is not usable.)
#6 43.94 debconf: falling back to frontend: Readline
#6 43.95 debconf: unable to initialize frontend: Readline
#6 43.95 debconf: (This frontend requires a controlling tty.)
#6 43.95 debconf: falling back to frontend: Teletype
#6 43.96 debconf: unable to initialize frontend: Teletype
#6 43.96 debconf: (This frontend requires a controlling tty.)
#6 43.96 debconf: falling back to frontend: Noninteractive
#6 44.03 Setting up libipc-run3-perl (0.049-1) ...
#6 44.04 Setting up libregexp-wildcards-perl (1.05-3) ...
#6 44.05 Setting up libfcgi-perl (0.82+ds-3+b2) ...
#6 44.06 Setting up libc6-dev:amd64 (2.41-12+deb13u3) ...
#6 44.06 Setting up libaliased-perl (0.34-3) ...
#6 44.07 Setting up libstrictures-perl (2.000006-1) ...
#6 44.08 Setting up libsub-quote-perl (2.006008-1) ...
#6 44.08 Setting up libdevel-stacktrace-perl (2.0500-1) ...
#6 44.09 Setting up libclass-xsaccessor-perl (1.19-4+b5) ...
#6 44.10 Setting up libsort-versions-perl (1.62-3) ...
#6 44.11 Setting up libexporter-tiny-perl (1.006002-1) ...
#6 44.12 Setting up libre-engine-re2-perl:amd64 (0.18+ds-2) ...
#6 44.12 Setting up libfile-dirlist-perl (0.05-3) ...
#6 44.13 Setting up libgcc-14-dev:amd64 (14.2.0-19) ...
#6 44.14 Setting up libterm-readkey-perl (2.38-2+b4) ...
#6 44.15 Setting up libtext-levenshteinxs-perl (0.03-5+b4) ...
#6 44.15 Setting up libperlio-gzip-perl (0.20-1+b4) ...
#6 44.16 Setting up libstdc++-14-dev:amd64 (14.2.0-19) ...
#6 44.17 Setting up libarchive13t64:amd64 (3.7.4-4+deb13u1) ...
#6 44.17 Setting up libsys-hostname-long-perl (1.5-3) ...
#6 44.18 Setting up libpython3.13-stdlib:amd64 (3.13.5-2+deb13u4) ...
#6 44.20 Setting up libhtml-html5-entities-perl (0.004-3) ...
#6 44.21 Setting up libsereal-decoder-perl (5.004+ds-1+b3) ...
#6 44.21 Setting up liburi-perl (5.30-1) ...
#6 44.22 Setting up libnet-ipv6addr-perl (1.02-1) ...
#6 44.23 Setting up gpg (2.4.7-21+deb13u1+b4) ...
#6 44.37 Created symlink '/etc/systemd/user/sockets.target.wants/keyboxd.socket' → '/usr/lib/systemd/user/keyboxd.socket'.
#6 44.38 Setting up libpolkit-gobject-1-0:amd64 (126-2) ...
#6 44.38 Setting up libfile-touch-perl (0.12-2) ...
#6 44.39 Setting up libnss3-tools (2:3.110-1+deb13u4) ...
#6 44.40 Setting up libpython3-stdlib:amd64 (3.13.5-1) ...
#6 44.40 Setting up gnupg-utils (2.4.7-21+deb13u1+b4) ...
#6 44.41 Setting up binutils-x86-64-linux-gnu (2.44-3) ...
#6 44.41 Setting up libemail-address-xs-perl (1.05-1+b4) ...
#6 44.42 Setting up libnet-ssleay-perl:amd64 (1.94-3) ...
#6 44.43 Setting up cpp-x86-64-linux-gnu (4:14.2.0-1) ...
#6 44.43 Setting up libgnutls30t64:amd64 (3.8.9-3+deb13u4) ...
#6 44.44 Setting up automake (1:1.17-4) ...
#6 44.45 update-alternatives: using /usr/bin/automake-1.17 to provide /usr/bin/automake (automake) in auto mode
#6 44.45 Setting up libapt-pkg-perl (0.1.42) ...
#6 44.46 Setting up libio-sessiondata-perl (1.03-3) ...
#6 44.46 Setting up libstring-escape-perl (2010.002-3) ...
#6 44.47 Setting up libberkeleydb-perl:amd64 (0.66-1) ...
#6 44.48 Setting up libhttp-date-perl (6.06-1) ...
#6 44.48 Setting up libfile-which-perl (1.27-2) ...
#6 44.49 Setting up libfile-basedir-perl (0.09-2) ...
#6 44.50 Setting up libtask-weaken-perl (1.06-2) ...
#6 44.50 Setting up libunicode-utf8-perl (0.62-3) ...
#6 44.51 Setting up libset-intspan-perl (1.19-3) ...
#6 44.52 Setting up gpg-agent (2.4.7-21+deb13u1+b4) ...
#6 44.67 Created symlink '/etc/systemd/user/sockets.target.wants/gpg-agent-browser.socket' → '/usr/lib/systemd/user/gpg-agent-browser.socket'.
#6 44.80 Created symlink '/etc/systemd/user/sockets.target.wants/gpg-agent-extra.socket' → '/usr/lib/systemd/user/gpg-agent-extra.socket'.
#6 44.91 Created symlink '/etc/systemd/user/sockets.target.wants/gpg-agent-ssh.socket' → '/usr/lib/systemd/user/gpg-agent-ssh.socket'.
#6 45.04 Created symlink '/etc/systemd/user/sockets.target.wants/gpg-agent.socket' → '/usr/lib/systemd/user/gpg-agent.socket'.
#6 45.05 Setting up libmouse-perl:amd64 (2.5.11-1+b1) ...
#6 45.06 Setting up libxdelta2t64:amd64 (1.1.3-10.7) ...
#6 45.06 Setting up libfile-listing-perl (6.16-1) ...
#6 45.07 Setting up xdelta (1.1.3-10.7) ...
#6 45.07 Setting up libsys-cpuaffinity-perl (1.13~03-2+b4) ...
#6 45.08 Setting up libregexp-pattern-perl (0.2.14-2) ...
#6 45.09 Setting up libdata-messagepack-perl (1.02-2) ...
#6 45.09 Setting up libclass-inspector-perl (1.36-3) ...
#6 45.10 Setting up libfont-afm-perl (1.20-4) ...
#6 45.10 Setting up libwant-perl (0.29-2+b4) ...
#6 45.11 Setting up libdynaloader-functions-perl (0.004-2) ...
#6 45.12 Setting up libclass-method-modifiers-perl (2.15-1) ...
#6 45.12 Setting up liblist-compare-perl (0.55-2) ...
#6 45.13 Setting up libref-util-xs-perl (0.117-2+b4) ...
#6 45.13 Setting up libfile-fcntllock-perl (0.22-4+b4) ...
#6 45.14 Setting up python3.13 (3.13.5-2+deb13u4) ...
#6 46.22 Setting up libclone-perl:amd64 (0.47-1+b1) ...
#6 46.22 Setting up libalgorithm-diff-perl (1.201-1) ...
#6 46.23 Setting up libarchive-zip-perl (1.68-1) ...
#6 46.24 Setting up libsub-identify-perl (0.14-3+b3) ...
#6 46.24 Setting up libdistro-info-perl (1.13) ...
#6 46.25 Setting up libcpanel-json-xs-perl:amd64 (4.39-2~deb13u1) ...
#6 46.25 Setting up openssh-client (1:10.0p1-7+deb13u4) ...
#6 46.45 Created symlink '/etc/systemd/user/sockets.target.wants/ssh-agent.socket' → '/usr/lib/systemd/user/ssh-agent.socket'.
#6 46.46 Setting up libio-stringy-perl (2.113-2) ...
#6 46.46 Setting up liblist-moreutils-perl (0.430-2) ...
#6 46.47 Setting up libhtml-tagset-perl (3.24-1) ...
#6 46.48 Setting up liblog-any-perl (1.717-1) ...
#6 46.48 Setting up libmatch-simple-perl (0.012-1) ...
#6 46.49 Setting up libauthen-sasl-perl (2.1700-1) ...
#6 46.49 Setting up libxmlb2:amd64 (0.3.22-1) ...
#6 46.50 Setting up libdevel-size-perl (0.84-1+b1) ...
#6 46.51 Setting up libdebhelper-perl (13.24.2) ...
#6 46.51 Setting up libpod-constants-perl (0.19-2) ...
#6 46.52 Setting up libregexp-pattern-license-perl (3.11.2-1) ...
#6 46.53 Setting up libconvert-binhex-perl (1.125-3) ...
#6 46.53 Setting up gpgsm (2.4.7-21+deb13u1+b4) ...
#6 46.54 Setting up liblwp-mediatypes-perl (6.04-2) ...
#6 46.54 Setting up libyaml-libyaml-perl (0.903.0+ds-1) ...
#6 46.55 Setting up libio-interactive-perl (1.027-1) ...
#6 46.56 Setting up libtry-tiny-perl (0.32-1) ...
#6 46.56 Setting up libpsl5t64:amd64 (0.21.2-1.1+b1) ...
#6 46.57 Setting up libtype-tiny-perl (2.004000-2) ...
#6 46.58 Setting up libcommon-sense-perl:amd64 (3.75-3+b5) ...
#6 46.58 Setting up libmldbm-perl (2.05-4) ...
#6 46.59 Setting up libxml-namespacesupport-perl (1.12-2) ...
#6 46.60 Setting up libnet-http-perl (6.23-1) ...
#6 46.60 Setting up libpath-iterator-rule-perl (1.015-2) ...
#6 46.61 Setting up libtext-markdown-discount-perl (0.18-1) ...
#6 46.62 Setting up libhttp-tiny-multipart-perl (0.08-2) ...
#6 46.63 Setting up libtime-moment-perl (0.44-2+b4) ...
#6 46.63 Setting up libencode-locale-perl (1.05-3) ...
#6 46.64 Setting up python3 (3.13.5-1) ...
#6 46.65 running python rtupdate hooks for python3.13...
#6 46.87 running python post-rtupdate hooks for python3.13...
#6 46.98 Setting up libexception-class-perl (1.45-1) ...
#6 46.98 Setting up binutils (2.44-3) ...
#6 46.99 Setting up libxstring-perl:amd64 (0.005-2+b4) ...
#6 47.02 Setting up libmath-base85-perl (0.5+dfsg-2) ...
#6 47.02 Setting up python3-xdg (0.28-2) ...
#6 47.18 Setting up libconfig-tiny-perl (2.30-1) ...
#6 47.19 Setting up libsereal-encoder-perl (5.004+ds-1+b3) ...
#6 47.19 Setting up libdevel-callchecker-perl:amd64 (0.009-2) ...
#6 47.20 Setting up man-db (2.13.1-1) ...
#6 47.30 debconf: unable to initialize frontend: Dialog
#6 47.30 debconf: (TERM is not set, so the dialog frontend is not usable.)
#6 47.30 debconf: falling back to frontend: Readline
#6 47.31 debconf: unable to initialize frontend: Readline
#6 47.31 debconf: (This frontend requires a controlling tty.)
#6 47.31 debconf: falling back to frontend: Teletype
#6 47.31 debconf: unable to initialize frontend: Teletype
#6 47.31 debconf: (This frontend requires a controlling tty.)
#6 47.31 debconf: falling back to frontend: Noninteractive
#6 47.33 Building database of manual pages ...
#6 49.04 Created symlink '/etc/systemd/system/timers.target.wants/man-db.timer' → '/usr/lib/systemd/system/man-db.timer'.
#6 49.07 Setting up liblist-utilsby-perl (0.12-2) ...
#6 49.07 Setting up libstring-shellquote-perl (1.04-3) ...
#6 49.08 Setting up libnet-netmask-perl (2.0002-2) ...
#6 49.09 Setting up libsub-install-perl (0.929-1) ...
#6 49.09 Setting up dpkg-dev (1.22.22) ...
#6 49.11 Setting up libindirect-perl (0.39-2+b4) ...
#6 49.12 Setting up intltool-debian (0.35.0+20060710.6) ...
#6 49.12 Setting up libfreezethaw-perl (0.5001-3) ...
#6 49.13 Setting up liberror-perl (0.17030-1) ...
#6 49.14 Setting up patchutils (0.4.2-1) ...
#6 49.15 Setting up libmail-sendmail-perl (0.80-3) ...
#6 49.15 Setting up opensc-pkcs11:amd64 (0.26.1-2) ...
#6 49.16 Setting up dirmngr (2.4.7-21+deb13u1+b4) ...
#6 49.30 Created symlink '/etc/systemd/user/sockets.target.wants/dirmngr.socket' → '/usr/lib/systemd/user/dirmngr.socket'.
#6 49.32 Setting up libltdl-dev:amd64 (2.5.4-4) ...
#6 49.32 Setting up libjson-maybexs-perl (1.004008-1) ...
#6 49.33 Setting up libxml-sax-base-perl (1.09-3) ...
#6 49.34 Setting up libio-string-perl (1.08-4) ...
#6 49.35 Setting up libreadonly-perl (2.050-3) ...
#6 49.35 Setting up dbus-user-session (1.16.2-2) ...
#6 49.36 Setting up libnetaddr-ip-perl (4.079+dfsg-2+b5) ...
#6 49.37 Setting up python3-chardet (5.2.0+dfsg-2) ...
#6 49.67 Setting up python3-certifi (2025.1.31+ds-1) ...
#6 49.79 Setting up libstring-copyright-perl (0.003014-1) ...
#6 49.79 Setting up librtmp1:amd64 (2.4+20151223.gitfa8646d.1-2+b5) ...
#6 49.80 Setting up python3-idna (3.10-1+deb13u1) ...
#6 49.96 Setting up libdata-optlist-perl (0.114-1) ...
#6 49.97 Setting up libtext-xslate-perl:amd64 (3.5.9-2+b1) ...
#6 49.97 Setting up python3-urllib3 (2.3.0-3+deb13u2) ...
#6 50.13 Setting up libcontextual-return-perl (0.004014-4) ...
#6 50.13 Setting up zlib1g-dev:amd64 (1:1.3.dfsg+really1.3.1-1+b1) ...
#6 50.14 Setting up libwww-robotrules-perl (6.02-1) ...
#6 50.15 Setting up libtypes-serialiser-perl (1.01-1) ...
#6 50.15 Setting up cpp (4:14.2.0-1) ...
#6 50.16 Setting up libhtml-parser-perl:amd64 (3.83-2~deb13u1) ...
#6 50.17 Setting up liblog-any-adapter-screen-perl (0.141-1) ...
#6 50.18 Setting up pixz (1.0.7-4) ...
#6 50.18 Setting up librole-tiny-perl (2.002004-1) ...
#6 50.19 Setting up gnupg (2.4.7-21+deb13u1) ...
#6 50.19 Setting up libfile-sharedir-perl (1.118-3) ...
#6 50.20 Setting up libpolkit-agent-1-0:amd64 (126-2) ...
#6 50.21 Setting up python3-unidiff (0.7.5-2) ...
#6 50.32 Setting up libgpgme11t64:amd64 (1.24.2-3) ...
#6 50.32 Setting up gcc-14-x86-64-linux-gnu (14.2.0-19) ...
#6 50.33 Setting up libfont-ttf-perl (1.06-2) ...
#6 50.33 Setting up libfile-homedir-perl (1.006-2) ...
#6 50.34 Setting up python3-magic (2:0.4.27-3) ...
#6 50.44 Setting up libalgorithm-diff-xs-perl (0.04-9) ...
#6 50.45 Setting up pristine-tar (1.50+nmu2) ...
#6 50.45 Setting up libio-socket-ssl-perl (2.089-1) ...
#6 50.46 Setting up libngtcp2-crypto-gnutls8:amd64 (1.11.0-1+deb13u1) ...
#6 50.47 Setting up libsub-exporter-perl (0.990-1) ...
#6 50.47 Setting up libalgorithm-merge-perl (0.08-5) ...
#6 50.48 Setting up libhttp-message-perl (7.00-2) ...
#6 50.49 Setting up libdata-validate-ip-perl (0.31-1) ...
#6 50.49 Setting up libhtml-form-perl (6.12-1) ...
#6 50.50 Setting up libiterator-perl (0.03+ds1-2) ...
#6 50.51 Setting up libmatch-simple-xs-perl (0.002-1+b1) ...
#6 50.51 Setting up libfile-stripnondeterminism-perl (1.14.1-2) ...
#6 50.52 Setting up libjson-xs-perl (4.040-1~deb13u1) ...
#6 50.53 Setting up libhttp-negotiate-perl (6.01-2) ...
#6 50.53 Setting up libio-prompter-perl (0.005002-1) ...
#6 50.54 Setting up wget (1.25.0-2) ...
#6 50.55 Setting up gcc-x86-64-linux-gnu (4:14.2.0-1) ...
#6 50.56 Setting up libiterator-util-perl (0.02+ds1-2) ...
#6 50.56 Setting up gpg-wks-client (2.4.7-21+deb13u1+b4) ...
#6 50.57 Setting up libhttp-cookies-perl (6.11-1) ...
#6 50.57 Setting up python3-apt (3.0.0) ...
#6 50.72 Setting up python3-charset-normalizer (3.4.2-1) ...
#6 50.84 Setting up po-debconf (1.0.21+nmu1) ...
#6 50.85 Setting up libhtml-tree-perl (5.07-3) ...
#6 50.85 Setting up libparams-classify-perl:amd64 (0.015-2+b4) ...
#6 50.86 Setting up opensc (0.26.1-2) ...
#6 50.88 Setting up libcgi-pm-perl (4.68-1) ...
#6 50.88 Setting up libcurl3t64-gnutls:amd64 (8.14.1-2+deb13u4) ...
#6 50.90 Setting up pesign (116-8.1) ...
#6 51.08 Created symlink '/etc/systemd/system/multi-user.target.wants/pesign.service' → '/usr/lib/systemd/system/pesign.service'.
#6 51.09 Setting up libappstream5:amd64 (1.0.5-1) ...
#6 51.09 Setting up libhtml-format-perl (2.16-2) ...
#6 51.10 Setting up libxml-sax-perl (1.02+dfsg-4) ...
#6 51.16 update-perl-sax-parsers: Registering Perl SAX parser XML::SAX::PurePerl with priority 10...
#6 51.21 update-perl-sax-parsers: Updating overall Perl SAX parser modules info file...
#6 51.31 debconf: unable to initialize frontend: Dialog
#6 51.31 debconf: (TERM is not set, so the dialog frontend is not usable.)
#6 51.31 debconf: falling back to frontend: Readline
#6 51.32 debconf: unable to initialize frontend: Readline
#6 51.32 debconf: (This frontend requires a controlling tty.)
#6 51.32 debconf: falling back to frontend: Teletype
#6 51.32 debconf: unable to initialize frontend: Teletype
#6 51.32 debconf: (This frontend requires a controlling tty.)
#6 51.32 debconf: falling back to frontend: Noninteractive
#6 51.36 Creating config file /etc/perl/XML/SAX/ParserDetails.ini with new version
#6 51.40 Setting up gcc-14 (14.2.0-19) ...
#6 51.40 Setting up libxs-parse-sublike-perl:amd64 (0.37-1) ...
#6 51.41 Setting up libdata-validate-uri-perl (0.07-3) ...
#6 51.42 Setting up libxs-parse-keyword-perl (0.48-2) ...
#6 51.43 Setting up appstream (1.0.5-1) ...
#6 51.45 ? Metadata cache was updated successfully.
#6 51.46 Setting up libnet-smtp-ssl-perl (1.04-2) ...
#6 51.47 Setting up python3-gpg (1.24.2-3) ...
#6 51.61 Setting up libmodule-runtime-perl (0.018-1) ...
#6 51.62 Setting up libmailtools-perl (2.22-1) ...
#6 51.62 Setting up python3-debian (1.0.1) ...
#6 51.81 Setting up python3-requests (2.32.3+dfsg-5+deb13u1) ...
#6 51.92 Setting up libelf-dev:amd64 (0.192-4) ...
#6 51.93 Setting up git (1:2.47.3-0+deb13u1) ...
#6 51.94 Setting up g++-14-x86-64-linux-gnu (14.2.0-19) ...
#6 51.94 Setting up libxml-libxml-perl (2.0207+dfsg+really+2.0134-5+deb13u1) ...
#6 51.98 update-perl-sax-parsers: Registering Perl SAX parser XML::LibXML::SAX::Parser with priority 50...
#6 52.04 update-perl-sax-parsers: Registering Perl SAX parser XML::LibXML::SAX with priority 50...
#6 52.11 update-perl-sax-parsers: Updating overall Perl SAX parser modules info file...
#6 52.23 debconf: unable to initialize frontend: Dialog
#6 52.23 debconf: (TERM is not set, so the dialog frontend is not usable.)
#6 52.23 debconf: falling back to frontend: Readline
#6 52.23 debconf: unable to initialize frontend: Readline
#6 52.23 debconf: (This frontend requires a controlling tty.)
#6 52.23 debconf: falling back to frontend: Teletype
#6 52.24 debconf: unable to initialize frontend: Teletype
#6 52.24 debconf: (This frontend requires a controlling tty.)
#6 52.24 debconf: falling back to frontend: Noninteractive
#6 52.28 Replacing config file /etc/perl/XML/SAX/ParserDetails.ini with new version
#6 52.31 Setting up dh-strip-nondeterminism (1.14.1-2) ...
#6 52.31 Setting up libsyntax-keyword-try-perl (0.30-1+b1) ...
#6 52.32 Setting up libconst-fast-perl (0.014-2) ...
#6 52.32 Setting up libhttp-daemon-perl (6.16-1+deb13u1) ...
#6 52.33 Setting up libgit-wrapper-perl (0.048-2) ...
#6 52.33 Setting up g++-x86-64-linux-gnu (4:14.2.0-1) ...
#6 52.34 Setting up g++-14 (14.2.0-19) ...
#6 52.35 Setting up libdata-dpath-perl (0.60-1) ...
#6 52.35 Setting up libfeature-compat-try-perl (0.05-1) ...
#6 52.36 Setting up libtool (2.5.4-4) ...
#6 52.36 Setting up libmodule-implementation-perl (0.09-2) ...
#6 52.37 Setting up libcgi-fast-perl (1:2.17-1) ...
#6 52.37 Setting up libpackage-stash-perl (0.40-1) ...
#6 52.38 Setting up libimport-into-perl (1.002005-2) ...
#6 52.38 Setting up libmoo-perl (2.005005-1) ...
#6 52.39 Setting up liblist-someutils-perl (0.59-1) ...
#6 52.39 Setting up libmime-tools-perl (5.515-1) ...
#6 52.40 Setting up dput (1.2.4) ...
#6 52.51 Setting up gcc (4:14.2.0-1) ...
#6 52.53 Setting up libobject-pad-perl (0.820-1) ...
#6 52.54 Setting up dh-autoreconf (20) ...
#6 52.54 Setting up liblist-someutils-xs-perl:amd64 (0.58-3+b3) ...
#6 52.55 Setting up g++ (4:14.2.0-1) ...
#6 52.56 update-alternatives: using /usr/bin/g++ to provide /usr/bin/c++ (c++) in auto mode
#6 52.56 Setting up build-essential (12.12) ...
#6 52.57 Setting up libmoox-aliases-perl (0.001006-2) ...
#6 52.57 Setting up libb-hooks-endofscope-perl (0.28-2) ...
#6 52.58 Setting up debhelper (13.24.2) ...
#6 52.59 Setting up libfeature-compat-class-perl (0.07-1) ...
#6 52.59 Setting up libnamespace-clean-perl (0.27-2) ...
#6 52.60 Setting up libstring-license-perl (0.0.11-1) ...
#6 52.61 Setting up equivs (2.3.2) ...
#6 52.61 Setting up licensecheck (3.3.9-1) ...
#6 52.62 Setting up libgitlab-api-v4-perl (0.27-1) ...
#6 52.63 Setting up dmsetup (2:1.02.205-2) ...
#6 52.64 Setting up liblwp-protocol-https-perl (6.14-1) ...
#6 52.64 Setting up libwww-perl (6.78-1) ...
#6 52.65 Setting up libhtml-tokeparser-simple-perl (3.16-4) ...
#6 52.65 Setting up libwww-mechanize-perl (2.19-1) ...
#6 52.66 Setting up devscripts (2.25.15+deb13u1) ...
#6 52.80 Setting up libdevmapper1.02.1:amd64 (2:1.02.205-2) ...
#6 52.80 Setting up libcryptsetup12:amd64 (2:2.7.5-2) ...
#6 52.81 Setting up libxml-parser-perl (2.47-2~deb13u1) ...
#6 52.82 Setting up lintian (2.122.0) ...
#6 52.83 Setting up systemd-cryptsetup (257.13-1~deb13u1) ...
#6 52.84 Setting up libxml-sax-expat-perl (0.51-2) ...
#6 52.87 update-perl-sax-parsers: Registering Perl SAX parser XML::SAX::Expat with priority 50...
#6 52.92 update-perl-sax-parsers: Updating overall Perl SAX parser modules info file...
#6 53.03 debconf: unable to initialize frontend: Dialog
#6 53.03 debconf: (TERM is not set, so the dialog frontend is not usable.)
#6 53.03 debconf: falling back to frontend: Readline
#6 53.04 debconf: unable to initialize frontend: Readline
#6 53.04 debconf: (This frontend requires a controlling tty.)
#6 53.04 debconf: falling back to frontend: Teletype
#6 53.04 debconf: unable to initialize frontend: Teletype
#6 53.04 debconf: (This frontend requires a controlling tty.)
#6 53.04 debconf: falling back to frontend: Noninteractive
#6 53.10 Replacing config file /etc/perl/XML/SAX/ParserDetails.ini with new version
#6 53.14 Setting up libsoap-lite-perl (1.27-3) ...
#6 53.14 Setting up libxmlrpc-lite-perl (0.717-5) ...
#6 53.15 Processing triggers for base-files (13.8+deb13u6) ...
#6 53.16 Processing triggers for libc-bin (2.41-12+deb13u3) ...
#6 53.19 Processing triggers for systemd (257.13-1~deb13u1) ...
#6 53.20 Processing triggers for sgml-base (1.31+nmu1) ...
#6 53.21 Setting up polkitd (126-2) ...
#6 53.23 Creating group 'polkitd' with GID 994.
#6 53.23 Creating user 'polkitd' (User for polkitd) with UID 994 and GID 994.
#6 53.26 invoke-rc.d: could not determine current runlevel
#6 53.26 invoke-rc.d: policy-rc.d denied execution of reload.
#6 53.38 Setting up pcscd (2.3.3-1) ...
#6 53.40 runit: pcscd: start action denied by policy-rc.d
#6 53.41 invoke-rc.d: could not determine current runlevel
#6 53.42 invoke-rc.d: policy-rc.d denied execution of start.
#6 53.56 Created symlink '/etc/systemd/system/sockets.target.wants/pcscd.socket' → '/usr/lib/systemd/system/pcscd.socket'.
#6 53.68 Processing triggers for ca-certificates (20250419) ...
#6 53.69 Updating certificates in /etc/ssl/certs...
#6 54.20 0 added, 0 removed; done.
#6 54.20 Running hooks in /etc/ca-certificates/update.d...
#6 54.20 done.
#6 DONE 54.5s

#7 [ 4/17] RUN git clone https://github.com/IGEL-Technology/shim.git
#7 sha256:e81d18656513043dbac8c0f628199ec606b1f6f04229554c775f3c62f121910c
#7 0.301 Cloning into 'shim'...
#7 DONE 1.2s

#8 [ 5/17] RUN wget https://github.com/rhboot/shim/releases/download/16.1/shim-16.1.tar.bz2
#8 sha256:ef0d700f57a07d4672e64429cbd3cd7f68bfbe97dac4857da52ea59e3f809147
#8 0.349 --2026-07-30 12:50:37--  https://github.com/rhboot/shim/releases/download/16.1/shim-16.1.tar.bz2
#8 0.359 Resolving github.com (github.com)... 140.82.121.4
#8 0.360 Connecting to github.com (github.com)|140.82.121.4|:443... connected.
#8 0.429 HTTP request sent, awaiting response... 302 Found
#8 0.634 Location: https://release-assets.githubusercontent.com/github-production-release-asset/3996476/8001a88f-ecf5-45db-a772-05d60ffb2d8d?sp=r&sv=2018-11-09&sr=b&spr=https&se=2026-07-30T13%3A40%3A13Z&rscd=attachment%3B+filename%3Dshim-16.1.tar.bz2&rsct=application%2Foctet-stream&skoid=96c2d410-5711-43a1-aedd-ab1947aa7ab0&sktid=398a6654-997b-47e9-b12b-9515b896b4de&skt=2026-07-30T12%3A39%3A41Z&ske=2026-07-30T13%3A40%3A13Z&sks=b&skv=2018-11-09&sig=wX5EK3hOffC3B1Vj2F4CKx42PevXibfnLxFb53Tvm30%3D&jwt=eyJ0eXAiOiJKV1QiLCJhbGciOiJIUzI1NiJ9.eyJpc3MiOiJnaXRodWIuY29tIiwiYXVkIjoicmVsZWFzZS1hc3NldHMuZ2l0aHVidXNlcmNvbnRlbnQuY29tIiwia2V5Ijoia2V5MSIsImV4cCI6MTc4NTQxNjEzOCwibmJmIjoxNzg1NDE1ODM4LCJwYXRoIjoicmVsZWFzZWFzc2V0cHJvZHVjdGlvbi5ibG9iLmNvcmUud2luZG93cy5uZXQifQ.tN60brS5ueIoZUW-uTQHvvV3UU64C9oqUWAS82h4qxY&response-content-disposition=attachment%3B%20filename%3Dshim-16.1.tar.bz2&response-content-type=application%2Foctet-stream [following]
#8 0.634 --2026-07-30 12:50:38--  https://release-assets.githubusercontent.com/github-production-release-asset/3996476/8001a88f-ecf5-45db-a772-05d60ffb2d8d?sp=r&sv=2018-11-09&sr=b&spr=https&se=2026-07-30T13%3A40%3A13Z&rscd=attachment%3B+filename%3Dshim-16.1.tar.bz2&rsct=application%2Foctet-stream&skoid=96c2d410-5711-43a1-aedd-ab1947aa7ab0&sktid=398a6654-997b-47e9-b12b-9515b896b4de&skt=2026-07-30T12%3A39%3A41Z&ske=2026-07-30T13%3A40%3A13Z&sks=b&skv=2018-11-09&sig=wX5EK3hOffC3B1Vj2F4CKx42PevXibfnLxFb53Tvm30%3D&jwt=eyJ0eXAiOiJKV1QiLCJhbGciOiJIUzI1NiJ9.eyJpc3MiOiJnaXRodWIuY29tIiwiYXVkIjoicmVsZWFzZS1hc3NldHMuZ2l0aHVidXNlcmNvbnRlbnQuY29tIiwia2V5Ijoia2V5MSIsImV4cCI6MTc4NTQxNjEzOCwibmJmIjoxNzg1NDE1ODM4LCJwYXRoIjoicmVsZWFzZWFzc2V0cHJvZHVjdGlvbi5ibG9iLmNvcmUud2luZG93cy5uZXQifQ.tN60brS5ueIoZUW-uTQHvvV3UU64C9oqUWAS82h4qxY&response-content-disposition=attachment%3B%20filename%3Dshim-16.1.tar.bz2&response-content-type=application%2Foctet-stream
#8 0.634 Resolving release-assets.githubusercontent.com (release-assets.githubusercontent.com)... 185.199.109.133, 185.199.108.133, 185.199.111.133, ...
#8 0.635 Connecting to release-assets.githubusercontent.com (release-assets.githubusercontent.com)|185.199.109.133|:443... connected.
#8 0.650 HTTP request sent, awaiting response... 200 OK
#8 0.661 Length: 2348998 (2.2M) [application/octet-stream]
#8 0.661 Saving to: 'shim-16.1.tar.bz2'
#8 0.661 
#8 0.661      0K .......... .......... .......... .......... ..........  2% 7.76M 0s
#8 0.668     50K .......... .......... .......... .......... ..........  4% 12.0M 0s
#8 0.672    100K .......... .......... .......... .......... ..........  6% 35.0M 0s
#8 0.673    150K .......... .......... .......... .......... ..........  8% 46.5M 0s
#8 0.674    200K .......... .......... .......... .......... .......... 10% 16.1M 0s
#8 0.677    250K .......... .......... .......... .......... .......... 13% 47.2M 0s
#8 0.678    300K .......... .......... .......... .......... .......... 15%  138M 0s
#8 0.679    350K .......... .......... .......... .......... .......... 17% 77.3M 0s
#8 0.679    400K .......... .......... .......... .......... .......... 19% 65.4M 0s
#8 0.680    450K .......... .......... .......... .......... .......... 21% 21.0M 0s
#8 0.682    500K .......... .......... .......... .......... .......... 23%  211M 0s
#8 0.683    550K .......... .......... .......... .......... .......... 26% 46.7M 0s
#8 0.684    600K .......... .......... .......... .......... .......... 28%  193M 0s
#8 0.684    650K .......... .......... .......... .......... .......... 30%  260M 0s
#8 0.684    700K .......... .......... .......... .......... .......... 32%  210M 0s
#8 0.684    750K .......... .......... .......... .......... .......... 34%  123M 0s
#8 0.685    800K .......... .......... .......... .......... .......... 37%  142M 0s
#8 0.685    850K .......... .......... .......... .......... .......... 39%  144M 0s
#8 0.685    900K .......... .......... .......... .......... .......... 41%  373M 0s
#8 0.686    950K .......... .......... .......... .......... .......... 43%  181M 0s
#8 0.686   1000K .......... .......... .......... .......... .......... 45% 24.8M 0s
#8 0.688   1050K .......... .......... .......... .......... .......... 47%  224M 0s
#8 0.688   1100K .......... .......... .......... .......... .......... 50%  205M 0s
#8 0.688   1150K .......... .......... .......... .......... .......... 52% 75.7M 0s
#8 0.689   1200K .......... .......... .......... .......... .......... 54%  179M 0s
#8 0.689   1250K .......... .......... .......... .......... .......... 56%  205M 0s
#8 0.689   1300K .......... .......... .......... .......... .......... 58%  208M 0s
#8 0.690   1350K .......... .......... .......... .......... .......... 61%  276M 0s
#8 0.690   1400K .......... .......... .......... .......... .......... 63%  338M 0s
#8 0.690   1450K .......... .......... .......... .......... .......... 65%  344M 0s
#8 0.690   1500K .......... .......... .......... .......... .......... 67%  316M 0s
#8 0.690   1550K .......... .......... .......... .......... .......... 69%  182M 0s
#8 0.690   1600K .......... .......... .......... .......... .......... 71%  133M 0s
#8 0.691   1650K .......... .......... .......... .......... .......... 74%  122M 0s
#8 0.691   1700K .......... .......... .......... .......... .......... 76%  148M 0s
#8 0.692   1750K .......... .......... .......... .......... .......... 78%  247M 0s
#8 0.692   1800K .......... .......... .......... .......... .......... 80%  247M 0s
#8 0.692   1850K .......... .......... .......... .......... .......... 82%  289M 0s
#8 0.692   1900K .......... .......... .......... .......... .......... 85%  312M 0s
#8 0.692   1950K .......... .......... .......... .......... .......... 87%  259M 0s
#8 0.692   2000K .......... .......... .......... .......... .......... 89%  307M 0s
#8 0.693   2050K .......... .......... .......... .......... .......... 91%  130M 0s
#8 0.693   2100K .......... .......... .......... .......... .......... 93%  187M 0s
#8 0.693   2150K .......... .......... .......... .......... .......... 95%  233M 0s
#8 0.694   2200K .......... .......... .......... .......... .......... 98%  349M 0s
#8 0.694   2250K .......... .......... .......... .......... ...       100%  285M=0.03s
#8 0.694 
#8 0.694 2026-07-30 12:50:38 (69.2 MB/s) - 'shim-16.1.tar.bz2' saved [2348998/2348998]
#8 0.694 
#8 DONE 0.7s

#9 [ 6/17] RUN echo "46319cd228d8f2c06c744241c0f342412329a7c630436fce7f82cf6936b1d603  shim-16.1.tar.bz2" > SHA256SUM
#9 sha256:2ad71f42fd9cafab5a9ff6febef75c052b3c6f8990e5ffadf551ad032a752d3c
#9 DONE 0.4s

#10 [ 7/17] RUN sha256sum -c < SHA256SUM
#10 sha256:3df1b686bd564f21d00bd1ffda5124d64919327cd2d3dfd510fcbb312f839090
#10 0.240 shim-16.1.tar.bz2: OK
#10 DONE 0.3s

#11 [ 8/17] RUN tar xvf shim-16.1.tar.bz2
#11 sha256:430e86040597227bec55764c002ed2e6844f6ee4e088ba58d1fd1707da5a8093
#11 0.440 shim-16.1/
#11 0.440 shim-16.1/.clang-format
#11 0.440 shim-16.1/.github/
#11 0.440 shim-16.1/.github/workflows/
#11 0.440 shim-16.1/.github/workflows/mkosi.yml
#11 0.440 shim-16.1/.github/workflows/pullrequest.yml
#11 0.441 shim-16.1/.gitignore
#11 0.441 shim-16.1/.gitmodules
#11 0.441 shim-16.1/BUILDING
#11 0.441 shim-16.1/CODE_OF_CONDUCT.md
#11 0.441 shim-16.1/COPYRIGHT
#11 0.441 shim-16.1/Cryptlib/
#11 0.441 shim-16.1/Cryptlib/Base.h
#11 0.441 shim-16.1/Cryptlib/Cipher/
#11 0.441 shim-16.1/Cryptlib/Cipher/CryptAesNull.c
#11 0.441 shim-16.1/Cryptlib/Cipher/CryptArc4Null.c
#11 0.441 shim-16.1/Cryptlib/Cipher/CryptTdesNull.c
#11 0.441 shim-16.1/Cryptlib/Cryptlib.diff
#11 0.441 shim-16.1/Cryptlib/Hash/
#11 0.442 shim-16.1/Cryptlib/Hash/CryptMd4Null.c
#11 0.442 shim-16.1/Cryptlib/Hash/CryptMd5.c
#11 0.442 shim-16.1/Cryptlib/Hash/CryptSha1.c
#11 0.442 shim-16.1/Cryptlib/Hash/CryptSha256.c
#11 0.442 shim-16.1/Cryptlib/Hash/CryptSha512.c
#11 0.442 shim-16.1/Cryptlib/Hmac/
#11 0.442 shim-16.1/Cryptlib/Hmac/CryptHmacMd5Null.c
#11 0.442 shim-16.1/Cryptlib/Hmac/CryptHmacSha1Null.c
#11 0.442 shim-16.1/Cryptlib/Hmac/CryptHmacSha256Null.c
#11 0.442 shim-16.1/Cryptlib/Include/
#11 0.442 shim-16.1/Cryptlib/Include/OpenSslSupport.h
#11 0.442 shim-16.1/Cryptlib/Include/Protocol/
#11 0.442 shim-16.1/Cryptlib/Include/Protocol/RuntimeCrypt.h
#11 0.442 shim-16.1/Cryptlib/Include/arpa/
#11 0.442 shim-16.1/Cryptlib/Include/arpa/inet.h
#11 0.442 shim-16.1/Cryptlib/Include/assert.h
#11 0.442 shim-16.1/Cryptlib/Include/dirent.h
#11 0.442 shim-16.1/Cryptlib/Include/errno.h
#11 0.442 shim-16.1/Cryptlib/Include/limits.h
#11 0.442 shim-16.1/Cryptlib/Include/malloc.h
#11 0.442 shim-16.1/Cryptlib/Include/math.h
#11 0.442 shim-16.1/Cryptlib/Include/memory.h
#11 0.442 shim-16.1/Cryptlib/Include/netdb.h
#11 0.442 shim-16.1/Cryptlib/Include/netinet/
#11 0.442 shim-16.1/Cryptlib/Include/netinet/in.h
#11 0.442 shim-16.1/Cryptlib/Include/openssl/
#11 0.442 shim-16.1/Cryptlib/Include/openssl/README
#11 0.442 shim-16.1/Cryptlib/Include/openssl/aes.h
#11 0.443 shim-16.1/Cryptlib/Include/openssl/asn1.h
#11 0.444 shim-16.1/Cryptlib/Include/openssl/asn1_mac.h
#11 0.445 shim-16.1/Cryptlib/Include/openssl/asn1t.h
#11 0.447 shim-16.1/Cryptlib/Include/openssl/bio.h
#11 0.447 shim-16.1/Cryptlib/Include/openssl/blowfish.h
#11 0.448 shim-16.1/Cryptlib/Include/openssl/bn.h
#11 0.449 shim-16.1/Cryptlib/Include/openssl/buffer.h
#11 0.449 shim-16.1/Cryptlib/Include/openssl/camellia.h
#11 0.449 shim-16.1/Cryptlib/Include/openssl/cast.h
#11 0.449 shim-16.1/Cryptlib/Include/openssl/cmac.h
#11 0.449 shim-16.1/Cryptlib/Include/openssl/cms.h
#11 0.450 shim-16.1/Cryptlib/Include/openssl/comp.h
#11 0.450 shim-16.1/Cryptlib/Include/openssl/conf.h
#11 0.450 shim-16.1/Cryptlib/Include/openssl/conf_api.h
#11 0.451 shim-16.1/Cryptlib/Include/openssl/crypto.h
#11 0.451 shim-16.1/Cryptlib/Include/openssl/des.h
#11 0.452 shim-16.1/Cryptlib/Include/openssl/des_old.h
#11 0.453 shim-16.1/Cryptlib/Include/openssl/dh.h
#11 0.453 shim-16.1/Cryptlib/Include/openssl/dsa.h
#11 0.454 shim-16.1/Cryptlib/Include/openssl/dso.h
#11 0.454 shim-16.1/Cryptlib/Include/openssl/dtls1.h
#11 0.455 shim-16.1/Cryptlib/Include/openssl/e_os2.h
#11 0.455 shim-16.1/Cryptlib/Include/openssl/ebcdic.h
#11 0.455 shim-16.1/Cryptlib/Include/openssl/ec.h
#11 0.456 shim-16.1/Cryptlib/Include/openssl/ecdh.h
#11 0.456 shim-16.1/Cryptlib/Include/openssl/ecdsa.h
#11 0.456 shim-16.1/Cryptlib/Include/openssl/engine.h
#11 0.458 shim-16.1/Cryptlib/Include/openssl/err.h
#11 0.458 shim-16.1/Cryptlib/Include/openssl/evp.h
#11 0.461 shim-16.1/Cryptlib/Include/openssl/hmac.h
#11 0.461 shim-16.1/Cryptlib/Include/openssl/idea.h
#11 0.461 shim-16.1/Cryptlib/Include/openssl/kssl.h
#11 0.461 shim-16.1/Cryptlib/Include/openssl/lhash.h
#11 0.461 shim-16.1/Cryptlib/Include/openssl/md4.h
#11 0.461 shim-16.1/Cryptlib/Include/openssl/md5.h
#11 0.463 shim-16.1/Cryptlib/Include/openssl/mdc2.h
#11 0.463 shim-16.1/Cryptlib/Include/openssl/modes.h
#11 0.463 shim-16.1/Cryptlib/Include/openssl/obj_mac.h
#11 0.465 shim-16.1/Cryptlib/Include/openssl/objects.h
#11 0.468 shim-16.1/Cryptlib/Include/openssl/ocsp.h
#11 0.479 shim-16.1/Cryptlib/Include/openssl/opensslconf.h
#11 0.479 shim-16.1/Cryptlib/Include/openssl/opensslv.h
#11 0.479 shim-16.1/Cryptlib/Include/openssl/ossl_typ.h
#11 0.479 shim-16.1/Cryptlib/Include/openssl/pem.h
#11 0.480 shim-16.1/Cryptlib/Include/openssl/pem2.h
#11 0.480 shim-16.1/Cryptlib/Include/openssl/pkcs12.h
#11 0.481 shim-16.1/Cryptlib/Include/openssl/pkcs7.h
#11 0.481 shim-16.1/Cryptlib/Include/openssl/pqueue.h
#11 0.481 shim-16.1/Cryptlib/Include/openssl/rand.h
#11 0.481 shim-16.1/Cryptlib/Include/openssl/rc2.h
#11 0.481 shim-16.1/Cryptlib/Include/openssl/rc4.h
#11 0.481 shim-16.1/Cryptlib/Include/openssl/ripemd.h
#11 0.481 shim-16.1/Cryptlib/Include/openssl/rsa.h
#11 0.482 shim-16.1/Cryptlib/Include/openssl/safestack.h
#11 0.485 shim-16.1/Cryptlib/Include/openssl/seed.h
#11 0.485 shim-16.1/Cryptlib/Include/openssl/sha.h
#11 0.485 shim-16.1/Cryptlib/Include/openssl/srp.h
#11 0.485 shim-16.1/Cryptlib/Include/openssl/srtp.h
#11 0.485 shim-16.1/Cryptlib/Include/openssl/ssl.h
#11 0.488 shim-16.1/Cryptlib/Include/openssl/ssl2.h
#11 0.488 shim-16.1/Cryptlib/Include/openssl/ssl23.h
#11 0.489 shim-16.1/Cryptlib/Include/openssl/ssl3.h
#11 0.489 shim-16.1/Cryptlib/Include/openssl/stack.h
#11 0.489 shim-16.1/Cryptlib/Include/openssl/symhacks.h
#11 0.490 shim-16.1/Cryptlib/Include/openssl/tls1.h
#11 0.491 shim-16.1/Cryptlib/Include/openssl/ts.h
#11 0.492 shim-16.1/Cryptlib/Include/openssl/txt_db.h
#11 0.492 shim-16.1/Cryptlib/Include/openssl/ui.h
#11 0.492 shim-16.1/Cryptlib/Include/openssl/ui_compat.h
#11 0.492 shim-16.1/Cryptlib/Include/openssl/whrlpool.h
#11 0.492 shim-16.1/Cryptlib/Include/openssl/x509.h
#11 0.494 shim-16.1/Cryptlib/Include/openssl/x509_vfy.h
#11 0.494 shim-16.1/Cryptlib/Include/openssl/x509v3.h
#11 0.495 shim-16.1/Cryptlib/Include/sgtty.h
#11 0.496 shim-16.1/Cryptlib/Include/signal.h
#11 0.496 shim-16.1/Cryptlib/Include/stdio.h
#11 0.496 shim-16.1/Cryptlib/Include/sys/
#11 0.496 shim-16.1/Cryptlib/Include/sys/ioctl.h
#11 0.496 shim-16.1/Cryptlib/Include/sys/param.h
#11 0.496 shim-16.1/Cryptlib/Include/sys/socket.h
#11 0.496 shim-16.1/Cryptlib/Include/sys/stat.h
#11 0.496 shim-16.1/Cryptlib/Include/sys/time.h
#11 0.496 shim-16.1/Cryptlib/Include/sys/times.h
#11 0.496 shim-16.1/Cryptlib/Include/sys/types.h
#11 0.496 shim-16.1/Cryptlib/Include/sys/un.h
#11 0.496 shim-16.1/Cryptlib/Include/syslog.h
#11 0.496 shim-16.1/Cryptlib/Include/time.h
#11 0.496 shim-16.1/Cryptlib/Include/unistd.h
#11 0.496 shim-16.1/Cryptlib/InternalCryptLib.h
#11 0.496 shim-16.1/Cryptlib/Library/
#11 0.496 shim-16.1/Cryptlib/Library/BaseCryptLib.h
#11 0.496 shim-16.1/Cryptlib/Library/BaseLib.h
#11 0.496 shim-16.1/Cryptlib/Library/BaseMemoryLib.h
#11 0.496 shim-16.1/Cryptlib/Library/DebugLib.h
#11 0.496 shim-16.1/Cryptlib/Library/MemoryAllocationLib.h
#11 0.496 shim-16.1/Cryptlib/Makefile
#11 0.496 shim-16.1/Cryptlib/OpenSSL/
#11 0.496 shim-16.1/Cryptlib/OpenSSL/Makefile
#11 0.509 shim-16.1/Cryptlib/OpenSSL/buildinf.h
#11 0.509 shim-16.1/Cryptlib/OpenSSL/crypto/
#11 0.509 shim-16.1/Cryptlib/OpenSSL/crypto/LPdir_nyi.c
#11 0.509 shim-16.1/Cryptlib/OpenSSL/crypto/aes/
#11 0.509 shim-16.1/Cryptlib/OpenSSL/crypto/aes/aes_cbc.c
#11 0.509 shim-16.1/Cryptlib/OpenSSL/crypto/aes/aes_cfb.c
#11 0.509 shim-16.1/Cryptlib/OpenSSL/crypto/aes/aes_core.c
#11 0.510 shim-16.1/Cryptlib/OpenSSL/crypto/aes/aes_ctr.c
#11 0.510 shim-16.1/Cryptlib/OpenSSL/crypto/aes/aes_ecb.c
#11 0.510 shim-16.1/Cryptlib/OpenSSL/crypto/aes/aes_ige.c
#11 0.510 shim-16.1/Cryptlib/OpenSSL/crypto/aes/aes_locl.h
#11 0.510 shim-16.1/Cryptlib/OpenSSL/crypto/aes/aes_misc.c
#11 0.510 shim-16.1/Cryptlib/OpenSSL/crypto/aes/aes_ofb.c
#11 0.510 shim-16.1/Cryptlib/OpenSSL/crypto/aes/aes_wrap.c
#11 0.510 shim-16.1/Cryptlib/OpenSSL/crypto/asn1/
#11 0.511 shim-16.1/Cryptlib/OpenSSL/crypto/asn1/a_bitstr.c
#11 0.511 shim-16.1/Cryptlib/OpenSSL/crypto/asn1/a_bool.c
#11 0.511 shim-16.1/Cryptlib/OpenSSL/crypto/asn1/a_bytes.c
#11 0.511 shim-16.1/Cryptlib/OpenSSL/crypto/asn1/a_d2i_fp.c
#11 0.511 shim-16.1/Cryptlib/OpenSSL/crypto/asn1/a_digest.c
#11 0.511 shim-16.1/Cryptlib/OpenSSL/crypto/asn1/a_dup.c
#11 0.511 shim-16.1/Cryptlib/OpenSSL/crypto/asn1/a_enum.c
#11 0.512 shim-16.1/Cryptlib/OpenSSL/crypto/asn1/a_gentm.c
#11 0.512 shim-16.1/Cryptlib/OpenSSL/crypto/asn1/a_i2d_fp.c
#11 0.512 shim-16.1/Cryptlib/OpenSSL/crypto/asn1/a_int.c
#11 0.513 shim-16.1/Cryptlib/OpenSSL/crypto/asn1/a_mbstr.c
#11 0.513 shim-16.1/Cryptlib/OpenSSL/crypto/asn1/a_object.c
#11 0.513 shim-16.1/Cryptlib/OpenSSL/crypto/asn1/a_octet.c
#11 0.513 shim-16.1/Cryptlib/OpenSSL/crypto/asn1/a_print.c
#11 0.514 shim-16.1/Cryptlib/OpenSSL/crypto/asn1/a_set.c
#11 0.514 shim-16.1/Cryptlib/OpenSSL/crypto/asn1/a_sign.c
#11 0.516 shim-16.1/Cryptlib/OpenSSL/crypto/asn1/a_strex.c
#11 0.516 shim-16.1/Cryptlib/OpenSSL/crypto/asn1/a_strnid.c
#11 0.516 shim-16.1/Cryptlib/OpenSSL/crypto/asn1/a_time.c
#11 0.516 shim-16.1/Cryptlib/OpenSSL/crypto/asn1/a_type.c
#11 0.516 shim-16.1/Cryptlib/OpenSSL/crypto/asn1/a_utctm.c
#11 0.516 shim-16.1/Cryptlib/OpenSSL/crypto/asn1/a_utf8.c
#11 0.518 shim-16.1/Cryptlib/OpenSSL/crypto/asn1/a_verify.c
#11 0.518 shim-16.1/Cryptlib/OpenSSL/crypto/asn1/ameth_lib.c
#11 0.518 shim-16.1/Cryptlib/OpenSSL/crypto/asn1/asn1_err.c
#11 0.518 shim-16.1/Cryptlib/OpenSSL/crypto/asn1/asn1_gen.c
#11 0.518 shim-16.1/Cryptlib/OpenSSL/crypto/asn1/asn1_lib.c
#11 0.518 shim-16.1/Cryptlib/OpenSSL/crypto/asn1/asn1_locl.h
#11 0.519 shim-16.1/Cryptlib/OpenSSL/crypto/asn1/asn1_par.c
#11 0.519 shim-16.1/Cryptlib/OpenSSL/crypto/asn1/asn_mime.c
#11 0.520 shim-16.1/Cryptlib/OpenSSL/crypto/asn1/asn_moid.c
#11 0.520 shim-16.1/Cryptlib/OpenSSL/crypto/asn1/asn_pack.c
#11 0.520 shim-16.1/Cryptlib/OpenSSL/crypto/asn1/bio_asn1.c
#11 0.520 shim-16.1/Cryptlib/OpenSSL/crypto/asn1/bio_ndef.c
#11 0.521 shim-16.1/Cryptlib/OpenSSL/crypto/asn1/charmap.h
#11 0.521 shim-16.1/Cryptlib/OpenSSL/crypto/asn1/d2i_pr.c
#11 0.522 shim-16.1/Cryptlib/OpenSSL/crypto/asn1/d2i_pu.c
#11 0.522 shim-16.1/Cryptlib/OpenSSL/crypto/asn1/evp_asn1.c
#11 0.522 shim-16.1/Cryptlib/OpenSSL/crypto/asn1/f_enum.c
#11 0.522 shim-16.1/Cryptlib/OpenSSL/crypto/asn1/f_int.c
#11 0.522 shim-16.1/Cryptlib/OpenSSL/crypto/asn1/f_string.c
#11 0.522 shim-16.1/Cryptlib/OpenSSL/crypto/asn1/i2d_pr.c
#11 0.522 shim-16.1/Cryptlib/OpenSSL/crypto/asn1/i2d_pu.c
#11 0.522 shim-16.1/Cryptlib/OpenSSL/crypto/asn1/n_pkey.c
#11 0.522 shim-16.1/Cryptlib/OpenSSL/crypto/asn1/nsseq.c
#11 0.522 shim-16.1/Cryptlib/OpenSSL/crypto/asn1/p5_pbe.c
#11 0.522 shim-16.1/Cryptlib/OpenSSL/crypto/asn1/p5_pbev2.c
#11 0.522 shim-16.1/Cryptlib/OpenSSL/crypto/asn1/p8_pkey.c
#11 0.523 shim-16.1/Cryptlib/OpenSSL/crypto/asn1/t_bitst.c
#11 0.523 shim-16.1/Cryptlib/OpenSSL/crypto/asn1/t_crl.c
#11 0.523 shim-16.1/Cryptlib/OpenSSL/crypto/asn1/t_pkey.c
#11 0.523 shim-16.1/Cryptlib/OpenSSL/crypto/asn1/t_req.c
#11 0.523 shim-16.1/Cryptlib/OpenSSL/crypto/asn1/t_spki.c
#11 0.523 shim-16.1/Cryptlib/OpenSSL/crypto/asn1/t_x509.c
#11 0.523 shim-16.1/Cryptlib/OpenSSL/crypto/asn1/t_x509a.c
#11 0.524 shim-16.1/Cryptlib/OpenSSL/crypto/asn1/tasn_dec.c
#11 0.525 shim-16.1/Cryptlib/OpenSSL/crypto/asn1/tasn_enc.c
#11 0.525 shim-16.1/Cryptlib/OpenSSL/crypto/asn1/tasn_fre.c
#11 0.526 shim-16.1/Cryptlib/OpenSSL/crypto/asn1/tasn_new.c
#11 0.526 shim-16.1/Cryptlib/OpenSSL/crypto/asn1/tasn_prn.c
#11 0.526 shim-16.1/Cryptlib/OpenSSL/crypto/asn1/tasn_typ.c
#11 0.526 shim-16.1/Cryptlib/OpenSSL/crypto/asn1/tasn_utl.c
#11 0.527 shim-16.1/Cryptlib/OpenSSL/crypto/asn1/x_algor.c
#11 0.527 shim-16.1/Cryptlib/OpenSSL/crypto/asn1/x_attrib.c
#11 0.527 shim-16.1/Cryptlib/OpenSSL/crypto/asn1/x_bignum.c
#11 0.527 shim-16.1/Cryptlib/OpenSSL/crypto/asn1/x_crl.c
#11 0.528 shim-16.1/Cryptlib/OpenSSL/crypto/asn1/x_exten.c
#11 0.528 shim-16.1/Cryptlib/OpenSSL/crypto/asn1/x_info.c
#11 0.528 shim-16.1/Cryptlib/OpenSSL/crypto/asn1/x_long.c
#11 0.528 shim-16.1/Cryptlib/OpenSSL/crypto/asn1/x_name.c
#11 0.528 shim-16.1/Cryptlib/OpenSSL/crypto/asn1/x_nx509.c
#11 0.528 shim-16.1/Cryptlib/OpenSSL/crypto/asn1/x_pkey.c
#11 0.529 shim-16.1/Cryptlib/OpenSSL/crypto/asn1/x_pubkey.c
#11 0.529 shim-16.1/Cryptlib/OpenSSL/crypto/asn1/x_req.c
#11 0.529 shim-16.1/Cryptlib/OpenSSL/crypto/asn1/x_sig.c
#11 0.529 shim-16.1/Cryptlib/OpenSSL/crypto/asn1/x_spki.c
#11 0.529 shim-16.1/Cryptlib/OpenSSL/crypto/asn1/x_val.c
#11 0.529 shim-16.1/Cryptlib/OpenSSL/crypto/asn1/x_x509.c
#11 0.529 shim-16.1/Cryptlib/OpenSSL/crypto/asn1/x_x509a.c
#11 0.530 shim-16.1/Cryptlib/OpenSSL/crypto/bio/
#11 0.530 shim-16.1/Cryptlib/OpenSSL/crypto/bio/b_dump.c
#11 0.530 shim-16.1/Cryptlib/OpenSSL/crypto/bio/b_print.c
#11 0.531 shim-16.1/Cryptlib/OpenSSL/crypto/bio/b_sock.c
#11 0.531 shim-16.1/Cryptlib/OpenSSL/crypto/bio/bf_buff.c
#11 0.532 shim-16.1/Cryptlib/OpenSSL/crypto/bio/bf_nbio.c
#11 0.532 shim-16.1/Cryptlib/OpenSSL/crypto/bio/bf_null.c
#11 0.532 shim-16.1/Cryptlib/OpenSSL/crypto/bio/bio_cb.c
#11 0.532 shim-16.1/Cryptlib/OpenSSL/crypto/bio/bio_err.c
#11 0.532 shim-16.1/Cryptlib/OpenSSL/crypto/bio/bio_lcl.h
#11 0.532 shim-16.1/Cryptlib/OpenSSL/crypto/bio/bio_lib.c
#11 0.545 shim-16.1/Cryptlib/OpenSSL/crypto/bio/bss_acpt.c
#11 0.545 shim-16.1/Cryptlib/OpenSSL/crypto/bio/bss_bio.c
#11 0.547 shim-16.1/Cryptlib/OpenSSL/crypto/bio/bss_conn.c
#11 0.547 shim-16.1/Cryptlib/OpenSSL/crypto/bio/bss_dgram.c
#11 0.548 shim-16.1/Cryptlib/OpenSSL/crypto/bio/bss_fd.c
#11 0.550 shim-16.1/Cryptlib/OpenSSL/crypto/bio/bss_file.c
#11 0.550 shim-16.1/Cryptlib/OpenSSL/crypto/bio/bss_log.c
#11 0.550 shim-16.1/Cryptlib/OpenSSL/crypto/bio/bss_mem.c
#11 0.550 shim-16.1/Cryptlib/OpenSSL/crypto/bio/bss_null.c
#11 0.550 shim-16.1/Cryptlib/OpenSSL/crypto/bio/bss_sock.c
#11 0.550 shim-16.1/Cryptlib/OpenSSL/crypto/bn/
#11 0.550 shim-16.1/Cryptlib/OpenSSL/crypto/bn/bn.h
#11 0.552 shim-16.1/Cryptlib/OpenSSL/crypto/bn/bn_add.c
#11 0.552 shim-16.1/Cryptlib/OpenSSL/crypto/bn/bn_asm.c
#11 0.552 shim-16.1/Cryptlib/OpenSSL/crypto/bn/bn_blind.c
#11 0.553 shim-16.1/Cryptlib/OpenSSL/crypto/bn/bn_const.c
#11 0.553 shim-16.1/Cryptlib/OpenSSL/crypto/bn/bn_ctx.c
#11 0.554 shim-16.1/Cryptlib/OpenSSL/crypto/bn/bn_depr.c
#11 0.554 shim-16.1/Cryptlib/OpenSSL/crypto/bn/bn_div.c
#11 0.555 shim-16.1/Cryptlib/OpenSSL/crypto/bn/bn_err.c
#11 0.556 shim-16.1/Cryptlib/OpenSSL/crypto/bn/bn_exp.c
#11 0.558 shim-16.1/Cryptlib/OpenSSL/crypto/bn/bn_exp2.c
#11 0.559 shim-16.1/Cryptlib/OpenSSL/crypto/bn/bn_gcd.c
#11 0.559 shim-16.1/Cryptlib/OpenSSL/crypto/bn/bn_gf2m.c
#11 0.561 shim-16.1/Cryptlib/OpenSSL/crypto/bn/bn_kron.c
#11 0.561 shim-16.1/Cryptlib/OpenSSL/crypto/bn/bn_lcl.h
#11 0.562 shim-16.1/Cryptlib/OpenSSL/crypto/bn/bn_lib.c
#11 0.563 shim-16.1/Cryptlib/OpenSSL/crypto/bn/bn_mod.c
#11 0.564 shim-16.1/Cryptlib/OpenSSL/crypto/bn/bn_mont.c
#11 0.566 shim-16.1/Cryptlib/OpenSSL/crypto/bn/bn_mpi.c
#11 0.566 shim-16.1/Cryptlib/OpenSSL/crypto/bn/bn_mul.c
#11 0.567 shim-16.1/Cryptlib/OpenSSL/crypto/bn/bn_nist.c
#11 0.568 shim-16.1/Cryptlib/OpenSSL/crypto/bn/bn_prime.c
#11 0.569 shim-16.1/Cryptlib/OpenSSL/crypto/bn/bn_prime.h
#11 0.572 shim-16.1/Cryptlib/OpenSSL/crypto/bn/bn_print.c
#11 0.573 shim-16.1/Cryptlib/OpenSSL/crypto/bn/bn_rand.c
#11 0.573 shim-16.1/Cryptlib/OpenSSL/crypto/bn/bn_recp.c
#11 0.573 shim-16.1/Cryptlib/OpenSSL/crypto/bn/bn_shift.c
#11 0.573 shim-16.1/Cryptlib/OpenSSL/crypto/bn/bn_sqr.c
#11 0.573 shim-16.1/Cryptlib/OpenSSL/crypto/bn/bn_sqrt.c
#11 0.573 shim-16.1/Cryptlib/OpenSSL/crypto/bn/bn_word.c
#11 0.573 shim-16.1/Cryptlib/OpenSSL/crypto/bn/bn_x931p.c
#11 0.573 shim-16.1/Cryptlib/OpenSSL/crypto/bn/rsaz_exp.h
#11 0.573 shim-16.1/Cryptlib/OpenSSL/crypto/buffer/
#11 0.573 shim-16.1/Cryptlib/OpenSSL/crypto/buffer/buf_err.c
#11 0.573 shim-16.1/Cryptlib/OpenSSL/crypto/buffer/buf_str.c
#11 0.573 shim-16.1/Cryptlib/OpenSSL/crypto/buffer/buffer.c
#11 0.573 shim-16.1/Cryptlib/OpenSSL/crypto/cmac/
#11 0.574 shim-16.1/Cryptlib/OpenSSL/crypto/cmac/cm_ameth.c
#11 0.574 shim-16.1/Cryptlib/OpenSSL/crypto/cmac/cm_pmeth.c
#11 0.574 shim-16.1/Cryptlib/OpenSSL/crypto/cmac/cmac.c
#11 0.574 shim-16.1/Cryptlib/OpenSSL/crypto/comp/
#11 0.574 shim-16.1/Cryptlib/OpenSSL/crypto/comp/c_rle.c
#11 0.574 shim-16.1/Cryptlib/OpenSSL/crypto/comp/c_zlib.c
#11 0.575 shim-16.1/Cryptlib/OpenSSL/crypto/comp/comp_err.c
#11 0.575 shim-16.1/Cryptlib/OpenSSL/crypto/comp/comp_lib.c
#11 0.575 shim-16.1/Cryptlib/OpenSSL/crypto/conf/
#11 0.575 shim-16.1/Cryptlib/OpenSSL/crypto/conf/conf_api.c
#11 0.575 shim-16.1/Cryptlib/OpenSSL/crypto/conf/conf_def.c
#11 0.576 shim-16.1/Cryptlib/OpenSSL/crypto/conf/conf_def.h
#11 0.576 shim-16.1/Cryptlib/OpenSSL/crypto/conf/conf_err.c
#11 0.576 shim-16.1/Cryptlib/OpenSSL/crypto/conf/conf_lib.c
#11 0.577 shim-16.1/Cryptlib/OpenSSL/crypto/conf/conf_mall.c
#11 0.577 shim-16.1/Cryptlib/OpenSSL/crypto/conf/conf_mod.c
#11 0.579 shim-16.1/Cryptlib/OpenSSL/crypto/conf/conf_sap.c
#11 0.579 shim-16.1/Cryptlib/OpenSSL/crypto/constant_time_locl.h
#11 0.580 shim-16.1/Cryptlib/OpenSSL/crypto/cpt_err.c
#11 0.580 shim-16.1/Cryptlib/OpenSSL/crypto/cryptlib.c
#11 0.580 shim-16.1/Cryptlib/OpenSSL/crypto/cryptlib.h
#11 0.580 shim-16.1/Cryptlib/OpenSSL/crypto/cversion.c
#11 0.580 shim-16.1/Cryptlib/OpenSSL/crypto/dh/
#11 0.580 shim-16.1/Cryptlib/OpenSSL/crypto/dh/dh_ameth.c
#11 0.581 shim-16.1/Cryptlib/OpenSSL/crypto/dh/dh_asn1.c
#11 0.581 shim-16.1/Cryptlib/OpenSSL/crypto/dh/dh_check.c
#11 0.582 shim-16.1/Cryptlib/OpenSSL/crypto/dh/dh_depr.c
#11 0.582 shim-16.1/Cryptlib/OpenSSL/crypto/dh/dh_err.c
#11 0.582 shim-16.1/Cryptlib/OpenSSL/crypto/dh/dh_gen.c
#11 0.595 shim-16.1/Cryptlib/OpenSSL/crypto/dh/dh_key.c
#11 0.596 shim-16.1/Cryptlib/OpenSSL/crypto/dh/dh_lib.c
#11 0.596 shim-16.1/Cryptlib/OpenSSL/crypto/dh/dh_pmeth.c
#11 0.596 shim-16.1/Cryptlib/OpenSSL/crypto/dh/dh_prn.c
#11 0.597 shim-16.1/Cryptlib/OpenSSL/crypto/dh/dh_rfc5114.c
#11 0.597 shim-16.1/Cryptlib/OpenSSL/crypto/dso/
#11 0.597 shim-16.1/Cryptlib/OpenSSL/crypto/dso/dso_beos.c
#11 0.597 shim-16.1/Cryptlib/OpenSSL/crypto/dso/dso_dl.c
#11 0.598 shim-16.1/Cryptlib/OpenSSL/crypto/dso/dso_dlfcn.c
#11 0.598 shim-16.1/Cryptlib/OpenSSL/crypto/dso/dso_err.c
#11 0.598 shim-16.1/Cryptlib/OpenSSL/crypto/dso/dso_lib.c
#11 0.599 shim-16.1/Cryptlib/OpenSSL/crypto/dso/dso_null.c
#11 0.599 shim-16.1/Cryptlib/OpenSSL/crypto/dso/dso_openssl.c
#11 0.599 shim-16.1/Cryptlib/OpenSSL/crypto/dso/dso_vms.c
#11 0.599 shim-16.1/Cryptlib/OpenSSL/crypto/dso/dso_win32.c
#11 0.600 shim-16.1/Cryptlib/OpenSSL/crypto/ebcdic.c
#11 0.600 shim-16.1/Cryptlib/OpenSSL/crypto/err/
#11 0.601 shim-16.1/Cryptlib/OpenSSL/crypto/err/err.c
#11 0.602 shim-16.1/Cryptlib/OpenSSL/crypto/err/err_all.c
#11 0.603 shim-16.1/Cryptlib/OpenSSL/crypto/err/err_prn.c
#11 0.603 shim-16.1/Cryptlib/OpenSSL/crypto/evp/
#11 0.604 shim-16.1/Cryptlib/OpenSSL/crypto/evp/bio_b64.c
#11 0.604 shim-16.1/Cryptlib/OpenSSL/crypto/evp/bio_enc.c
#11 0.604 shim-16.1/Cryptlib/OpenSSL/crypto/evp/bio_md.c
#11 0.604 shim-16.1/Cryptlib/OpenSSL/crypto/evp/bio_ok.c
#11 0.604 shim-16.1/Cryptlib/OpenSSL/crypto/evp/c_all.c
#11 0.604 shim-16.1/Cryptlib/OpenSSL/crypto/evp/c_allc.c
#11 0.605 shim-16.1/Cryptlib/OpenSSL/crypto/evp/c_alld.c
#11 0.606 shim-16.1/Cryptlib/OpenSSL/crypto/evp/digest.c
#11 0.607 shim-16.1/Cryptlib/OpenSSL/crypto/evp/e_aes.c
#11 0.608 shim-16.1/Cryptlib/OpenSSL/crypto/evp/e_aes_cbc_hmac_sha1.c
#11 0.609 shim-16.1/Cryptlib/OpenSSL/crypto/evp/e_aes_cbc_hmac_sha256.c
#11 0.612 shim-16.1/Cryptlib/OpenSSL/crypto/evp/e_bf.c
#11 0.612 shim-16.1/Cryptlib/OpenSSL/crypto/evp/e_camellia.c
#11 0.612 shim-16.1/Cryptlib/OpenSSL/crypto/evp/e_cast.c
#11 0.612 shim-16.1/Cryptlib/OpenSSL/crypto/evp/e_des.c
#11 0.612 shim-16.1/Cryptlib/OpenSSL/crypto/evp/e_des3.c
#11 0.612 shim-16.1/Cryptlib/OpenSSL/crypto/evp/e_idea.c
#11 0.613 shim-16.1/Cryptlib/OpenSSL/crypto/evp/e_null.c
#11 0.613 shim-16.1/Cryptlib/OpenSSL/crypto/evp/e_old.c
#11 0.616 shim-16.1/Cryptlib/OpenSSL/crypto/evp/e_rc2.c
#11 0.616 shim-16.1/Cryptlib/OpenSSL/crypto/evp/e_rc4.c
#11 0.616 shim-16.1/Cryptlib/OpenSSL/crypto/evp/e_rc4_hmac_md5.c
#11 0.616 shim-16.1/Cryptlib/OpenSSL/crypto/evp/e_rc5.c
#11 0.616 shim-16.1/Cryptlib/OpenSSL/crypto/evp/e_seed.c
#11 0.616 shim-16.1/Cryptlib/OpenSSL/crypto/evp/e_xcbc_d.c
#11 0.616 shim-16.1/Cryptlib/OpenSSL/crypto/evp/encode.c
#11 0.616 shim-16.1/Cryptlib/OpenSSL/crypto/evp/evp_acnf.c
#11 0.616 shim-16.1/Cryptlib/OpenSSL/crypto/evp/evp_cnf.c
#11 0.616 shim-16.1/Cryptlib/OpenSSL/crypto/evp/evp_enc.c
#11 0.617 shim-16.1/Cryptlib/OpenSSL/crypto/evp/evp_err.c
#11 0.618 shim-16.1/Cryptlib/OpenSSL/crypto/evp/evp_key.c
#11 0.618 shim-16.1/Cryptlib/OpenSSL/crypto/evp/evp_lib.c
#11 0.618 shim-16.1/Cryptlib/OpenSSL/crypto/evp/evp_locl.h
#11 0.619 shim-16.1/Cryptlib/OpenSSL/crypto/evp/evp_pbe.c
#11 0.621 shim-16.1/Cryptlib/OpenSSL/crypto/evp/evp_pkey.c
#11 0.621 shim-16.1/Cryptlib/OpenSSL/crypto/evp/m_dss.c
#11 0.621 shim-16.1/Cryptlib/OpenSSL/crypto/evp/m_dss1.c
#11 0.621 shim-16.1/Cryptlib/OpenSSL/crypto/evp/m_ecdsa.c
#11 0.621 shim-16.1/Cryptlib/OpenSSL/crypto/evp/m_md2.c
#11 0.621 shim-16.1/Cryptlib/OpenSSL/crypto/evp/m_md4.c
#11 0.621 shim-16.1/Cryptlib/OpenSSL/crypto/evp/m_md5.c
#11 0.624 shim-16.1/Cryptlib/OpenSSL/crypto/evp/m_mdc2.c
#11 0.624 shim-16.1/Cryptlib/OpenSSL/crypto/evp/m_null.c
#11 0.624 shim-16.1/Cryptlib/OpenSSL/crypto/evp/m_ripemd.c
#11 0.624 shim-16.1/Cryptlib/OpenSSL/crypto/evp/m_sha.c
#11 0.624 shim-16.1/Cryptlib/OpenSSL/crypto/evp/m_sha1.c
#11 0.624 shim-16.1/Cryptlib/OpenSSL/crypto/evp/m_sigver.c
#11 0.624 shim-16.1/Cryptlib/OpenSSL/crypto/evp/m_wp.c
#11 0.624 shim-16.1/Cryptlib/OpenSSL/crypto/evp/names.c
#11 0.624 shim-16.1/Cryptlib/OpenSSL/crypto/evp/p5_crpt.c
#11 0.624 shim-16.1/Cryptlib/OpenSSL/crypto/evp/p5_crpt2.c
#11 0.624 shim-16.1/Cryptlib/OpenSSL/crypto/evp/p_dec.c
#11 0.624 shim-16.1/Cryptlib/OpenSSL/crypto/evp/p_enc.c
#11 0.625 shim-16.1/Cryptlib/OpenSSL/crypto/evp/p_lib.c
#11 0.626 shim-16.1/Cryptlib/OpenSSL/crypto/evp/p_open.c
#11 0.626 shim-16.1/Cryptlib/OpenSSL/crypto/evp/p_seal.c
#11 0.626 shim-16.1/Cryptlib/OpenSSL/crypto/evp/p_sign.c
#11 0.626 shim-16.1/Cryptlib/OpenSSL/crypto/evp/p_verify.c
#11 0.626 shim-16.1/Cryptlib/OpenSSL/crypto/evp/pmeth_fn.c
#11 0.627 shim-16.1/Cryptlib/OpenSSL/crypto/evp/pmeth_gn.c
#11 0.627 shim-16.1/Cryptlib/OpenSSL/crypto/evp/pmeth_lib.c
#11 0.628 shim-16.1/Cryptlib/OpenSSL/crypto/ex_data.c
#11 0.629 shim-16.1/Cryptlib/OpenSSL/crypto/fips_ers.c
#11 0.629 shim-16.1/Cryptlib/OpenSSL/crypto/hmac/
#11 0.629 shim-16.1/Cryptlib/OpenSSL/crypto/hmac/hm_ameth.c
#11 0.629 shim-16.1/Cryptlib/OpenSSL/crypto/hmac/hm_pmeth.c
#11 0.630 shim-16.1/Cryptlib/OpenSSL/crypto/hmac/hmac.c
#11 0.630 shim-16.1/Cryptlib/OpenSSL/crypto/lhash/
#11 0.630 shim-16.1/Cryptlib/OpenSSL/crypto/lhash/lh_stats.c
#11 0.631 shim-16.1/Cryptlib/OpenSSL/crypto/lhash/lhash.c
#11 0.631 shim-16.1/Cryptlib/OpenSSL/crypto/md32_common.h
#11 0.632 shim-16.1/Cryptlib/OpenSSL/crypto/md5/
#11 0.632 shim-16.1/Cryptlib/OpenSSL/crypto/md5/md5_dgst.c
#11 0.632 shim-16.1/Cryptlib/OpenSSL/crypto/md5/md5_locl.h
#11 0.632 shim-16.1/Cryptlib/OpenSSL/crypto/md5/md5_one.c
#11 0.633 shim-16.1/Cryptlib/OpenSSL/crypto/mem.c
#11 0.633 shim-16.1/Cryptlib/OpenSSL/crypto/mem_clr.c
#11 0.633 shim-16.1/Cryptlib/OpenSSL/crypto/mem_dbg.c
#11 0.648 shim-16.1/Cryptlib/OpenSSL/crypto/modes/
#11 0.648 shim-16.1/Cryptlib/OpenSSL/crypto/modes/cbc128.c
#11 0.648 shim-16.1/Cryptlib/OpenSSL/crypto/modes/ccm128.c
#11 0.648 shim-16.1/Cryptlib/OpenSSL/crypto/modes/cfb128.c
#11 0.649 shim-16.1/Cryptlib/OpenSSL/crypto/modes/ctr128.c
#11 0.649 shim-16.1/Cryptlib/OpenSSL/crypto/modes/cts128.c
#11 0.649 shim-16.1/Cryptlib/OpenSSL/crypto/modes/gcm128.c
#11 0.650 shim-16.1/Cryptlib/OpenSSL/crypto/modes/modes_lcl.h
#11 0.650 shim-16.1/Cryptlib/OpenSSL/crypto/modes/ofb128.c
#11 0.650 shim-16.1/Cryptlib/OpenSSL/crypto/modes/wrap128.c
#11 0.650 shim-16.1/Cryptlib/OpenSSL/crypto/modes/xts128.c
#11 0.650 shim-16.1/Cryptlib/OpenSSL/crypto/o_dir.c
#11 0.651 shim-16.1/Cryptlib/OpenSSL/crypto/o_dir.h
#11 0.651 shim-16.1/Cryptlib/OpenSSL/crypto/o_fips.c
#11 0.651 shim-16.1/Cryptlib/OpenSSL/crypto/o_init.c
#11 0.651 shim-16.1/Cryptlib/OpenSSL/crypto/o_str.c
#11 0.651 shim-16.1/Cryptlib/OpenSSL/crypto/o_str.h
#11 0.651 shim-16.1/Cryptlib/OpenSSL/crypto/o_time.c
#11 0.651 shim-16.1/Cryptlib/OpenSSL/crypto/o_time.h
#11 0.651 shim-16.1/Cryptlib/OpenSSL/crypto/objects/
#11 0.651 shim-16.1/Cryptlib/OpenSSL/crypto/objects/o_names.c
#11 0.652 shim-16.1/Cryptlib/OpenSSL/crypto/objects/obj_dat.c
#11 0.652 shim-16.1/Cryptlib/OpenSSL/crypto/objects/obj_dat.h
#11 0.657 shim-16.1/Cryptlib/OpenSSL/crypto/objects/obj_err.c
#11 0.657 shim-16.1/Cryptlib/OpenSSL/crypto/objects/obj_lib.c
#11 0.657 shim-16.1/Cryptlib/OpenSSL/crypto/objects/obj_xref.c
#11 0.657 shim-16.1/Cryptlib/OpenSSL/crypto/objects/obj_xref.h
#11 0.657 shim-16.1/Cryptlib/OpenSSL/crypto/ocsp/
#11 0.657 shim-16.1/Cryptlib/OpenSSL/crypto/ocsp/ocsp_asn.c
#11 0.658 shim-16.1/Cryptlib/OpenSSL/crypto/ocsp/ocsp_cl.c
#11 0.658 shim-16.1/Cryptlib/OpenSSL/crypto/ocsp/ocsp_err.c
#11 0.658 shim-16.1/Cryptlib/OpenSSL/crypto/ocsp/ocsp_ext.c
#11 0.659 shim-16.1/Cryptlib/OpenSSL/crypto/ocsp/ocsp_ht.c
#11 0.659 shim-16.1/Cryptlib/OpenSSL/crypto/ocsp/ocsp_lib.c
#11 0.660 shim-16.1/Cryptlib/OpenSSL/crypto/ocsp/ocsp_prn.c
#11 0.660 shim-16.1/Cryptlib/OpenSSL/crypto/ocsp/ocsp_srv.c
#11 0.660 shim-16.1/Cryptlib/OpenSSL/crypto/ocsp/ocsp_vfy.c
#11 0.660 shim-16.1/Cryptlib/OpenSSL/crypto/pem/
#11 0.660 shim-16.1/Cryptlib/OpenSSL/crypto/pem/pem_all.c
#11 0.661 shim-16.1/Cryptlib/OpenSSL/crypto/pem/pem_err.c
#11 0.661 shim-16.1/Cryptlib/OpenSSL/crypto/pem/pem_info.c
#11 0.661 shim-16.1/Cryptlib/OpenSSL/crypto/pem/pem_lib.c
#11 0.661 shim-16.1/Cryptlib/OpenSSL/crypto/pem/pem_oth.c
#11 0.661 shim-16.1/Cryptlib/OpenSSL/crypto/pem/pem_pk8.c
#11 0.662 shim-16.1/Cryptlib/OpenSSL/crypto/pem/pem_pkey.c
#11 0.662 shim-16.1/Cryptlib/OpenSSL/crypto/pem/pem_seal.c
#11 0.662 shim-16.1/Cryptlib/OpenSSL/crypto/pem/pem_sign.c
#11 0.662 shim-16.1/Cryptlib/OpenSSL/crypto/pem/pem_x509.c
#11 0.662 shim-16.1/Cryptlib/OpenSSL/crypto/pem/pem_xaux.c
#11 0.662 shim-16.1/Cryptlib/OpenSSL/crypto/pem/pvkfmt.c
#11 0.663 shim-16.1/Cryptlib/OpenSSL/crypto/pkcs12/
#11 0.663 shim-16.1/Cryptlib/OpenSSL/crypto/pkcs12/p12_add.c
#11 0.663 shim-16.1/Cryptlib/OpenSSL/crypto/pkcs12/p12_asn.c
#11 0.663 shim-16.1/Cryptlib/OpenSSL/crypto/pkcs12/p12_attr.c
#11 0.663 shim-16.1/Cryptlib/OpenSSL/crypto/pkcs12/p12_crpt.c
#11 0.663 shim-16.1/Cryptlib/OpenSSL/crypto/pkcs12/p12_crt.c
#11 0.663 shim-16.1/Cryptlib/OpenSSL/crypto/pkcs12/p12_decr.c
#11 0.663 shim-16.1/Cryptlib/OpenSSL/crypto/pkcs12/p12_init.c
#11 0.663 shim-16.1/Cryptlib/OpenSSL/crypto/pkcs12/p12_key.c
#11 0.663 shim-16.1/Cryptlib/OpenSSL/crypto/pkcs12/p12_kiss.c
#11 0.663 shim-16.1/Cryptlib/OpenSSL/crypto/pkcs12/p12_mutl.c
#11 0.663 shim-16.1/Cryptlib/OpenSSL/crypto/pkcs12/p12_npas.c
#11 0.664 shim-16.1/Cryptlib/OpenSSL/crypto/pkcs12/p12_p8d.c
#11 0.664 shim-16.1/Cryptlib/OpenSSL/crypto/pkcs12/p12_p8e.c
#11 0.664 shim-16.1/Cryptlib/OpenSSL/crypto/pkcs12/p12_utl.c
#11 0.664 shim-16.1/Cryptlib/OpenSSL/crypto/pkcs12/pk12err.c
#11 0.664 shim-16.1/Cryptlib/OpenSSL/crypto/pkcs7/
#11 0.664 shim-16.1/Cryptlib/OpenSSL/crypto/pkcs7/bio_pk7.c
#11 0.664 shim-16.1/Cryptlib/OpenSSL/crypto/pkcs7/pk7_asn1.c
#11 0.664 shim-16.1/Cryptlib/OpenSSL/crypto/pkcs7/pk7_attr.c
#11 0.664 shim-16.1/Cryptlib/OpenSSL/crypto/pkcs7/pk7_doit.c
#11 0.665 shim-16.1/Cryptlib/OpenSSL/crypto/pkcs7/pk7_lib.c
#11 0.665 shim-16.1/Cryptlib/OpenSSL/crypto/pkcs7/pk7_mime.c
#11 0.665 shim-16.1/Cryptlib/OpenSSL/crypto/pkcs7/pk7_smime.c
#11 0.665 shim-16.1/Cryptlib/OpenSSL/crypto/pkcs7/pkcs7err.c
#11 0.666 shim-16.1/Cryptlib/OpenSSL/crypto/rand/
#11 0.666 shim-16.1/Cryptlib/OpenSSL/crypto/rand/md_rand.c
#11 0.678 shim-16.1/Cryptlib/OpenSSL/crypto/rand/rand_err.c
#11 0.678 shim-16.1/Cryptlib/OpenSSL/crypto/rand/rand_lcl.h
#11 0.678 shim-16.1/Cryptlib/OpenSSL/crypto/rand/rand_lib.c
#11 0.678 shim-16.1/Cryptlib/OpenSSL/crypto/rand/rand_unix.c
#11 0.679 shim-16.1/Cryptlib/OpenSSL/crypto/rand/randfile.c
#11 0.679 shim-16.1/Cryptlib/OpenSSL/crypto/rc4/
#11 0.679 shim-16.1/Cryptlib/OpenSSL/crypto/rc4/rc4_enc.c
#11 0.679 shim-16.1/Cryptlib/OpenSSL/crypto/rc4/rc4_locl.h
#11 0.679 shim-16.1/Cryptlib/OpenSSL/crypto/rc4/rc4_skey.c
#11 0.680 shim-16.1/Cryptlib/OpenSSL/crypto/rc4/rc4_utl.c
#11 0.680 shim-16.1/Cryptlib/OpenSSL/crypto/rsa/
#11 0.680 shim-16.1/Cryptlib/OpenSSL/crypto/rsa/rsa_ameth.c
#11 0.682 shim-16.1/Cryptlib/OpenSSL/crypto/rsa/rsa_asn1.c
#11 0.682 shim-16.1/Cryptlib/OpenSSL/crypto/rsa/rsa_chk.c
#11 0.682 shim-16.1/Cryptlib/OpenSSL/crypto/rsa/rsa_crpt.c
#11 0.682 shim-16.1/Cryptlib/OpenSSL/crypto/rsa/rsa_depr.c
#11 0.682 shim-16.1/Cryptlib/OpenSSL/crypto/rsa/rsa_eay.c
#11 0.686 shim-16.1/Cryptlib/OpenSSL/crypto/rsa/rsa_err.c
#11 0.686 shim-16.1/Cryptlib/OpenSSL/crypto/rsa/rsa_gen.c
#11 0.686 shim-16.1/Cryptlib/OpenSSL/crypto/rsa/rsa_lib.c
#11 0.686 shim-16.1/Cryptlib/OpenSSL/crypto/rsa/rsa_locl.h
#11 0.686 shim-16.1/Cryptlib/OpenSSL/crypto/rsa/rsa_none.c
#11 0.686 shim-16.1/Cryptlib/OpenSSL/crypto/rsa/rsa_null.c
#11 0.686 shim-16.1/Cryptlib/OpenSSL/crypto/rsa/rsa_oaep.c
#11 0.686 shim-16.1/Cryptlib/OpenSSL/crypto/rsa/rsa_pk1.c
#11 0.686 shim-16.1/Cryptlib/OpenSSL/crypto/rsa/rsa_pmeth.c
#11 0.686 shim-16.1/Cryptlib/OpenSSL/crypto/rsa/rsa_prn.c
#11 0.686 shim-16.1/Cryptlib/OpenSSL/crypto/rsa/rsa_pss.c
#11 0.686 shim-16.1/Cryptlib/OpenSSL/crypto/rsa/rsa_saos.c
#11 0.686 shim-16.1/Cryptlib/OpenSSL/crypto/rsa/rsa_sign.c
#11 0.686 shim-16.1/Cryptlib/OpenSSL/crypto/rsa/rsa_ssl.c
#11 0.686 shim-16.1/Cryptlib/OpenSSL/crypto/rsa/rsa_x931.c
#11 0.686 shim-16.1/Cryptlib/OpenSSL/crypto/sha/
#11 0.686 shim-16.1/Cryptlib/OpenSSL/crypto/sha/sha1_one.c
#11 0.686 shim-16.1/Cryptlib/OpenSSL/crypto/sha/sha1dgst.c
#11 0.686 shim-16.1/Cryptlib/OpenSSL/crypto/sha/sha256.c
#11 0.686 shim-16.1/Cryptlib/OpenSSL/crypto/sha/sha512.c
#11 0.686 shim-16.1/Cryptlib/OpenSSL/crypto/sha/sha_dgst.c
#11 0.686 shim-16.1/Cryptlib/OpenSSL/crypto/sha/sha_locl.h
#11 0.686 shim-16.1/Cryptlib/OpenSSL/crypto/sha/sha_one.c
#11 0.686 shim-16.1/Cryptlib/OpenSSL/crypto/stack/
#11 0.687 shim-16.1/Cryptlib/OpenSSL/crypto/stack/stack.c
#11 0.687 shim-16.1/Cryptlib/OpenSSL/crypto/txt_db/
#11 0.687 shim-16.1/Cryptlib/OpenSSL/crypto/txt_db/txt_db.c
#11 0.687 shim-16.1/Cryptlib/OpenSSL/crypto/uid.c
#11 0.687 shim-16.1/Cryptlib/OpenSSL/crypto/x509/
#11 0.688 shim-16.1/Cryptlib/OpenSSL/crypto/x509/vpm_int.h
#11 0.688 shim-16.1/Cryptlib/OpenSSL/crypto/x509/x509_att.c
#11 0.688 shim-16.1/Cryptlib/OpenSSL/crypto/x509/x509_cmp.c
#11 0.688 shim-16.1/Cryptlib/OpenSSL/crypto/x509/x509_d2.c
#11 0.689 shim-16.1/Cryptlib/OpenSSL/crypto/x509/x509_def.c
#11 0.689 shim-16.1/Cryptlib/OpenSSL/crypto/x509/x509_err.c
#11 0.689 shim-16.1/Cryptlib/OpenSSL/crypto/x509/x509_ext.c
#11 0.689 shim-16.1/Cryptlib/OpenSSL/crypto/x509/x509_lu.c
#11 0.689 shim-16.1/Cryptlib/OpenSSL/crypto/x509/x509_obj.c
#11 0.689 shim-16.1/Cryptlib/OpenSSL/crypto/x509/x509_r2x.c
#11 0.689 shim-16.1/Cryptlib/OpenSSL/crypto/x509/x509_req.c
#11 0.690 shim-16.1/Cryptlib/OpenSSL/crypto/x509/x509_set.c
#11 0.690 shim-16.1/Cryptlib/OpenSSL/crypto/x509/x509_trs.c
#11 0.690 shim-16.1/Cryptlib/OpenSSL/crypto/x509/x509_txt.c
#11 0.690 shim-16.1/Cryptlib/OpenSSL/crypto/x509/x509_v3.c
#11 0.690 shim-16.1/Cryptlib/OpenSSL/crypto/x509/x509_vfy.c
#11 0.692 shim-16.1/Cryptlib/OpenSSL/crypto/x509/x509_vpm.c
#11 0.692 shim-16.1/Cryptlib/OpenSSL/crypto/x509/x509cset.c
#11 0.692 shim-16.1/Cryptlib/OpenSSL/crypto/x509/x509name.c
#11 0.693 shim-16.1/Cryptlib/OpenSSL/crypto/x509/x509rset.c
#11 0.693 shim-16.1/Cryptlib/OpenSSL/crypto/x509/x509spki.c
#11 0.693 shim-16.1/Cryptlib/OpenSSL/crypto/x509/x509type.c
#11 0.693 shim-16.1/Cryptlib/OpenSSL/crypto/x509/x_all.c
#11 0.693 shim-16.1/Cryptlib/OpenSSL/crypto/x509v3/
#11 0.693 shim-16.1/Cryptlib/OpenSSL/crypto/x509v3/ext_dat.h
#11 0.693 shim-16.1/Cryptlib/OpenSSL/crypto/x509v3/pcy_cache.c
#11 0.694 shim-16.1/Cryptlib/OpenSSL/crypto/x509v3/pcy_data.c
#11 0.694 shim-16.1/Cryptlib/OpenSSL/crypto/x509v3/pcy_int.h
#11 0.694 shim-16.1/Cryptlib/OpenSSL/crypto/x509v3/pcy_lib.c
#11 0.694 shim-16.1/Cryptlib/OpenSSL/crypto/x509v3/pcy_map.c
#11 0.694 shim-16.1/Cryptlib/OpenSSL/crypto/x509v3/pcy_node.c
#11 0.694 shim-16.1/Cryptlib/OpenSSL/crypto/x509v3/pcy_tree.c
#11 0.694 shim-16.1/Cryptlib/OpenSSL/crypto/x509v3/v3_addr.c
#11 0.695 shim-16.1/Cryptlib/OpenSSL/crypto/x509v3/v3_akey.c
#11 0.695 shim-16.1/Cryptlib/OpenSSL/crypto/x509v3/v3_akeya.c
#11 0.695 shim-16.1/Cryptlib/OpenSSL/crypto/x509v3/v3_alt.c
#11 0.696 shim-16.1/Cryptlib/OpenSSL/crypto/x509v3/v3_asid.c
#11 0.696 shim-16.1/Cryptlib/OpenSSL/crypto/x509v3/v3_bcons.c
#11 0.697 shim-16.1/Cryptlib/OpenSSL/crypto/x509v3/v3_bitst.c
#11 0.697 shim-16.1/Cryptlib/OpenSSL/crypto/x509v3/v3_conf.c
#11 0.697 shim-16.1/Cryptlib/OpenSSL/crypto/x509v3/v3_cpols.c
#11 0.697 shim-16.1/Cryptlib/OpenSSL/crypto/x509v3/v3_crld.c
#11 0.697 shim-16.1/Cryptlib/OpenSSL/crypto/x509v3/v3_enum.c
#11 0.697 shim-16.1/Cryptlib/OpenSSL/crypto/x509v3/v3_extku.c
#11 0.697 shim-16.1/Cryptlib/OpenSSL/crypto/x509v3/v3_genn.c
#11 0.698 shim-16.1/Cryptlib/OpenSSL/crypto/x509v3/v3_ia5.c
#11 0.698 shim-16.1/Cryptlib/OpenSSL/crypto/x509v3/v3_info.c
#11 0.698 shim-16.1/Cryptlib/OpenSSL/crypto/x509v3/v3_int.c
#11 0.698 shim-16.1/Cryptlib/OpenSSL/crypto/x509v3/v3_lib.c
#11 0.698 shim-16.1/Cryptlib/OpenSSL/crypto/x509v3/v3_ncons.c
#11 0.698 shim-16.1/Cryptlib/OpenSSL/crypto/x509v3/v3_ocsp.c
#11 0.715 shim-16.1/Cryptlib/OpenSSL/crypto/x509v3/v3_pci.c
#11 0.715 shim-16.1/Cryptlib/OpenSSL/crypto/x509v3/v3_pcia.c
#11 0.715 shim-16.1/Cryptlib/OpenSSL/crypto/x509v3/v3_pcons.c
#11 0.715 shim-16.1/Cryptlib/OpenSSL/crypto/x509v3/v3_pku.c
#11 0.715 shim-16.1/Cryptlib/OpenSSL/crypto/x509v3/v3_pmaps.c
#11 0.715 shim-16.1/Cryptlib/OpenSSL/crypto/x509v3/v3_prn.c
#11 0.715 shim-16.1/Cryptlib/OpenSSL/crypto/x509v3/v3_purp.c
#11 0.716 shim-16.1/Cryptlib/OpenSSL/crypto/x509v3/v3_skey.c
#11 0.716 shim-16.1/Cryptlib/OpenSSL/crypto/x509v3/v3_sxnet.c
#11 0.716 shim-16.1/Cryptlib/OpenSSL/crypto/x509v3/v3_utl.c
#11 0.716 shim-16.1/Cryptlib/OpenSSL/crypto/x509v3/v3err.c
#11 0.717 shim-16.1/Cryptlib/OpenSSL/e_os.h
#11 0.717 shim-16.1/Cryptlib/OpenSSL/openssl-bio-b_print-disable-sse.patch
#11 0.717 shim-16.1/Cryptlib/OpenSSL/update.sh
#11 0.718 shim-16.1/Cryptlib/Pem/
#11 0.718 shim-16.1/Cryptlib/Pem/CryptPemNull.c
#11 0.718 shim-16.1/Cryptlib/Pk/
#11 0.718 shim-16.1/Cryptlib/Pk/CryptAuthenticode.c
#11 0.718 shim-16.1/Cryptlib/Pk/CryptDhNull.c
#11 0.718 shim-16.1/Cryptlib/Pk/CryptPkcs7SignNull.c
#11 0.719 shim-16.1/Cryptlib/Pk/CryptPkcs7Verify.c
#11 0.719 shim-16.1/Cryptlib/Pk/CryptPkcs7VerifyEku.c
#11 0.719 shim-16.1/Cryptlib/Pk/CryptRsaBasic.c
#11 0.719 shim-16.1/Cryptlib/Pk/CryptRsaExtNull.c
#11 0.719 shim-16.1/Cryptlib/Pk/CryptTs.c
#11 0.719 shim-16.1/Cryptlib/Pk/CryptX509.c
#11 0.720 shim-16.1/Cryptlib/Rand/
#11 0.720 shim-16.1/Cryptlib/Rand/CryptRand.c
#11 0.720 shim-16.1/Cryptlib/SysCall/
#11 0.720 shim-16.1/Cryptlib/SysCall/BaseMemAllocation.c
#11 0.720 shim-16.1/Cryptlib/SysCall/BaseStrings.c
#11 0.720 shim-16.1/Cryptlib/SysCall/CrtWrapper.c
#11 0.720 shim-16.1/Cryptlib/SysCall/TimerWrapper.c
#11 0.720 shim-16.1/Cryptlib/opensslconf-diff.patch
#11 0.720 shim-16.1/Cryptlib/update.sh
#11 0.721 shim-16.1/Delivering_Sbat_Revocations.md
#11 0.721 shim-16.1/Make.defaults
#11 0.722 shim-16.1/Make.rules
#11 0.722 shim-16.1/Makefile
#11 0.722 shim-16.1/MokManager.c
#11 0.722 shim-16.1/MokVars.txt
#11 0.722 shim-16.1/PasswordCrypt.c
#11 0.722 shim-16.1/README.fallback
#11 0.722 shim-16.1/README.md
#11 0.723 shim-16.1/README.tpm
#11 0.723 shim-16.1/SBAT.example.md
#11 0.723 shim-16.1/SBAT.md
#11 0.723 shim-16.1/SbatLevel_Variable.txt
#11 0.723 shim-16.1/TODO
#11 0.723 shim-16.1/buildid.c
#11 0.725 shim-16.1/cert.S
#11 0.725 shim-16.1/commit
#11 0.725 shim-16.1/crypt_blowfish.c
#11 0.725 shim-16.1/csv.c
#11 0.726 shim-16.1/data/
#11 0.726 shim-16.1/data/sbat.csv
#11 0.726 shim-16.1/dp.c
#11 0.726 shim-16.1/elf_aarch64_efi.lds
#11 0.726 shim-16.1/elf_arm_efi.lds
#11 0.726 shim-16.1/elf_ia32_efi.lds
#11 0.726 shim-16.1/elf_ia64_efi.lds
#11 0.726 shim-16.1/elf_x86_64_efi.lds
#11 0.726 shim-16.1/errlog.c
#11 0.726 shim-16.1/fallback.c
#11 0.726 shim-16.1/fuzz-csv.c
#11 0.726 shim-16.1/fuzz-pe-relocate.c
#11 0.726 shim-16.1/fuzz-sbat.c
#11 0.726 shim-16.1/generate_sbat_var_defs.c
#11 0.726 shim-16.1/globals.c
#11 0.726 shim-16.1/gnu-efi/
#11 0.726 shim-16.1/gnu-efi/.gitattributes
#11 0.726 shim-16.1/gnu-efi/.gitignore
#11 0.726 shim-16.1/gnu-efi/ChangeLog
#11 0.729 shim-16.1/gnu-efi/Make.defaults
#11 0.729 shim-16.1/gnu-efi/Make.rules
#11 0.729 shim-16.1/gnu-efi/Makefile
#11 0.729 shim-16.1/gnu-efi/README.efilib
#11 0.729 shim-16.1/gnu-efi/README.elilo
#11 0.729 shim-16.1/gnu-efi/README.git
#11 0.729 shim-16.1/gnu-efi/README.gnuefi
#11 0.729 shim-16.1/gnu-efi/apps/
#11 0.729 shim-16.1/gnu-efi/apps/AllocPages.c
#11 0.730 shim-16.1/gnu-efi/apps/FreePages.c
#11 0.730 shim-16.1/gnu-efi/apps/Makefile
#11 0.730 shim-16.1/gnu-efi/apps/bltgrid.c
#11 0.730 shim-16.1/gnu-efi/apps/debughook.c
#11 0.731 shim-16.1/gnu-efi/apps/drv0.c
#11 0.731 shim-16.1/gnu-efi/apps/drv0.h
#11 0.731 shim-16.1/gnu-efi/apps/drv0_use.c
#11 0.731 shim-16.1/gnu-efi/apps/exit.c
#11 0.731 shim-16.1/gnu-efi/apps/lfbgrid.c
#11 0.731 shim-16.1/gnu-efi/apps/modelist.c
#11 0.731 shim-16.1/gnu-efi/apps/printenv.c
#11 0.731 shim-16.1/gnu-efi/apps/route80h.c
#11 0.731 shim-16.1/gnu-efi/apps/setdbg.c
#11 0.731 shim-16.1/gnu-efi/apps/setjmp.c
#11 0.732 shim-16.1/gnu-efi/apps/t.c
#11 0.732 shim-16.1/gnu-efi/apps/t2.c
#11 0.732 shim-16.1/gnu-efi/apps/t3.c
#11 0.732 shim-16.1/gnu-efi/apps/t4.c
#11 0.732 shim-16.1/gnu-efi/apps/t5.c
#11 0.732 shim-16.1/gnu-efi/apps/t6.c
#11 0.732 shim-16.1/gnu-efi/apps/t7.c
#11 0.732 shim-16.1/gnu-efi/apps/t8.c
#11 0.732 shim-16.1/gnu-efi/apps/tcc.c
#11 0.732 shim-16.1/gnu-efi/apps/tpause.c
#11 0.732 shim-16.1/gnu-efi/apps/trivial.S
#11 0.732 shim-16.1/gnu-efi/apps/unsetdbg.c
#11 0.732 shim-16.1/gnu-efi/gnuefi/
#11 0.732 shim-16.1/gnu-efi/gnuefi/Makefile
#11 0.733 shim-16.1/gnu-efi/gnuefi/crt0-efi-aarch64.S
#11 0.734 shim-16.1/gnu-efi/gnuefi/crt0-efi-arm.S
#11 0.734 shim-16.1/gnu-efi/gnuefi/crt0-efi-ia32.S
#11 0.734 shim-16.1/gnu-efi/gnuefi/crt0-efi-ia64.S
#11 0.734 shim-16.1/gnu-efi/gnuefi/crt0-efi-mips64el.S
#11 0.734 shim-16.1/gnu-efi/gnuefi/crt0-efi-x86_64.S
#11 0.734 shim-16.1/gnu-efi/gnuefi/elf_aarch64_efi.lds
#11 0.734 shim-16.1/gnu-efi/gnuefi/elf_arm_efi.lds
#11 0.734 shim-16.1/gnu-efi/gnuefi/elf_ia32_efi.lds
#11 0.734 shim-16.1/gnu-efi/gnuefi/elf_ia32_fbsd_efi.lds
#11 0.734 shim-16.1/gnu-efi/gnuefi/elf_ia64_efi.lds
#11 0.734 shim-16.1/gnu-efi/gnuefi/elf_mips64el_efi.lds
#11 0.734 shim-16.1/gnu-efi/gnuefi/elf_x86_64_efi.lds
#11 0.734 shim-16.1/gnu-efi/gnuefi/elf_x86_64_fbsd_efi.lds
#11 0.735 shim-16.1/gnu-efi/gnuefi/reloc_aarch64.c
#11 0.735 shim-16.1/gnu-efi/gnuefi/reloc_arm.c
#11 0.735 shim-16.1/gnu-efi/gnuefi/reloc_ia32.c
#11 0.735 shim-16.1/gnu-efi/gnuefi/reloc_ia64.S
#11 0.735 shim-16.1/gnu-efi/gnuefi/reloc_mips64el.c
#11 0.735 shim-16.1/gnu-efi/gnuefi/reloc_x86_64.c
#11 0.735 shim-16.1/gnu-efi/inc/
#11 0.735 shim-16.1/gnu-efi/inc/Makefile
#11 0.735 shim-16.1/gnu-efi/inc/aarch64/
#11 0.736 shim-16.1/gnu-efi/inc/aarch64/efibind.h
#11 0.736 shim-16.1/gnu-efi/inc/aarch64/efilibplat.h
#11 0.736 shim-16.1/gnu-efi/inc/aarch64/efisetjmp_arch.h
#11 0.736 shim-16.1/gnu-efi/inc/arm/
#11 0.736 shim-16.1/gnu-efi/inc/arm/efibind.h
#11 0.736 shim-16.1/gnu-efi/inc/arm/efilibplat.h
#11 0.736 shim-16.1/gnu-efi/inc/arm/efisetjmp_arch.h
#11 0.736 shim-16.1/gnu-efi/inc/efi.h
#11 0.736 shim-16.1/gnu-efi/inc/efi_nii.h
#11 0.736 shim-16.1/gnu-efi/inc/efi_pxe.h
#11 0.736 shim-16.1/gnu-efi/inc/efiapi.h
#11 0.737 shim-16.1/gnu-efi/inc/eficompiler.h
#11 0.737 shim-16.1/gnu-efi/inc/eficon.h
#11 0.737 shim-16.1/gnu-efi/inc/eficonex.h
#11 0.740 shim-16.1/gnu-efi/inc/efidebug.h
#11 0.740 shim-16.1/gnu-efi/inc/efidef.h
#11 0.740 shim-16.1/gnu-efi/inc/efidevp.h
#11 0.752 shim-16.1/gnu-efi/inc/efierr.h
#11 0.752 shim-16.1/gnu-efi/inc/efifs.h
#11 0.752 shim-16.1/gnu-efi/inc/efigpt.h
#11 0.752 shim-16.1/gnu-efi/inc/efiip.h
#11 0.752 shim-16.1/gnu-efi/inc/efilib.h
#11 0.752 shim-16.1/gnu-efi/inc/efilink.h
#11 0.753 shim-16.1/gnu-efi/inc/efinet.h
#11 0.753 shim-16.1/gnu-efi/inc/efipart.h
#11 0.753 shim-16.1/gnu-efi/inc/efipciio.h
#11 0.753 shim-16.1/gnu-efi/inc/efipoint.h
#11 0.753 shim-16.1/gnu-efi/inc/efiprot.h
#11 0.754 shim-16.1/gnu-efi/inc/efipxebc.h
#11 0.754 shim-16.1/gnu-efi/inc/efirtlib.h
#11 0.754 shim-16.1/gnu-efi/inc/efiser.h
#11 0.754 shim-16.1/gnu-efi/inc/efisetjmp.h
#11 0.754 shim-16.1/gnu-efi/inc/efishellintf.h
#11 0.754 shim-16.1/gnu-efi/inc/efishellparm.h
#11 0.754 shim-16.1/gnu-efi/inc/efistdarg.h
#11 0.755 shim-16.1/gnu-efi/inc/efitcp.h
#11 0.755 shim-16.1/gnu-efi/inc/efiudp.h
#11 0.755 shim-16.1/gnu-efi/inc/efiui.h
#11 0.756 shim-16.1/gnu-efi/inc/elf.h
#11 0.757 shim-16.1/gnu-efi/inc/ia32/
#11 0.757 shim-16.1/gnu-efi/inc/ia32/efibind.h
#11 0.757 shim-16.1/gnu-efi/inc/ia32/efilibplat.h
#11 0.758 shim-16.1/gnu-efi/inc/ia32/efisetjmp_arch.h
#11 0.758 shim-16.1/gnu-efi/inc/ia32/pe.h
#11 0.758 shim-16.1/gnu-efi/inc/ia64/
#11 0.758 shim-16.1/gnu-efi/inc/ia64/efibind.h
#11 0.758 shim-16.1/gnu-efi/inc/ia64/efilibplat.h
#11 0.758 shim-16.1/gnu-efi/inc/ia64/efisetjmp_arch.h
#11 0.758 shim-16.1/gnu-efi/inc/ia64/pe.h
#11 0.759 shim-16.1/gnu-efi/inc/ia64/salproc.h
#11 0.759 shim-16.1/gnu-efi/inc/lib.h
#11 0.759 shim-16.1/gnu-efi/inc/libsmbios.h
#11 0.759 shim-16.1/gnu-efi/inc/mips64el/
#11 0.759 shim-16.1/gnu-efi/inc/mips64el/efibind.h
#11 0.760 shim-16.1/gnu-efi/inc/mips64el/efilibplat.h
#11 0.760 shim-16.1/gnu-efi/inc/mips64el/efisetjmp_arch.h
#11 0.760 shim-16.1/gnu-efi/inc/pci22.h
#11 0.760 shim-16.1/gnu-efi/inc/protocol/
#11 0.760 shim-16.1/gnu-efi/inc/protocol/adapterdebug.h
#11 0.760 shim-16.1/gnu-efi/inc/protocol/eficonsplit.h
#11 0.760 shim-16.1/gnu-efi/inc/protocol/efivar.h
#11 0.760 shim-16.1/gnu-efi/inc/protocol/intload.h
#11 0.760 shim-16.1/gnu-efi/inc/protocol/legacyboot.h
#11 0.760 shim-16.1/gnu-efi/inc/protocol/piflash64.h
#11 0.760 shim-16.1/gnu-efi/inc/protocol/readme.txt
#11 0.760 shim-16.1/gnu-efi/inc/protocol/vgaclass.h
#11 0.760 shim-16.1/gnu-efi/inc/romload.h
#11 0.760 shim-16.1/gnu-efi/inc/x86_64/
#11 0.760 shim-16.1/gnu-efi/inc/x86_64/efibind.h
#11 0.761 shim-16.1/gnu-efi/inc/x86_64/efilibplat.h
#11 0.761 shim-16.1/gnu-efi/inc/x86_64/efisetjmp_arch.h
#11 0.761 shim-16.1/gnu-efi/inc/x86_64/pe.h
#11 0.761 shim-16.1/gnu-efi/lib/
#11 0.761 shim-16.1/gnu-efi/lib/Makefile
#11 0.761 shim-16.1/gnu-efi/lib/Makefile.orig
#11 0.761 shim-16.1/gnu-efi/lib/aarch64/
#11 0.761 shim-16.1/gnu-efi/lib/aarch64/efi_stub.S
#11 0.761 shim-16.1/gnu-efi/lib/aarch64/initplat.c
#11 0.761 shim-16.1/gnu-efi/lib/aarch64/math.c
#11 0.761 shim-16.1/gnu-efi/lib/aarch64/setjmp.S
#11 0.761 shim-16.1/gnu-efi/lib/arm/
#11 0.761 shim-16.1/gnu-efi/lib/arm/div.S
#11 0.761 shim-16.1/gnu-efi/lib/arm/edk2asm.h
#11 0.761 shim-16.1/gnu-efi/lib/arm/efi_stub.S
#11 0.761 shim-16.1/gnu-efi/lib/arm/initplat.c
#11 0.761 shim-16.1/gnu-efi/lib/arm/ldivmod.S
#11 0.761 shim-16.1/gnu-efi/lib/arm/llsl.S
#11 0.761 shim-16.1/gnu-efi/lib/arm/llsr.S
#11 0.761 shim-16.1/gnu-efi/lib/arm/math.c
#11 0.761 shim-16.1/gnu-efi/lib/arm/mullu.S
#11 0.761 shim-16.1/gnu-efi/lib/arm/setjmp.S
#11 0.761 shim-16.1/gnu-efi/lib/arm/uldiv.S
#11 0.761 shim-16.1/gnu-efi/lib/boxdraw.c
#11 0.762 shim-16.1/gnu-efi/lib/cmdline.c
#11 0.762 shim-16.1/gnu-efi/lib/console.c
#11 0.762 shim-16.1/gnu-efi/lib/crc.c
#11 0.762 shim-16.1/gnu-efi/lib/data.c
#11 0.762 shim-16.1/gnu-efi/lib/debug.c
#11 0.762 shim-16.1/gnu-efi/lib/dpath.c
#11 0.762 shim-16.1/gnu-efi/lib/error.c
#11 0.763 shim-16.1/gnu-efi/lib/event.c
#11 0.763 shim-16.1/gnu-efi/lib/exit.c
#11 0.763 shim-16.1/gnu-efi/lib/guid.c
#11 0.763 shim-16.1/gnu-efi/lib/hand.c
#11 0.763 shim-16.1/gnu-efi/lib/hw.c
#11 0.763 shim-16.1/gnu-efi/lib/ia32/
#11 0.763 shim-16.1/gnu-efi/lib/ia32/efi_stub.S
#11 0.763 shim-16.1/gnu-efi/lib/ia32/initplat.c
#11 0.763 shim-16.1/gnu-efi/lib/ia32/math.c
#11 0.763 shim-16.1/gnu-efi/lib/ia32/setjmp.S
#11 0.763 shim-16.1/gnu-efi/lib/ia64/
#11 0.763 shim-16.1/gnu-efi/lib/ia64/initplat.c
#11 0.763 shim-16.1/gnu-efi/lib/ia64/math.c
#11 0.763 shim-16.1/gnu-efi/lib/ia64/palproc.S
#11 0.764 shim-16.1/gnu-efi/lib/ia64/palproc.h
#11 0.764 shim-16.1/gnu-efi/lib/ia64/salpal.c
#11 0.764 shim-16.1/gnu-efi/lib/ia64/setjmp.S
#11 0.764 shim-16.1/gnu-efi/lib/init.c
#11 0.764 shim-16.1/gnu-efi/lib/lock.c
#11 0.764 shim-16.1/gnu-efi/lib/mips64el/
#11 0.764 shim-16.1/gnu-efi/lib/mips64el/efi_stub.S
#11 0.764 shim-16.1/gnu-efi/lib/mips64el/initplat.c
#11 0.764 shim-16.1/gnu-efi/lib/mips64el/math.c
#11 0.764 shim-16.1/gnu-efi/lib/mips64el/setjmp.S
#11 0.764 shim-16.1/gnu-efi/lib/misc.c
#11 0.764 shim-16.1/gnu-efi/lib/pause.c
#11 0.764 shim-16.1/gnu-efi/lib/print.c
#11 0.764 shim-16.1/gnu-efi/lib/runtime/
#11 0.764 shim-16.1/gnu-efi/lib/runtime/efirtlib.c
#11 0.764 shim-16.1/gnu-efi/lib/runtime/rtdata.c
#11 0.764 shim-16.1/gnu-efi/lib/runtime/rtlock.c
#11 0.764 shim-16.1/gnu-efi/lib/runtime/rtstr.c
#11 0.765 shim-16.1/gnu-efi/lib/runtime/vm.c
#11 0.765 shim-16.1/gnu-efi/lib/smbios.c
#11 0.765 shim-16.1/gnu-efi/lib/sread.c
#11 0.765 shim-16.1/gnu-efi/lib/str.c
#11 0.765 shim-16.1/gnu-efi/lib/x86_64/
#11 0.765 shim-16.1/gnu-efi/lib/x86_64/callwrap.c
#11 0.765 shim-16.1/gnu-efi/lib/x86_64/efi_stub.S
#11 0.765 shim-16.1/gnu-efi/lib/x86_64/initplat.c
#11 0.765 shim-16.1/gnu-efi/lib/x86_64/math.c
#11 0.765 shim-16.1/gnu-efi/lib/x86_64/setjmp.S
#11 0.765 shim-16.1/httpboot.c
#11 0.765 shim-16.1/include/
#11 0.765 shim-16.1/include/asm.h
#11 0.766 shim-16.1/include/cc.h
#11 0.766 shim-16.1/include/compiler.h
#11 0.766 shim-16.1/include/configtable.h
#11 0.767 shim-16.1/include/console.h
#11 0.767 shim-16.1/include/coverity.mk
#11 0.767 shim-16.1/include/crypt_blowfish.h
#11 0.767 shim-16.1/include/dp.h
#11 0.767 shim-16.1/include/efiauthenticated.h
#11 0.767 shim-16.1/include/endian.h
#11 0.767 shim-16.1/include/errlog.h
#11 0.767 shim-16.1/include/errors.h
#11 0.767 shim-16.1/include/execute.h
#11 0.767 shim-16.1/include/fanalyzer.mk
#11 0.767 shim-16.1/include/fuzz.mk
#11 0.767 shim-16.1/include/guid.h
#11 0.767 shim-16.1/include/hexdump.h
#11 0.767 shim-16.1/include/http.h
#11 0.767 shim-16.1/include/httpboot.h
#11 0.767 shim-16.1/include/ip4config2.h
#11 0.767 shim-16.1/include/ip6config.h
#11 0.767 shim-16.1/include/list.h
#11 0.767 shim-16.1/include/load-options.h
#11 0.767 shim-16.1/include/loader-proto.h
#11 0.767 shim-16.1/include/memattrs.h
#11 0.767 shim-16.1/include/mock-variables.h
#11 0.767 shim-16.1/include/mok.h
#11 0.767 shim-16.1/include/netboot.h
#11 0.767 shim-16.1/include/passwordcrypt.h
#11 0.767 shim-16.1/include/pe.h
#11 0.768 shim-16.1/include/peimage.h
#11 0.768 shim-16.1/include/sbat.h
#11 0.768 shim-16.1/include/sbat_var_defs.h
#11 0.768 shim-16.1/include/scan-build.mk
#11 0.768 shim-16.1/include/security_policy.h
#11 0.768 shim-16.1/include/shell.h
#11 0.768 shim-16.1/include/simple_file.h
#11 0.768 shim-16.1/include/ssp.h
#11 0.768 shim-16.1/include/ssp_var_defs.h
#11 0.768 shim-16.1/include/str.h
#11 0.769 shim-16.1/include/system/
#11 0.769 shim-16.1/include/system/alloca.h
#11 0.769 shim-16.1/include/system/builtins_begin_.h
#11 0.769 shim-16.1/include/system/builtins_end_.h
#11 0.769 shim-16.1/include/system/ctype.h
#11 0.769 shim-16.1/include/system/efistdarg.h
#11 0.769 shim-16.1/include/system/inttypes.h
#11 0.769 shim-16.1/include/system/stdarg.h
#11 0.769 shim-16.1/include/system/stdio.h
#11 0.769 shim-16.1/include/system/stdlib.h
#11 0.769 shim-16.1/include/system/string.h
#11 0.769 shim-16.1/include/system/strings.h
#11 0.769 shim-16.1/include/test-data-efivars-0.h
#11 0.788 shim-16.1/include/test-data-efivars-1.h
#11 0.788 shim-16.1/include/test.h
#11 0.788 shim-16.1/include/test.mk
#11 0.788 shim-16.1/include/tpm.h
#11 0.789 shim-16.1/include/ucs2.h
#11 0.789 shim-16.1/include/utils.h
#11 0.789 shim-16.1/include/variables.h
#11 0.789 shim-16.1/include/verify.h
#11 0.789 shim-16.1/include/wincert.h
#11 0.789 shim-16.1/lib/
#11 0.789 shim-16.1/lib/Makefile
#11 0.789 shim-16.1/lib/configtable.c
#11 0.789 shim-16.1/lib/console.c
#11 0.789 shim-16.1/lib/execute.c
#11 0.789 shim-16.1/lib/guid.c
#11 0.789 shim-16.1/lib/print_crypto.c
#11 0.790 shim-16.1/lib/security_policy.c
#11 0.790 shim-16.1/lib/shell.c
#11 0.790 shim-16.1/lib/simple_file.c
#11 0.790 shim-16.1/lib/string.c
#11 0.790 shim-16.1/lib/variables.c
#11 0.790 shim-16.1/load-options.c
#11 0.790 shim-16.1/loader-proto.c
#11 0.791 shim-16.1/make-archive
#11 0.791 shim-16.1/make-certs
#11 0.791 shim-16.1/memattrs.c
#11 0.791 shim-16.1/mkosi/
#11 0.791 shim-16.1/mkosi/mkosi.build.chroot
#11 0.791 shim-16.1/mkosi/mkosi.clean
#11 0.791 shim-16.1/mkosi/mkosi.conf
#11 0.792 shim-16.1/mkosi/mkosi.conf.d/
#11 0.792 shim-16.1/mkosi/mkosi.conf.d/centos/
#11 0.792 shim-16.1/mkosi/mkosi.conf.d/centos/certs/
#11 0.792 shim-16.1/mkosi/mkosi.conf.d/centos/certs/shim.crt
#11 0.792 shim-16.1/mkosi/mkosi.conf.d/centos-fedora/
#11 0.792 shim-16.1/mkosi/mkosi.conf.d/centos-fedora/mkosi.conf
#11 0.792 shim-16.1/mkosi/mkosi.conf.d/centos-fedora/mkosi.conf.d/
#11 0.792 shim-16.1/mkosi/mkosi.conf.d/centos-fedora/mkosi.conf.d/grub-arm64.conf
#11 0.792 shim-16.1/mkosi/mkosi.conf.d/centos-fedora/mkosi.conf.d/grub-x86-64.conf
#11 0.792 shim-16.1/mkosi/mkosi.conf.d/debian/
#11 0.792 shim-16.1/mkosi/mkosi.conf.d/debian/certs/
#11 0.792 shim-16.1/mkosi/mkosi.conf.d/debian/certs/shim.crt
#11 0.792 shim-16.1/mkosi/mkosi.conf.d/debian-ubuntu/
#11 0.792 shim-16.1/mkosi/mkosi.conf.d/debian-ubuntu/mkosi.conf
#11 0.792 shim-16.1/mkosi/mkosi.conf.d/debian-ubuntu/mkosi.conf.d/
#11 0.792 shim-16.1/mkosi/mkosi.conf.d/debian-ubuntu/mkosi.conf.d/grub-arm64.conf
#11 0.793 shim-16.1/mkosi/mkosi.conf.d/debian-ubuntu/mkosi.conf.d/grub-x86-64.conf
#11 0.793 shim-16.1/mkosi/mkosi.conf.d/fedora/
#11 0.793 shim-16.1/mkosi/mkosi.conf.d/fedora/certs/
#11 0.793 shim-16.1/mkosi/mkosi.conf.d/fedora/certs/mok/
#11 0.793 shim-16.1/mkosi/mkosi.conf.d/fedora/certs/mok/redhat-test.crt
#11 0.793 shim-16.1/mkosi/mkosi.conf.d/fedora/certs/shim.crt
#11 0.793 shim-16.1/mkosi/mkosi.conf.d/fedora/mkosi.conf
#11 0.793 shim-16.1/mkosi/mkosi.conf.d/ubuntu/
#11 0.793 shim-16.1/mkosi/mkosi.conf.d/ubuntu/certs/
#11 0.793 shim-16.1/mkosi/mkosi.conf.d/ubuntu/certs/shim.crt
#11 0.793 shim-16.1/mkosi/mkosi.conf.d/ubuntu/mkosi.conf
#11 0.793 shim-16.1/mkosi/mkosi.extra/
#11 0.793 shim-16.1/mkosi/mkosi.extra/usr/
#11 0.793 shim-16.1/mkosi/mkosi.extra/usr/bin/
#11 0.794 shim-16.1/mkosi/mkosi.extra/usr/bin/mkosi-test.sh
#11 0.794 shim-16.1/mkosi/mkosi.extra/usr/lib/
#11 0.794 shim-16.1/mkosi/mkosi.extra/usr/lib/systemd/
#11 0.794 shim-16.1/mkosi/mkosi.extra/usr/lib/systemd/system/
#11 0.794 shim-16.1/mkosi/mkosi.extra/usr/lib/systemd/system/mkosi-test.service
#11 0.794 shim-16.1/mkosi/mkosi.finalize
#11 0.794 shim-16.1/mkosi/mkosi.postoutput
#11 0.794 shim-16.1/mkosi/mkosi.repart/
#11 0.794 shim-16.1/mkosi/mkosi.repart/00-esp.conf
#11 0.794 shim-16.1/mkosi/mkosi.repart/10-root.conf
#11 0.794 shim-16.1/mock-variables.c
#11 0.794 shim-16.1/model.c
#11 0.794 shim-16.1/mok.c
#11 0.795 shim-16.1/netboot.c
#11 0.795 shim-16.1/pe-relocate.c
#11 0.795 shim-16.1/pe.c
#11 0.796 shim-16.1/post-process-pe.c
#11 0.796 shim-16.1/sbat.c
#11 0.796 shim-16.1/sbat_var.S
#11 0.797 shim-16.1/shim.c
#11 0.797 shim-16.1/shim.h
#11 0.797 shim-16.1/test-csv.c
#11 0.797 shim-16.1/test-data/
#11 0.797 shim-16.1/test-data/.gitignore
#11 0.797 shim-16.1/test-data/efivars-0/
#11 0.798 shim-16.1/test-data/efivars-0/AMD_PBS_SETUP-a339d746-f678-49b3-9fc7-54ce0f9df226
#11 0.798 shim-16.1/test-data/efivars-0/AMD_RAID-fe26a894-d199-47d4-8afa-070e3d54ba86
#11 0.798 shim-16.1/test-data/efivars-0/AMITCGPPIVAR-a8a2093b-fefa-43c1-8e62-ce526847265e
#11 0.798 shim-16.1/test-data/efivars-0/Boot0000-8be4df61-93ca-11d2-aa0d-00e098032b8c
#11 0.798 shim-16.1/test-data/efivars-0/db-d719b2cb-3d3a-4596-a3bc-dad00e67656f
#11 0.798 shim-16.1/test-data/efivars-0/dbDefault-8be4df61-93ca-11d2-aa0d-00e098032b8c
#11 0.798 shim-16.1/test-data/efivars-0/dbx-d719b2cb-3d3a-4596-a3bc-dad00e67656f
#11 0.798 shim-16.1/test-data/efivars-0/dbxDefault-8be4df61-93ca-11d2-aa0d-00e098032b8c
#11 0.798 shim-16.1/test-data/efivars-1/
#11 0.798 shim-16.1/test-data/efivars-1/AMD_PBS_SETUP-a339d746-f678-49b3-9fc7-54ce0f9df226
#11 0.798 shim-16.1/test-data/efivars-1/AMD_RAID-fe26a894-d199-47d4-8afa-070e3d54ba86
#11 0.798 shim-16.1/test-data/efivars-1/AMITCGPPIVAR-a8a2093b-fefa-43c1-8e62-ce526847265e
#11 0.799 shim-16.1/test-data/efivars-1/AMITSESetup-c811fa38-42c8-4579-a9bb-60e94eddfb34
#11 0.799 shim-16.1/test-data/efivars-1/AOD_SETUP-5ed15dc0-edef-4161-9151-6014c4cc630c
#11 0.799 shim-16.1/test-data/efivars-1/AmdAcpiVar-79941ecd-ed36-49d0-8124-e4c31ac75cd4
#11 0.799 shim-16.1/test-data/efivars-1/AmdSetup-3a997502-647a-4c82-998e-52ef9486a247
#11 0.799 shim-16.1/test-data/efivars-1/AmiHardwareSignatureSetupUpdateCountVar-81c76078-bfde-4368-9790-570914c01a65
#11 0.799 shim-16.1/test-data/efivars-1/ApSyncFlagNv-ad3f6761-f0a3-46c8-a4cb-19b70ffdb305
#11 0.799 shim-16.1/test-data/efivars-1/AsbkpInfo-cb825795-feb1-4c0b-894f-cc70f8064395
#11 0.799 shim-16.1/test-data/efivars-1/AsusExtFancard-ec87d643-eba4-4bb5-a1e5-3f3e36b20da9
#11 0.799 shim-16.1/test-data/efivars-1/AsusFanSetupFeatures-ec87d643-eba4-4bb5-a1e5-3f3e36b20da9
#11 0.799 shim-16.1/test-data/efivars-1/AsusHwmSetupOneof-ec87d643-eba4-4bb5-a1e5-3f3e36b20da9
#11 0.799 shim-16.1/test-data/efivars-1/AsusNodePsu-ec87d643-eba4-4bb5-a1e5-3f3e36b20da9
#11 0.799 shim-16.1/test-data/efivars-1/AsusQFanSetupData-ec87d643-eba4-4bb5-a1e5-3f3e36b20da9
#11 0.799 shim-16.1/test-data/efivars-1/AsusRomLayout-7186d975-2dba-4413-81a8-9f1538faef5e
#11 0.800 shim-16.1/test-data/efivars-1/AsusSetupDataBackup-1111b056-c5e9-40ca-aba3-ec172533d814
#11 0.800 shim-16.1/test-data/efivars-1/AutoDetectData-ec87d643-eba4-4bb5-a1e5-3f3e36b20da9
#11 0.800 shim-16.1/test-data/efivars-1/BiosEventLog-4034591c-48ea-4cdc-864f-e7cb61cfd0f2
#11 0.800 shim-16.1/test-data/efivars-1/Boot0000-8be4df61-93ca-11d2-aa0d-00e098032b8c
#11 0.800 shim-16.1/test-data/efivars-1/Boot0001-8be4df61-93ca-11d2-aa0d-00e098032b8c
#11 0.800 shim-16.1/test-data/efivars-1/Boot0002-8be4df61-93ca-11d2-aa0d-00e098032b8c
#11 0.800 shim-16.1/test-data/efivars-1/Boot0003-8be4df61-93ca-11d2-aa0d-00e098032b8c
#11 0.800 shim-16.1/test-data/efivars-1/Boot0004-8be4df61-93ca-11d2-aa0d-00e098032b8c
#11 0.800 shim-16.1/test-data/efivars-1/Boot0005-8be4df61-93ca-11d2-aa0d-00e098032b8c
#11 0.800 shim-16.1/test-data/efivars-1/Boot0006-8be4df61-93ca-11d2-aa0d-00e098032b8c
#11 0.800 shim-16.1/test-data/efivars-1/BootCurrent-8be4df61-93ca-11d2-aa0d-00e098032b8c
#11 0.800 shim-16.1/test-data/efivars-1/BootFromUSB-ec87d643-eba4-4bb5-a1e5-3f3e36b20da9
#11 0.800 shim-16.1/test-data/efivars-1/BootOptionSupport-8be4df61-93ca-11d2-aa0d-00e098032b8c
#11 0.800 shim-16.1/test-data/efivars-1/BootOrder-8be4df61-93ca-11d2-aa0d-00e098032b8c
#11 0.800 shim-16.1/test-data/efivars-1/CMOSfailflag-c89dc9c7-5105-472c-a743-b1621e142b41
#11 0.800 shim-16.1/test-data/efivars-1/ConIn-8be4df61-93ca-11d2-aa0d-00e098032b8c
#11 0.800 shim-16.1/test-data/efivars-1/ConInDev-8be4df61-93ca-11d2-aa0d-00e098032b8c
#11 0.800 shim-16.1/test-data/efivars-1/ConOut-8be4df61-93ca-11d2-aa0d-00e098032b8c
#11 0.800 shim-16.1/test-data/efivars-1/ConOutDev-8be4df61-93ca-11d2-aa0d-00e098032b8c
#11 0.800 shim-16.1/test-data/efivars-1/CurrentPolicy-77fa9abd-0359-4d32-bd60-28f4e78f784b
#11 0.800 shim-16.1/test-data/efivars-1/DefaultBootOrder-45cf35f6-0d6e-4d04-856a-0370a5b16f53
#11 0.800 shim-16.1/test-data/efivars-1/DeploymentModeNv-97e8965f-c761-4f48-b6e4-9ffa9cb2a2d6
#11 0.800 shim-16.1/test-data/efivars-1/DownCoreStatus-29749bad-401b-4f6d-b124-cece8c590c48
#11 0.800 shim-16.1/test-data/efivars-1/EnWpData-cbab171f-f356-4009-baaa-6628353a0a29
#11 0.800 shim-16.1/test-data/efivars-1/ErrOut-8be4df61-93ca-11d2-aa0d-00e098032b8c
#11 0.801 shim-16.1/test-data/efivars-1/FPLayoutOrder-4db88a62-6721-47a0-9082-280b00323594
#11 0.801 shim-16.1/test-data/efivars-1/FTMActiveFlag-4034591c-48ea-4cdc-864f-e7cb61cfd0f2
#11 0.801 shim-16.1/test-data/efivars-1/FastBootOption-b540a530-6978-4da7-91cb-7207d764d262
#11 0.801 shim-16.1/test-data/efivars-1/FirstBootFlag-ec87d643-eba4-4bb5-a1e5-3f3e36b20da9
#11 0.801 shim-16.1/test-data/efivars-1/HddSmartInfo-a6f44860-b2e8-4fda-bd45-78368994b6ae
#11 0.801 shim-16.1/test-data/efivars-1/HiiDB-1b838190-4625-4ead-abc9-cd5e6af18fe0
#11 0.801 shim-16.1/test-data/efivars-1/HwErrRecSupport-8be4df61-93ca-11d2-aa0d-00e098032b8c
#11 0.801 shim-16.1/test-data/efivars-1/KEK-8be4df61-93ca-11d2-aa0d-00e098032b8c
#11 0.801 shim-16.1/test-data/efivars-1/KEKDefault-8be4df61-93ca-11d2-aa0d-00e098032b8c
#11 0.801 shim-16.1/test-data/efivars-1/Kernel_ATPSiStatus-77fa9abd-0359-4d32-bd60-28f4e78f784b
#11 0.801 shim-16.1/test-data/efivars-1/Kernel_DriverSiStatus-77fa9abd-0359-4d32-bd60-28f4e78f784b
#11 0.801 shim-16.1/test-data/efivars-1/Kernel_RvkSiStatus-77fa9abd-0359-4d32-bd60-28f4e78f784b
#11 0.801 shim-16.1/test-data/efivars-1/Kernel_SiStatus-77fa9abd-0359-4d32-bd60-28f4e78f784b
#11 0.801 shim-16.1/test-data/efivars-1/Kernel_SkuSiStatus-77fa9abd-0359-4d32-bd60-28f4e78f784b
#11 0.801 shim-16.1/test-data/efivars-1/Kernel_WinSiStatus-77fa9abd-0359-4d32-bd60-28f4e78f784b
#11 0.801 shim-16.1/test-data/efivars-1/LastBoot-b540a530-6978-4da7-91cb-7207d764d262
#11 0.801 shim-16.1/test-data/efivars-1/MaximumTableSize-4b3082a3-80c6-4d7e-9cd0-583917265df1
#11 0.801 shim-16.1/test-data/efivars-1/MemoryOverwriteRequestControl-e20939be-32d4-41be-a150-897f85d49829
#11 0.801 shim-16.1/test-data/efivars-1/MemoryOverwriteRequestControlLock-bb983ccf-151d-40e1-a07b-4a17be168292
#11 0.801 shim-16.1/test-data/efivars-1/MokList-605dab50-e046-4300-abb6-3dd810dd8b23
#11 0.801 shim-16.1/test-data/efivars-1/MokListRT-605dab50-e046-4300-abb6-3dd810dd8b23
#11 0.801 shim-16.1/test-data/efivars-1/MokListX-605dab50-e046-4300-abb6-3dd810dd8b23
#11 0.802 shim-16.1/test-data/efivars-1/MokListXRT-605dab50-e046-4300-abb6-3dd810dd8b23
#11 0.802 shim-16.1/test-data/efivars-1/MonotonicCounter-01368881-c4ad-4b1d-b631-d57a8ec8db6b
#11 0.802 shim-16.1/test-data/efivars-1/MyFav-4034591c-48ea-4cdc-864f-e7cb61cfd0f2
#11 0.802 shim-16.1/test-data/efivars-1/NVRAM_Verify-15a9dd61-e4f8-4a99-80db-353b13d76490
#11 0.802 shim-16.1/test-data/efivars-1/NetworkStackVar-d1405d16-7afc-4695-bb12-41459d3695a2
#11 0.802 shim-16.1/test-data/efivars-1/NvHdd0-e57abcbd-9456-4639-8f65-06aab41d840f
#11 0.802 shim-16.1/test-data/efivars-1/NvHdd8-e57abcbd-9456-4639-8f65-06aab41d840f
#11 0.802 shim-16.1/test-data/efivars-1/OsIndications-8be4df61-93ca-11d2-aa0d-00e098032b8c
#11 0.802 shim-16.1/test-data/efivars-1/OsIndicationsSupported-8be4df61-93ca-11d2-aa0d-00e098032b8c
#11 0.802 shim-16.1/test-data/efivars-1/PCI_COMMON-aca9f304-21e2-4852-9875-7ff4881d67a5
#11 0.802 shim-16.1/test-data/efivars-1/PK-8be4df61-93ca-11d2-aa0d-00e098032b8c
#11 0.802 shim-16.1/test-data/efivars-1/PKDefault-8be4df61-93ca-11d2-aa0d-00e098032b8c
#11 0.802 shim-16.1/test-data/efivars-1/PcieSataModVar-5e9a565f-cdc0-413b-ad13-1fe8713ffdcd
#11 0.802 shim-16.1/test-data/efivars-1/PlatformLang-8be4df61-93ca-11d2-aa0d-00e098032b8c
#11 0.802 shim-16.1/test-data/efivars-1/PlatformLangCodes-8be4df61-93ca-11d2-aa0d-00e098032b8c
#11 0.802 shim-16.1/test-data/efivars-1/PreVgaInfo-ec87d643-eba4-4bb5-a1e5-3f3e36b20da9
#11 0.802 shim-16.1/test-data/efivars-1/RsdpAddr-ec87d643-eba4-4bb5-a1e5-3f3e36b20da9
#11 0.802 shim-16.1/test-data/efivars-1/SIDSUPPORT-7d3dceee-cbce-4ea7-8709-6e552f1edbde
#11 0.802 shim-16.1/test-data/efivars-1/SbatLevel-605dab50-e046-4300-abb6-3dd810dd8b23
#11 0.802 shim-16.1/test-data/efivars-1/SbatLevelRT-605dab50-e046-4300-abb6-3dd810dd8b23
#11 0.803 shim-16.1/test-data/efivars-1/SecureBoot-8be4df61-93ca-11d2-aa0d-00e098032b8c
#11 0.803 shim-16.1/test-data/efivars-1/SecureBootSetup-7b59104a-c00d-4158-87ff-f04d6396a915
#11 0.803 shim-16.1/test-data/efivars-1/Setup-ec87d643-eba4-4bb5-a1e5-3f3e36b20da9
#11 0.803 shim-16.1/test-data/efivars-1/SetupLedData-ec87d643-eba4-4bb5-a1e5-3f3e36b20da9
#11 0.803 shim-16.1/test-data/efivars-1/SetupMode-8be4df61-93ca-11d2-aa0d-00e098032b8c
#11 0.803 shim-16.1/test-data/efivars-1/SignatureSupport-8be4df61-93ca-11d2-aa0d-00e098032b8c
#11 0.803 shim-16.1/test-data/efivars-1/SmbiosEntryPointTable-4b3082a3-80c6-4d7e-9cd0-583917265df1
#11 0.803 shim-16.1/test-data/efivars-1/SmbiosScratchBuffer-4b3082a3-80c6-4d7e-9cd0-583917265df1
#11 0.803 shim-16.1/test-data/efivars-1/SmbiosV3EntryPointTable-4b3082a3-80c6-4d7e-9cd0-583917265df1
#11 0.803 shim-16.1/test-data/efivars-1/StdDefaults-4599d26f-1a11-49b8-b91f-858745cff824
#11 0.803 shim-16.1/test-data/efivars-1/TPMPERBIOSFLAGS-7d3dceee-cbce-4ea7-8709-6e552f1edbde
#11 0.803 shim-16.1/test-data/efivars-1/Timeout-8be4df61-93ca-11d2-aa0d-00e098032b8c
#11 0.803 shim-16.1/test-data/efivars-1/TotalNumberOfRootBridges-fb5703f5-f8a7-f401-18b4-3f108deb2612
#11 0.803 shim-16.1/test-data/efivars-1/TpmServFlags-7d3dceee-cbce-4ea7-8709-6e552f1edbde
#11 0.803 shim-16.1/test-data/efivars-1/UsbSupport-ec87d643-eba4-4bb5-a1e5-3f3e36b20da9
#11 0.803 shim-16.1/test-data/efivars-1/VARSTORE_OCMR_SETTINGS_NAME-c05fba7d-7a92-49e0-bcee-233b14dca803
#11 0.803 shim-16.1/test-data/efivars-1/VendorKeys-8be4df61-93ca-11d2-aa0d-00e098032b8c
#11 0.803 shim-16.1/test-data/efivars-1/WpBufAddr-cba83c4a-a5fc-48a8-b3a6-d33636166544
#11 0.803 shim-16.1/test-data/efivars-1/WriteOnceStatus-4b3082a3-80c6-4d7e-9cd0-583917265df1
#11 0.804 shim-16.1/test-data/efivars-1/db-d719b2cb-3d3a-4596-a3bc-dad00e67656f
#11 0.804 shim-16.1/test-data/efivars-1/dbDefault-8be4df61-93ca-11d2-aa0d-00e098032b8c
#11 0.804 shim-16.1/test-data/efivars-1/dbx-d719b2cb-3d3a-4596-a3bc-dad00e67656f
#11 0.804 shim-16.1/test-data/efivars-1/dbxDefault-8be4df61-93ca-11d2-aa0d-00e098032b8c
#11 0.804 shim-16.1/test-data/grubx64.0.76.el7.1.efi
#11 0.855 shim-16.1/test-data/grubx64.0.76.el7.efi
#11 0.915 shim-16.1/test-data/grubx64.0.80.el7.efi
#11 0.957 shim-16.1/test-load-options.c
#11 0.957 shim-16.1/test-mock-variables.c
#11 0.958 shim-16.1/test-mok-mirror.c
#11 0.958 shim-16.1/test-pe-relocate.c
#11 0.958 shim-16.1/test-pe-util.c
#11 0.958 shim-16.1/test-sbat.c
#11 0.958 shim-16.1/test-str.c
#11 0.959 shim-16.1/test.c
#11 0.959 shim-16.1/testplan.txt
#11 0.959 shim-16.1/tpm.c
#11 0.959 shim-16.1/utils.c
#11 0.959 shim-16.1/verify.c
#11 0.959 shim-16.1/version.c.in
#11 0.960 shim-16.1/version.h
#11 DONE 1.0s

#12 [ 9/17] RUN diff -x .git -x debian -x gnu-efi -u shim-16.1 shim
#12 sha256:68a0a1ef925952924884d657ba135b605182486a9ed80a1434ea0d17efa2aaac
#12 0.412 Common subdirectories: shim-16.1/.github and shim/.github
#12 0.412 Common subdirectories: shim-16.1/Cryptlib and shim/Cryptlib
#12 0.412 Common subdirectories: shim-16.1/data and shim/data
#12 0.412 Common subdirectories: shim-16.1/include and shim/include
#12 0.412 Common subdirectories: shim-16.1/lib and shim/lib
#12 0.412 Common subdirectories: shim-16.1/mkosi and shim/mkosi
#12 0.412 Common subdirectories: shim-16.1/test-data and shim/test-data
#12 DONE 0.4s

#13 [10/17] WORKDIR /shim
#13 sha256:acaeecb77dd1d3f40d207647f64dd7f2a4872c760b4850367976ce00983e9b17
#13 DONE 0.0s

#14 [11/17] RUN debuild -i -us -uc -b
#14 sha256:9a239e47e6d276cadac0572e34a5f3684040ff929e2e6a07d42a6b80374afba2
#14 0.418  dpkg-buildpackage -us -uc -ui -i -b
#14 0.490 dpkg-buildpackage: info: source package shim
#14 0.490 dpkg-buildpackage: info: source version 16.1-2
#14 0.490 dpkg-buildpackage: info: source distribution sid
#14 0.490 dpkg-buildpackage: info: source changed by Steve McIntyre <93sam@debian.org>
#14 0.539  dpkg-source -i --before-build .
#14 0.539 dpkg-buildpackage: info: host architecture amd64
#14 0.644 dpkg-source: info: using options from shim/debian/source/local-options: --extend-diff-ignore=(^|/)\.origin$
#14 0.648 dpkg-source: info: using patch list from debian/patches/series
#14 0.648 dpkg-source: info: applying 0001-Fix-build-with-binutils-2.46.patch
#14 0.653 dpkg-source: info: applying IGEL-change-default-loader-to-igel.diff
#14 0.658 dpkg-source: info: applying IGEL-change-default-loader-to-igel-arm64.diff
#14 0.733  debian/rules clean
#14 0.802 dh clean
#14 0.928    debian/rules override_dh_auto_clean
#14 0.929 make[1]: Entering directory '/shim'
#14 0.982 dh_auto_clean -- MAKELEVEL=0
#14 1.348 	make -j4 clean MAKELEVEL=0
#14 1.444 make: Entering directory '/shim/gnu-efi'
#14 1.451 make: Entering directory '/shim/Cryptlib/OpenSSL'
#14 1.451 rm -f libopenssl.a crypto/cryptlib.o crypto/mem.o crypto/mem_clr.o crypto/mem_dbg.o crypto/cversion.o crypto/ex_data.o crypto/cpt_err.o crypto/ebcdic.o crypto/uid.o crypto/o_time.o crypto/o_str.o crypto/o_dir.o crypto/o_fips.o crypto/o_init.o crypto/fips_ers.o crypto/md5/md5_dgst.o crypto/md5/md5_one.o crypto/sha/sha_dgst.o crypto/sha/sha1dgst.o crypto/sha/sha_one.o crypto/sha/sha1_one.o crypto/sha/sha256.o crypto/sha/sha512.o crypto/hmac/hmac.o crypto/hmac/hm_ameth.o crypto/hmac/hm_pmeth.o crypto/rc4/rc4_enc.o crypto/rc4/rc4_skey.o crypto/rc4/rc4_utl.o crypto/aes/aes_misc.o crypto/aes/aes_ecb.o crypto/aes/aes_cfb.o crypto/aes/aes_ofb.o crypto/aes/aes_ctr.o crypto/aes/aes_ige.o crypto/aes/aes_wrap.o crypto/aes/aes_core.o crypto/aes/aes_cbc.o crypto/modes/cbc128.o crypto/modes/ctr128.o crypto/modes/cts128.o crypto/modes/cfb128.o crypto/modes/ofb128.o crypto/modes/gcm128.o crypto/modes/ccm128.o crypto/modes/xts128.o crypto/modes/wrap128.o crypto/bn/bn_add.o crypto/bn/bn_div.o crypto/bn/bn_exp.o crypto/bn/bn_lib.o crypto/bn/bn_ctx.o crypto/bn/bn_mul.o crypto/bn/bn_mod.o crypto/bn/bn_print.o crypto/bn/bn_rand.o crypto/bn/bn_shift.o crypto/bn/bn_word.o crypto/bn/bn_blind.o crypto/bn/bn_kron.o crypto/bn/bn_sqrt.o crypto/bn/bn_gcd.o crypto/bn/bn_prime.o crypto/bn/bn_err.o crypto/bn/bn_sqr.o crypto/bn/bn_asm.o crypto/bn/bn_recp.o crypto/bn/bn_mont.o crypto/bn/bn_mpi.o crypto/bn/bn_exp2.o crypto/bn/bn_gf2m.o crypto/bn/bn_nist.o crypto/bn/bn_depr.o crypto/bn/bn_x931p.o crypto/bn/bn_const.o crypto/rsa/rsa_eay.o crypto/rsa/rsa_gen.o crypto/rsa/rsa_lib.o crypto/rsa/rsa_sign.o crypto/rsa/rsa_saos.o crypto/rsa/rsa_err.o crypto/rsa/rsa_pk1.o crypto/rsa/rsa_ssl.o crypto/rsa/rsa_none.o crypto/rsa/rsa_oaep.o crypto/rsa/rsa_chk.o crypto/rsa/rsa_null.o crypto/rsa/rsa_pss.o crypto/rsa/rsa_x931.o crypto/rsa/rsa_asn1.o crypto/rsa/rsa_depr.o crypto/rsa/rsa_ameth.o crypto/rsa/rsa_prn.o crypto/rsa/rsa_pmeth.o crypto/rsa/rsa_crpt.o crypto/dso/dso_dl.o crypto/dso/dso_dlfcn.o crypto/dso/dso_err.o crypto/dso/dso_lib.o crypto/dso/dso_null.o crypto/dso/dso_openssl.o crypto/dso/dso_win32.o crypto/dso/dso_vms.o crypto/dso/dso_beos.o crypto/dh/dh_asn1.o crypto/dh/dh_gen.o crypto/dh/dh_key.o crypto/dh/dh_lib.o crypto/dh/dh_check.o crypto/dh/dh_err.o crypto/dh/dh_depr.o crypto/dh/dh_ameth.o crypto/dh/dh_pmeth.o crypto/dh/dh_prn.o crypto/dh/dh_rfc5114.o crypto/buffer/buffer.o crypto/buffer/buf_str.o crypto/buffer/buf_err.o crypto/bio/bio_lib.o crypto/bio/bio_cb.o crypto/bio/bio_err.o crypto/bio/bss_mem.o crypto/bio/bss_null.o crypto/bio/bss_fd.o crypto/bio/bss_file.o crypto/bio/bss_sock.o crypto/bio/bss_conn.o crypto/bio/bf_null.o crypto/bio/bf_buff.o crypto/bio/b_dump.o crypto/bio/b_print.o crypto/bio/b_sock.o crypto/bio/bss_acpt.o crypto/bio/bf_nbio.o crypto/bio/bss_log.o crypto/bio/bss_bio.o crypto/bio/bss_dgram.o crypto/stack/stack.o crypto/lhash/lhash.o crypto/lhash/lh_stats.o crypto/rand/md_rand.o crypto/rand/randfile.o crypto/rand/rand_lib.o crypto/rand/rand_err.o crypto/rand/rand_unix.o crypto/err/err.o crypto/err/err_all.o crypto/err/err_prn.o crypto/objects/o_names.o crypto/objects/obj_dat.o crypto/objects/obj_lib.o crypto/objects/obj_err.o crypto/objects/obj_xref.o crypto/evp/encode.o crypto/evp/digest.o crypto/evp/evp_enc.o crypto/evp/evp_key.o crypto/evp/evp_acnf.o crypto/evp/evp_cnf.o crypto/evp/e_des.o crypto/evp/e_bf.o crypto/evp/e_idea.o crypto/evp/e_des3.o crypto/evp/e_camellia.o crypto/evp/e_rc4.o crypto/evp/e_aes.o crypto/evp/names.o crypto/evp/e_seed.o crypto/evp/e_xcbc_d.o crypto/evp/e_rc2.o crypto/evp/e_cast.o crypto/evp/e_rc5.o crypto/evp/m_null.o crypto/evp/m_md2.o crypto/evp/m_md4.o crypto/evp/m_md5.o crypto/evp/m_sha.o crypto/evp/m_sha1.o crypto/evp/m_wp.o crypto/evp/m_dss.o crypto/evp/m_dss1.o crypto/evp/m_mdc2.o crypto/evp/m_ripemd.o crypto/evp/m_ecdsa.o crypto/evp/p_open.o crypto/evp/p_seal.o crypto/evp/p_sign.o crypto/evp/p_verify.o crypto/evp/p_lib.o crypto/evp/p_enc.o crypto/evp/p_dec.o crypto/evp/bio_md.o crypto/evp/bio_b64.o crypto/evp/bio_enc.o crypto/evp/evp_err.o crypto/evp/e_null.o crypto/evp/c_all.o crypto/evp/c_allc.o crypto/evp/c_alld.o crypto/evp/evp_lib.o crypto/evp/bio_ok.o crypto/evp/evp_pkey.o crypto/evp/evp_pbe.o crypto/evp/p5_crpt.o crypto/evp/p5_crpt2.o crypto/evp/e_old.o crypto/evp/pmeth_lib.o crypto/evp/pmeth_fn.o crypto/evp/pmeth_gn.o crypto/evp/m_sigver.o crypto/evp/e_aes_cbc_hmac_sha1.o crypto/evp/e_aes_cbc_hmac_sha256.o crypto/evp/e_rc4_hmac_md5.o crypto/asn1/a_object.o crypto/asn1/a_bitstr.o crypto/asn1/a_utctm.o crypto/asn1/a_gentm.o crypto/asn1/a_time.o crypto/asn1/a_int.o crypto/asn1/a_octet.o crypto/asn1/a_print.o crypto/asn1/a_type.o crypto/asn1/a_set.o crypto/asn1/a_dup.o crypto/asn1/a_d2i_fp.o crypto/asn1/a_i2d_fp.o crypto/asn1/a_enum.o crypto/asn1/a_utf8.o crypto/asn1/a_sign.o crypto/asn1/a_digest.o crypto/asn1/a_verify.o crypto/asn1/a_mbstr.o crypto/asn1/a_strex.o crypto/asn1/x_algor.o crypto/asn1/x_val.o crypto/asn1/x_pubkey.o crypto/asn1/x_sig.o crypto/asn1/x_req.o crypto/asn1/x_attrib.o crypto/asn1/x_bignum.o crypto/asn1/x_long.o crypto/asn1/x_name.o crypto/asn1/x_x509.o crypto/asn1/x_x509a.o crypto/asn1/x_crl.o crypto/asn1/x_info.o crypto/asn1/x_spki.o crypto/asn1/nsseq.o crypto/asn1/x_nx509.o crypto/asn1/d2i_pu.o crypto/asn1/d2i_pr.o crypto/asn1/i2d_pu.o crypto/asn1/i2d_pr.o crypto/asn1/t_req.o crypto/asn1/t_x509.o crypto/asn1/t_x509a.o crypto/asn1/t_crl.o crypto/asn1/t_pkey.o crypto/asn1/t_spki.o crypto/asn1/t_bitst.o crypto/asn1/tasn_new.o crypto/asn1/tasn_fre.o crypto/asn1/tasn_enc.o crypto/asn1/tasn_dec.o crypto/asn1/tasn_utl.o crypto/asn1/tasn_typ.o crypto/asn1/tasn_prn.o crypto/asn1/ameth_lib.o crypto/asn1/f_int.o crypto/asn1/f_string.o crypto/asn1/n_pkey.o crypto/asn1/f_enum.o crypto/asn1/x_pkey.o crypto/asn1/a_bool.o crypto/asn1/x_exten.o crypto/asn1/bio_asn1.o crypto/asn1/bio_ndef.o crypto/asn1/asn_mime.o crypto/asn1/asn1_gen.o crypto/asn1/asn1_par.o crypto/asn1/asn1_lib.o crypto/asn1/asn1_err.o crypto/asn1/a_bytes.o crypto/asn1/a_strnid.o crypto/asn1/evp_asn1.o crypto/asn1/asn_pack.o crypto/asn1/p5_pbe.o crypto/asn1/p5_pbev2.o crypto/asn1/p8_pkey.o crypto/asn1/asn_moid.o crypto/pem/pem_sign.o crypto/pem/pem_seal.o crypto/pem/pem_info.o crypto/pem/pem_lib.o crypto/pem/pem_all.o crypto/pem/pem_err.o crypto/pem/pem_x509.o crypto/pem/pem_xaux.o crypto/pem/pem_oth.o crypto/pem/pem_pk8.o crypto/pem/pem_pkey.o crypto/pem/pvkfmt.o crypto/x509/x509_def.o crypto/x509/x509_d2.o crypto/x509/x509_r2x.o crypto/x509/x509_cmp.o crypto/x509/x509_obj.o crypto/x509/x509_req.o crypto/x509/x509spki.o crypto/x509/x509_vfy.o crypto/x509/x509_set.o crypto/x509/x509cset.o crypto/x509/x509rset.o crypto/x509/x509_err.o crypto/x509/x509name.o crypto/x509/x509_v3.o crypto/x509/x509_ext.o crypto/x509/x509_att.o crypto/x509/x509type.o crypto/x509/x509_lu.o crypto/x509/x_all.o crypto/x509/x509_txt.o crypto/x509/x509_trs.o crypto/x509/x509_vpm.o crypto/x509v3/v3_bcons.o crypto/x509v3/v3_bitst.o crypto/x509v3/v3_conf.o crypto/x509v3/v3_extku.o crypto/x509v3/v3_ia5.o crypto/x509v3/v3_lib.o crypto/x509v3/v3_prn.o crypto/x509v3/v3_utl.o crypto/x509v3/v3err.o crypto/x509v3/v3_genn.o crypto/x509v3/v3_alt.o crypto/x509v3/v3_skey.o crypto/x509v3/v3_akey.o crypto/x509v3/v3_pku.o crypto/x509v3/v3_int.o crypto/x509v3/v3_enum.o crypto/x509v3/v3_sxnet.o crypto/x509v3/v3_cpols.o crypto/x509v3/v3_crld.o crypto/x509v3/v3_purp.o crypto/x509v3/v3_info.o crypto/x509v3/v3_ocsp.o crypto/x509v3/v3_akeya.o crypto/x509v3/v3_pmaps.o crypto/x509v3/v3_pcons.o crypto/x509v3/v3_ncons.o crypto/x509v3/v3_pcia.o crypto/x509v3/v3_pci.o crypto/x509v3/pcy_cache.o crypto/x509v3/pcy_node.o crypto/x509v3/pcy_data.o crypto/x509v3/pcy_map.o crypto/x509v3/pcy_tree.o crypto/x509v3/pcy_lib.o crypto/x509v3/v3_asid.o crypto/x509v3/v3_addr.o crypto/conf/conf_err.o crypto/conf/conf_lib.o crypto/conf/conf_api.o crypto/conf/conf_def.o crypto/conf/conf_mod.o crypto/conf/conf_mall.o crypto/conf/conf_sap.o crypto/txt_db/txt_db.o crypto/pkcs7/pk7_asn1.o crypto/pkcs7/pk7_lib.o crypto/pkcs7/pkcs7err.o crypto/pkcs7/pk7_doit.o crypto/pkcs7/pk7_smime.o crypto/pkcs7/pk7_attr.o crypto/pkcs7/pk7_mime.o crypto/pkcs7/bio_pk7.o crypto/pkcs12/p12_add.o crypto/pkcs12/p12_asn.o crypto/pkcs12/p12_attr.o crypto/pkcs12/p12_crpt.o crypto/pkcs12/p12_crt.o crypto/pkcs12/p12_decr.o crypto/pkcs12/p12_init.o crypto/pkcs12/p12_key.o crypto/pkcs12/p12_kiss.o crypto/pkcs12/p12_mutl.o crypto/pkcs12/p12_utl.o crypto/pkcs12/p12_npas.o crypto/pkcs12/pk12err.o crypto/pkcs12/p12_p8d.o crypto/pkcs12/p12_p8e.o crypto/comp/comp_lib.o crypto/comp/comp_err.o crypto/comp/c_rle.o crypto/comp/c_zlib.o crypto/ocsp/ocsp_asn.o crypto/ocsp/ocsp_ext.o crypto/ocsp/ocsp_ht.o crypto/ocsp/ocsp_lib.o crypto/ocsp/ocsp_cl.o crypto/ocsp/ocsp_srv.o crypto/ocsp/ocsp_prn.o crypto/ocsp/ocsp_vfy.o crypto/ocsp/ocsp_err.o crypto/cmac/cmac.o crypto/cmac/cm_ameth.o crypto/cmac/cm_pmeth.o 
#14 1.456 make: Leaving directory '/shim/Cryptlib/OpenSSL'
#14 1.456 make: Entering directory '/shim/Cryptlib'
#14 1.456 rm -f libcryptlib.a Hash/CryptMd4Null.o Hash/CryptMd5.o Hash/CryptSha1.o Hash/CryptSha256.o Hash/CryptSha512.o Hmac/CryptHmacMd5Null.o Hmac/CryptHmacSha1Null.o Hmac/CryptHmacSha256Null.o Cipher/CryptAesNull.o Cipher/CryptTdesNull.o Cipher/CryptArc4Null.o Rand/CryptRand.o Pk/CryptRsaBasic.o Pk/CryptRsaExtNull.o Pk/CryptPkcs7SignNull.o Pk/CryptPkcs7Verify.o Pk/CryptDhNull.o Pk/CryptTs.o Pk/CryptX509.o Pk/CryptAuthenticode.o Pem/CryptPemNull.o SysCall/CrtWrapper.o SysCall/TimerWrapper.o SysCall/BaseMemAllocation.o SysCall/BaseStrings.o
#14 1.460 make: Leaving directory '/shim/Cryptlib'
#14 1.462 make: Entering directory '/shim/lib'
#14 1.462 rm -f lib.a
#14 1.463 rm -f configtable.o console.o execute.o guid.o print_crypto.o security_policy.o shell.o simple_file.o string.o variables.o
#14 1.465 Removing .pc/
#14 1.466 make: Leaving directory '/shim/lib'
#14 1.489 make: Leaving directory '/shim/gnu-efi'
#14 1.491 rm -f dbx.esl data/sbat.igel.csv sbat.*.csv BOOT*.CSV
#14 1.493 rm -f test-csv test-sbat test-str test-load-options
#14 1.494 rm -f test-mock-variables test-mok-mirror test-pe-relocate test-pe-util
#14 1.495 make[1]: Leaving directory '/shim'
#14 1.496    dh_clean
#14 1.561  debian/rules binary
#14 1.607 dh binary
#14 1.721    dh_update_autotools_config
#14 1.771    dh_autoreconf
#14 1.824    dh_auto_configure
#14 1.896    debian/rules override_dh_auto_build
#14 1.898 make[1]: Entering directory '/shim'
#14 1.954 ./debian/generate_dbx_list x64 debian/igel-dbx.hashes dbx.esl
#14 1.961 rm -f data/sbat.igel.csv
#14 1.962 set -e; \
#14 1.962 sed -e "s/@DEB_VERSION@/16.1-2/g" \
#14 1.962 	-e "s/@UPSTREAM_VERSION@/16.1/g" \
#14 1.962 	< debian/sbat.igel.csv.in > data/sbat.igel.csv
#14 1.964 # If we have an empty data/sbat.igel.csv, delete
#14 1.964 if [ ! -s data/sbat.igel.csv ]; then rm -f data/sbat.igel.csv; fi
#14 1.965 dh_auto_build -- INSTALL=install RELEASE=16.1 COMMIT_ID=afc49558b34548644c1cd0ad1b6526a9470182ed MAKELEVEL=0 ENABLE_HTTPBOOT=true VENDOR_CERT_FILE=debian/igel-uefi-ca.der VENDOR_DBX_FILE=dbx.esl EFIDIR=igel CROSS_COMPILE=x86_64-linux-gnu- CC=gcc  SBAT_AUTOMATIC_DATE=2025021800
#14 2.024 	make -j4 "INSTALL=install --strip-program=true" INSTALL=install RELEASE=16.1 COMMIT_ID=afc49558b34548644c1cd0ad1b6526a9470182ed MAKELEVEL=0 ENABLE_HTTPBOOT=true VENDOR_CERT_FILE=debian/igel-uefi-ca.der VENDOR_DBX_FILE=dbx.esl EFIDIR=igel CROSS_COMPILE=x86_64-linux-gnu- CC=gcc SBAT_AUTOMATIC_DATE=2025021800
#14 2.079 gcc -std=gnu11 -Og -g3 -Wall -Wextra -Wno-missing-field-initializers -Werror -o generate_sbat_var_defs /shim/generate_sbat_var_defs.c
#14 2.081 sed	-e "s,@@VERSION@@,16.1," \
#14 2.081 	-e "s,@@UNAME@@,buildhost," \
#14 2.081 	-e "s,@@COMMIT@@,afc49558b34548644c1cd0ad1b6526a9470182ed," \
#14 2.081 	< /shim/version.c.in > version.c
#14 2.094 gcc -std=gnu11 -ggdb -gdwarf-4 -gstrict-dwarf -ffreestanding -fmacro-prefix-map=/shim/= -fno-stack-protector -fno-strict-aliasing -fpic -fshort-wchar -Os -Wall -Wextra -Wno-missing-field-initializers  -mno-mmx -mno-sse -mno-red-zone -nostdinc -maccumulate-outgoing-args  -m64 -DMDE_CPU_X64 -DPAGE_SIZE=4096 -Werror -nostdinc -I/shim/Cryptlib -I/shim/Cryptlib/Include -I/shim/gnu-efi/inc -I/shim/gnu-efi/inc/x86_64 -I/shim/gnu-efi/inc/protocol -I/shim/include -iquote /shim -iquote /shim -isystem /shim/include/system -isystem /usr/lib/gcc/x86_64-linux-gnu/14/include -DDEFAULT_LOADER='L"\\\\igelx64.efi"' -DDEFAULT_LOADER_CHAR='"\\\\igelx64.efi"' -DEFI_ARCH='L"x64"' -DDEBUGDIR='L"/usr/lib/debug/usr/share/shim/x64-16.1-16.1/"' -DVENDOR_CERT_FILE=\"debian/igel-uefi-ca.der\" -DVENDOR_DBX_FILE=\"dbx.esl\" -DSBAT_AUTOMATIC_DATE=2025021800 -Wdate-time -D_FORTIFY_SOURCE=2  -c -o globals.o globals.c
#14 2.120 gcc -std=gnu11 -ggdb -gdwarf-4 -gstrict-dwarf -ffreestanding -fmacro-prefix-map=/shim/= -fno-stack-protector -fno-strict-aliasing -fpic -fshort-wchar -Os -Wall -Wextra -Wno-missing-field-initializers  -mno-mmx -mno-sse -mno-red-zone -nostdinc -maccumulate-outgoing-args  -m64 -DMDE_CPU_X64 -DPAGE_SIZE=4096 -Werror -nostdinc -I/shim/Cryptlib -I/shim/Cryptlib/Include -I/shim/gnu-efi/inc -I/shim/gnu-efi/inc/x86_64 -I/shim/gnu-efi/inc/protocol -I/shim/include -iquote /shim -iquote /shim -isystem /shim/include/system -isystem /usr/lib/gcc/x86_64-linux-gnu/14/include -DDEFAULT_LOADER='L"\\\\igelx64.efi"' -DDEFAULT_LOADER_CHAR='"\\\\igelx64.efi"' -DEFI_ARCH='L"x64"' -DDEBUGDIR='L"/usr/lib/debug/usr/share/shim/x64-16.1-16.1/"' -DVENDOR_CERT_FILE=\"debian/igel-uefi-ca.der\" -DVENDOR_DBX_FILE=\"dbx.esl\" -DSBAT_AUTOMATIC_DATE=2025021800 -Wdate-time -D_FORTIFY_SOURCE=2  -c -o memattrs.o memattrs.c
#14 2.143 gcc -std=gnu11 -ggdb -gdwarf-4 -gstrict-dwarf -ffreestanding -fmacro-prefix-map=/shim/= -fno-stack-protector -fno-strict-aliasing -fpic -fshort-wchar -Os -Wall -Wextra -Wno-missing-field-initializers  -mno-mmx -mno-sse -mno-red-zone -nostdinc -maccumulate-outgoing-args  -m64 -DMDE_CPU_X64 -DPAGE_SIZE=4096 -Werror -nostdinc -I/shim/Cryptlib -I/shim/Cryptlib/Include -I/shim/gnu-efi/inc -I/shim/gnu-efi/inc/x86_64 -I/shim/gnu-efi/inc/protocol -I/shim/include -iquote /shim -iquote /shim -isystem /shim/include/system -isystem /usr/lib/gcc/x86_64-linux-gnu/14/include -DDEFAULT_LOADER='L"\\\\igelx64.efi"' -DDEFAULT_LOADER_CHAR='"\\\\igelx64.efi"' -DEFI_ARCH='L"x64"' -DDEBUGDIR='L"/usr/lib/debug/usr/share/shim/x64-16.1-16.1/"' -DVENDOR_CERT_FILE=\"debian/igel-uefi-ca.der\" -DVENDOR_DBX_FILE=\"dbx.esl\" -DSBAT_AUTOMATIC_DATE=2025021800 -Wdate-time -D_FORTIFY_SOURCE=2  -c -o mok.o mok.c
#14 2.174 gcc -std=gnu11 -ggdb -gdwarf-4 -gstrict-dwarf -ffreestanding -fmacro-prefix-map=/shim/= -fno-stack-protector -fno-strict-aliasing -fpic -fshort-wchar -Os -Wall -Wextra -Wno-missing-field-initializers  -mno-mmx -mno-sse -mno-red-zone -nostdinc -maccumulate-outgoing-args  -m64 -DMDE_CPU_X64 -DPAGE_SIZE=4096 -Werror -nostdinc -I/shim/Cryptlib -I/shim/Cryptlib/Include -I/shim/gnu-efi/inc -I/shim/gnu-efi/inc/x86_64 -I/shim/gnu-efi/inc/protocol -I/shim/include -iquote /shim -iquote /shim -isystem /shim/include/system -isystem /usr/lib/gcc/x86_64-linux-gnu/14/include -DDEFAULT_LOADER='L"\\\\igelx64.efi"' -DDEFAULT_LOADER_CHAR='"\\\\igelx64.efi"' -DEFI_ARCH='L"x64"' -DDEBUGDIR='L"/usr/lib/debug/usr/share/shim/x64-16.1-16.1/"' -DVENDOR_CERT_FILE=\"debian/igel-uefi-ca.der\" -DVENDOR_DBX_FILE=\"dbx.esl\" -DSBAT_AUTOMATIC_DATE=2025021800 -Wdate-time -D_FORTIFY_SOURCE=2  -c -o netboot.o netboot.c
#14 2.208 gcc -std=gnu11 -ggdb -gdwarf-4 -gstrict-dwarf -ffreestanding -fmacro-prefix-map=/shim/= -fno-stack-protector -fno-strict-aliasing -fpic -fshort-wchar -Os -Wall -Wextra -Wno-missing-field-initializers  -mno-mmx -mno-sse -mno-red-zone -nostdinc -maccumulate-outgoing-args  -m64 -DMDE_CPU_X64 -DPAGE_SIZE=4096 -Werror -nostdinc -I/shim/Cryptlib -I/shim/Cryptlib/Include -I/shim/gnu-efi/inc -I/shim/gnu-efi/inc/x86_64 -I/shim/gnu-efi/inc/protocol -I/shim/include -iquote /shim -iquote /shim -isystem /shim/include/system -isystem /usr/lib/gcc/x86_64-linux-gnu/14/include -DDEFAULT_LOADER='L"\\\\igelx64.efi"' -DDEFAULT_LOADER_CHAR='"\\\\igelx64.efi"' -DEFI_ARCH='L"x64"' -DDEBUGDIR='L"/usr/lib/debug/usr/share/shim/x64-16.1-16.1/"' -DVENDOR_CERT_FILE=\"debian/igel-uefi-ca.der\" -DVENDOR_DBX_FILE=\"dbx.esl\" -DSBAT_AUTOMATIC_DATE=2025021800 -c -o cert.o cert.S 
#14 2.234 cert.S: Assembler messages:
#14 2.234 cert.S:55: Warning: setting incorrect section attributes for .note.GNU-stack
#14 2.235 gcc -std=gnu11 -ggdb -gdwarf-4 -gstrict-dwarf -ffreestanding -fmacro-prefix-map=/shim/= -fno-stack-protector -fno-strict-aliasing -fpic -fshort-wchar -Os -Wall -Wextra -Wno-missing-field-initializers  -mno-mmx -mno-sse -mno-red-zone -nostdinc -maccumulate-outgoing-args  -m64 -DMDE_CPU_X64 -DPAGE_SIZE=4096 -Werror -nostdinc -I/shim/Cryptlib -I/shim/Cryptlib/Include -I/shim/gnu-efi/inc -I/shim/gnu-efi/inc/x86_64 -I/shim/gnu-efi/inc/protocol -I/shim/include -iquote /shim -iquote /shim -isystem /shim/include/system -isystem /usr/lib/gcc/x86_64-linux-gnu/14/include -DDEFAULT_LOADER='L"\\\\igelx64.efi"' -DDEFAULT_LOADER_CHAR='"\\\\igelx64.efi"' -DEFI_ARCH='L"x64"' -DDEBUGDIR='L"/usr/lib/debug/usr/share/shim/x64-16.1-16.1/"' -DVENDOR_CERT_FILE=\"debian/igel-uefi-ca.der\" -DVENDOR_DBX_FILE=\"dbx.esl\" -DSBAT_AUTOMATIC_DATE=2025021800 -Wdate-time -D_FORTIFY_SOURCE=2  -c -o dp.o dp.c
#14 2.312 gcc -std=gnu11 -ggdb -gdwarf-4 -gstrict-dwarf -ffreestanding -fmacro-prefix-map=/shim/= -fno-stack-protector -fno-strict-aliasing -fpic -fshort-wchar -Os -Wall -Wextra -Wno-missing-field-initializers  -mno-mmx -mno-sse -mno-red-zone -nostdinc -maccumulate-outgoing-args  -m64 -DMDE_CPU_X64 -DPAGE_SIZE=4096 -Werror -nostdinc -I/shim/Cryptlib -I/shim/Cryptlib/Include -I/shim/gnu-efi/inc -I/shim/gnu-efi/inc/x86_64 -I/shim/gnu-efi/inc/protocol -I/shim/include -iquote /shim -iquote /shim -isystem /shim/include/system -isystem /usr/lib/gcc/x86_64-linux-gnu/14/include -DDEFAULT_LOADER='L"\\\\igelx64.efi"' -DDEFAULT_LOADER_CHAR='"\\\\igelx64.efi"' -DEFI_ARCH='L"x64"' -DDEBUGDIR='L"/usr/lib/debug/usr/share/shim/x64-16.1-16.1/"' -DVENDOR_CERT_FILE=\"debian/igel-uefi-ca.der\" -DVENDOR_DBX_FILE=\"dbx.esl\" -DSBAT_AUTOMATIC_DATE=2025021800 -Wdate-time -D_FORTIFY_SOURCE=2  -c -o loader-proto.o loader-proto.c
#14 2.356 gcc -std=gnu11 -ggdb -gdwarf-4 -gstrict-dwarf -ffreestanding -fmacro-prefix-map=/shim/= -fno-stack-protector -fno-strict-aliasing -fpic -fshort-wchar -Os -Wall -Wextra -Wno-missing-field-initializers  -mno-mmx -mno-sse -mno-red-zone -nostdinc -maccumulate-outgoing-args  -m64 -DMDE_CPU_X64 -DPAGE_SIZE=4096 -Werror -nostdinc -I/shim/Cryptlib -I/shim/Cryptlib/Include -I/shim/gnu-efi/inc -I/shim/gnu-efi/inc/x86_64 -I/shim/gnu-efi/inc/protocol -I/shim/include -iquote /shim -iquote /shim -isystem /shim/include/system -isystem /usr/lib/gcc/x86_64-linux-gnu/14/include -DDEFAULT_LOADER='L"\\\\igelx64.efi"' -DDEFAULT_LOADER_CHAR='"\\\\igelx64.efi"' -DEFI_ARCH='L"x64"' -DDEBUGDIR='L"/usr/lib/debug/usr/share/shim/x64-16.1-16.1/"' -DVENDOR_CERT_FILE=\"debian/igel-uefi-ca.der\" -DVENDOR_DBX_FILE=\"dbx.esl\" -DSBAT_AUTOMATIC_DATE=2025021800 -Wdate-time -D_FORTIFY_SOURCE=2  -c -o tpm.o tpm.c
#14 2.395 gcc -std=gnu11 -ggdb -gdwarf-4 -gstrict-dwarf -ffreestanding -fmacro-prefix-map=/shim/= -fno-stack-protector -fno-strict-aliasing -fpic -fshort-wchar -Os -Wall -Wextra -Wno-missing-field-initializers  -mno-mmx -mno-sse -mno-red-zone -nostdinc -maccumulate-outgoing-args  -m64 -DMDE_CPU_X64 -DPAGE_SIZE=4096 -Werror -nostdinc -I/shim/Cryptlib -I/shim/Cryptlib/Include -I/shim/gnu-efi/inc -I/shim/gnu-efi/inc/x86_64 -I/shim/gnu-efi/inc/protocol -I/shim/include -iquote /shim -iquote /shim -isystem /shim/include/system -isystem /usr/lib/gcc/x86_64-linux-gnu/14/include -DDEFAULT_LOADER='L"\\\\igelx64.efi"' -DDEFAULT_LOADER_CHAR='"\\\\igelx64.efi"' -DEFI_ARCH='L"x64"' -DDEBUGDIR='L"/usr/lib/debug/usr/share/shim/x64-16.1-16.1/"' -DVENDOR_CERT_FILE=\"debian/igel-uefi-ca.der\" -DVENDOR_DBX_FILE=\"dbx.esl\" -DSBAT_AUTOMATIC_DATE=2025021800 -Wdate-time -D_FORTIFY_SOURCE=2  -c -o version.o version.c
#14 2.426 gcc -std=gnu11 -ggdb -gdwarf-4 -gstrict-dwarf -ffreestanding -fmacro-prefix-map=/shim/= -fno-stack-protector -fno-strict-aliasing -fpic -fshort-wchar -Os -Wall -Wextra -Wno-missing-field-initializers  -mno-mmx -mno-sse -mno-red-zone -nostdinc -maccumulate-outgoing-args  -m64 -DMDE_CPU_X64 -DPAGE_SIZE=4096 -Werror -nostdinc -I/shim/Cryptlib -I/shim/Cryptlib/Include -I/shim/gnu-efi/inc -I/shim/gnu-efi/inc/x86_64 -I/shim/gnu-efi/inc/protocol -I/shim/include -iquote /shim -iquote /shim -isystem /shim/include/system -isystem /usr/lib/gcc/x86_64-linux-gnu/14/include -DDEFAULT_LOADER='L"\\\\igelx64.efi"' -DDEFAULT_LOADER_CHAR='"\\\\igelx64.efi"' -DEFI_ARCH='L"x64"' -DDEBUGDIR='L"/usr/lib/debug/usr/share/shim/x64-16.1-16.1/"' -DVENDOR_CERT_FILE=\"debian/igel-uefi-ca.der\" -DVENDOR_DBX_FILE=\"dbx.esl\" -DSBAT_AUTOMATIC_DATE=2025021800 -Wdate-time -D_FORTIFY_SOURCE=2  -c -o errlog.o errlog.c
#14 2.492 gcc -std=gnu11 -ggdb -gdwarf-4 -gstrict-dwarf -ffreestanding -fmacro-prefix-map=/shim/= -fno-stack-protector -fno-strict-aliasing -fpic -fshort-wchar -Os -Wall -Wextra -Wno-missing-field-initializers  -mno-mmx -mno-sse -mno-red-zone -nostdinc -maccumulate-outgoing-args  -m64 -DMDE_CPU_X64 -DPAGE_SIZE=4096 -Werror -nostdinc -I/shim/Cryptlib -I/shim/Cryptlib/Include -I/shim/gnu-efi/inc -I/shim/gnu-efi/inc/x86_64 -I/shim/gnu-efi/inc/protocol -I/shim/include -iquote /shim -iquote /shim -isystem /shim/include/system -isystem /usr/lib/gcc/x86_64-linux-gnu/14/include -DDEFAULT_LOADER='L"\\\\igelx64.efi"' -DDEFAULT_LOADER_CHAR='"\\\\igelx64.efi"' -DEFI_ARCH='L"x64"' -DDEBUGDIR='L"/usr/lib/debug/usr/share/shim/x64-16.1-16.1/"' -DVENDOR_CERT_FILE=\"debian/igel-uefi-ca.der\" -DVENDOR_DBX_FILE=\"dbx.esl\" -DSBAT_AUTOMATIC_DATE=2025021800 -Wdate-time -D_FORTIFY_SOURCE=2  -c -o sbat.o sbat.c
#14 2.500 dos2unix -r -l -F -f -n data/sbat.igel.csv sbat.igel.csv
#14 2.515 dos2unix: converting file data/sbat.igel.csv to file sbat.igel.csv in Unix format...
#14 2.533 tail -c1 sbat.igel.csv | read -r _ || echo >> sbat.igel.csv # ensure a trailing newline
#14 2.575 gcc -std=gnu11 -ggdb -gdwarf-4 -gstrict-dwarf -ffreestanding -fmacro-prefix-map=/shim/= -fno-stack-protector -fno-strict-aliasing -fpic -fshort-wchar -Os -Wall -Wextra -Wno-missing-field-initializers  -mno-mmx -mno-sse -mno-red-zone -nostdinc -maccumulate-outgoing-args  -m64 -DMDE_CPU_X64 -DPAGE_SIZE=4096 -Werror -nostdinc -I/shim/Cryptlib -I/shim/Cryptlib/Include -I/shim/gnu-efi/inc -I/shim/gnu-efi/inc/x86_64 -I/shim/gnu-efi/inc/protocol -I/shim/include -iquote /shim -iquote /shim -isystem /shim/include/system -isystem /usr/lib/gcc/x86_64-linux-gnu/14/include -DDEFAULT_LOADER='L"\\\\igelx64.efi"' -DDEFAULT_LOADER_CHAR='"\\\\igelx64.efi"' -DEFI_ARCH='L"x64"' -DDEBUGDIR='L"/usr/lib/debug/usr/share/shim/x64-16.1-16.1/"' -DVENDOR_CERT_FILE=\"debian/igel-uefi-ca.der\" -DVENDOR_DBX_FILE=\"dbx.esl\" -DSBAT_AUTOMATIC_DATE=2025021800 -Wdate-time -D_FORTIFY_SOURCE=2  -c -o pe.o pe.c
#14 2.710 gcc -std=gnu11 -ggdb -gdwarf-4 -gstrict-dwarf -ffreestanding -fmacro-prefix-map=/shim/= -fno-stack-protector -fno-strict-aliasing -fpic -fshort-wchar -Os -Wall -Wextra -Wno-missing-field-initializers  -mno-mmx -mno-sse -mno-red-zone -nostdinc -maccumulate-outgoing-args  -m64 -DMDE_CPU_X64 -DPAGE_SIZE=4096 -Werror -nostdinc -I/shim/Cryptlib -I/shim/Cryptlib/Include -I/shim/gnu-efi/inc -I/shim/gnu-efi/inc/x86_64 -I/shim/gnu-efi/inc/protocol -I/shim/include -iquote /shim -iquote /shim -isystem /shim/include/system -isystem /usr/lib/gcc/x86_64-linux-gnu/14/include -DDEFAULT_LOADER='L"\\\\igelx64.efi"' -DDEFAULT_LOADER_CHAR='"\\\\igelx64.efi"' -DEFI_ARCH='L"x64"' -DDEBUGDIR='L"/usr/lib/debug/usr/share/shim/x64-16.1-16.1/"' -DVENDOR_CERT_FILE=\"debian/igel-uefi-ca.der\" -DVENDOR_DBX_FILE=\"dbx.esl\" -DSBAT_AUTOMATIC_DATE=2025021800 -Wdate-time -D_FORTIFY_SOURCE=2  -c -o pe-relocate.o pe-relocate.c
#14 2.737 gcc -std=gnu11 -ggdb -gdwarf-4 -gstrict-dwarf -ffreestanding -fmacro-prefix-map=/shim/= -fno-stack-protector -fno-strict-aliasing -fpic -fshort-wchar -Os -Wall -Wextra -Wno-missing-field-initializers  -mno-mmx -mno-sse -mno-red-zone -nostdinc -maccumulate-outgoing-args  -m64 -DMDE_CPU_X64 -DPAGE_SIZE=4096 -Werror -nostdinc -I/shim/Cryptlib -I/shim/Cryptlib/Include -I/shim/gnu-efi/inc -I/shim/gnu-efi/inc/x86_64 -I/shim/gnu-efi/inc/protocol -I/shim/include -iquote /shim -iquote /shim -isystem /shim/include/system -isystem /usr/lib/gcc/x86_64-linux-gnu/14/include -DDEFAULT_LOADER='L"\\\\igelx64.efi"' -DDEFAULT_LOADER_CHAR='"\\\\igelx64.efi"' -DEFI_ARCH='L"x64"' -DDEBUGDIR='L"/usr/lib/debug/usr/share/shim/x64-16.1-16.1/"' -DVENDOR_CERT_FILE=\"debian/igel-uefi-ca.der\" -DVENDOR_DBX_FILE=\"dbx.esl\" -DSBAT_AUTOMATIC_DATE=2025021800 -Wdate-time -D_FORTIFY_SOURCE=2  -c -o httpboot.o httpboot.c
#14 2.823 gcc -std=gnu11 -ggdb -gdwarf-4 -gstrict-dwarf -ffreestanding -fmacro-prefix-map=/shim/= -fno-stack-protector -fno-strict-aliasing -fpic -fshort-wchar -Os -Wall -Wextra -Wno-missing-field-initializers  -mno-mmx -mno-sse -mno-red-zone -nostdinc -maccumulate-outgoing-args  -m64 -DMDE_CPU_X64 -DPAGE_SIZE=4096 -Werror -nostdinc -I/shim/Cryptlib -I/shim/Cryptlib/Include -I/shim/gnu-efi/inc -I/shim/gnu-efi/inc/x86_64 -I/shim/gnu-efi/inc/protocol -I/shim/include -iquote /shim -iquote /shim -isystem /shim/include/system -isystem /usr/lib/gcc/x86_64-linux-gnu/14/include -DDEFAULT_LOADER='L"\\\\igelx64.efi"' -DDEFAULT_LOADER_CHAR='"\\\\igelx64.efi"' -DEFI_ARCH='L"x64"' -DDEBUGDIR='L"/usr/lib/debug/usr/share/shim/x64-16.1-16.1/"' -DVENDOR_CERT_FILE=\"debian/igel-uefi-ca.der\" -DVENDOR_DBX_FILE=\"dbx.esl\" -DSBAT_AUTOMATIC_DATE=2025021800 -Wdate-time -D_FORTIFY_SOURCE=2  -c -o csv.o csv.c
#14 2.905 gcc -std=gnu11 -ggdb -gdwarf-4 -gstrict-dwarf -ffreestanding -fmacro-prefix-map=/shim/= -fno-stack-protector -fno-strict-aliasing -fpic -fshort-wchar -Os -Wall -Wextra -Wno-missing-field-initializers  -mno-mmx -mno-sse -mno-red-zone -nostdinc -maccumulate-outgoing-args  -m64 -DMDE_CPU_X64 -DPAGE_SIZE=4096 -Werror -nostdinc -I/shim/Cryptlib -I/shim/Cryptlib/Include -I/shim/gnu-efi/inc -I/shim/gnu-efi/inc/x86_64 -I/shim/gnu-efi/inc/protocol -I/shim/include -iquote /shim -iquote /shim -isystem /shim/include/system -isystem /usr/lib/gcc/x86_64-linux-gnu/14/include -DDEFAULT_LOADER='L"\\\\igelx64.efi"' -DDEFAULT_LOADER_CHAR='"\\\\igelx64.efi"' -DEFI_ARCH='L"x64"' -DDEBUGDIR='L"/usr/lib/debug/usr/share/shim/x64-16.1-16.1/"' -DVENDOR_CERT_FILE=\"debian/igel-uefi-ca.der\" -DVENDOR_DBX_FILE=\"dbx.esl\" -DSBAT_AUTOMATIC_DATE=2025021800 -Wdate-time -D_FORTIFY_SOURCE=2  -c -o load-options.o load-options.c
#14 2.974 gcc -std=gnu11 -ggdb -gdwarf-4 -gstrict-dwarf -ffreestanding -fmacro-prefix-map=/shim/= -fno-stack-protector -fno-strict-aliasing -fpic -fshort-wchar -Os -Wall -Wextra -Wno-missing-field-initializers  -mno-mmx -mno-sse -mno-red-zone -nostdinc -maccumulate-outgoing-args  -m64 -DMDE_CPU_X64 -DPAGE_SIZE=4096 -Werror -nostdinc -I/shim/Cryptlib -I/shim/Cryptlib/Include -I/shim/gnu-efi/inc -I/shim/gnu-efi/inc/x86_64 -I/shim/gnu-efi/inc/protocol -I/shim/include -iquote /shim -iquote /shim -isystem /shim/include/system -isystem /usr/lib/gcc/x86_64-linux-gnu/14/include -DDEFAULT_LOADER='L"\\\\igelx64.efi"' -DDEFAULT_LOADER_CHAR='"\\\\igelx64.efi"' -DEFI_ARCH='L"x64"' -DDEBUGDIR='L"/usr/lib/debug/usr/share/shim/x64-16.1-16.1/"' -DVENDOR_CERT_FILE=\"debian/igel-uefi-ca.der\" -DVENDOR_DBX_FILE=\"dbx.esl\" -DSBAT_AUTOMATIC_DATE=2025021800 -Wdate-time -D_FORTIFY_SOURCE=2  -c -o utils.o utils.c
#14 3.038 gcc -std=gnu11 -ggdb -gdwarf-4 -gstrict-dwarf -ffreestanding -fmacro-prefix-map=/shim/= -fno-stack-protector -fno-strict-aliasing -fpic -fshort-wchar -Os -Wall -Wextra -Wno-missing-field-initializers  -mno-mmx -mno-sse -mno-red-zone -nostdinc -maccumulate-outgoing-args  -m64 -DMDE_CPU_X64 -DPAGE_SIZE=4096 -Werror -nostdinc -I/shim/Cryptlib -I/shim/Cryptlib/Include -I/shim/gnu-efi/inc -I/shim/gnu-efi/inc/x86_64 -I/shim/gnu-efi/inc/protocol -I/shim/include -iquote /shim -iquote /shim -isystem /shim/include/system -isystem /usr/lib/gcc/x86_64-linux-gnu/14/include -DDEFAULT_LOADER='L"\\\\igelx64.efi"' -DDEFAULT_LOADER_CHAR='"\\\\igelx64.efi"' -DEFI_ARCH='L"x64"' -DDEBUGDIR='L"/usr/lib/debug/usr/share/shim/x64-16.1-16.1/"' -DVENDOR_CERT_FILE=\"debian/igel-uefi-ca.der\" -DVENDOR_DBX_FILE=\"dbx.esl\" -DSBAT_AUTOMATIC_DATE=2025021800 -Wdate-time -D_FORTIFY_SOURCE=2  -c -o verify.o verify.c
#14 3.054 for i in Hash Hmac Cipher Rand Pk Pem SysCall; do mkdir -p Cryptlib/$i; done
#14 3.069 make TOPDIR=/shim VPATH=/shim/Cryptlib -C Cryptlib -f /shim/Cryptlib/Makefile 
#14 3.070 make: Entering directory '/shim/Cryptlib'
#14 3.072 gcc -std=gnu11 -ggdb -gdwarf-4 -gstrict-dwarf -ffreestanding -fmacro-prefix-map=/shim/= -fno-stack-protector -fno-strict-aliasing -fpic -fshort-wchar -nostdinc -m64 -mno-mmx -mno-sse -mno-red-zone -maccumulate-outgoing-args -Os -Wall -Wextra -Wno-missing-field-initializers -Wno-unused-parameter -Wno-unused-but-set-variable -Werror -Wno-error=unused-but-set-variable -Wno-error=unused-parameter -I/shim/Cryptlib -I/shim/Cryptlib/Include -I/shim/gnu-efi/inc -I/shim/gnu-efi/inc/x86_64 -I/shim/gnu-efi/inc/protocol -isystem /shim/include/system -isystem /usr/lib/gcc/x86_64-linux-gnu/14/include -DDEFAULT_LOADER='L"\\\\igelx64.efi"' -DDEFAULT_LOADER_CHAR='"\\\\igelx64.efi"' -DEFI_ARCH='L"x64"' -DDEBUGDIR='L"/usr/lib/debug/usr/share/shim/x64-16.1-16.1/"' -DVENDOR_CERT_FILE=\"debian/igel-uefi-ca.der\" -DVENDOR_DBX_FILE=\"dbx.esl\" -DSBAT_AUTOMATIC_DATE=2025021800 -DMDE_CPU_X64   -c -o Hash/CryptMd4Null.o Hash/CryptMd4Null.c
#14 3.072 for i in x509v3 x509 txt_db stack sha rsa rc4 rand pkcs7 pkcs12 pem ocsp objects modes md5 lhash kdf hmac evp err dso dh conf comp cmac buffer bn bio async/arch asn1 aes; do mkdir -p Cryptlib/OpenSSL/crypto/$i; done
#14 3.106 make TOPDIR=/shim VPATH=/shim/Cryptlib/OpenSSL -C Cryptlib/OpenSSL -f /shim/Cryptlib/OpenSSL/Makefile 
#14 3.109 make: Entering directory '/shim/Cryptlib/OpenSSL'
#14 3.118 gcc -std=gnu11 -ggdb -gdwarf-4 -gstrict-dwarf -ffreestanding -fmacro-prefix-map=/shim/= -fno-stack-protector -fno-strict-aliasing -fpic -fshort-wchar -nostdinc -m64 -mno-mmx -mno-sse -mno-red-zone -maccumulate-outgoing-args -Os -Wall -Wextra -Wno-missing-field-initializers -Wno-unused-parameter -Wno-unused-but-set-variable -Werror -Wno-error=unused-but-set-variable -Wno-error=unused-parameter -I/shim/Cryptlib -I/shim/Cryptlib/Include -I/shim/gnu-efi/inc -I/shim/gnu-efi/inc/x86_64 -I/shim/gnu-efi/inc/protocol -isystem /shim/include/system -isystem /usr/lib/gcc/x86_64-linux-gnu/14/include -DDEFAULT_LOADER='L"\\\\igelx64.efi"' -DDEFAULT_LOADER_CHAR='"\\\\igelx64.efi"' -DEFI_ARCH='L"x64"' -DDEBUGDIR='L"/usr/lib/debug/usr/share/shim/x64-16.1-16.1/"' -DVENDOR_CERT_FILE=\"debian/igel-uefi-ca.der\" -DVENDOR_DBX_FILE=\"dbx.esl\" -DSBAT_AUTOMATIC_DATE=2025021800 -DMDE_CPU_X64   -c -o Hash/CryptMd5.o Hash/CryptMd5.c
#14 3.119 gcc -std=gnu11 -ggdb -gdwarf-4 -gstrict-dwarf -ffreestanding -fmacro-prefix-map=/shim/= -fno-stack-protector -fno-strict-aliasing -fpic -fshort-wchar -nostdinc -m64 -mno-mmx -mno-sse -mno-red-zone -maccumulate-outgoing-args -Os -Wall -Wextra -Wno-missing-field-initializers -Wno-empty-body -Wno-implicit-fallthrough -Wno-old-style-declaration -Wno-unused-but-set-variable -Wno-unused-parameter -Werror -Wno-error=unused-but-set-variable -Wno-error=unused-parameter -I/shim/Cryptlib/OpenSSL -I/shim/Cryptlib -I/shim/Cryptlib/OpenSSL/Include/ -I/shim/Cryptlib/OpenSSL/crypto -I/shim/Cryptlib/Include -I/shim/gnu-efi/inc -I/shim/gnu-efi/inc/x86_64 -I/shim/gnu-efi/inc/protocol -I/shim/Cryptlib/OpenSSL/crypto/asn1 -I/shim/Cryptlib/OpenSSL/crypto/evp -I/shim/Cryptlib/OpenSSL/crypto/modes -I/shim/Cryptlib/OpenSSL/crypto/include -isystem /shim/include/system -isystem /usr/lib/gcc/x86_64-linux-gnu/14/include -DL_ENDIAN -D_CRT_SECURE_NO_DEPRECATE -D_CRT_NONSTDC_NO_DEPRECATE -DOPENSSL_SMALL_FOOTPRINT -DPEDANTIC -DMDE_CPU_X64   -c -o crypto/cryptlib.o crypto/cryptlib.c
#14 3.124 mkdir -p lib
#14 3.130 make VPATH=/shim/lib TOPDIR=/shim -C lib -f /shim/lib/Makefile 
#14 3.131 make: Entering directory '/shim/lib'
#14 3.132 gcc -std=gnu11 -ggdb -gdwarf-4 -gstrict-dwarf -ffreestanding -fmacro-prefix-map=/shim/= -fno-stack-protector -fno-strict-aliasing -fpic -fshort-wchar -m64 -mno-mmx -mno-sse -mno-red-zone -nostdinc -maccumulate-outgoing-args -Os -Wall -Wextra -Wno-missing-field-initializers -Werror -I/shim/gnu-efi/inc -I/shim/gnu-efi/inc/x86_64 -I/shim/gnu-efi/inc/protocol -I/shim/include -I/shim/Cryptlib/Include/openssl/ -I/shim/Cryptlib/Include/ -I/shim/Cryptlib -I/shim -isystem /shim/include/system -isystem /usr/lib/gcc/x86_64-linux-gnu/14/include -DDEFAULT_LOADER='L"\\\\igelx64.efi"' -DDEFAULT_LOADER_CHAR='"\\\\igelx64.efi"' -DEFI_ARCH='L"x64"' -DDEBUGDIR='L"/usr/lib/debug/usr/share/shim/x64-16.1-16.1/"' -DVENDOR_CERT_FILE=\"debian/igel-uefi-ca.der\" -DVENDOR_DBX_FILE=\"dbx.esl\" -DSBAT_AUTOMATIC_DATE=2025021800 -DMDE_CPU_X64   -c -o configtable.o configtable.c
#14 3.206 gcc -std=gnu11 -ggdb -gdwarf-4 -gstrict-dwarf -ffreestanding -fmacro-prefix-map=/shim/= -fno-stack-protector -fno-strict-aliasing -fpic -fshort-wchar -nostdinc -m64 -mno-mmx -mno-sse -mno-red-zone -maccumulate-outgoing-args -Os -Wall -Wextra -Wno-missing-field-initializers -Wno-unused-parameter -Wno-unused-but-set-variable -Werror -Wno-error=unused-but-set-variable -Wno-error=unused-parameter -I/shim/Cryptlib -I/shim/Cryptlib/Include -I/shim/gnu-efi/inc -I/shim/gnu-efi/inc/x86_64 -I/shim/gnu-efi/inc/protocol -isystem /shim/include/system -isystem /usr/lib/gcc/x86_64-linux-gnu/14/include -DDEFAULT_LOADER='L"\\\\igelx64.efi"' -DDEFAULT_LOADER_CHAR='"\\\\igelx64.efi"' -DEFI_ARCH='L"x64"' -DDEBUGDIR='L"/usr/lib/debug/usr/share/shim/x64-16.1-16.1/"' -DVENDOR_CERT_FILE=\"debian/igel-uefi-ca.der\" -DVENDOR_DBX_FILE=\"dbx.esl\" -DSBAT_AUTOMATIC_DATE=2025021800 -DMDE_CPU_X64   -c -o Hash/CryptSha1.o Hash/CryptSha1.c
#14 3.215 gcc -std=gnu11 -ggdb -gdwarf-4 -gstrict-dwarf -ffreestanding -fmacro-prefix-map=/shim/= -fno-stack-protector -fno-strict-aliasing -fpic -fshort-wchar -m64 -mno-mmx -mno-sse -mno-red-zone -nostdinc -maccumulate-outgoing-args -Os -Wall -Wextra -Wno-missing-field-initializers -Werror -I/shim/gnu-efi/inc -I/shim/gnu-efi/inc/x86_64 -I/shim/gnu-efi/inc/protocol -I/shim/include -I/shim/Cryptlib/Include/openssl/ -I/shim/Cryptlib/Include/ -I/shim/Cryptlib -I/shim -isystem /shim/include/system -isystem /usr/lib/gcc/x86_64-linux-gnu/14/include -DDEFAULT_LOADER='L"\\\\igelx64.efi"' -DDEFAULT_LOADER_CHAR='"\\\\igelx64.efi"' -DEFI_ARCH='L"x64"' -DDEBUGDIR='L"/usr/lib/debug/usr/share/shim/x64-16.1-16.1/"' -DVENDOR_CERT_FILE=\"debian/igel-uefi-ca.der\" -DVENDOR_DBX_FILE=\"dbx.esl\" -DSBAT_AUTOMATIC_DATE=2025021800 -DMDE_CPU_X64   -c -o console.o console.c
#14 3.257 gcc -std=gnu11 -ggdb -gdwarf-4 -gstrict-dwarf -ffreestanding -fmacro-prefix-map=/shim/= -fno-stack-protector -fno-strict-aliasing -fpic -fshort-wchar -nostdinc -m64 -mno-mmx -mno-sse -mno-red-zone -maccumulate-outgoing-args -Os -Wall -Wextra -Wno-missing-field-initializers -Wno-unused-parameter -Wno-unused-but-set-variable -Werror -Wno-error=unused-but-set-variable -Wno-error=unused-parameter -I/shim/Cryptlib -I/shim/Cryptlib/Include -I/shim/gnu-efi/inc -I/shim/gnu-efi/inc/x86_64 -I/shim/gnu-efi/inc/protocol -isystem /shim/include/system -isystem /usr/lib/gcc/x86_64-linux-gnu/14/include -DDEFAULT_LOADER='L"\\\\igelx64.efi"' -DDEFAULT_LOADER_CHAR='"\\\\igelx64.efi"' -DEFI_ARCH='L"x64"' -DDEBUGDIR='L"/usr/lib/debug/usr/share/shim/x64-16.1-16.1/"' -DVENDOR_CERT_FILE=\"debian/igel-uefi-ca.der\" -DVENDOR_DBX_FILE=\"dbx.esl\" -DSBAT_AUTOMATIC_DATE=2025021800 -DMDE_CPU_X64   -c -o Hash/CryptSha256.o Hash/CryptSha256.c
#14 3.304 gcc -std=gnu11 -ggdb -gdwarf-4 -gstrict-dwarf -ffreestanding -fmacro-prefix-map=/shim/= -fno-stack-protector -fno-strict-aliasing -fpic -fshort-wchar -nostdinc -m64 -mno-mmx -mno-sse -mno-red-zone -maccumulate-outgoing-args -Os -Wall -Wextra -Wno-missing-field-initializers -Wno-unused-parameter -Wno-unused-but-set-variable -Werror -Wno-error=unused-but-set-variable -Wno-error=unused-parameter -I/shim/Cryptlib -I/shim/Cryptlib/Include -I/shim/gnu-efi/inc -I/shim/gnu-efi/inc/x86_64 -I/shim/gnu-efi/inc/protocol -isystem /shim/include/system -isystem /usr/lib/gcc/x86_64-linux-gnu/14/include -DDEFAULT_LOADER='L"\\\\igelx64.efi"' -DDEFAULT_LOADER_CHAR='"\\\\igelx64.efi"' -DEFI_ARCH='L"x64"' -DDEBUGDIR='L"/usr/lib/debug/usr/share/shim/x64-16.1-16.1/"' -DVENDOR_CERT_FILE=\"debian/igel-uefi-ca.der\" -DVENDOR_DBX_FILE=\"dbx.esl\" -DSBAT_AUTOMATIC_DATE=2025021800 -DMDE_CPU_X64   -c -o Hash/CryptSha512.o Hash/CryptSha512.c
#14 3.357 gcc -std=gnu11 -ggdb -gdwarf-4 -gstrict-dwarf -ffreestanding -fmacro-prefix-map=/shim/= -fno-stack-protector -fno-strict-aliasing -fpic -fshort-wchar -nostdinc -m64 -mno-mmx -mno-sse -mno-red-zone -maccumulate-outgoing-args -Os -Wall -Wextra -Wno-missing-field-initializers -Wno-unused-parameter -Wno-unused-but-set-variable -Werror -Wno-error=unused-but-set-variable -Wno-error=unused-parameter -I/shim/Cryptlib -I/shim/Cryptlib/Include -I/shim/gnu-efi/inc -I/shim/gnu-efi/inc/x86_64 -I/shim/gnu-efi/inc/protocol -isystem /shim/include/system -isystem /usr/lib/gcc/x86_64-linux-gnu/14/include -DDEFAULT_LOADER='L"\\\\igelx64.efi"' -DDEFAULT_LOADER_CHAR='"\\\\igelx64.efi"' -DEFI_ARCH='L"x64"' -DDEBUGDIR='L"/usr/lib/debug/usr/share/shim/x64-16.1-16.1/"' -DVENDOR_CERT_FILE=\"debian/igel-uefi-ca.der\" -DVENDOR_DBX_FILE=\"dbx.esl\" -DSBAT_AUTOMATIC_DATE=2025021800 -DMDE_CPU_X64   -c -o Hmac/CryptHmacMd5Null.o Hmac/CryptHmacMd5Null.c
#14 3.367 gcc -std=gnu11 -ggdb -gdwarf-4 -gstrict-dwarf -ffreestanding -fmacro-prefix-map=/shim/= -fno-stack-protector -fno-strict-aliasing -fpic -fshort-wchar -nostdinc -m64 -mno-mmx -mno-sse -mno-red-zone -maccumulate-outgoing-args -Os -Wall -Wextra -Wno-missing-field-initializers -Wno-empty-body -Wno-implicit-fallthrough -Wno-old-style-declaration -Wno-unused-but-set-variable -Wno-unused-parameter -Werror -Wno-error=unused-but-set-variable -Wno-error=unused-parameter -I/shim/Cryptlib/OpenSSL -I/shim/Cryptlib -I/shim/Cryptlib/OpenSSL/Include/ -I/shim/Cryptlib/OpenSSL/crypto -I/shim/Cryptlib/Include -I/shim/gnu-efi/inc -I/shim/gnu-efi/inc/x86_64 -I/shim/gnu-efi/inc/protocol -I/shim/Cryptlib/OpenSSL/crypto/asn1 -I/shim/Cryptlib/OpenSSL/crypto/evp -I/shim/Cryptlib/OpenSSL/crypto/modes -I/shim/Cryptlib/OpenSSL/crypto/include -isystem /shim/include/system -isystem /usr/lib/gcc/x86_64-linux-gnu/14/include -DL_ENDIAN -D_CRT_SECURE_NO_DEPRECATE -D_CRT_NONSTDC_NO_DEPRECATE -DOPENSSL_SMALL_FOOTPRINT -DPEDANTIC -DMDE_CPU_X64   -c -o crypto/mem.o crypto/mem.c
#14 3.444 gcc -std=gnu11 -ggdb -gdwarf-4 -gstrict-dwarf -ffreestanding -fmacro-prefix-map=/shim/= -fno-stack-protector -fno-strict-aliasing -fpic -fshort-wchar -nostdinc -m64 -mno-mmx -mno-sse -mno-red-zone -maccumulate-outgoing-args -Os -Wall -Wextra -Wno-missing-field-initializers -Wno-unused-parameter -Wno-unused-but-set-variable -Werror -Wno-error=unused-but-set-variable -Wno-error=unused-parameter -I/shim/Cryptlib -I/shim/Cryptlib/Include -I/shim/gnu-efi/inc -I/shim/gnu-efi/inc/x86_64 -I/shim/gnu-efi/inc/protocol -isystem /shim/include/system -isystem /usr/lib/gcc/x86_64-linux-gnu/14/include -DDEFAULT_LOADER='L"\\\\igelx64.efi"' -DDEFAULT_LOADER_CHAR='"\\\\igelx64.efi"' -DEFI_ARCH='L"x64"' -DDEBUGDIR='L"/usr/lib/debug/usr/share/shim/x64-16.1-16.1/"' -DVENDOR_CERT_FILE=\"debian/igel-uefi-ca.der\" -DVENDOR_DBX_FILE=\"dbx.esl\" -DSBAT_AUTOMATIC_DATE=2025021800 -DMDE_CPU_X64   -c -o Hmac/CryptHmacSha1Null.o Hmac/CryptHmacSha1Null.c
#14 3.467 gcc -std=gnu11 -ggdb -gdwarf-4 -gstrict-dwarf -ffreestanding -fmacro-prefix-map=/shim/= -fno-stack-protector -fno-strict-aliasing -fpic -fshort-wchar -nostdinc -m64 -mno-mmx -mno-sse -mno-red-zone -maccumulate-outgoing-args -Os -Wall -Wextra -Wno-missing-field-initializers -Wno-empty-body -Wno-implicit-fallthrough -Wno-old-style-declaration -Wno-unused-but-set-variable -Wno-unused-parameter -Werror -Wno-error=unused-but-set-variable -Wno-error=unused-parameter -I/shim/Cryptlib/OpenSSL -I/shim/Cryptlib -I/shim/Cryptlib/OpenSSL/Include/ -I/shim/Cryptlib/OpenSSL/crypto -I/shim/Cryptlib/Include -I/shim/gnu-efi/inc -I/shim/gnu-efi/inc/x86_64 -I/shim/gnu-efi/inc/protocol -I/shim/Cryptlib/OpenSSL/crypto/asn1 -I/shim/Cryptlib/OpenSSL/crypto/evp -I/shim/Cryptlib/OpenSSL/crypto/modes -I/shim/Cryptlib/OpenSSL/crypto/include -isystem /shim/include/system -isystem /usr/lib/gcc/x86_64-linux-gnu/14/include -DL_ENDIAN -D_CRT_SECURE_NO_DEPRECATE -D_CRT_NONSTDC_NO_DEPRECATE -DOPENSSL_SMALL_FOOTPRINT -DPEDANTIC -DMDE_CPU_X64   -c -o crypto/mem_clr.o crypto/mem_clr.c
#14 3.482 mkdir -p gnu-efi/lib gnu-efi/gnuefi
#14 3.490 gcc -std=gnu11 -ggdb -gdwarf-4 -gstrict-dwarf -ffreestanding -fmacro-prefix-map=/shim/= -fno-stack-protector -fno-strict-aliasing -fpic -fshort-wchar -nostdinc -m64 -mno-mmx -mno-sse -mno-red-zone -maccumulate-outgoing-args -Os -Wall -Wextra -Wno-missing-field-initializers -Wno-unused-parameter -Wno-unused-but-set-variable -Werror -Wno-error=unused-but-set-variable -Wno-error=unused-parameter -I/shim/Cryptlib -I/shim/Cryptlib/Include -I/shim/gnu-efi/inc -I/shim/gnu-efi/inc/x86_64 -I/shim/gnu-efi/inc/protocol -isystem /shim/include/system -isystem /usr/lib/gcc/x86_64-linux-gnu/14/include -DDEFAULT_LOADER='L"\\\\igelx64.efi"' -DDEFAULT_LOADER_CHAR='"\\\\igelx64.efi"' -DEFI_ARCH='L"x64"' -DDEBUGDIR='L"/usr/lib/debug/usr/share/shim/x64-16.1-16.1/"' -DVENDOR_CERT_FILE=\"debian/igel-uefi-ca.der\" -DVENDOR_DBX_FILE=\"dbx.esl\" -DSBAT_AUTOMATIC_DATE=2025021800 -DMDE_CPU_X64   -c -o Hmac/CryptHmacSha256Null.o Hmac/CryptHmacSha256Null.c
#14 3.494 make -C gnu-efi \
#14 3.494 	COMPILER="gcc" \
#14 3.494 	CCC_CC="gcc" \
#14 3.494 	CC="gcc" \
#14 3.494 	ARCH=x86_64 \
#14 3.494 	TOPDIR=/shim/gnu-efi \
#14 3.494 	-f /shim/gnu-efi/Makefile \
#14 3.494 	lib gnuefi inc 
#14 3.495 gcc -std=gnu11 -ggdb -gdwarf-4 -gstrict-dwarf -ffreestanding -fmacro-prefix-map=/shim/= -fno-stack-protector -fno-strict-aliasing -fpic -fshort-wchar -nostdinc -m64 -mno-mmx -mno-sse -mno-red-zone -maccumulate-outgoing-args -Os -Wall -Wextra -Wno-missing-field-initializers -Wno-empty-body -Wno-implicit-fallthrough -Wno-old-style-declaration -Wno-unused-but-set-variable -Wno-unused-parameter -Werror -Wno-error=unused-but-set-variable -Wno-error=unused-parameter -I/shim/Cryptlib/OpenSSL -I/shim/Cryptlib -I/shim/Cryptlib/OpenSSL/Include/ -I/shim/Cryptlib/OpenSSL/crypto -I/shim/Cryptlib/Include -I/shim/gnu-efi/inc -I/shim/gnu-efi/inc/x86_64 -I/shim/gnu-efi/inc/protocol -I/shim/Cryptlib/OpenSSL/crypto/asn1 -I/shim/Cryptlib/OpenSSL/crypto/evp -I/shim/Cryptlib/OpenSSL/crypto/modes -I/shim/Cryptlib/OpenSSL/crypto/include -isystem /shim/include/system -isystem /usr/lib/gcc/x86_64-linux-gnu/14/include -DL_ENDIAN -D_CRT_SECURE_NO_DEPRECATE -D_CRT_NONSTDC_NO_DEPRECATE -DOPENSSL_SMALL_FOOTPRINT -DPEDANTIC -DMDE_CPU_X64   -c -o crypto/mem_dbg.o crypto/mem_dbg.c
#14 3.499 make: Entering directory '/shim/gnu-efi'
#14 3.536 gcc -std=gnu11 -ggdb -gdwarf-4 -gstrict-dwarf -ffreestanding -fmacro-prefix-map=/shim/= -fno-stack-protector -fno-strict-aliasing -fpic -fshort-wchar -nostdinc -m64 -mno-mmx -mno-sse -mno-red-zone -maccumulate-outgoing-args -Os -Wall -Wextra -Wno-missing-field-initializers -Wno-unused-parameter -Wno-unused-but-set-variable -Werror -Wno-error=unused-but-set-variable -Wno-error=unused-parameter -I/shim/Cryptlib -I/shim/Cryptlib/Include -I/shim/gnu-efi/inc -I/shim/gnu-efi/inc/x86_64 -I/shim/gnu-efi/inc/protocol -isystem /shim/include/system -isystem /usr/lib/gcc/x86_64-linux-gnu/14/include -DDEFAULT_LOADER='L"\\\\igelx64.efi"' -DDEFAULT_LOADER_CHAR='"\\\\igelx64.efi"' -DEFI_ARCH='L"x64"' -DDEBUGDIR='L"/usr/lib/debug/usr/share/shim/x64-16.1-16.1/"' -DVENDOR_CERT_FILE=\"debian/igel-uefi-ca.der\" -DVENDOR_DBX_FILE=\"dbx.esl\" -DSBAT_AUTOMATIC_DATE=2025021800 -DMDE_CPU_X64   -c -o Cipher/CryptAesNull.o Cipher/CryptAesNull.c
#14 3.555 mkdir -p /shim/gnu-efi/x86_64/lib
#14 3.559 gcc -std=gnu11 -ggdb -gdwarf-4 -gstrict-dwarf -ffreestanding -fmacro-prefix-map=/shim/= -fno-stack-protector -fno-strict-aliasing -fpic -fshort-wchar -m64 -mno-mmx -mno-sse -mno-red-zone -nostdinc -maccumulate-outgoing-args -Os -Wall -Wextra -Wno-missing-field-initializers -Werror -I/shim/gnu-efi/inc -I/shim/gnu-efi/inc/x86_64 -I/shim/gnu-efi/inc/protocol -I/shim/include -I/shim/Cryptlib/Include/openssl/ -I/shim/Cryptlib/Include/ -I/shim/Cryptlib -I/shim -isystem /shim/include/system -isystem /usr/lib/gcc/x86_64-linux-gnu/14/include -DDEFAULT_LOADER='L"\\\\igelx64.efi"' -DDEFAULT_LOADER_CHAR='"\\\\igelx64.efi"' -DEFI_ARCH='L"x64"' -DDEBUGDIR='L"/usr/lib/debug/usr/share/shim/x64-16.1-16.1/"' -DVENDOR_CERT_FILE=\"debian/igel-uefi-ca.der\" -DVENDOR_DBX_FILE=\"dbx.esl\" -DSBAT_AUTOMATIC_DATE=2025021800 -DMDE_CPU_X64   -c -o execute.o execute.c
#14 3.561 make -C /shim/gnu-efi/x86_64/lib -f /shim/gnu-efi//lib/Makefile SRCDIR=/shim/gnu-efi//lib ARCH=x86_64
#14 3.562 make: Entering directory '/shim/gnu-efi/x86_64/lib'
#14 3.576 gcc -std=gnu11 -ggdb -gdwarf-4 -gstrict-dwarf -ffreestanding -fmacro-prefix-map=/shim/= -fno-stack-protector -fno-strict-aliasing -fpic -fshort-wchar -nostdinc -m64 -mno-mmx -mno-sse -mno-red-zone -maccumulate-outgoing-args -Os -Wall -Wextra -Wno-missing-field-initializers -Wno-unused-parameter -Wno-unused-but-set-variable -Werror -Wno-error=unused-but-set-variable -Wno-error=unused-parameter -I/shim/Cryptlib -I/shim/Cryptlib/Include -I/shim/gnu-efi/inc -I/shim/gnu-efi/inc/x86_64 -I/shim/gnu-efi/inc/protocol -isystem /shim/include/system -isystem /usr/lib/gcc/x86_64-linux-gnu/14/include -DDEFAULT_LOADER='L"\\\\igelx64.efi"' -DDEFAULT_LOADER_CHAR='"\\\\igelx64.efi"' -DEFI_ARCH='L"x64"' -DDEBUGDIR='L"/usr/lib/debug/usr/share/shim/x64-16.1-16.1/"' -DVENDOR_CERT_FILE=\"debian/igel-uefi-ca.der\" -DVENDOR_DBX_FILE=\"dbx.esl\" -DSBAT_AUTOMATIC_DATE=2025021800 -DMDE_CPU_X64   -c -o Cipher/CryptTdesNull.o Cipher/CryptTdesNull.c
#14 3.609 gcc -std=gnu11 -ggdb -gdwarf-4 -gstrict-dwarf -ffreestanding -fmacro-prefix-map=/shim/= -fno-stack-protector -fno-strict-aliasing -fpic -fshort-wchar -nostdinc -m64 -mno-mmx -mno-sse -mno-red-zone -maccumulate-outgoing-args -Os -Wall -Wextra -Wno-missing-field-initializers -Wno-unused-parameter -Wno-unused-but-set-variable -Werror -Wno-error=unused-but-set-variable -Wno-error=unused-parameter -I/shim/Cryptlib -I/shim/Cryptlib/Include -I/shim/gnu-efi/inc -I/shim/gnu-efi/inc/x86_64 -I/shim/gnu-efi/inc/protocol -isystem /shim/include/system -isystem /usr/lib/gcc/x86_64-linux-gnu/14/include -DDEFAULT_LOADER='L"\\\\igelx64.efi"' -DDEFAULT_LOADER_CHAR='"\\\\igelx64.efi"' -DEFI_ARCH='L"x64"' -DDEBUGDIR='L"/usr/lib/debug/usr/share/shim/x64-16.1-16.1/"' -DVENDOR_CERT_FILE=\"debian/igel-uefi-ca.der\" -DVENDOR_DBX_FILE=\"dbx.esl\" -DSBAT_AUTOMATIC_DATE=2025021800 -DMDE_CPU_X64   -c -o Cipher/CryptArc4Null.o Cipher/CryptArc4Null.c
#14 3.617 gcc -I/shim/gnu-efi//lib -I/shim/gnu-efi/inc -I/shim/gnu-efi/inc/x86_64 -I/shim/gnu-efi/inc/protocol -Wno-error=pragmas -mno-red-zone -mno-avx -fpic  -Os -Wall -Wextra -Wno-missing-field-initializers -Werror -fshort-wchar -fno-strict-aliasing -ffreestanding -fno-stack-protector -fno-stack-check -nostdinc   -isystem /shim/gnu-efi/../include/system -isystem /usr/lib/gcc/x86_64-linux-gnu/14/include -fno-merge-all-constants -DCONFIG_x86_64 -DGNU_EFI_USE_MS_ABI -DGNU_EFI_USE_EXTERNAL_STDARG -maccumulate-outgoing-args --std=c11 -c /shim/gnu-efi//lib/boxdraw.c -o boxdraw.o
#14 3.623 gcc -std=gnu11 -ggdb -gdwarf-4 -gstrict-dwarf -ffreestanding -fmacro-prefix-map=/shim/= -fno-stack-protector -fno-strict-aliasing -fpic -fshort-wchar -m64 -mno-mmx -mno-sse -mno-red-zone -nostdinc -maccumulate-outgoing-args -Os -Wall -Wextra -Wno-missing-field-initializers -Werror -I/shim/gnu-efi/inc -I/shim/gnu-efi/inc/x86_64 -I/shim/gnu-efi/inc/protocol -I/shim/include -I/shim/Cryptlib/Include/openssl/ -I/shim/Cryptlib/Include/ -I/shim/Cryptlib -I/shim -isystem /shim/include/system -isystem /usr/lib/gcc/x86_64-linux-gnu/14/include -DDEFAULT_LOADER='L"\\\\igelx64.efi"' -DDEFAULT_LOADER_CHAR='"\\\\igelx64.efi"' -DEFI_ARCH='L"x64"' -DDEBUGDIR='L"/usr/lib/debug/usr/share/shim/x64-16.1-16.1/"' -DVENDOR_CERT_FILE=\"debian/igel-uefi-ca.der\" -DVENDOR_DBX_FILE=\"dbx.esl\" -DSBAT_AUTOMATIC_DATE=2025021800 -DMDE_CPU_X64   -c -o guid.o guid.c
#14 3.635 gcc -std=gnu11 -ggdb -gdwarf-4 -gstrict-dwarf -ffreestanding -fmacro-prefix-map=/shim/= -fno-stack-protector -fno-strict-aliasing -fpic -fshort-wchar -nostdinc -m64 -mno-mmx -mno-sse -mno-red-zone -maccumulate-outgoing-args -Os -Wall -Wextra -Wno-missing-field-initializers -Wno-empty-body -Wno-implicit-fallthrough -Wno-old-style-declaration -Wno-unused-but-set-variable -Wno-unused-parameter -Werror -Wno-error=unused-but-set-variable -Wno-error=unused-parameter -I/shim/Cryptlib/OpenSSL -I/shim/Cryptlib -I/shim/Cryptlib/OpenSSL/Include/ -I/shim/Cryptlib/OpenSSL/crypto -I/shim/Cryptlib/Include -I/shim/gnu-efi/inc -I/shim/gnu-efi/inc/x86_64 -I/shim/gnu-efi/inc/protocol -I/shim/Cryptlib/OpenSSL/crypto/asn1 -I/shim/Cryptlib/OpenSSL/crypto/evp -I/shim/Cryptlib/OpenSSL/crypto/modes -I/shim/Cryptlib/OpenSSL/crypto/include -isystem /shim/include/system -isystem /usr/lib/gcc/x86_64-linux-gnu/14/include -DL_ENDIAN -D_CRT_SECURE_NO_DEPRECATE -D_CRT_NONSTDC_NO_DEPRECATE -DOPENSSL_SMALL_FOOTPRINT -DPEDANTIC -DMDE_CPU_X64   -c -o crypto/cversion.o crypto/cversion.c
#14 3.654 gcc -I/shim/gnu-efi//lib -I/shim/gnu-efi/inc -I/shim/gnu-efi/inc/x86_64 -I/shim/gnu-efi/inc/protocol -Wno-error=pragmas -mno-red-zone -mno-avx -fpic  -Os -Wall -Wextra -Wno-missing-field-initializers -Werror -fshort-wchar -fno-strict-aliasing -ffreestanding -fno-stack-protector -fno-stack-check -nostdinc   -isystem /shim/gnu-efi/../include/system -isystem /usr/lib/gcc/x86_64-linux-gnu/14/include -fno-merge-all-constants -DCONFIG_x86_64 -DGNU_EFI_USE_MS_ABI -DGNU_EFI_USE_EXTERNAL_STDARG -maccumulate-outgoing-args --std=c11 -c /shim/gnu-efi//lib/smbios.c -o smbios.o
#14 3.668 gcc -std=gnu11 -ggdb -gdwarf-4 -gstrict-dwarf -ffreestanding -fmacro-prefix-map=/shim/= -fno-stack-protector -fno-strict-aliasing -fpic -fshort-wchar -nostdinc -m64 -mno-mmx -mno-sse -mno-red-zone -maccumulate-outgoing-args -Os -Wall -Wextra -Wno-missing-field-initializers -Wno-unused-parameter -Wno-unused-but-set-variable -Werror -Wno-error=unused-but-set-variable -Wno-error=unused-parameter -I/shim/Cryptlib -I/shim/Cryptlib/Include -I/shim/gnu-efi/inc -I/shim/gnu-efi/inc/x86_64 -I/shim/gnu-efi/inc/protocol -isystem /shim/include/system -isystem /usr/lib/gcc/x86_64-linux-gnu/14/include -DDEFAULT_LOADER='L"\\\\igelx64.efi"' -DDEFAULT_LOADER_CHAR='"\\\\igelx64.efi"' -DEFI_ARCH='L"x64"' -DDEBUGDIR='L"/usr/lib/debug/usr/share/shim/x64-16.1-16.1/"' -DVENDOR_CERT_FILE=\"debian/igel-uefi-ca.der\" -DVENDOR_DBX_FILE=\"dbx.esl\" -DSBAT_AUTOMATIC_DATE=2025021800 -DMDE_CPU_X64   -c -o Rand/CryptRand.o Rand/CryptRand.c
#14 3.679 gcc -std=gnu11 -ggdb -gdwarf-4 -gstrict-dwarf -ffreestanding -fmacro-prefix-map=/shim/= -fno-stack-protector -fno-strict-aliasing -fpic -fshort-wchar -nostdinc -m64 -mno-mmx -mno-sse -mno-red-zone -maccumulate-outgoing-args -Os -Wall -Wextra -Wno-missing-field-initializers -Wno-empty-body -Wno-implicit-fallthrough -Wno-old-style-declaration -Wno-unused-but-set-variable -Wno-unused-parameter -Werror -Wno-error=unused-but-set-variable -Wno-error=unused-parameter -I/shim/Cryptlib/OpenSSL -I/shim/Cryptlib -I/shim/Cryptlib/OpenSSL/Include/ -I/shim/Cryptlib/OpenSSL/crypto -I/shim/Cryptlib/Include -I/shim/gnu-efi/inc -I/shim/gnu-efi/inc/x86_64 -I/shim/gnu-efi/inc/protocol -I/shim/Cryptlib/OpenSSL/crypto/asn1 -I/shim/Cryptlib/OpenSSL/crypto/evp -I/shim/Cryptlib/OpenSSL/crypto/modes -I/shim/Cryptlib/OpenSSL/crypto/include -isystem /shim/include/system -isystem /usr/lib/gcc/x86_64-linux-gnu/14/include -DL_ENDIAN -D_CRT_SECURE_NO_DEPRECATE -D_CRT_NONSTDC_NO_DEPRECATE -DOPENSSL_SMALL_FOOTPRINT -DPEDANTIC -DMDE_CPU_X64   -c -o crypto/ex_data.o crypto/ex_data.c
#14 3.683 gcc -std=gnu11 -ggdb -gdwarf-4 -gstrict-dwarf -ffreestanding -fmacro-prefix-map=/shim/= -fno-stack-protector -fno-strict-aliasing -fpic -fshort-wchar -m64 -mno-mmx -mno-sse -mno-red-zone -nostdinc -maccumulate-outgoing-args -Os -Wall -Wextra -Wno-missing-field-initializers -Werror -I/shim/gnu-efi/inc -I/shim/gnu-efi/inc/x86_64 -I/shim/gnu-efi/inc/protocol -I/shim/include -I/shim/Cryptlib/Include/openssl/ -I/shim/Cryptlib/Include/ -I/shim/Cryptlib -I/shim -isystem /shim/include/system -isystem /usr/lib/gcc/x86_64-linux-gnu/14/include -DDEFAULT_LOADER='L"\\\\igelx64.efi"' -DDEFAULT_LOADER_CHAR='"\\\\igelx64.efi"' -DEFI_ARCH='L"x64"' -DDEBUGDIR='L"/usr/lib/debug/usr/share/shim/x64-16.1-16.1/"' -DVENDOR_CERT_FILE=\"debian/igel-uefi-ca.der\" -DVENDOR_DBX_FILE=\"dbx.esl\" -DSBAT_AUTOMATIC_DATE=2025021800 -DMDE_CPU_X64   -c -o print_crypto.o print_crypto.c
#14 3.691 gcc -I/shim/gnu-efi//lib -I/shim/gnu-efi/inc -I/shim/gnu-efi/inc/x86_64 -I/shim/gnu-efi/inc/protocol -Wno-error=pragmas -mno-red-zone -mno-avx -fpic  -Os -Wall -Wextra -Wno-missing-field-initializers -Werror -fshort-wchar -fno-strict-aliasing -ffreestanding -fno-stack-protector -fno-stack-check -nostdinc   -isystem /shim/gnu-efi/../include/system -isystem /usr/lib/gcc/x86_64-linux-gnu/14/include -fno-merge-all-constants -DCONFIG_x86_64 -DGNU_EFI_USE_MS_ABI -DGNU_EFI_USE_EXTERNAL_STDARG -maccumulate-outgoing-args --std=c11 -c /shim/gnu-efi//lib/console.c -o console.o
#14 3.733 gcc -I/shim/gnu-efi//lib -I/shim/gnu-efi/inc -I/shim/gnu-efi/inc/x86_64 -I/shim/gnu-efi/inc/protocol -Wno-error=pragmas -mno-red-zone -mno-avx -fpic  -Os -Wall -Wextra -Wno-missing-field-initializers -Werror -fshort-wchar -fno-strict-aliasing -ffreestanding -fno-stack-protector -fno-stack-check -nostdinc   -isystem /shim/gnu-efi/../include/system -isystem /usr/lib/gcc/x86_64-linux-gnu/14/include -fno-merge-all-constants -DCONFIG_x86_64 -DGNU_EFI_USE_MS_ABI -DGNU_EFI_USE_EXTERNAL_STDARG -maccumulate-outgoing-args --std=c11 -c /shim/gnu-efi//lib/crc.c -o crc.o
#14 3.734 gcc -std=gnu11 -ggdb -gdwarf-4 -gstrict-dwarf -ffreestanding -fmacro-prefix-map=/shim/= -fno-stack-protector -fno-strict-aliasing -fpic -fshort-wchar -nostdinc -m64 -mno-mmx -mno-sse -mno-red-zone -maccumulate-outgoing-args -Os -Wall -Wextra -Wno-missing-field-initializers -Wno-unused-parameter -Wno-unused-but-set-variable -Werror -Wno-error=unused-but-set-variable -Wno-error=unused-parameter -I/shim/Cryptlib -I/shim/Cryptlib/Include -I/shim/gnu-efi/inc -I/shim/gnu-efi/inc/x86_64 -I/shim/gnu-efi/inc/protocol -isystem /shim/include/system -isystem /usr/lib/gcc/x86_64-linux-gnu/14/include -DDEFAULT_LOADER='L"\\\\igelx64.efi"' -DDEFAULT_LOADER_CHAR='"\\\\igelx64.efi"' -DEFI_ARCH='L"x64"' -DDEBUGDIR='L"/usr/lib/debug/usr/share/shim/x64-16.1-16.1/"' -DVENDOR_CERT_FILE=\"debian/igel-uefi-ca.der\" -DVENDOR_DBX_FILE=\"dbx.esl\" -DSBAT_AUTOMATIC_DATE=2025021800 -DMDE_CPU_X64   -c -o Pk/CryptRsaBasic.o Pk/CryptRsaBasic.c
#14 3.768 gcc -std=gnu11 -ggdb -gdwarf-4 -gstrict-dwarf -ffreestanding -fmacro-prefix-map=/shim/= -fno-stack-protector -fno-strict-aliasing -fpic -fshort-wchar -m64 -mno-mmx -mno-sse -mno-red-zone -nostdinc -maccumulate-outgoing-args -Os -Wall -Wextra -Wno-missing-field-initializers -Werror -I/shim/gnu-efi/inc -I/shim/gnu-efi/inc/x86_64 -I/shim/gnu-efi/inc/protocol -I/shim/include -I/shim/Cryptlib/Include/openssl/ -I/shim/Cryptlib/Include/ -I/shim/Cryptlib -I/shim -isystem /shim/include/system -isystem /usr/lib/gcc/x86_64-linux-gnu/14/include -DDEFAULT_LOADER='L"\\\\igelx64.efi"' -DDEFAULT_LOADER_CHAR='"\\\\igelx64.efi"' -DEFI_ARCH='L"x64"' -DDEBUGDIR='L"/usr/lib/debug/usr/share/shim/x64-16.1-16.1/"' -DVENDOR_CERT_FILE=\"debian/igel-uefi-ca.der\" -DVENDOR_DBX_FILE=\"dbx.esl\" -DSBAT_AUTOMATIC_DATE=2025021800 -DMDE_CPU_X64   -c -o security_policy.o security_policy.c
#14 3.774 gcc -I/shim/gnu-efi//lib -I/shim/gnu-efi/inc -I/shim/gnu-efi/inc/x86_64 -I/shim/gnu-efi/inc/protocol -Wno-error=pragmas -mno-red-zone -mno-avx -fpic  -Os -Wall -Wextra -Wno-missing-field-initializers -Werror -fshort-wchar -fno-strict-aliasing -ffreestanding -fno-stack-protector -fno-stack-check -nostdinc   -isystem /shim/gnu-efi/../include/system -isystem /usr/lib/gcc/x86_64-linux-gnu/14/include -fno-merge-all-constants -DCONFIG_x86_64 -DGNU_EFI_USE_MS_ABI -DGNU_EFI_USE_EXTERNAL_STDARG -maccumulate-outgoing-args --std=c11 -c /shim/gnu-efi//lib/data.c -o data.o
#14 3.801 gcc -I/shim/gnu-efi//lib -I/shim/gnu-efi/inc -I/shim/gnu-efi/inc/x86_64 -I/shim/gnu-efi/inc/protocol -Wno-error=pragmas -mno-red-zone -mno-avx -fpic  -Os -Wall -Wextra -Wno-missing-field-initializers -Werror -fshort-wchar -fno-strict-aliasing -ffreestanding -fno-stack-protector -fno-stack-check -nostdinc   -isystem /shim/gnu-efi/../include/system -isystem /usr/lib/gcc/x86_64-linux-gnu/14/include -fno-merge-all-constants -DCONFIG_x86_64 -DGNU_EFI_USE_MS_ABI -DGNU_EFI_USE_EXTERNAL_STDARG -maccumulate-outgoing-args --std=c11 -c /shim/gnu-efi//lib/debug.c -o debug.o
#14 3.805 gcc -std=gnu11 -ggdb -gdwarf-4 -gstrict-dwarf -ffreestanding -fmacro-prefix-map=/shim/= -fno-stack-protector -fno-strict-aliasing -fpic -fshort-wchar -nostdinc -m64 -mno-mmx -mno-sse -mno-red-zone -maccumulate-outgoing-args -Os -Wall -Wextra -Wno-missing-field-initializers -Wno-unused-parameter -Wno-unused-but-set-variable -Werror -Wno-error=unused-but-set-variable -Wno-error=unused-parameter -I/shim/Cryptlib -I/shim/Cryptlib/Include -I/shim/gnu-efi/inc -I/shim/gnu-efi/inc/x86_64 -I/shim/gnu-efi/inc/protocol -isystem /shim/include/system -isystem /usr/lib/gcc/x86_64-linux-gnu/14/include -DDEFAULT_LOADER='L"\\\\igelx64.efi"' -DDEFAULT_LOADER_CHAR='"\\\\igelx64.efi"' -DEFI_ARCH='L"x64"' -DDEBUGDIR='L"/usr/lib/debug/usr/share/shim/x64-16.1-16.1/"' -DVENDOR_CERT_FILE=\"debian/igel-uefi-ca.der\" -DVENDOR_DBX_FILE=\"dbx.esl\" -DSBAT_AUTOMATIC_DATE=2025021800 -DMDE_CPU_X64   -c -o Pk/CryptRsaExtNull.o Pk/CryptRsaExtNull.c
#14 3.812 gcc -std=gnu11 -ggdb -gdwarf-4 -gstrict-dwarf -ffreestanding -fmacro-prefix-map=/shim/= -fno-stack-protector -fno-strict-aliasing -fpic -fshort-wchar -m64 -mno-mmx -mno-sse -mno-red-zone -nostdinc -maccumulate-outgoing-args -Os -Wall -Wextra -Wno-missing-field-initializers -Werror -I/shim/gnu-efi/inc -I/shim/gnu-efi/inc/x86_64 -I/shim/gnu-efi/inc/protocol -I/shim/include -I/shim/Cryptlib/Include/openssl/ -I/shim/Cryptlib/Include/ -I/shim/Cryptlib -I/shim -isystem /shim/include/system -isystem /usr/lib/gcc/x86_64-linux-gnu/14/include -DDEFAULT_LOADER='L"\\\\igelx64.efi"' -DDEFAULT_LOADER_CHAR='"\\\\igelx64.efi"' -DEFI_ARCH='L"x64"' -DDEBUGDIR='L"/usr/lib/debug/usr/share/shim/x64-16.1-16.1/"' -DVENDOR_CERT_FILE=\"debian/igel-uefi-ca.der\" -DVENDOR_DBX_FILE=\"dbx.esl\" -DSBAT_AUTOMATIC_DATE=2025021800 -DMDE_CPU_X64   -c -o shell.o shell.c
#14 3.826 gcc -std=gnu11 -ggdb -gdwarf-4 -gstrict-dwarf -ffreestanding -fmacro-prefix-map=/shim/= -fno-stack-protector -fno-strict-aliasing -fpic -fshort-wchar -nostdinc -m64 -mno-mmx -mno-sse -mno-red-zone -maccumulate-outgoing-args -Os -Wall -Wextra -Wno-missing-field-initializers -Wno-empty-body -Wno-implicit-fallthrough -Wno-old-style-declaration -Wno-unused-but-set-variable -Wno-unused-parameter -Werror -Wno-error=unused-but-set-variable -Wno-error=unused-parameter -I/shim/Cryptlib/OpenSSL -I/shim/Cryptlib -I/shim/Cryptlib/OpenSSL/Include/ -I/shim/Cryptlib/OpenSSL/crypto -I/shim/Cryptlib/Include -I/shim/gnu-efi/inc -I/shim/gnu-efi/inc/x86_64 -I/shim/gnu-efi/inc/protocol -I/shim/Cryptlib/OpenSSL/crypto/asn1 -I/shim/Cryptlib/OpenSSL/crypto/evp -I/shim/Cryptlib/OpenSSL/crypto/modes -I/shim/Cryptlib/OpenSSL/crypto/include -isystem /shim/include/system -isystem /usr/lib/gcc/x86_64-linux-gnu/14/include -DL_ENDIAN -D_CRT_SECURE_NO_DEPRECATE -D_CRT_NONSTDC_NO_DEPRECATE -DOPENSSL_SMALL_FOOTPRINT -DPEDANTIC -DMDE_CPU_X64   -c -o crypto/cpt_err.o crypto/cpt_err.c
#14 3.839 gcc -std=gnu11 -ggdb -gdwarf-4 -gstrict-dwarf -ffreestanding -fmacro-prefix-map=/shim/= -fno-stack-protector -fno-strict-aliasing -fpic -fshort-wchar -nostdinc -m64 -mno-mmx -mno-sse -mno-red-zone -maccumulate-outgoing-args -Os -Wall -Wextra -Wno-missing-field-initializers -Wno-unused-parameter -Wno-unused-but-set-variable -Werror -Wno-error=unused-but-set-variable -Wno-error=unused-parameter -I/shim/Cryptlib -I/shim/Cryptlib/Include -I/shim/gnu-efi/inc -I/shim/gnu-efi/inc/x86_64 -I/shim/gnu-efi/inc/protocol -isystem /shim/include/system -isystem /usr/lib/gcc/x86_64-linux-gnu/14/include -DDEFAULT_LOADER='L"\\\\igelx64.efi"' -DDEFAULT_LOADER_CHAR='"\\\\igelx64.efi"' -DEFI_ARCH='L"x64"' -DDEBUGDIR='L"/usr/lib/debug/usr/share/shim/x64-16.1-16.1/"' -DVENDOR_CERT_FILE=\"debian/igel-uefi-ca.der\" -DVENDOR_DBX_FILE=\"dbx.esl\" -DSBAT_AUTOMATIC_DATE=2025021800 -DMDE_CPU_X64   -c -o Pk/CryptPkcs7SignNull.o Pk/CryptPkcs7SignNull.c
#14 3.871 gcc -std=gnu11 -ggdb -gdwarf-4 -gstrict-dwarf -ffreestanding -fmacro-prefix-map=/shim/= -fno-stack-protector -fno-strict-aliasing -fpic -fshort-wchar -nostdinc -m64 -mno-mmx -mno-sse -mno-red-zone -maccumulate-outgoing-args -Os -Wall -Wextra -Wno-missing-field-initializers -Wno-unused-parameter -Wno-unused-but-set-variable -Werror -Wno-error=unused-but-set-variable -Wno-error=unused-parameter -I/shim/Cryptlib -I/shim/Cryptlib/Include -I/shim/gnu-efi/inc -I/shim/gnu-efi/inc/x86_64 -I/shim/gnu-efi/inc/protocol -isystem /shim/include/system -isystem /usr/lib/gcc/x86_64-linux-gnu/14/include -DDEFAULT_LOADER='L"\\\\igelx64.efi"' -DDEFAULT_LOADER_CHAR='"\\\\igelx64.efi"' -DEFI_ARCH='L"x64"' -DDEBUGDIR='L"/usr/lib/debug/usr/share/shim/x64-16.1-16.1/"' -DVENDOR_CERT_FILE=\"debian/igel-uefi-ca.der\" -DVENDOR_DBX_FILE=\"dbx.esl\" -DSBAT_AUTOMATIC_DATE=2025021800 -DMDE_CPU_X64   -c -o Pk/CryptPkcs7Verify.o Pk/CryptPkcs7Verify.c
#14 3.872 gcc -I/shim/gnu-efi//lib -I/shim/gnu-efi/inc -I/shim/gnu-efi/inc/x86_64 -I/shim/gnu-efi/inc/protocol -Wno-error=pragmas -mno-red-zone -mno-avx -fpic  -Os -Wall -Wextra -Wno-missing-field-initializers -Werror -fshort-wchar -fno-strict-aliasing -ffreestanding -fno-stack-protector -fno-stack-check -nostdinc   -isystem /shim/gnu-efi/../include/system -isystem /usr/lib/gcc/x86_64-linux-gnu/14/include -fno-merge-all-constants -DCONFIG_x86_64 -DGNU_EFI_USE_MS_ABI -DGNU_EFI_USE_EXTERNAL_STDARG -maccumulate-outgoing-args --std=c11 -c /shim/gnu-efi//lib/dpath.c -o dpath.o
#14 3.879 gcc -std=gnu11 -ggdb -gdwarf-4 -gstrict-dwarf -ffreestanding -fmacro-prefix-map=/shim/= -fno-stack-protector -fno-strict-aliasing -fpic -fshort-wchar -nostdinc -m64 -mno-mmx -mno-sse -mno-red-zone -maccumulate-outgoing-args -Os -Wall -Wextra -Wno-missing-field-initializers -Wno-empty-body -Wno-implicit-fallthrough -Wno-old-style-declaration -Wno-unused-but-set-variable -Wno-unused-parameter -Werror -Wno-error=unused-but-set-variable -Wno-error=unused-parameter -I/shim/Cryptlib/OpenSSL -I/shim/Cryptlib -I/shim/Cryptlib/OpenSSL/Include/ -I/shim/Cryptlib/OpenSSL/crypto -I/shim/Cryptlib/Include -I/shim/gnu-efi/inc -I/shim/gnu-efi/inc/x86_64 -I/shim/gnu-efi/inc/protocol -I/shim/Cryptlib/OpenSSL/crypto/asn1 -I/shim/Cryptlib/OpenSSL/crypto/evp -I/shim/Cryptlib/OpenSSL/crypto/modes -I/shim/Cryptlib/OpenSSL/crypto/include -isystem /shim/include/system -isystem /usr/lib/gcc/x86_64-linux-gnu/14/include -DL_ENDIAN -D_CRT_SECURE_NO_DEPRECATE -D_CRT_NONSTDC_NO_DEPRECATE -DOPENSSL_SMALL_FOOTPRINT -DPEDANTIC -DMDE_CPU_X64   -c -o crypto/ebcdic.o crypto/ebcdic.c
#14 3.896 gcc -std=gnu11 -ggdb -gdwarf-4 -gstrict-dwarf -ffreestanding -fmacro-prefix-map=/shim/= -fno-stack-protector -fno-strict-aliasing -fpic -fshort-wchar -m64 -mno-mmx -mno-sse -mno-red-zone -nostdinc -maccumulate-outgoing-args -Os -Wall -Wextra -Wno-missing-field-initializers -Werror -I/shim/gnu-efi/inc -I/shim/gnu-efi/inc/x86_64 -I/shim/gnu-efi/inc/protocol -I/shim/include -I/shim/Cryptlib/Include/openssl/ -I/shim/Cryptlib/Include/ -I/shim/Cryptlib -I/shim -isystem /shim/include/system -isystem /usr/lib/gcc/x86_64-linux-gnu/14/include -DDEFAULT_LOADER='L"\\\\igelx64.efi"' -DDEFAULT_LOADER_CHAR='"\\\\igelx64.efi"' -DEFI_ARCH='L"x64"' -DDEBUGDIR='L"/usr/lib/debug/usr/share/shim/x64-16.1-16.1/"' -DVENDOR_CERT_FILE=\"debian/igel-uefi-ca.der\" -DVENDOR_DBX_FILE=\"dbx.esl\" -DSBAT_AUTOMATIC_DATE=2025021800 -DMDE_CPU_X64   -c -o simple_file.o simple_file.c
#14 3.902 gcc -std=gnu11 -ggdb -gdwarf-4 -gstrict-dwarf -ffreestanding -fmacro-prefix-map=/shim/= -fno-stack-protector -fno-strict-aliasing -fpic -fshort-wchar -nostdinc -m64 -mno-mmx -mno-sse -mno-red-zone -maccumulate-outgoing-args -Os -Wall -Wextra -Wno-missing-field-initializers -Wno-empty-body -Wno-implicit-fallthrough -Wno-old-style-declaration -Wno-unused-but-set-variable -Wno-unused-parameter -Werror -Wno-error=unused-but-set-variable -Wno-error=unused-parameter -I/shim/Cryptlib/OpenSSL -I/shim/Cryptlib -I/shim/Cryptlib/OpenSSL/Include/ -I/shim/Cryptlib/OpenSSL/crypto -I/shim/Cryptlib/Include -I/shim/gnu-efi/inc -I/shim/gnu-efi/inc/x86_64 -I/shim/gnu-efi/inc/protocol -I/shim/Cryptlib/OpenSSL/crypto/asn1 -I/shim/Cryptlib/OpenSSL/crypto/evp -I/shim/Cryptlib/OpenSSL/crypto/modes -I/shim/Cryptlib/OpenSSL/crypto/include -isystem /shim/include/system -isystem /usr/lib/gcc/x86_64-linux-gnu/14/include -DL_ENDIAN -D_CRT_SECURE_NO_DEPRECATE -D_CRT_NONSTDC_NO_DEPRECATE -DOPENSSL_SMALL_FOOTPRINT -DPEDANTIC -DMDE_CPU_X64   -c -o crypto/uid.o crypto/uid.c
#14 3.951 gcc -std=gnu11 -ggdb -gdwarf-4 -gstrict-dwarf -ffreestanding -fmacro-prefix-map=/shim/= -fno-stack-protector -fno-strict-aliasing -fpic -fshort-wchar -nostdinc -m64 -mno-mmx -mno-sse -mno-red-zone -maccumulate-outgoing-args -Os -Wall -Wextra -Wno-missing-field-initializers -Wno-empty-body -Wno-implicit-fallthrough -Wno-old-style-declaration -Wno-unused-but-set-variable -Wno-unused-parameter -Werror -Wno-error=unused-but-set-variable -Wno-error=unused-parameter -I/shim/Cryptlib/OpenSSL -I/shim/Cryptlib -I/shim/Cryptlib/OpenSSL/Include/ -I/shim/Cryptlib/OpenSSL/crypto -I/shim/Cryptlib/Include -I/shim/gnu-efi/inc -I/shim/gnu-efi/inc/x86_64 -I/shim/gnu-efi/inc/protocol -I/shim/Cryptlib/OpenSSL/crypto/asn1 -I/shim/Cryptlib/OpenSSL/crypto/evp -I/shim/Cryptlib/OpenSSL/crypto/modes -I/shim/Cryptlib/OpenSSL/crypto/include -isystem /shim/include/system -isystem /usr/lib/gcc/x86_64-linux-gnu/14/include -DL_ENDIAN -D_CRT_SECURE_NO_DEPRECATE -D_CRT_NONSTDC_NO_DEPRECATE -DOPENSSL_SMALL_FOOTPRINT -DPEDANTIC -DMDE_CPU_X64   -c -o crypto/o_time.o crypto/o_time.c
#14 4.011 gcc -std=gnu11 -ggdb -gdwarf-4 -gstrict-dwarf -ffreestanding -fmacro-prefix-map=/shim/= -fno-stack-protector -fno-strict-aliasing -fpic -fshort-wchar -nostdinc -m64 -mno-mmx -mno-sse -mno-red-zone -maccumulate-outgoing-args -Os -Wall -Wextra -Wno-missing-field-initializers -Wno-empty-body -Wno-implicit-fallthrough -Wno-old-style-declaration -Wno-unused-but-set-variable -Wno-unused-parameter -Werror -Wno-error=unused-but-set-variable -Wno-error=unused-parameter -I/shim/Cryptlib/OpenSSL -I/shim/Cryptlib -I/shim/Cryptlib/OpenSSL/Include/ -I/shim/Cryptlib/OpenSSL/crypto -I/shim/Cryptlib/Include -I/shim/gnu-efi/inc -I/shim/gnu-efi/inc/x86_64 -I/shim/gnu-efi/inc/protocol -I/shim/Cryptlib/OpenSSL/crypto/asn1 -I/shim/Cryptlib/OpenSSL/crypto/evp -I/shim/Cryptlib/OpenSSL/crypto/modes -I/shim/Cryptlib/OpenSSL/crypto/include -isystem /shim/include/system -isystem /usr/lib/gcc/x86_64-linux-gnu/14/include -DL_ENDIAN -D_CRT_SECURE_NO_DEPRECATE -D_CRT_NONSTDC_NO_DEPRECATE -DOPENSSL_SMALL_FOOTPRINT -DPEDANTIC -DMDE_CPU_X64   -c -o crypto/o_str.o crypto/o_str.c
#14 4.060 gcc -std=gnu11 -ggdb -gdwarf-4 -gstrict-dwarf -ffreestanding -fmacro-prefix-map=/shim/= -fno-stack-protector -fno-strict-aliasing -fpic -fshort-wchar -nostdinc -m64 -mno-mmx -mno-sse -mno-red-zone -maccumulate-outgoing-args -Os -Wall -Wextra -Wno-missing-field-initializers -Wno-empty-body -Wno-implicit-fallthrough -Wno-old-style-declaration -Wno-unused-but-set-variable -Wno-unused-parameter -Werror -Wno-error=unused-but-set-variable -Wno-error=unused-parameter -I/shim/Cryptlib/OpenSSL -I/shim/Cryptlib -I/shim/Cryptlib/OpenSSL/Include/ -I/shim/Cryptlib/OpenSSL/crypto -I/shim/Cryptlib/Include -I/shim/gnu-efi/inc -I/shim/gnu-efi/inc/x86_64 -I/shim/gnu-efi/inc/protocol -I/shim/Cryptlib/OpenSSL/crypto/asn1 -I/shim/Cryptlib/OpenSSL/crypto/evp -I/shim/Cryptlib/OpenSSL/crypto/modes -I/shim/Cryptlib/OpenSSL/crypto/include -isystem /shim/include/system -isystem /usr/lib/gcc/x86_64-linux-gnu/14/include -DL_ENDIAN -D_CRT_SECURE_NO_DEPRECATE -D_CRT_NONSTDC_NO_DEPRECATE -DOPENSSL_SMALL_FOOTPRINT -DPEDANTIC -DMDE_CPU_X64   -c -o crypto/o_dir.o crypto/o_dir.c
#14 4.072 gcc -std=gnu11 -ggdb -gdwarf-4 -gstrict-dwarf -ffreestanding -fmacro-prefix-map=/shim/= -fno-stack-protector -fno-strict-aliasing -fpic -fshort-wchar -m64 -mno-mmx -mno-sse -mno-red-zone -nostdinc -maccumulate-outgoing-args -Os -Wall -Wextra -Wno-missing-field-initializers -Werror -I/shim/gnu-efi/inc -I/shim/gnu-efi/inc/x86_64 -I/shim/gnu-efi/inc/protocol -I/shim/include -I/shim/Cryptlib/Include/openssl/ -I/shim/Cryptlib/Include/ -I/shim/Cryptlib -I/shim -isystem /shim/include/system -isystem /usr/lib/gcc/x86_64-linux-gnu/14/include -DDEFAULT_LOADER='L"\\\\igelx64.efi"' -DDEFAULT_LOADER_CHAR='"\\\\igelx64.efi"' -DEFI_ARCH='L"x64"' -DDEBUGDIR='L"/usr/lib/debug/usr/share/shim/x64-16.1-16.1/"' -DVENDOR_CERT_FILE=\"debian/igel-uefi-ca.der\" -DVENDOR_DBX_FILE=\"dbx.esl\" -DSBAT_AUTOMATIC_DATE=2025021800 -DMDE_CPU_X64   -c -o string.o string.c
#14 4.080 gcc -std=gnu11 -ggdb -gdwarf-4 -gstrict-dwarf -ffreestanding -fmacro-prefix-map=/shim/= -fno-stack-protector -fno-strict-aliasing -fpic -fshort-wchar -nostdinc -m64 -mno-mmx -mno-sse -mno-red-zone -maccumulate-outgoing-args -Os -Wall -Wextra -Wno-missing-field-initializers -Wno-unused-parameter -Wno-unused-but-set-variable -Werror -Wno-error=unused-but-set-variable -Wno-error=unused-parameter -I/shim/Cryptlib -I/shim/Cryptlib/Include -I/shim/gnu-efi/inc -I/shim/gnu-efi/inc/x86_64 -I/shim/gnu-efi/inc/protocol -isystem /shim/include/system -isystem /usr/lib/gcc/x86_64-linux-gnu/14/include -DDEFAULT_LOADER='L"\\\\igelx64.efi"' -DDEFAULT_LOADER_CHAR='"\\\\igelx64.efi"' -DEFI_ARCH='L"x64"' -DDEBUGDIR='L"/usr/lib/debug/usr/share/shim/x64-16.1-16.1/"' -DVENDOR_CERT_FILE=\"debian/igel-uefi-ca.der\" -DVENDOR_DBX_FILE=\"dbx.esl\" -DSBAT_AUTOMATIC_DATE=2025021800 -DMDE_CPU_X64   -c -o Pk/CryptDhNull.o Pk/CryptDhNull.c
#14 4.091 gcc -std=gnu11 -ggdb -gdwarf-4 -gstrict-dwarf -ffreestanding -fmacro-prefix-map=/shim/= -fno-stack-protector -fno-strict-aliasing -fpic -fshort-wchar -nostdinc -m64 -mno-mmx -mno-sse -mno-red-zone -maccumulate-outgoing-args -Os -Wall -Wextra -Wno-missing-field-initializers -Wno-empty-body -Wno-implicit-fallthrough -Wno-old-style-declaration -Wno-unused-but-set-variable -Wno-unused-parameter -Werror -Wno-error=unused-but-set-variable -Wno-error=unused-parameter -I/shim/Cryptlib/OpenSSL -I/shim/Cryptlib -I/shim/Cryptlib/OpenSSL/Include/ -I/shim/Cryptlib/OpenSSL/crypto -I/shim/Cryptlib/Include -I/shim/gnu-efi/inc -I/shim/gnu-efi/inc/x86_64 -I/shim/gnu-efi/inc/protocol -I/shim/Cryptlib/OpenSSL/crypto/asn1 -I/shim/Cryptlib/OpenSSL/crypto/evp -I/shim/Cryptlib/OpenSSL/crypto/modes -I/shim/Cryptlib/OpenSSL/crypto/include -isystem /shim/include/system -isystem /usr/lib/gcc/x86_64-linux-gnu/14/include -DL_ENDIAN -D_CRT_SECURE_NO_DEPRECATE -D_CRT_NONSTDC_NO_DEPRECATE -DOPENSSL_SMALL_FOOTPRINT -DPEDANTIC -DMDE_CPU_X64   -c -o crypto/o_fips.o crypto/o_fips.c
#14 4.129 gcc -std=gnu11 -ggdb -gdwarf-4 -gstrict-dwarf -ffreestanding -fmacro-prefix-map=/shim/= -fno-stack-protector -fno-strict-aliasing -fpic -fshort-wchar -nostdinc -m64 -mno-mmx -mno-sse -mno-red-zone -maccumulate-outgoing-args -Os -Wall -Wextra -Wno-missing-field-initializers -Wno-unused-parameter -Wno-unused-but-set-variable -Werror -Wno-error=unused-but-set-variable -Wno-error=unused-parameter -I/shim/Cryptlib -I/shim/Cryptlib/Include -I/shim/gnu-efi/inc -I/shim/gnu-efi/inc/x86_64 -I/shim/gnu-efi/inc/protocol -isystem /shim/include/system -isystem /usr/lib/gcc/x86_64-linux-gnu/14/include -DDEFAULT_LOADER='L"\\\\igelx64.efi"' -DDEFAULT_LOADER_CHAR='"\\\\igelx64.efi"' -DEFI_ARCH='L"x64"' -DDEBUGDIR='L"/usr/lib/debug/usr/share/shim/x64-16.1-16.1/"' -DVENDOR_CERT_FILE=\"debian/igel-uefi-ca.der\" -DVENDOR_DBX_FILE=\"dbx.esl\" -DSBAT_AUTOMATIC_DATE=2025021800 -DMDE_CPU_X64   -c -o Pk/CryptTs.o Pk/CryptTs.c
#14 4.138 gcc -I/shim/gnu-efi//lib -I/shim/gnu-efi/inc -I/shim/gnu-efi/inc/x86_64 -I/shim/gnu-efi/inc/protocol -Wno-error=pragmas -mno-red-zone -mno-avx -fpic  -Os -Wall -Wextra -Wno-missing-field-initializers -Werror -fshort-wchar -fno-strict-aliasing -ffreestanding -fno-stack-protector -fno-stack-check -nostdinc   -isystem /shim/gnu-efi/../include/system -isystem /usr/lib/gcc/x86_64-linux-gnu/14/include -fno-merge-all-constants -DCONFIG_x86_64 -DGNU_EFI_USE_MS_ABI -DGNU_EFI_USE_EXTERNAL_STDARG -maccumulate-outgoing-args --std=c11 -c /shim/gnu-efi//lib/error.c -o error.o
#14 4.140 gcc -std=gnu11 -ggdb -gdwarf-4 -gstrict-dwarf -ffreestanding -fmacro-prefix-map=/shim/= -fno-stack-protector -fno-strict-aliasing -fpic -fshort-wchar -nostdinc -m64 -mno-mmx -mno-sse -mno-red-zone -maccumulate-outgoing-args -Os -Wall -Wextra -Wno-missing-field-initializers -Wno-empty-body -Wno-implicit-fallthrough -Wno-old-style-declaration -Wno-unused-but-set-variable -Wno-unused-parameter -Werror -Wno-error=unused-but-set-variable -Wno-error=unused-parameter -I/shim/Cryptlib/OpenSSL -I/shim/Cryptlib -I/shim/Cryptlib/OpenSSL/Include/ -I/shim/Cryptlib/OpenSSL/crypto -I/shim/Cryptlib/Include -I/shim/gnu-efi/inc -I/shim/gnu-efi/inc/x86_64 -I/shim/gnu-efi/inc/protocol -I/shim/Cryptlib/OpenSSL/crypto/asn1 -I/shim/Cryptlib/OpenSSL/crypto/evp -I/shim/Cryptlib/OpenSSL/crypto/modes -I/shim/Cryptlib/OpenSSL/crypto/include -isystem /shim/include/system -isystem /usr/lib/gcc/x86_64-linux-gnu/14/include -DL_ENDIAN -D_CRT_SECURE_NO_DEPRECATE -D_CRT_NONSTDC_NO_DEPRECATE -DOPENSSL_SMALL_FOOTPRINT -DPEDANTIC -DMDE_CPU_X64   -c -o crypto/o_init.o crypto/o_init.c
#14 4.178 gcc -std=gnu11 -ggdb -gdwarf-4 -gstrict-dwarf -ffreestanding -fmacro-prefix-map=/shim/= -fno-stack-protector -fno-strict-aliasing -fpic -fshort-wchar -nostdinc -m64 -mno-mmx -mno-sse -mno-red-zone -maccumulate-outgoing-args -Os -Wall -Wextra -Wno-missing-field-initializers -Wno-empty-body -Wno-implicit-fallthrough -Wno-old-style-declaration -Wno-unused-but-set-variable -Wno-unused-parameter -Werror -Wno-error=unused-but-set-variable -Wno-error=unused-parameter -I/shim/Cryptlib/OpenSSL -I/shim/Cryptlib -I/shim/Cryptlib/OpenSSL/Include/ -I/shim/Cryptlib/OpenSSL/crypto -I/shim/Cryptlib/Include -I/shim/gnu-efi/inc -I/shim/gnu-efi/inc/x86_64 -I/shim/gnu-efi/inc/protocol -I/shim/Cryptlib/OpenSSL/crypto/asn1 -I/shim/Cryptlib/OpenSSL/crypto/evp -I/shim/Cryptlib/OpenSSL/crypto/modes -I/shim/Cryptlib/OpenSSL/crypto/include -isystem /shim/include/system -isystem /usr/lib/gcc/x86_64-linux-gnu/14/include -DL_ENDIAN -D_CRT_SECURE_NO_DEPRECATE -D_CRT_NONSTDC_NO_DEPRECATE -DOPENSSL_SMALL_FOOTPRINT -DPEDANTIC -DMDE_CPU_X64   -c -o crypto/fips_ers.o crypto/fips_ers.c
#14 4.188 gcc -std=gnu11 -ggdb -gdwarf-4 -gstrict-dwarf -ffreestanding -fmacro-prefix-map=/shim/= -fno-stack-protector -fno-strict-aliasing -fpic -fshort-wchar -nostdinc -m64 -mno-mmx -mno-sse -mno-red-zone -maccumulate-outgoing-args -Os -Wall -Wextra -Wno-missing-field-initializers -Wno-empty-body -Wno-implicit-fallthrough -Wno-old-style-declaration -Wno-unused-but-set-variable -Wno-unused-parameter -Werror -Wno-error=unused-but-set-variable -Wno-error=unused-parameter -I/shim/Cryptlib/OpenSSL -I/shim/Cryptlib -I/shim/Cryptlib/OpenSSL/Include/ -I/shim/Cryptlib/OpenSSL/crypto -I/shim/Cryptlib/Include -I/shim/gnu-efi/inc -I/shim/gnu-efi/inc/x86_64 -I/shim/gnu-efi/inc/protocol -I/shim/Cryptlib/OpenSSL/crypto/asn1 -I/shim/Cryptlib/OpenSSL/crypto/evp -I/shim/Cryptlib/OpenSSL/crypto/modes -I/shim/Cryptlib/OpenSSL/crypto/include -isystem /shim/include/system -isystem /usr/lib/gcc/x86_64-linux-gnu/14/include -DL_ENDIAN -D_CRT_SECURE_NO_DEPRECATE -D_CRT_NONSTDC_NO_DEPRECATE -DOPENSSL_SMALL_FOOTPRINT -DPEDANTIC -DMDE_CPU_X64   -c -o crypto/md5/md5_dgst.o crypto/md5/md5_dgst.c
#14 4.196 gcc -I/shim/gnu-efi//lib -I/shim/gnu-efi/inc -I/shim/gnu-efi/inc/x86_64 -I/shim/gnu-efi/inc/protocol -Wno-error=pragmas -mno-red-zone -mno-avx -fpic  -Os -Wall -Wextra -Wno-missing-field-initializers -Werror -fshort-wchar -fno-strict-aliasing -ffreestanding -fno-stack-protector -fno-stack-check -nostdinc   -isystem /shim/gnu-efi/../include/system -isystem /usr/lib/gcc/x86_64-linux-gnu/14/include -fno-merge-all-constants -DCONFIG_x86_64 -DGNU_EFI_USE_MS_ABI -DGNU_EFI_USE_EXTERNAL_STDARG -maccumulate-outgoing-args --std=c11 -c /shim/gnu-efi//lib/event.c -o event.o
#14 4.207 gcc -std=gnu11 -ggdb -gdwarf-4 -gstrict-dwarf -ffreestanding -fmacro-prefix-map=/shim/= -fno-stack-protector -fno-strict-aliasing -fpic -fshort-wchar -m64 -mno-mmx -mno-sse -mno-red-zone -nostdinc -maccumulate-outgoing-args -Os -Wall -Wextra -Wno-missing-field-initializers -Werror -I/shim/gnu-efi/inc -I/shim/gnu-efi/inc/x86_64 -I/shim/gnu-efi/inc/protocol -I/shim/include -I/shim/Cryptlib/Include/openssl/ -I/shim/Cryptlib/Include/ -I/shim/Cryptlib -I/shim -isystem /shim/include/system -isystem /usr/lib/gcc/x86_64-linux-gnu/14/include -DDEFAULT_LOADER='L"\\\\igelx64.efi"' -DDEFAULT_LOADER_CHAR='"\\\\igelx64.efi"' -DEFI_ARCH='L"x64"' -DDEBUGDIR='L"/usr/lib/debug/usr/share/shim/x64-16.1-16.1/"' -DVENDOR_CERT_FILE=\"debian/igel-uefi-ca.der\" -DVENDOR_DBX_FILE=\"dbx.esl\" -DSBAT_AUTOMATIC_DATE=2025021800 -DMDE_CPU_X64   -c -o variables.o variables.c
#14 4.296 gcc -I/shim/gnu-efi//lib -I/shim/gnu-efi/inc -I/shim/gnu-efi/inc/x86_64 -I/shim/gnu-efi/inc/protocol -Wno-error=pragmas -mno-red-zone -mno-avx -fpic  -Os -Wall -Wextra -Wno-missing-field-initializers -Werror -fshort-wchar -fno-strict-aliasing -ffreestanding -fno-stack-protector -fno-stack-check -nostdinc   -isystem /shim/gnu-efi/../include/system -isystem /usr/lib/gcc/x86_64-linux-gnu/14/include -fno-merge-all-constants -DCONFIG_x86_64 -DGNU_EFI_USE_MS_ABI -DGNU_EFI_USE_EXTERNAL_STDARG -maccumulate-outgoing-args --std=c11 -c /shim/gnu-efi//lib/exit.c -o exit.o
#14 4.310 gcc -std=gnu11 -ggdb -gdwarf-4 -gstrict-dwarf -ffreestanding -fmacro-prefix-map=/shim/= -fno-stack-protector -fno-strict-aliasing -fpic -fshort-wchar -nostdinc -m64 -mno-mmx -mno-sse -mno-red-zone -maccumulate-outgoing-args -Os -Wall -Wextra -Wno-missing-field-initializers -Wno-unused-parameter -Wno-unused-but-set-variable -Werror -Wno-error=unused-but-set-variable -Wno-error=unused-parameter -I/shim/Cryptlib -I/shim/Cryptlib/Include -I/shim/gnu-efi/inc -I/shim/gnu-efi/inc/x86_64 -I/shim/gnu-efi/inc/protocol -isystem /shim/include/system -isystem /usr/lib/gcc/x86_64-linux-gnu/14/include -DDEFAULT_LOADER='L"\\\\igelx64.efi"' -DDEFAULT_LOADER_CHAR='"\\\\igelx64.efi"' -DEFI_ARCH='L"x64"' -DDEBUGDIR='L"/usr/lib/debug/usr/share/shim/x64-16.1-16.1/"' -DVENDOR_CERT_FILE=\"debian/igel-uefi-ca.der\" -DVENDOR_DBX_FILE=\"dbx.esl\" -DSBAT_AUTOMATIC_DATE=2025021800 -DMDE_CPU_X64   -c -o Pk/CryptX509.o Pk/CryptX509.c
#14 4.355 gcc -I/shim/gnu-efi//lib -I/shim/gnu-efi/inc -I/shim/gnu-efi/inc/x86_64 -I/shim/gnu-efi/inc/protocol -Wno-error=pragmas -mno-red-zone -mno-avx -fpic  -Os -Wall -Wextra -Wno-missing-field-initializers -Werror -fshort-wchar -fno-strict-aliasing -ffreestanding -fno-stack-protector -fno-stack-check -nostdinc   -isystem /shim/gnu-efi/../include/system -isystem /usr/lib/gcc/x86_64-linux-gnu/14/include -fno-merge-all-constants -DCONFIG_x86_64 -DGNU_EFI_USE_MS_ABI -DGNU_EFI_USE_EXTERNAL_STDARG -maccumulate-outgoing-args --std=c11 -c /shim/gnu-efi//lib/guid.c -o guid.o
#14 4.358 gcc -std=gnu11 -ggdb -gdwarf-4 -gstrict-dwarf -ffreestanding -fmacro-prefix-map=/shim/= -fno-stack-protector -fno-strict-aliasing -fpic -fshort-wchar -nostdinc -m64 -mno-mmx -mno-sse -mno-red-zone -maccumulate-outgoing-args -Os -Wall -Wextra -Wno-missing-field-initializers -Wno-empty-body -Wno-implicit-fallthrough -Wno-old-style-declaration -Wno-unused-but-set-variable -Wno-unused-parameter -Werror -Wno-error=unused-but-set-variable -Wno-error=unused-parameter -I/shim/Cryptlib/OpenSSL -I/shim/Cryptlib -I/shim/Cryptlib/OpenSSL/Include/ -I/shim/Cryptlib/OpenSSL/crypto -I/shim/Cryptlib/Include -I/shim/gnu-efi/inc -I/shim/gnu-efi/inc/x86_64 -I/shim/gnu-efi/inc/protocol -I/shim/Cryptlib/OpenSSL/crypto/asn1 -I/shim/Cryptlib/OpenSSL/crypto/evp -I/shim/Cryptlib/OpenSSL/crypto/modes -I/shim/Cryptlib/OpenSSL/crypto/include -isystem /shim/include/system -isystem /usr/lib/gcc/x86_64-linux-gnu/14/include -DL_ENDIAN -D_CRT_SECURE_NO_DEPRECATE -D_CRT_NONSTDC_NO_DEPRECATE -DOPENSSL_SMALL_FOOTPRINT -DPEDANTIC -DMDE_CPU_X64   -c -o crypto/md5/md5_one.o crypto/md5/md5_one.c
#14 4.381 ar rcs lib.a configtable.o console.o execute.o guid.o print_crypto.o security_policy.o shell.o simple_file.o string.o variables.o
#14 4.388 make: Leaving directory '/shim/lib'
#14 4.388 mkdir -p gnu-efi/lib gnu-efi/gnuefi
#14 4.398 gcc -std=gnu11 -ggdb -gdwarf-4 -gstrict-dwarf -ffreestanding -fmacro-prefix-map=/shim/= -fno-stack-protector -fno-strict-aliasing -fpic -fshort-wchar -nostdinc -m64 -mno-mmx -mno-sse -mno-red-zone -maccumulate-outgoing-args -Os -Wall -Wextra -Wno-missing-field-initializers -Wno-empty-body -Wno-implicit-fallthrough -Wno-old-style-declaration -Wno-unused-but-set-variable -Wno-unused-parameter -Werror -Wno-error=unused-but-set-variable -Wno-error=unused-parameter -I/shim/Cryptlib/OpenSSL -I/shim/Cryptlib -I/shim/Cryptlib/OpenSSL/Include/ -I/shim/Cryptlib/OpenSSL/crypto -I/shim/Cryptlib/Include -I/shim/gnu-efi/inc -I/shim/gnu-efi/inc/x86_64 -I/shim/gnu-efi/inc/protocol -I/shim/Cryptlib/OpenSSL/crypto/asn1 -I/shim/Cryptlib/OpenSSL/crypto/evp -I/shim/Cryptlib/OpenSSL/crypto/modes -I/shim/Cryptlib/OpenSSL/crypto/include -isystem /shim/include/system -isystem /usr/lib/gcc/x86_64-linux-gnu/14/include -DL_ENDIAN -D_CRT_SECURE_NO_DEPRECATE -D_CRT_NONSTDC_NO_DEPRECATE -DOPENSSL_SMALL_FOOTPRINT -DPEDANTIC -DMDE_CPU_X64   -c -o crypto/sha/sha_dgst.o crypto/sha/sha_dgst.c
#14 4.406 make -C gnu-efi \
#14 4.406 	COMPILER="gcc" \
#14 4.406 	CCC_CC="gcc" \
#14 4.406 	CC="gcc" \
#14 4.406 	ARCH=x86_64 \
#14 4.406 	TOPDIR=/shim/gnu-efi \
#14 4.406 	-f /shim/gnu-efi/Makefile \
#14 4.406 	lib gnuefi inc 
#14 4.408 gcc -I/shim/gnu-efi//lib -I/shim/gnu-efi/inc -I/shim/gnu-efi/inc/x86_64 -I/shim/gnu-efi/inc/protocol -Wno-error=pragmas -mno-red-zone -mno-avx -fpic  -Os -Wall -Wextra -Wno-missing-field-initializers -Werror -fshort-wchar -fno-strict-aliasing -ffreestanding -fno-stack-protector -fno-stack-check -nostdinc   -isystem /shim/gnu-efi/../include/system -isystem /usr/lib/gcc/x86_64-linux-gnu/14/include -fno-merge-all-constants -DCONFIG_x86_64 -DGNU_EFI_USE_MS_ABI -DGNU_EFI_USE_EXTERNAL_STDARG -maccumulate-outgoing-args --std=c11 -c /shim/gnu-efi//lib/hand.c -o hand.o
#14 4.409 make: Entering directory '/shim/gnu-efi'
#14 4.419 gcc -std=gnu11 -ggdb -gdwarf-4 -gstrict-dwarf -ffreestanding -fmacro-prefix-map=/shim/= -fno-stack-protector -fno-strict-aliasing -fpic -fshort-wchar -nostdinc -m64 -mno-mmx -mno-sse -mno-red-zone -maccumulate-outgoing-args -Os -Wall -Wextra -Wno-missing-field-initializers -Wno-empty-body -Wno-implicit-fallthrough -Wno-old-style-declaration -Wno-unused-but-set-variable -Wno-unused-parameter -Werror -Wno-error=unused-but-set-variable -Wno-error=unused-parameter -I/shim/Cryptlib/OpenSSL -I/shim/Cryptlib -I/shim/Cryptlib/OpenSSL/Include/ -I/shim/Cryptlib/OpenSSL/crypto -I/shim/Cryptlib/Include -I/shim/gnu-efi/inc -I/shim/gnu-efi/inc/x86_64 -I/shim/gnu-efi/inc/protocol -I/shim/Cryptlib/OpenSSL/crypto/asn1 -I/shim/Cryptlib/OpenSSL/crypto/evp -I/shim/Cryptlib/OpenSSL/crypto/modes -I/shim/Cryptlib/OpenSSL/crypto/include -isystem /shim/include/system -isystem /usr/lib/gcc/x86_64-linux-gnu/14/include -DL_ENDIAN -D_CRT_SECURE_NO_DEPRECATE -D_CRT_NONSTDC_NO_DEPRECATE -DOPENSSL_SMALL_FOOTPRINT -DPEDANTIC -DMDE_CPU_X64   -c -o crypto/sha/sha1dgst.o crypto/sha/sha1dgst.c
#14 4.421 gcc -std=gnu11 -ggdb -gdwarf-4 -gstrict-dwarf -ffreestanding -fmacro-prefix-map=/shim/= -fno-stack-protector -fno-strict-aliasing -fpic -fshort-wchar -nostdinc -m64 -mno-mmx -mno-sse -mno-red-zone -maccumulate-outgoing-args -Os -Wall -Wextra -Wno-missing-field-initializers -Wno-unused-parameter -Wno-unused-but-set-variable -Werror -Wno-error=unused-but-set-variable -Wno-error=unused-parameter -I/shim/Cryptlib -I/shim/Cryptlib/Include -I/shim/gnu-efi/inc -I/shim/gnu-efi/inc/x86_64 -I/shim/gnu-efi/inc/protocol -isystem /shim/include/system -isystem /usr/lib/gcc/x86_64-linux-gnu/14/include -DDEFAULT_LOADER='L"\\\\igelx64.efi"' -DDEFAULT_LOADER_CHAR='"\\\\igelx64.efi"' -DEFI_ARCH='L"x64"' -DDEBUGDIR='L"/usr/lib/debug/usr/share/shim/x64-16.1-16.1/"' -DVENDOR_CERT_FILE=\"debian/igel-uefi-ca.der\" -DVENDOR_DBX_FILE=\"dbx.esl\" -DSBAT_AUTOMATIC_DATE=2025021800 -DMDE_CPU_X64   -c -o Pk/CryptAuthenticode.o Pk/CryptAuthenticode.c
#14 4.456 mkdir -p /shim/gnu-efi/x86_64/lib
#14 4.459 make -C /shim/gnu-efi/x86_64/lib -f /shim/gnu-efi//lib/Makefile SRCDIR=/shim/gnu-efi//lib ARCH=x86_64
#14 4.460 make: Entering directory '/shim/gnu-efi/x86_64/lib'
#14 4.486 gcc -std=gnu11 -ggdb -gdwarf-4 -gstrict-dwarf -ffreestanding -fmacro-prefix-map=/shim/= -fno-stack-protector -fno-strict-aliasing -fpic -fshort-wchar -nostdinc -m64 -mno-mmx -mno-sse -mno-red-zone -maccumulate-outgoing-args -Os -Wall -Wextra -Wno-missing-field-initializers -Wno-unused-parameter -Wno-unused-but-set-variable -Werror -Wno-error=unused-but-set-variable -Wno-error=unused-parameter -I/shim/Cryptlib -I/shim/Cryptlib/Include -I/shim/gnu-efi/inc -I/shim/gnu-efi/inc/x86_64 -I/shim/gnu-efi/inc/protocol -isystem /shim/include/system -isystem /usr/lib/gcc/x86_64-linux-gnu/14/include -DDEFAULT_LOADER='L"\\\\igelx64.efi"' -DDEFAULT_LOADER_CHAR='"\\\\igelx64.efi"' -DEFI_ARCH='L"x64"' -DDEBUGDIR='L"/usr/lib/debug/usr/share/shim/x64-16.1-16.1/"' -DVENDOR_CERT_FILE=\"debian/igel-uefi-ca.der\" -DVENDOR_DBX_FILE=\"dbx.esl\" -DSBAT_AUTOMATIC_DATE=2025021800 -DMDE_CPU_X64   -c -o Pem/CryptPemNull.o Pem/CryptPemNull.c
#14 4.505 gcc -I/shim/gnu-efi//lib -I/shim/gnu-efi/inc -I/shim/gnu-efi/inc/x86_64 -I/shim/gnu-efi/inc/protocol -Wno-error=pragmas -mno-red-zone -mno-avx -fpic  -Os -Wall -Wextra -Wno-missing-field-initializers -Werror -fshort-wchar -fno-strict-aliasing -ffreestanding -fno-stack-protector -fno-stack-check -nostdinc   -isystem /shim/gnu-efi/../include/system -isystem /usr/lib/gcc/x86_64-linux-gnu/14/include -fno-merge-all-constants -DCONFIG_x86_64 -DGNU_EFI_USE_MS_ABI -DGNU_EFI_USE_EXTERNAL_STDARG -maccumulate-outgoing-args --std=c11 -c /shim/gnu-efi//lib/hand.c -o hand.o
#14 4.510 gcc -std=gnu11 -ggdb -gdwarf-4 -gstrict-dwarf -ffreestanding -fmacro-prefix-map=/shim/= -fno-stack-protector -fno-strict-aliasing -fpic -fshort-wchar -nostdinc -m64 -mno-mmx -mno-sse -mno-red-zone -maccumulate-outgoing-args -Os -Wall -Wextra -Wno-missing-field-initializers -Wno-empty-body -Wno-implicit-fallthrough -Wno-old-style-declaration -Wno-unused-but-set-variable -Wno-unused-parameter -Werror -Wno-error=unused-but-set-variable -Wno-error=unused-parameter -I/shim/Cryptlib/OpenSSL -I/shim/Cryptlib -I/shim/Cryptlib/OpenSSL/Include/ -I/shim/Cryptlib/OpenSSL/crypto -I/shim/Cryptlib/Include -I/shim/gnu-efi/inc -I/shim/gnu-efi/inc/x86_64 -I/shim/gnu-efi/inc/protocol -I/shim/Cryptlib/OpenSSL/crypto/asn1 -I/shim/Cryptlib/OpenSSL/crypto/evp -I/shim/Cryptlib/OpenSSL/crypto/modes -I/shim/Cryptlib/OpenSSL/crypto/include -isystem /shim/include/system -isystem /usr/lib/gcc/x86_64-linux-gnu/14/include -DL_ENDIAN -D_CRT_SECURE_NO_DEPRECATE -D_CRT_NONSTDC_NO_DEPRECATE -DOPENSSL_SMALL_FOOTPRINT -DPEDANTIC -DMDE_CPU_X64   -c -o crypto/sha/sha_one.o crypto/sha/sha_one.c
#14 4.529 gcc -std=gnu11 -ggdb -gdwarf-4 -gstrict-dwarf -ffreestanding -fmacro-prefix-map=/shim/= -fno-stack-protector -fno-strict-aliasing -fpic -fshort-wchar -nostdinc -m64 -mno-mmx -mno-sse -mno-red-zone -maccumulate-outgoing-args -Os -Wall -Wextra -Wno-missing-field-initializers -Wno-unused-parameter -Wno-unused-but-set-variable -Werror -Wno-error=unused-but-set-variable -Wno-error=unused-parameter -I/shim/Cryptlib -I/shim/Cryptlib/Include -I/shim/gnu-efi/inc -I/shim/gnu-efi/inc/x86_64 -I/shim/gnu-efi/inc/protocol -isystem /shim/include/system -isystem /usr/lib/gcc/x86_64-linux-gnu/14/include -DDEFAULT_LOADER='L"\\\\igelx64.efi"' -DDEFAULT_LOADER_CHAR='"\\\\igelx64.efi"' -DEFI_ARCH='L"x64"' -DDEBUGDIR='L"/usr/lib/debug/usr/share/shim/x64-16.1-16.1/"' -DVENDOR_CERT_FILE=\"debian/igel-uefi-ca.der\" -DVENDOR_DBX_FILE=\"dbx.esl\" -DSBAT_AUTOMATIC_DATE=2025021800 -DMDE_CPU_X64   -c -o SysCall/CrtWrapper.o SysCall/CrtWrapper.c
#14 4.529 gcc -I/shim/gnu-efi//lib -I/shim/gnu-efi/inc -I/shim/gnu-efi/inc/x86_64 -I/shim/gnu-efi/inc/protocol -Wno-error=pragmas -mno-red-zone -mno-avx -fpic  -Os -Wall -Wextra -Wno-missing-field-initializers -Werror -fshort-wchar -fno-strict-aliasing -ffreestanding -fno-stack-protector -fno-stack-check -nostdinc   -isystem /shim/gnu-efi/../include/system -isystem /usr/lib/gcc/x86_64-linux-gnu/14/include -fno-merge-all-constants -DCONFIG_x86_64 -DGNU_EFI_USE_MS_ABI -DGNU_EFI_USE_EXTERNAL_STDARG -maccumulate-outgoing-args --std=c11 -c /shim/gnu-efi//lib/hw.c -o hw.o
#14 4.549 gcc -std=gnu11 -ggdb -gdwarf-4 -gstrict-dwarf -ffreestanding -fmacro-prefix-map=/shim/= -fno-stack-protector -fno-strict-aliasing -fpic -fshort-wchar -nostdinc -m64 -mno-mmx -mno-sse -mno-red-zone -maccumulate-outgoing-args -Os -Wall -Wextra -Wno-missing-field-initializers -Wno-empty-body -Wno-implicit-fallthrough -Wno-old-style-declaration -Wno-unused-but-set-variable -Wno-unused-parameter -Werror -Wno-error=unused-but-set-variable -Wno-error=unused-parameter -I/shim/Cryptlib/OpenSSL -I/shim/Cryptlib -I/shim/Cryptlib/OpenSSL/Include/ -I/shim/Cryptlib/OpenSSL/crypto -I/shim/Cryptlib/Include -I/shim/gnu-efi/inc -I/shim/gnu-efi/inc/x86_64 -I/shim/gnu-efi/inc/protocol -I/shim/Cryptlib/OpenSSL/crypto/asn1 -I/shim/Cryptlib/OpenSSL/crypto/evp -I/shim/Cryptlib/OpenSSL/crypto/modes -I/shim/Cryptlib/OpenSSL/crypto/include -isystem /shim/include/system -isystem /usr/lib/gcc/x86_64-linux-gnu/14/include -DL_ENDIAN -D_CRT_SECURE_NO_DEPRECATE -D_CRT_NONSTDC_NO_DEPRECATE -DOPENSSL_SMALL_FOOTPRINT -DPEDANTIC -DMDE_CPU_X64   -c -o crypto/sha/sha1_one.o crypto/sha/sha1_one.c
#14 4.573 gcc -I/shim/gnu-efi//lib -I/shim/gnu-efi/inc -I/shim/gnu-efi/inc/x86_64 -I/shim/gnu-efi/inc/protocol -Wno-error=pragmas -mno-red-zone -mno-avx -fpic  -Os -Wall -Wextra -Wno-missing-field-initializers -Werror -fshort-wchar -fno-strict-aliasing -ffreestanding -fno-stack-protector -fno-stack-check -nostdinc   -isystem /shim/gnu-efi/../include/system -isystem /usr/lib/gcc/x86_64-linux-gnu/14/include -fno-merge-all-constants -DCONFIG_x86_64 -DGNU_EFI_USE_MS_ABI -DGNU_EFI_USE_EXTERNAL_STDARG -maccumulate-outgoing-args --std=c11 -c /shim/gnu-efi//lib/init.c -o init.o
#14 4.600 gcc -std=gnu11 -ggdb -gdwarf-4 -gstrict-dwarf -ffreestanding -fmacro-prefix-map=/shim/= -fno-stack-protector -fno-strict-aliasing -fpic -fshort-wchar -nostdinc -m64 -mno-mmx -mno-sse -mno-red-zone -maccumulate-outgoing-args -Os -Wall -Wextra -Wno-missing-field-initializers -Wno-empty-body -Wno-implicit-fallthrough -Wno-old-style-declaration -Wno-unused-but-set-variable -Wno-unused-parameter -Werror -Wno-error=unused-but-set-variable -Wno-error=unused-parameter -I/shim/Cryptlib/OpenSSL -I/shim/Cryptlib -I/shim/Cryptlib/OpenSSL/Include/ -I/shim/Cryptlib/OpenSSL/crypto -I/shim/Cryptlib/Include -I/shim/gnu-efi/inc -I/shim/gnu-efi/inc/x86_64 -I/shim/gnu-efi/inc/protocol -I/shim/Cryptlib/OpenSSL/crypto/asn1 -I/shim/Cryptlib/OpenSSL/crypto/evp -I/shim/Cryptlib/OpenSSL/crypto/modes -I/shim/Cryptlib/OpenSSL/crypto/include -isystem /shim/include/system -isystem /usr/lib/gcc/x86_64-linux-gnu/14/include -DL_ENDIAN -D_CRT_SECURE_NO_DEPRECATE -D_CRT_NONSTDC_NO_DEPRECATE -DOPENSSL_SMALL_FOOTPRINT -DPEDANTIC -DMDE_CPU_X64   -c -o crypto/sha/sha256.o crypto/sha/sha256.c
#14 4.640 gcc -std=gnu11 -ggdb -gdwarf-4 -gstrict-dwarf -ffreestanding -fmacro-prefix-map=/shim/= -fno-stack-protector -fno-strict-aliasing -fpic -fshort-wchar -nostdinc -m64 -mno-mmx -mno-sse -mno-red-zone -maccumulate-outgoing-args -Os -Wall -Wextra -Wno-missing-field-initializers -Wno-unused-parameter -Wno-unused-but-set-variable -Werror -Wno-error=unused-but-set-variable -Wno-error=unused-parameter -I/shim/Cryptlib -I/shim/Cryptlib/Include -I/shim/gnu-efi/inc -I/shim/gnu-efi/inc/x86_64 -I/shim/gnu-efi/inc/protocol -isystem /shim/include/system -isystem /usr/lib/gcc/x86_64-linux-gnu/14/include -DDEFAULT_LOADER='L"\\\\igelx64.efi"' -DDEFAULT_LOADER_CHAR='"\\\\igelx64.efi"' -DEFI_ARCH='L"x64"' -DDEBUGDIR='L"/usr/lib/debug/usr/share/shim/x64-16.1-16.1/"' -DVENDOR_CERT_FILE=\"debian/igel-uefi-ca.der\" -DVENDOR_DBX_FILE=\"dbx.esl\" -DSBAT_AUTOMATIC_DATE=2025021800 -DMDE_CPU_X64   -c -o SysCall/TimerWrapper.o SysCall/TimerWrapper.c
#14 4.640 gcc -I/shim/gnu-efi//lib -I/shim/gnu-efi/inc -I/shim/gnu-efi/inc/x86_64 -I/shim/gnu-efi/inc/protocol -Wno-error=pragmas -mno-red-zone -mno-avx -fpic  -Os -Wall -Wextra -Wno-missing-field-initializers -Werror -fshort-wchar -fno-strict-aliasing -ffreestanding -fno-stack-protector -fno-stack-check -nostdinc   -isystem /shim/gnu-efi/../include/system -isystem /usr/lib/gcc/x86_64-linux-gnu/14/include -fno-merge-all-constants -DCONFIG_x86_64 -DGNU_EFI_USE_MS_ABI -DGNU_EFI_USE_EXTERNAL_STDARG -maccumulate-outgoing-args --std=c11 -c /shim/gnu-efi//lib/lock.c -o lock.o
#14 4.640 gcc -I/shim/gnu-efi//lib -I/shim/gnu-efi/inc -I/shim/gnu-efi/inc/x86_64 -I/shim/gnu-efi/inc/protocol -Wno-error=pragmas -mno-red-zone -mno-avx -fpic  -Os -Wall -Wextra -Wno-missing-field-initializers -Werror -fshort-wchar -fno-strict-aliasing -ffreestanding -fno-stack-protector -fno-stack-check -nostdinc   -isystem /shim/gnu-efi/../include/system -isystem /usr/lib/gcc/x86_64-linux-gnu/14/include -fno-merge-all-constants -DCONFIG_x86_64 -DGNU_EFI_USE_MS_ABI -DGNU_EFI_USE_EXTERNAL_STDARG -maccumulate-outgoing-args --std=c11 -c /shim/gnu-efi//lib/hw.c -o hw.o
#14 4.682 gcc -I/shim/gnu-efi//lib -I/shim/gnu-efi/inc -I/shim/gnu-efi/inc/x86_64 -I/shim/gnu-efi/inc/protocol -Wno-error=pragmas -mno-red-zone -mno-avx -fpic  -Os -Wall -Wextra -Wno-missing-field-initializers -Werror -fshort-wchar -fno-strict-aliasing -ffreestanding -fno-stack-protector -fno-stack-check -nostdinc   -isystem /shim/gnu-efi/../include/system -isystem /usr/lib/gcc/x86_64-linux-gnu/14/include -fno-merge-all-constants -DCONFIG_x86_64 -DGNU_EFI_USE_MS_ABI -DGNU_EFI_USE_EXTERNAL_STDARG -maccumulate-outgoing-args --std=c11 -c /shim/gnu-efi//lib/lock.c -o lock.o
#14 4.697 gcc -std=gnu11 -ggdb -gdwarf-4 -gstrict-dwarf -ffreestanding -fmacro-prefix-map=/shim/= -fno-stack-protector -fno-strict-aliasing -fpic -fshort-wchar -nostdinc -m64 -mno-mmx -mno-sse -mno-red-zone -maccumulate-outgoing-args -Os -Wall -Wextra -Wno-missing-field-initializers -Wno-empty-body -Wno-implicit-fallthrough -Wno-old-style-declaration -Wno-unused-but-set-variable -Wno-unused-parameter -Werror -Wno-error=unused-but-set-variable -Wno-error=unused-parameter -I/shim/Cryptlib/OpenSSL -I/shim/Cryptlib -I/shim/Cryptlib/OpenSSL/Include/ -I/shim/Cryptlib/OpenSSL/crypto -I/shim/Cryptlib/Include -I/shim/gnu-efi/inc -I/shim/gnu-efi/inc/x86_64 -I/shim/gnu-efi/inc/protocol -I/shim/Cryptlib/OpenSSL/crypto/asn1 -I/shim/Cryptlib/OpenSSL/crypto/evp -I/shim/Cryptlib/OpenSSL/crypto/modes -I/shim/Cryptlib/OpenSSL/crypto/include -isystem /shim/include/system -isystem /usr/lib/gcc/x86_64-linux-gnu/14/include -DL_ENDIAN -D_CRT_SECURE_NO_DEPRECATE -D_CRT_NONSTDC_NO_DEPRECATE -DOPENSSL_SMALL_FOOTPRINT -DPEDANTIC -DMDE_CPU_X64   -c -o crypto/sha/sha512.o crypto/sha/sha512.c
#14 4.699 gcc -std=gnu11 -ggdb -gdwarf-4 -gstrict-dwarf -ffreestanding -fmacro-prefix-map=/shim/= -fno-stack-protector -fno-strict-aliasing -fpic -fshort-wchar -nostdinc -m64 -mno-mmx -mno-sse -mno-red-zone -maccumulate-outgoing-args -Os -Wall -Wextra -Wno-missing-field-initializers -Wno-unused-parameter -Wno-unused-but-set-variable -Werror -Wno-error=unused-but-set-variable -Wno-error=unused-parameter -I/shim/Cryptlib -I/shim/Cryptlib/Include -I/shim/gnu-efi/inc -I/shim/gnu-efi/inc/x86_64 -I/shim/gnu-efi/inc/protocol -isystem /shim/include/system -isystem /usr/lib/gcc/x86_64-linux-gnu/14/include -DDEFAULT_LOADER='L"\\\\igelx64.efi"' -DDEFAULT_LOADER_CHAR='"\\\\igelx64.efi"' -DEFI_ARCH='L"x64"' -DDEBUGDIR='L"/usr/lib/debug/usr/share/shim/x64-16.1-16.1/"' -DVENDOR_CERT_FILE=\"debian/igel-uefi-ca.der\" -DVENDOR_DBX_FILE=\"dbx.esl\" -DSBAT_AUTOMATIC_DATE=2025021800 -DMDE_CPU_X64   -c -o SysCall/BaseMemAllocation.o SysCall/BaseMemAllocation.c
#14 4.709 gcc -I/shim/gnu-efi//lib -I/shim/gnu-efi/inc -I/shim/gnu-efi/inc/x86_64 -I/shim/gnu-efi/inc/protocol -Wno-error=pragmas -mno-red-zone -mno-avx -fpic  -Os -Wall -Wextra -Wno-missing-field-initializers -Werror -fshort-wchar -fno-strict-aliasing -ffreestanding -fno-stack-protector -fno-stack-check -nostdinc   -isystem /shim/gnu-efi/../include/system -isystem /usr/lib/gcc/x86_64-linux-gnu/14/include -fno-merge-all-constants -DCONFIG_x86_64 -DGNU_EFI_USE_MS_ABI -DGNU_EFI_USE_EXTERNAL_STDARG -maccumulate-outgoing-args --std=c11 -c /shim/gnu-efi//lib/misc.c -o misc.o
#14 4.721 gcc -I/shim/gnu-efi//lib -I/shim/gnu-efi/inc -I/shim/gnu-efi/inc/x86_64 -I/shim/gnu-efi/inc/protocol -Wno-error=pragmas -mno-red-zone -mno-avx -fpic  -Os -Wall -Wextra -Wno-missing-field-initializers -Werror -fshort-wchar -fno-strict-aliasing -ffreestanding -fno-stack-protector -fno-stack-check -nostdinc   -isystem /shim/gnu-efi/../include/system -isystem /usr/lib/gcc/x86_64-linux-gnu/14/include -fno-merge-all-constants -DCONFIG_x86_64 -DGNU_EFI_USE_MS_ABI -DGNU_EFI_USE_EXTERNAL_STDARG -maccumulate-outgoing-args --std=c11 -c /shim/gnu-efi//lib/misc.c -o misc.o
#14 4.746 gcc -std=gnu11 -ggdb -gdwarf-4 -gstrict-dwarf -ffreestanding -fmacro-prefix-map=/shim/= -fno-stack-protector -fno-strict-aliasing -fpic -fshort-wchar -nostdinc -m64 -mno-mmx -mno-sse -mno-red-zone -maccumulate-outgoing-args -Os -Wall -Wextra -Wno-missing-field-initializers -Wno-unused-parameter -Wno-unused-but-set-variable -Werror -Wno-error=unused-but-set-variable -Wno-error=unused-parameter -I/shim/Cryptlib -I/shim/Cryptlib/Include -I/shim/gnu-efi/inc -I/shim/gnu-efi/inc/x86_64 -I/shim/gnu-efi/inc/protocol -isystem /shim/include/system -isystem /usr/lib/gcc/x86_64-linux-gnu/14/include -DDEFAULT_LOADER='L"\\\\igelx64.efi"' -DDEFAULT_LOADER_CHAR='"\\\\igelx64.efi"' -DEFI_ARCH='L"x64"' -DDEBUGDIR='L"/usr/lib/debug/usr/share/shim/x64-16.1-16.1/"' -DVENDOR_CERT_FILE=\"debian/igel-uefi-ca.der\" -DVENDOR_DBX_FILE=\"dbx.esl\" -DSBAT_AUTOMATIC_DATE=2025021800 -DMDE_CPU_X64   -c -o SysCall/BaseStrings.o SysCall/BaseStrings.c
#14 4.804 gcc -std=gnu11 -ggdb -gdwarf-4 -gstrict-dwarf -ffreestanding -fmacro-prefix-map=/shim/= -fno-stack-protector -fno-strict-aliasing -fpic -fshort-wchar -nostdinc -m64 -mno-mmx -mno-sse -mno-red-zone -maccumulate-outgoing-args -Os -Wall -Wextra -Wno-missing-field-initializers -Wno-empty-body -Wno-implicit-fallthrough -Wno-old-style-declaration -Wno-unused-but-set-variable -Wno-unused-parameter -Werror -Wno-error=unused-but-set-variable -Wno-error=unused-parameter -I/shim/Cryptlib/OpenSSL -I/shim/Cryptlib -I/shim/Cryptlib/OpenSSL/Include/ -I/shim/Cryptlib/OpenSSL/crypto -I/shim/Cryptlib/Include -I/shim/gnu-efi/inc -I/shim/gnu-efi/inc/x86_64 -I/shim/gnu-efi/inc/protocol -I/shim/Cryptlib/OpenSSL/crypto/asn1 -I/shim/Cryptlib/OpenSSL/crypto/evp -I/shim/Cryptlib/OpenSSL/crypto/modes -I/shim/Cryptlib/OpenSSL/crypto/include -isystem /shim/include/system -isystem /usr/lib/gcc/x86_64-linux-gnu/14/include -DL_ENDIAN -D_CRT_SECURE_NO_DEPRECATE -D_CRT_NONSTDC_NO_DEPRECATE -DOPENSSL_SMALL_FOOTPRINT -DPEDANTIC -DMDE_CPU_X64   -c -o crypto/hmac/hmac.o crypto/hmac/hmac.c
#14 4.805 ar rcs libcryptlib.a Hash/CryptMd4Null.o Hash/CryptMd5.o Hash/CryptSha1.o Hash/CryptSha256.o Hash/CryptSha512.o Hmac/CryptHmacMd5Null.o Hmac/CryptHmacSha1Null.o Hmac/CryptHmacSha256Null.o Cipher/CryptAesNull.o Cipher/CryptTdesNull.o Cipher/CryptArc4Null.o Rand/CryptRand.o Pk/CryptRsaBasic.o Pk/CryptRsaExtNull.o Pk/CryptPkcs7SignNull.o Pk/CryptPkcs7Verify.o Pk/CryptDhNull.o Pk/CryptTs.o Pk/CryptX509.o Pk/CryptAuthenticode.o Pem/CryptPemNull.o SysCall/CrtWrapper.o SysCall/TimerWrapper.o SysCall/BaseMemAllocation.o SysCall/BaseStrings.o
#14 4.811 make: Leaving directory '/shim/Cryptlib'
#14 4.812 gcc -I/shim/gnu-efi//lib -I/shim/gnu-efi/inc -I/shim/gnu-efi/inc/x86_64 -I/shim/gnu-efi/inc/protocol -Wno-error=pragmas -mno-red-zone -mno-avx -fpic  -Os -Wall -Wextra -Wno-missing-field-initializers -Werror -fshort-wchar -fno-strict-aliasing -ffreestanding -fno-stack-protector -fno-stack-check -nostdinc   -isystem /shim/gnu-efi/../include/system -isystem /usr/lib/gcc/x86_64-linux-gnu/14/include -fno-merge-all-constants -DCONFIG_x86_64 -DGNU_EFI_USE_MS_ABI -DGNU_EFI_USE_EXTERNAL_STDARG -maccumulate-outgoing-args --std=c11 -c /shim/gnu-efi//lib/pause.c -o pause.o
#14 4.842 gcc -I/shim/gnu-efi//lib -I/shim/gnu-efi/inc -I/shim/gnu-efi/inc/x86_64 -I/shim/gnu-efi/inc/protocol -Wno-error=pragmas -mno-red-zone -mno-avx -fpic  -Os -Wall -Wextra -Wno-missing-field-initializers -Werror -fshort-wchar -fno-strict-aliasing -ffreestanding -fno-stack-protector -fno-stack-check -nostdinc   -isystem /shim/gnu-efi/../include/system -isystem /usr/lib/gcc/x86_64-linux-gnu/14/include -fno-merge-all-constants -DCONFIG_x86_64 -DGNU_EFI_USE_MS_ABI -DGNU_EFI_USE_EXTERNAL_STDARG -maccumulate-outgoing-args --std=c11 -c /shim/gnu-efi//lib/print.c -o print.o
#14 4.857 gcc -I/shim/gnu-efi//lib -I/shim/gnu-efi/inc -I/shim/gnu-efi/inc/x86_64 -I/shim/gnu-efi/inc/protocol -Wno-error=pragmas -mno-red-zone -mno-avx -fpic  -Os -Wall -Wextra -Wno-missing-field-initializers -Werror -fshort-wchar -fno-strict-aliasing -ffreestanding -fno-stack-protector -fno-stack-check -nostdinc   -isystem /shim/gnu-efi/../include/system -isystem /usr/lib/gcc/x86_64-linux-gnu/14/include -fno-merge-all-constants -DCONFIG_x86_64 -DGNU_EFI_USE_MS_ABI -DGNU_EFI_USE_EXTERNAL_STDARG -maccumulate-outgoing-args --std=c11 -c /shim/gnu-efi//lib/sread.c -o sread.o
#14 4.881 gcc -I/shim/gnu-efi//lib -I/shim/gnu-efi/inc -I/shim/gnu-efi/inc/x86_64 -I/shim/gnu-efi/inc/protocol -Wno-error=pragmas -mno-red-zone -mno-avx -fpic  -Os -Wall -Wextra -Wno-missing-field-initializers -Werror -fshort-wchar -fno-strict-aliasing -ffreestanding -fno-stack-protector -fno-stack-check -nostdinc   -isystem /shim/gnu-efi/../include/system -isystem /usr/lib/gcc/x86_64-linux-gnu/14/include -fno-merge-all-constants -DCONFIG_x86_64 -DGNU_EFI_USE_MS_ABI -DGNU_EFI_USE_EXTERNAL_STDARG -maccumulate-outgoing-args --std=c11 -c /shim/gnu-efi//lib/pause.c -o pause.o
#14 4.910 gcc -std=gnu11 -ggdb -gdwarf-4 -gstrict-dwarf -ffreestanding -fmacro-prefix-map=/shim/= -fno-stack-protector -fno-strict-aliasing -fpic -fshort-wchar -nostdinc -m64 -mno-mmx -mno-sse -mno-red-zone -maccumulate-outgoing-args -Os -Wall -Wextra -Wno-missing-field-initializers -Wno-empty-body -Wno-implicit-fallthrough -Wno-old-style-declaration -Wno-unused-but-set-variable -Wno-unused-parameter -Werror -Wno-error=unused-but-set-variable -Wno-error=unused-parameter -I/shim/Cryptlib/OpenSSL -I/shim/Cryptlib -I/shim/Cryptlib/OpenSSL/Include/ -I/shim/Cryptlib/OpenSSL/crypto -I/shim/Cryptlib/Include -I/shim/gnu-efi/inc -I/shim/gnu-efi/inc/x86_64 -I/shim/gnu-efi/inc/protocol -I/shim/Cryptlib/OpenSSL/crypto/asn1 -I/shim/Cryptlib/OpenSSL/crypto/evp -I/shim/Cryptlib/OpenSSL/crypto/modes -I/shim/Cryptlib/OpenSSL/crypto/include -isystem /shim/include/system -isystem /usr/lib/gcc/x86_64-linux-gnu/14/include -DL_ENDIAN -D_CRT_SECURE_NO_DEPRECATE -D_CRT_NONSTDC_NO_DEPRECATE -DOPENSSL_SMALL_FOOTPRINT -DPEDANTIC -DMDE_CPU_X64   -c -o crypto/hmac/hm_ameth.o crypto/hmac/hm_ameth.c
#14 4.913 gcc -I/shim/gnu-efi//lib -I/shim/gnu-efi/inc -I/shim/gnu-efi/inc/x86_64 -I/shim/gnu-efi/inc/protocol -Wno-error=pragmas -mno-red-zone -mno-avx -fpic  -Os -Wall -Wextra -Wno-missing-field-initializers -Werror -fshort-wchar -fno-strict-aliasing -ffreestanding -fno-stack-protector -fno-stack-check -nostdinc   -isystem /shim/gnu-efi/../include/system -isystem /usr/lib/gcc/x86_64-linux-gnu/14/include -fno-merge-all-constants -DCONFIG_x86_64 -DGNU_EFI_USE_MS_ABI -DGNU_EFI_USE_EXTERNAL_STDARG -maccumulate-outgoing-args --std=c11 -c /shim/gnu-efi//lib/print.c -o print.o
#14 4.930 gcc -I/shim/gnu-efi//lib -I/shim/gnu-efi/inc -I/shim/gnu-efi/inc/x86_64 -I/shim/gnu-efi/inc/protocol -Wno-error=pragmas -mno-red-zone -mno-avx -fpic  -Os -Wall -Wextra -Wno-missing-field-initializers -Werror -fshort-wchar -fno-strict-aliasing -ffreestanding -fno-stack-protector -fno-stack-check -nostdinc   -isystem /shim/gnu-efi/../include/system -isystem /usr/lib/gcc/x86_64-linux-gnu/14/include -fno-merge-all-constants -DCONFIG_x86_64 -DGNU_EFI_USE_MS_ABI -DGNU_EFI_USE_EXTERNAL_STDARG -maccumulate-outgoing-args --std=c11 -c /shim/gnu-efi//lib/str.c -o str.o
#14 4.975 gcc -std=gnu11 -ggdb -gdwarf-4 -gstrict-dwarf -ffreestanding -fmacro-prefix-map=/shim/= -fno-stack-protector -fno-strict-aliasing -fpic -fshort-wchar -nostdinc -m64 -mno-mmx -mno-sse -mno-red-zone -maccumulate-outgoing-args -Os -Wall -Wextra -Wno-missing-field-initializers -Wno-empty-body -Wno-implicit-fallthrough -Wno-old-style-declaration -Wno-unused-but-set-variable -Wno-unused-parameter -Werror -Wno-error=unused-but-set-variable -Wno-error=unused-parameter -I/shim/Cryptlib/OpenSSL -I/shim/Cryptlib -I/shim/Cryptlib/OpenSSL/Include/ -I/shim/Cryptlib/OpenSSL/crypto -I/shim/Cryptlib/Include -I/shim/gnu-efi/inc -I/shim/gnu-efi/inc/x86_64 -I/shim/gnu-efi/inc/protocol -I/shim/Cryptlib/OpenSSL/crypto/asn1 -I/shim/Cryptlib/OpenSSL/crypto/evp -I/shim/Cryptlib/OpenSSL/crypto/modes -I/shim/Cryptlib/OpenSSL/crypto/include -isystem /shim/include/system -isystem /usr/lib/gcc/x86_64-linux-gnu/14/include -DL_ENDIAN -D_CRT_SECURE_NO_DEPRECATE -D_CRT_NONSTDC_NO_DEPRECATE -DOPENSSL_SMALL_FOOTPRINT -DPEDANTIC -DMDE_CPU_X64   -c -o crypto/hmac/hm_pmeth.o crypto/hmac/hm_pmeth.c
#14 5.063 gcc -std=gnu11 -ggdb -gdwarf-4 -gstrict-dwarf -ffreestanding -fmacro-prefix-map=/shim/= -fno-stack-protector -fno-strict-aliasing -fpic -fshort-wchar -nostdinc -m64 -mno-mmx -mno-sse -mno-red-zone -maccumulate-outgoing-args -Os -Wall -Wextra -Wno-missing-field-initializers -Wno-empty-body -Wno-implicit-fallthrough -Wno-old-style-declaration -Wno-unused-but-set-variable -Wno-unused-parameter -Werror -Wno-error=unused-but-set-variable -Wno-error=unused-parameter -I/shim/Cryptlib/OpenSSL -I/shim/Cryptlib -I/shim/Cryptlib/OpenSSL/Include/ -I/shim/Cryptlib/OpenSSL/crypto -I/shim/Cryptlib/Include -I/shim/gnu-efi/inc -I/shim/gnu-efi/inc/x86_64 -I/shim/gnu-efi/inc/protocol -I/shim/Cryptlib/OpenSSL/crypto/asn1 -I/shim/Cryptlib/OpenSSL/crypto/evp -I/shim/Cryptlib/OpenSSL/crypto/modes -I/shim/Cryptlib/OpenSSL/crypto/include -isystem /shim/include/system -isystem /usr/lib/gcc/x86_64-linux-gnu/14/include -DL_ENDIAN -D_CRT_SECURE_NO_DEPRECATE -D_CRT_NONSTDC_NO_DEPRECATE -DOPENSSL_SMALL_FOOTPRINT -DPEDANTIC -DMDE_CPU_X64   -c -o crypto/rc4/rc4_enc.o crypto/rc4/rc4_enc.c
#14 5.084 gcc -I/shim/gnu-efi//lib -I/shim/gnu-efi/inc -I/shim/gnu-efi/inc/x86_64 -I/shim/gnu-efi/inc/protocol -Wno-error=pragmas -mno-red-zone -mno-avx -fpic  -Os -Wall -Wextra -Wno-missing-field-initializers -Werror -fshort-wchar -fno-strict-aliasing -ffreestanding -fno-stack-protector -fno-stack-check -nostdinc   -isystem /shim/gnu-efi/../include/system -isystem /usr/lib/gcc/x86_64-linux-gnu/14/include -fno-merge-all-constants -DCONFIG_x86_64 -DGNU_EFI_USE_MS_ABI -DGNU_EFI_USE_EXTERNAL_STDARG -maccumulate-outgoing-args --std=c11 -c /shim/gnu-efi//lib/cmdline.c -o cmdline.o
#14 5.117 gcc -I/shim/gnu-efi//lib -I/shim/gnu-efi/inc -I/shim/gnu-efi/inc/x86_64 -I/shim/gnu-efi/inc/protocol -Wno-error=pragmas -mno-red-zone -mno-avx -fpic  -Os -Wall -Wextra -Wno-missing-field-initializers -Werror -fshort-wchar -fno-strict-aliasing -ffreestanding -fno-stack-protector -fno-stack-check -nostdinc   -isystem /shim/gnu-efi/../include/system -isystem /usr/lib/gcc/x86_64-linux-gnu/14/include -fno-merge-all-constants -DCONFIG_x86_64 -DGNU_EFI_USE_MS_ABI -DGNU_EFI_USE_EXTERNAL_STDARG -maccumulate-outgoing-args --std=c11 -c /shim/gnu-efi//lib/runtime/rtlock.c -o runtime/rtlock.o
#14 5.134 gcc -I/shim/gnu-efi//lib -I/shim/gnu-efi/inc -I/shim/gnu-efi/inc/x86_64 -I/shim/gnu-efi/inc/protocol -Wno-error=pragmas -mno-red-zone -mno-avx -fpic  -Os -Wall -Wextra -Wno-missing-field-initializers -Werror -fshort-wchar -fno-strict-aliasing -ffreestanding -fno-stack-protector -fno-stack-check -nostdinc   -isystem /shim/gnu-efi/../include/system -isystem /usr/lib/gcc/x86_64-linux-gnu/14/include -fno-merge-all-constants -DCONFIG_x86_64 -DGNU_EFI_USE_MS_ABI -DGNU_EFI_USE_EXTERNAL_STDARG -maccumulate-outgoing-args --std=c11 -c /shim/gnu-efi//lib/runtime/efirtlib.c -o runtime/efirtlib.o
#14 5.140 gcc -std=gnu11 -ggdb -gdwarf-4 -gstrict-dwarf -ffreestanding -fmacro-prefix-map=/shim/= -fno-stack-protector -fno-strict-aliasing -fpic -fshort-wchar -nostdinc -m64 -mno-mmx -mno-sse -mno-red-zone -maccumulate-outgoing-args -Os -Wall -Wextra -Wno-missing-field-initializers -Wno-empty-body -Wno-implicit-fallthrough -Wno-old-style-declaration -Wno-unused-but-set-variable -Wno-unused-parameter -Werror -Wno-error=unused-but-set-variable -Wno-error=unused-parameter -I/shim/Cryptlib/OpenSSL -I/shim/Cryptlib -I/shim/Cryptlib/OpenSSL/Include/ -I/shim/Cryptlib/OpenSSL/crypto -I/shim/Cryptlib/Include -I/shim/gnu-efi/inc -I/shim/gnu-efi/inc/x86_64 -I/shim/gnu-efi/inc/protocol -I/shim/Cryptlib/OpenSSL/crypto/asn1 -I/shim/Cryptlib/OpenSSL/crypto/evp -I/shim/Cryptlib/OpenSSL/crypto/modes -I/shim/Cryptlib/OpenSSL/crypto/include -isystem /shim/include/system -isystem /usr/lib/gcc/x86_64-linux-gnu/14/include -DL_ENDIAN -D_CRT_SECURE_NO_DEPRECATE -D_CRT_NONSTDC_NO_DEPRECATE -DOPENSSL_SMALL_FOOTPRINT -DPEDANTIC -DMDE_CPU_X64   -c -o crypto/rc4/rc4_skey.o crypto/rc4/rc4_skey.c
#14 5.150 gcc -I/shim/gnu-efi//lib -I/shim/gnu-efi/inc -I/shim/gnu-efi/inc/x86_64 -I/shim/gnu-efi/inc/protocol -Wno-error=pragmas -mno-red-zone -mno-avx -fpic  -Os -Wall -Wextra -Wno-missing-field-initializers -Werror -fshort-wchar -fno-strict-aliasing -ffreestanding -fno-stack-protector -fno-stack-check -nostdinc   -isystem /shim/gnu-efi/../include/system -isystem /usr/lib/gcc/x86_64-linux-gnu/14/include -fno-merge-all-constants -DCONFIG_x86_64 -DGNU_EFI_USE_MS_ABI -DGNU_EFI_USE_EXTERNAL_STDARG -maccumulate-outgoing-args --std=c11 -c /shim/gnu-efi//lib/runtime/rtstr.c -o runtime/rtstr.o
#14 5.170 gcc -I/shim/gnu-efi//lib -I/shim/gnu-efi/inc -I/shim/gnu-efi/inc/x86_64 -I/shim/gnu-efi/inc/protocol -Wno-error=pragmas -mno-red-zone -mno-avx -fpic  -Os -Wall -Wextra -Wno-missing-field-initializers -Werror -fshort-wchar -fno-strict-aliasing -ffreestanding -fno-stack-protector -fno-stack-check -nostdinc   -isystem /shim/gnu-efi/../include/system -isystem /usr/lib/gcc/x86_64-linux-gnu/14/include -fno-merge-all-constants -DCONFIG_x86_64 -DGNU_EFI_USE_MS_ABI -DGNU_EFI_USE_EXTERNAL_STDARG -maccumulate-outgoing-args --std=c11 -c /shim/gnu-efi//lib/runtime/vm.c -o runtime/vm.o
#14 5.198 gcc -std=gnu11 -ggdb -gdwarf-4 -gstrict-dwarf -ffreestanding -fmacro-prefix-map=/shim/= -fno-stack-protector -fno-strict-aliasing -fpic -fshort-wchar -nostdinc -m64 -mno-mmx -mno-sse -mno-red-zone -maccumulate-outgoing-args -Os -Wall -Wextra -Wno-missing-field-initializers -Wno-empty-body -Wno-implicit-fallthrough -Wno-old-style-declaration -Wno-unused-but-set-variable -Wno-unused-parameter -Werror -Wno-error=unused-but-set-variable -Wno-error=unused-parameter -I/shim/Cryptlib/OpenSSL -I/shim/Cryptlib -I/shim/Cryptlib/OpenSSL/Include/ -I/shim/Cryptlib/OpenSSL/crypto -I/shim/Cryptlib/Include -I/shim/gnu-efi/inc -I/shim/gnu-efi/inc/x86_64 -I/shim/gnu-efi/inc/protocol -I/shim/Cryptlib/OpenSSL/crypto/asn1 -I/shim/Cryptlib/OpenSSL/crypto/evp -I/shim/Cryptlib/OpenSSL/crypto/modes -I/shim/Cryptlib/OpenSSL/crypto/include -isystem /shim/include/system -isystem /usr/lib/gcc/x86_64-linux-gnu/14/include -DL_ENDIAN -D_CRT_SECURE_NO_DEPRECATE -D_CRT_NONSTDC_NO_DEPRECATE -DOPENSSL_SMALL_FOOTPRINT -DPEDANTIC -DMDE_CPU_X64   -c -o crypto/rc4/rc4_utl.o crypto/rc4/rc4_utl.c
#14 5.213 gcc -I/shim/gnu-efi//lib -I/shim/gnu-efi/inc -I/shim/gnu-efi/inc/x86_64 -I/shim/gnu-efi/inc/protocol -Wno-error=pragmas -mno-red-zone -mno-avx -fpic  -Os -Wall -Wextra -Wno-missing-field-initializers -Werror -fshort-wchar -fno-strict-aliasing -ffreestanding -fno-stack-protector -fno-stack-check -nostdinc   -isystem /shim/gnu-efi/../include/system -isystem /usr/lib/gcc/x86_64-linux-gnu/14/include -fno-merge-all-constants -DCONFIG_x86_64 -DGNU_EFI_USE_MS_ABI -DGNU_EFI_USE_EXTERNAL_STDARG -maccumulate-outgoing-args --std=c11 -c /shim/gnu-efi//lib/runtime/rtdata.c -o runtime/rtdata.o
#14 5.217 gcc -std=gnu11 -Og -g3 -Wall -Wextra -Wno-missing-field-initializers -Werror -o post-process-pe /shim/post-process-pe.c
#14 5.223 gcc -std=gnu11 -ggdb -gdwarf-4 -gstrict-dwarf -ffreestanding -fmacro-prefix-map=/shim/= -fno-stack-protector -fno-strict-aliasing -fpic -fshort-wchar -nostdinc -m64 -mno-mmx -mno-sse -mno-red-zone -maccumulate-outgoing-args -Os -Wall -Wextra -Wno-missing-field-initializers -Wno-empty-body -Wno-implicit-fallthrough -Wno-old-style-declaration -Wno-unused-but-set-variable -Wno-unused-parameter -Werror -Wno-error=unused-but-set-variable -Wno-error=unused-parameter -I/shim/Cryptlib/OpenSSL -I/shim/Cryptlib -I/shim/Cryptlib/OpenSSL/Include/ -I/shim/Cryptlib/OpenSSL/crypto -I/shim/Cryptlib/Include -I/shim/gnu-efi/inc -I/shim/gnu-efi/inc/x86_64 -I/shim/gnu-efi/inc/protocol -I/shim/Cryptlib/OpenSSL/crypto/asn1 -I/shim/Cryptlib/OpenSSL/crypto/evp -I/shim/Cryptlib/OpenSSL/crypto/modes -I/shim/Cryptlib/OpenSSL/crypto/include -isystem /shim/include/system -isystem /usr/lib/gcc/x86_64-linux-gnu/14/include -DL_ENDIAN -D_CRT_SECURE_NO_DEPRECATE -D_CRT_NONSTDC_NO_DEPRECATE -DOPENSSL_SMALL_FOOTPRINT -DPEDANTIC -DMDE_CPU_X64   -c -o crypto/aes/aes_misc.o crypto/aes/aes_misc.c
#14 5.242 gcc -I/shim/gnu-efi//lib -I/shim/gnu-efi/inc -I/shim/gnu-efi/inc/x86_64 -I/shim/gnu-efi/inc/protocol -Wno-error=pragmas -mno-red-zone -mno-avx -fpic  -Os -Wall -Wextra -Wno-missing-field-initializers -Werror -fshort-wchar -fno-strict-aliasing -ffreestanding -fno-stack-protector -fno-stack-check -nostdinc   -isystem /shim/gnu-efi/../include/system -isystem /usr/lib/gcc/x86_64-linux-gnu/14/include -fno-merge-all-constants -DCONFIG_x86_64 -DGNU_EFI_USE_MS_ABI -DGNU_EFI_USE_EXTERNAL_STDARG -maccumulate-outgoing-args --std=c11 -c /shim/gnu-efi//lib/x86_64/initplat.c -o x86_64/initplat.o
#14 5.267 gcc -std=gnu11 -ggdb -gdwarf-4 -gstrict-dwarf -ffreestanding -fmacro-prefix-map=/shim/= -fno-stack-protector -fno-strict-aliasing -fpic -fshort-wchar -nostdinc -m64 -mno-mmx -mno-sse -mno-red-zone -maccumulate-outgoing-args -Os -Wall -Wextra -Wno-missing-field-initializers -Wno-empty-body -Wno-implicit-fallthrough -Wno-old-style-declaration -Wno-unused-but-set-variable -Wno-unused-parameter -Werror -Wno-error=unused-but-set-variable -Wno-error=unused-parameter -I/shim/Cryptlib/OpenSSL -I/shim/Cryptlib -I/shim/Cryptlib/OpenSSL/Include/ -I/shim/Cryptlib/OpenSSL/crypto -I/shim/Cryptlib/Include -I/shim/gnu-efi/inc -I/shim/gnu-efi/inc/x86_64 -I/shim/gnu-efi/inc/protocol -I/shim/Cryptlib/OpenSSL/crypto/asn1 -I/shim/Cryptlib/OpenSSL/crypto/evp -I/shim/Cryptlib/OpenSSL/crypto/modes -I/shim/Cryptlib/OpenSSL/crypto/include -isystem /shim/include/system -isystem /usr/lib/gcc/x86_64-linux-gnu/14/include -DL_ENDIAN -D_CRT_SECURE_NO_DEPRECATE -D_CRT_NONSTDC_NO_DEPRECATE -DOPENSSL_SMALL_FOOTPRINT -DPEDANTIC -DMDE_CPU_X64   -c -o crypto/aes/aes_ecb.o crypto/aes/aes_ecb.c
#14 5.271 gcc -I/shim/gnu-efi//lib -I/shim/gnu-efi/inc -I/shim/gnu-efi/inc/x86_64 -I/shim/gnu-efi/inc/protocol -Wno-error=pragmas -mno-red-zone -mno-avx -fpic  -Os -Wall -Wextra -Wno-missing-field-initializers -Werror -fshort-wchar -fno-strict-aliasing -ffreestanding -fno-stack-protector -fno-stack-check -nostdinc   -isystem /shim/gnu-efi/../include/system -isystem /usr/lib/gcc/x86_64-linux-gnu/14/include -fno-merge-all-constants -DCONFIG_x86_64 -DGNU_EFI_USE_MS_ABI -DGNU_EFI_USE_EXTERNAL_STDARG -maccumulate-outgoing-args --std=c11 -c /shim/gnu-efi//lib/str.c -o str.o
#14 5.278 gcc -I/shim/gnu-efi//lib -I/shim/gnu-efi/inc -I/shim/gnu-efi/inc/x86_64 -I/shim/gnu-efi/inc/protocol -Wno-error=pragmas -mno-red-zone -mno-avx -fpic  -Os -Wall -Wextra -Wno-missing-field-initializers -Werror -fshort-wchar -fno-strict-aliasing -ffreestanding -fno-stack-protector -fno-stack-check -nostdinc   -isystem /shim/gnu-efi/../include/system -isystem /usr/lib/gcc/x86_64-linux-gnu/14/include -fno-merge-all-constants -DCONFIG_x86_64 -DGNU_EFI_USE_MS_ABI -DGNU_EFI_USE_EXTERNAL_STDARG -maccumulate-outgoing-args --std=c11 -c /shim/gnu-efi//lib/x86_64/math.c -o x86_64/math.o
#14 5.307 gcc -std=gnu11 -ggdb -gdwarf-4 -gstrict-dwarf -ffreestanding -fmacro-prefix-map=/shim/= -fno-stack-protector -fno-strict-aliasing -fpic -fshort-wchar -nostdinc -m64 -mno-mmx -mno-sse -mno-red-zone -maccumulate-outgoing-args -Os -Wall -Wextra -Wno-missing-field-initializers -Wno-empty-body -Wno-implicit-fallthrough -Wno-old-style-declaration -Wno-unused-but-set-variable -Wno-unused-parameter -Werror -Wno-error=unused-but-set-variable -Wno-error=unused-parameter -I/shim/Cryptlib/OpenSSL -I/shim/Cryptlib -I/shim/Cryptlib/OpenSSL/Include/ -I/shim/Cryptlib/OpenSSL/crypto -I/shim/Cryptlib/Include -I/shim/gnu-efi/inc -I/shim/gnu-efi/inc/x86_64 -I/shim/gnu-efi/inc/protocol -I/shim/Cryptlib/OpenSSL/crypto/asn1 -I/shim/Cryptlib/OpenSSL/crypto/evp -I/shim/Cryptlib/OpenSSL/crypto/modes -I/shim/Cryptlib/OpenSSL/crypto/include -isystem /shim/include/system -isystem /usr/lib/gcc/x86_64-linux-gnu/14/include -DL_ENDIAN -D_CRT_SECURE_NO_DEPRECATE -D_CRT_NONSTDC_NO_DEPRECATE -DOPENSSL_SMALL_FOOTPRINT -DPEDANTIC -DMDE_CPU_X64   -c -o crypto/aes/aes_cfb.o crypto/aes/aes_cfb.c
#14 5.320 gcc -I/shim/gnu-efi//lib -I/shim/gnu-efi/inc -I/shim/gnu-efi/inc/x86_64 -I/shim/gnu-efi/inc/protocol -Wno-error=pragmas -mno-red-zone -mno-avx -fpic  -Os -Wall -Wextra -Wno-missing-field-initializers -Werror -fshort-wchar -fno-strict-aliasing -ffreestanding -fno-stack-protector -fno-stack-check -nostdinc   -isystem /shim/gnu-efi/../include/system -isystem /usr/lib/gcc/x86_64-linux-gnu/14/include -fno-merge-all-constants -DCONFIG_x86_64 -DGNU_EFI_USE_MS_ABI -DGNU_EFI_USE_EXTERNAL_STDARG -maccumulate-outgoing-args --std=c11 -c /shim/gnu-efi//lib/x86_64/setjmp.S -o x86_64/setjmp.o
#14 5.337 /shim/gnu-efi//lib/x86_64/setjmp.S: Assembler messages:
#14 5.337 /shim/gnu-efi//lib/x86_64/setjmp.S:49: Warning: setting incorrect section attributes for .note.GNU-stack
#14 5.338 gcc -I/shim/gnu-efi//lib -I/shim/gnu-efi/inc -I/shim/gnu-efi/inc/x86_64 -I/shim/gnu-efi/inc/protocol -Wno-error=pragmas -mno-red-zone -mno-avx -fpic  -Os -Wall -Wextra -Wno-missing-field-initializers -Werror -fshort-wchar -fno-strict-aliasing -ffreestanding -fno-stack-protector -fno-stack-check -nostdinc   -isystem /shim/gnu-efi/../include/system -isystem /usr/lib/gcc/x86_64-linux-gnu/14/include -fno-merge-all-constants -DCONFIG_x86_64 -DGNU_EFI_USE_MS_ABI -DGNU_EFI_USE_EXTERNAL_STDARG -maccumulate-outgoing-args --std=c11 -c /shim/gnu-efi//lib/x86_64/callwrap.c -o x86_64/callwrap.o
#14 5.339 gcc -std=gnu11 -ggdb -gdwarf-4 -gstrict-dwarf -ffreestanding -fmacro-prefix-map=/shim/= -fno-stack-protector -fno-strict-aliasing -fpic -fshort-wchar -nostdinc -m64 -mno-mmx -mno-sse -mno-red-zone -maccumulate-outgoing-args -Os -Wall -Wextra -Wno-missing-field-initializers -Wno-empty-body -Wno-implicit-fallthrough -Wno-old-style-declaration -Wno-unused-but-set-variable -Wno-unused-parameter -Werror -Wno-error=unused-but-set-variable -Wno-error=unused-parameter -I/shim/Cryptlib/OpenSSL -I/shim/Cryptlib -I/shim/Cryptlib/OpenSSL/Include/ -I/shim/Cryptlib/OpenSSL/crypto -I/shim/Cryptlib/Include -I/shim/gnu-efi/inc -I/shim/gnu-efi/inc/x86_64 -I/shim/gnu-efi/inc/protocol -I/shim/Cryptlib/OpenSSL/crypto/asn1 -I/shim/Cryptlib/OpenSSL/crypto/evp -I/shim/Cryptlib/OpenSSL/crypto/modes -I/shim/Cryptlib/OpenSSL/crypto/include -isystem /shim/include/system -isystem /usr/lib/gcc/x86_64-linux-gnu/14/include -DL_ENDIAN -D_CRT_SECURE_NO_DEPRECATE -D_CRT_NONSTDC_NO_DEPRECATE -DOPENSSL_SMALL_FOOTPRINT -DPEDANTIC -DMDE_CPU_X64   -c -o crypto/aes/aes_ofb.o crypto/aes/aes_ofb.c
#14 5.357 gcc -std=gnu11 -ggdb -gdwarf-4 -gstrict-dwarf -ffreestanding -fmacro-prefix-map=/shim/= -fno-stack-protector -fno-strict-aliasing -fpic -fshort-wchar -nostdinc -m64 -mno-mmx -mno-sse -mno-red-zone -maccumulate-outgoing-args -Os -Wall -Wextra -Wno-missing-field-initializers -Wno-empty-body -Wno-implicit-fallthrough -Wno-old-style-declaration -Wno-unused-but-set-variable -Wno-unused-parameter -Werror -Wno-error=unused-but-set-variable -Wno-error=unused-parameter -I/shim/Cryptlib/OpenSSL -I/shim/Cryptlib -I/shim/Cryptlib/OpenSSL/Include/ -I/shim/Cryptlib/OpenSSL/crypto -I/shim/Cryptlib/Include -I/shim/gnu-efi/inc -I/shim/gnu-efi/inc/x86_64 -I/shim/gnu-efi/inc/protocol -I/shim/Cryptlib/OpenSSL/crypto/asn1 -I/shim/Cryptlib/OpenSSL/crypto/evp -I/shim/Cryptlib/OpenSSL/crypto/modes -I/shim/Cryptlib/OpenSSL/crypto/include -isystem /shim/include/system -isystem /usr/lib/gcc/x86_64-linux-gnu/14/include -DL_ENDIAN -D_CRT_SECURE_NO_DEPRECATE -D_CRT_NONSTDC_NO_DEPRECATE -DOPENSSL_SMALL_FOOTPRINT -DPEDANTIC -DMDE_CPU_X64   -c -o crypto/aes/aes_ctr.o crypto/aes/aes_ctr.c
#14 5.362 gcc -I/shim/gnu-efi//lib -I/shim/gnu-efi/inc -I/shim/gnu-efi/inc/x86_64 -I/shim/gnu-efi/inc/protocol -Wno-error=pragmas -mno-red-zone -mno-avx -fpic  -Os -Wall -Wextra -Wno-missing-field-initializers -Werror -fshort-wchar -fno-strict-aliasing -ffreestanding -fno-stack-protector -fno-stack-check -nostdinc   -isystem /shim/gnu-efi/../include/system -isystem /usr/lib/gcc/x86_64-linux-gnu/14/include -fno-merge-all-constants -DCONFIG_x86_64 -DGNU_EFI_USE_MS_ABI -DGNU_EFI_USE_EXTERNAL_STDARG -maccumulate-outgoing-args --std=c11 -c /shim/gnu-efi//lib/x86_64/efi_stub.S -o x86_64/efi_stub.o
#14 5.364 gcc -std=gnu11 -ggdb -gdwarf-4 -gstrict-dwarf -ffreestanding -fmacro-prefix-map=/shim/= -fno-stack-protector -fno-strict-aliasing -fpic -fshort-wchar -Os -Wall -Wextra -Wno-missing-field-initializers  -mno-mmx -mno-sse -mno-red-zone -nostdinc -maccumulate-outgoing-args  -m64 -DMDE_CPU_X64 -DPAGE_SIZE=4096 -Werror -nostdinc -I/shim/Cryptlib -I/shim/Cryptlib/Include -I/shim/gnu-efi/inc -I/shim/gnu-efi/inc/x86_64 -I/shim/gnu-efi/inc/protocol -I/shim/include -iquote /shim -iquote /shim -isystem /shim/include/system -isystem /usr/lib/gcc/x86_64-linux-gnu/14/include -DDEFAULT_LOADER='L"\\\\igelx64.efi"' -DDEFAULT_LOADER_CHAR='"\\\\igelx64.efi"' -DEFI_ARCH='L"x64"' -DDEBUGDIR='L"/usr/lib/debug/usr/share/shim/x64-16.1-16.1/"' -DVENDOR_CERT_FILE=\"debian/igel-uefi-ca.der\" -DVENDOR_DBX_FILE=\"dbx.esl\" -DSBAT_AUTOMATIC_DATE=2025021800 -Wdate-time -D_FORTIFY_SOURCE=2  -c -o MokManager.o MokManager.c
#14 5.372 /shim/gnu-efi//lib/x86_64/efi_stub.S: Assembler messages:
#14 5.372 /shim/gnu-efi//lib/x86_64/efi_stub.S:190: Warning: setting incorrect section attributes for .note.GNU-stack
#14 5.373 x86_64-linux-gnu-gcc-ar -rv -U libefi.a boxdraw.o smbios.o console.o crc.o data.o debug.o dpath.o error.o event.o exit.o guid.o hand.o hw.o init.o lock.o misc.o pause.o print.o sread.o str.o cmdline.o runtime/rtlock.o runtime/efirtlib.o runtime/rtstr.o runtime/vm.o runtime/rtdata.o x86_64/initplat.o x86_64/math.o x86_64/setjmp.o x86_64/callwrap.o x86_64/efi_stub.o
#14 5.386 /usr/bin/ar: creating libefi.a
#14 5.390 gcc -std=gnu11 -ggdb -gdwarf-4 -gstrict-dwarf -ffreestanding -fmacro-prefix-map=/shim/= -fno-stack-protector -fno-strict-aliasing -fpic -fshort-wchar -nostdinc -m64 -mno-mmx -mno-sse -mno-red-zone -maccumulate-outgoing-args -Os -Wall -Wextra -Wno-missing-field-initializers -Wno-empty-body -Wno-implicit-fallthrough -Wno-old-style-declaration -Wno-unused-but-set-variable -Wno-unused-parameter -Werror -Wno-error=unused-but-set-variable -Wno-error=unused-parameter -I/shim/Cryptlib/OpenSSL -I/shim/Cryptlib -I/shim/Cryptlib/OpenSSL/Include/ -I/shim/Cryptlib/OpenSSL/crypto -I/shim/Cryptlib/Include -I/shim/gnu-efi/inc -I/shim/gnu-efi/inc/x86_64 -I/shim/gnu-efi/inc/protocol -I/shim/Cryptlib/OpenSSL/crypto/asn1 -I/shim/Cryptlib/OpenSSL/crypto/evp -I/shim/Cryptlib/OpenSSL/crypto/modes -I/shim/Cryptlib/OpenSSL/crypto/include -isystem /shim/include/system -isystem /usr/lib/gcc/x86_64-linux-gnu/14/include -DL_ENDIAN -D_CRT_SECURE_NO_DEPRECATE -D_CRT_NONSTDC_NO_DEPRECATE -DOPENSSL_SMALL_FOOTPRINT -DPEDANTIC -DMDE_CPU_X64   -c -o crypto/aes/aes_ige.o crypto/aes/aes_ige.c
#14 5.391 a - boxdraw.o
#14 5.391 a - smbios.o
#14 5.391 a - console.o
#14 5.391 a - crc.o
#14 5.391 a - data.o
#14 5.391 a - debug.o
#14 5.391 a - dpath.o
#14 5.391 a - error.o
#14 5.391 a - event.o
#14 5.391 a - exit.o
#14 5.391 a - guid.o
#14 5.391 a - hand.o
#14 5.391 a - hw.o
#14 5.391 a - init.o
#14 5.391 a - lock.o
#14 5.391 a - misc.o
#14 5.391 a - pause.o
#14 5.391 a - print.o
#14 5.391 a - sread.o
#14 5.391 a - str.o
#14 5.391 a - cmdline.o
#14 5.391 a - runtime/rtlock.o
#14 5.391 a - runtime/efirtlib.o
#14 5.391 a - runtime/rtstr.o
#14 5.391 a - runtime/vm.o
#14 5.391 a - runtime/rtdata.o
#14 5.391 a - x86_64/initplat.o
#14 5.391 a - x86_64/math.o
#14 5.391 a - x86_64/setjmp.o
#14 5.391 a - x86_64/callwrap.o
#14 5.391 a - x86_64/efi_stub.o
#14 5.391 make: Leaving directory '/shim/gnu-efi/x86_64/lib'
#14 5.392 mkdir -p /shim/gnu-efi/x86_64/inc
#14 5.396 make -C /shim/gnu-efi/x86_64/inc -f /shim/gnu-efi//inc/Makefile SRCDIR=/shim/gnu-efi//inc ARCH=x86_64
#14 5.397 make: Entering directory '/shim/gnu-efi/x86_64/inc'
#14 5.462 make: Nothing to be done for 'all'.
#14 5.462 make: Leaving directory '/shim/gnu-efi/x86_64/inc'
#14 5.462 mkdir -p /shim/gnu-efi/x86_64/gnuefi
#14 5.465 make -C /shim/gnu-efi/x86_64/gnuefi -f /shim/gnu-efi//gnuefi/Makefile SRCDIR=/shim/gnu-efi//gnuefi ARCH=x86_64
#14 5.466 make: Entering directory '/shim/gnu-efi/x86_64/gnuefi'
#14 5.470 gcc -I/shim/gnu-efi//lib -I/shim/gnu-efi/inc -I/shim/gnu-efi/inc/x86_64 -I/shim/gnu-efi/inc/protocol -Wno-error=pragmas -mno-red-zone -mno-avx -fpic  -Os -Wall -Wextra -Wno-missing-field-initializers -Werror -fshort-wchar -fno-strict-aliasing -ffreestanding -fno-stack-protector -fno-stack-check -nostdinc   -isystem /shim/gnu-efi/../include/system -isystem /usr/lib/gcc/x86_64-linux-gnu/14/include -fno-merge-all-constants -DCONFIG_x86_64 -DGNU_EFI_USE_MS_ABI -DGNU_EFI_USE_EXTERNAL_STDARG -maccumulate-outgoing-args --std=c11 -c /shim/gnu-efi//lib/x86_64/initplat.c -o x86_64/initplat.o
#14 5.492 gcc -std=gnu11 -ggdb -gdwarf-4 -gstrict-dwarf -ffreestanding -fmacro-prefix-map=/shim/= -fno-stack-protector -fno-strict-aliasing -fpic -fshort-wchar -nostdinc -m64 -mno-mmx -mno-sse -mno-red-zone -maccumulate-outgoing-args -Os -Wall -Wextra -Wno-missing-field-initializers -Wno-empty-body -Wno-implicit-fallthrough -Wno-old-style-declaration -Wno-unused-but-set-variable -Wno-unused-parameter -Werror -Wno-error=unused-but-set-variable -Wno-error=unused-parameter -I/shim/Cryptlib/OpenSSL -I/shim/Cryptlib -I/shim/Cryptlib/OpenSSL/Include/ -I/shim/Cryptlib/OpenSSL/crypto -I/shim/Cryptlib/Include -I/shim/gnu-efi/inc -I/shim/gnu-efi/inc/x86_64 -I/shim/gnu-efi/inc/protocol -I/shim/Cryptlib/OpenSSL/crypto/asn1 -I/shim/Cryptlib/OpenSSL/crypto/evp -I/shim/Cryptlib/OpenSSL/crypto/modes -I/shim/Cryptlib/OpenSSL/crypto/include -isystem /shim/include/system -isystem /usr/lib/gcc/x86_64-linux-gnu/14/include -DL_ENDIAN -D_CRT_SECURE_NO_DEPRECATE -D_CRT_NONSTDC_NO_DEPRECATE -DOPENSSL_SMALL_FOOTPRINT -DPEDANTIC -DMDE_CPU_X64   -c -o crypto/aes/aes_wrap.o crypto/aes/aes_wrap.c
#14 5.499 x86_64-linux-gnu-gcc-ar -rv -U libefi.a boxdraw.o smbios.o console.o crc.o data.o debug.o dpath.o error.o event.o exit.o guid.o hand.o hw.o init.o lock.o misc.o pause.o print.o sread.o str.o cmdline.o runtime/rtlock.o runtime/efirtlib.o runtime/rtstr.o runtime/vm.o runtime/rtdata.o x86_64/initplat.o x86_64/math.o x86_64/setjmp.o x86_64/callwrap.o x86_64/efi_stub.o
#14 5.508 r - boxdraw.o
#14 5.508 r - smbios.o
#14 5.508 r - console.o
#14 5.508 r - crc.o
#14 5.508 r - data.o
#14 5.508 r - debug.o
#14 5.508 r - dpath.o
#14 5.508 r - error.o
#14 5.508 r - event.o
#14 5.508 r - exit.o
#14 5.508 r - guid.o
#14 5.508 r - hand.o
#14 5.508 r - hw.o
#14 5.508 r - init.o
#14 5.508 r - lock.o
#14 5.508 r - misc.o
#14 5.508 r - pause.o
#14 5.508 r - print.o
#14 5.508 r - sread.o
#14 5.508 r - str.o
#14 5.508 r - cmdline.o
#14 5.508 r - runtime/rtlock.o
#14 5.508 r - runtime/efirtlib.o
#14 5.508 r - runtime/rtstr.o
#14 5.508 r - runtime/vm.o
#14 5.508 r - runtime/rtdata.o
#14 5.508 r - x86_64/initplat.o
#14 5.508 r - x86_64/math.o
#14 5.508 r - x86_64/setjmp.o
#14 5.508 r - x86_64/callwrap.o
#14 5.508 r - x86_64/efi_stub.o
#14 5.509 make: Leaving directory '/shim/gnu-efi/x86_64/lib'
#14 5.509 mkdir -p /shim/gnu-efi/x86_64/inc
#14 5.512 make -C /shim/gnu-efi/x86_64/inc -f /shim/gnu-efi//inc/Makefile SRCDIR=/shim/gnu-efi//inc ARCH=x86_64
#14 5.513 make: Entering directory '/shim/gnu-efi/x86_64/inc'
#14 5.529 gcc -I/shim/gnu-efi//gnuefi -I/shim/gnu-efi/inc -I/shim/gnu-efi/inc/x86_64 -I/shim/gnu-efi/inc/protocol -Wno-error=pragmas -mno-red-zone -mno-avx -fpic  -Os -Wall -Wextra -Wno-missing-field-initializers -Werror -fshort-wchar -fno-strict-aliasing -ffreestanding -fno-stack-protector -fno-stack-check -nostdinc   -isystem /shim/gnu-efi/../include/system -isystem /usr/lib/gcc/x86_64-linux-gnu/14/include -fno-merge-all-constants -DCONFIG_x86_64 -DGNU_EFI_USE_MS_ABI -DGNU_EFI_USE_EXTERNAL_STDARG -maccumulate-outgoing-args --std=c11 -c /shim/gnu-efi//gnuefi/crt0-efi-x86_64.S -o crt0-efi-x86_64.o
#14 5.539 gcc -std=gnu11 -ggdb -gdwarf-4 -gstrict-dwarf -ffreestanding -fmacro-prefix-map=/shim/= -fno-stack-protector -fno-strict-aliasing -fpic -fshort-wchar -nostdinc -m64 -mno-mmx -mno-sse -mno-red-zone -maccumulate-outgoing-args -Os -Wall -Wextra -Wno-missing-field-initializers -Wno-empty-body -Wno-implicit-fallthrough -Wno-old-style-declaration -Wno-unused-but-set-variable -Wno-unused-parameter -Werror -Wno-error=unused-but-set-variable -Wno-error=unused-parameter -I/shim/Cryptlib/OpenSSL -I/shim/Cryptlib -I/shim/Cryptlib/OpenSSL/Include/ -I/shim/Cryptlib/OpenSSL/crypto -I/shim/Cryptlib/Include -I/shim/gnu-efi/inc -I/shim/gnu-efi/inc/x86_64 -I/shim/gnu-efi/inc/protocol -I/shim/Cryptlib/OpenSSL/crypto/asn1 -I/shim/Cryptlib/OpenSSL/crypto/evp -I/shim/Cryptlib/OpenSSL/crypto/modes -I/shim/Cryptlib/OpenSSL/crypto/include -isystem /shim/include/system -isystem /usr/lib/gcc/x86_64-linux-gnu/14/include -DL_ENDIAN -D_CRT_SECURE_NO_DEPRECATE -D_CRT_NONSTDC_NO_DEPRECATE -DOPENSSL_SMALL_FOOTPRINT -DPEDANTIC -DMDE_CPU_X64   -c -o crypto/aes/aes_core.o crypto/aes/aes_core.c
#14 5.539 make: Nothing to be done for 'all'.
#14 5.539 make: Leaving directory '/shim/gnu-efi/x86_64/inc'
#14 5.539 mkdir -p /shim/gnu-efi/x86_64/gnuefi
#14 5.544 make -C /shim/gnu-efi/x86_64/gnuefi -f /shim/gnu-efi//gnuefi/Makefile SRCDIR=/shim/gnu-efi//gnuefi ARCH=x86_64
#14 5.545 make: Entering directory '/shim/gnu-efi/x86_64/gnuefi'
#14 5.552 /shim/gnu-efi//gnuefi/crt0-efi-x86_64.S: Assembler messages:
#14 5.552 /shim/gnu-efi//gnuefi/crt0-efi-x86_64.S:75: Warning: setting incorrect section attributes for .note.GNU-stack
#14 5.553 gcc -I/shim/gnu-efi//gnuefi -I/shim/gnu-efi/inc -I/shim/gnu-efi/inc/x86_64 -I/shim/gnu-efi/inc/protocol -Wno-error=pragmas -mno-red-zone -mno-avx -fpic  -Os -Wall -Wextra -Wno-missing-field-initializers -Werror -fshort-wchar -fno-strict-aliasing -ffreestanding -fno-stack-protector -fno-stack-check -nostdinc   -isystem /shim/gnu-efi/../include/system -isystem /usr/lib/gcc/x86_64-linux-gnu/14/include -fno-merge-all-constants -DCONFIG_x86_64 -DGNU_EFI_USE_MS_ABI -DGNU_EFI_USE_EXTERNAL_STDARG -maccumulate-outgoing-args --std=c11 -c /shim/gnu-efi//gnuefi/reloc_x86_64.c -o reloc_x86_64.o
#14 5.587 gcc -I/shim/gnu-efi//gnuefi -I/shim/gnu-efi/inc -I/shim/gnu-efi/inc/x86_64 -I/shim/gnu-efi/inc/protocol -Wno-error=pragmas -mno-red-zone -mno-avx -fpic  -Os -Wall -Wextra -Wno-missing-field-initializers -Werror -fshort-wchar -fno-strict-aliasing -ffreestanding -fno-stack-protector -fno-stack-check -nostdinc   -isystem /shim/gnu-efi/../include/system -isystem /usr/lib/gcc/x86_64-linux-gnu/14/include -fno-merge-all-constants -DCONFIG_x86_64 -DGNU_EFI_USE_MS_ABI -DGNU_EFI_USE_EXTERNAL_STDARG -maccumulate-outgoing-args --std=c11 -c /shim/gnu-efi//gnuefi/reloc_x86_64.c -o reloc_x86_64.o
#14 5.593 x86_64-linux-gnu-gcc-ar -rv -U libgnuefi.a reloc_x86_64.o
#14 5.604 /usr/bin/ar: creating libgnuefi.a
#14 5.605 a - reloc_x86_64.o
#14 5.605 make: Leaving directory '/shim/gnu-efi/x86_64/gnuefi'
#14 5.605 make: Leaving directory '/shim/gnu-efi'
#14 5.606 gcc -std=gnu11 -ggdb -gdwarf-4 -gstrict-dwarf -ffreestanding -fmacro-prefix-map=/shim/= -fno-stack-protector -fno-strict-aliasing -fpic -fshort-wchar -Os -Wall -Wextra -Wno-missing-field-initializers  -mno-mmx -mno-sse -mno-red-zone -nostdinc -maccumulate-outgoing-args  -m64 -DMDE_CPU_X64 -DPAGE_SIZE=4096 -Werror -nostdinc -I/shim/Cryptlib -I/shim/Cryptlib/Include -I/shim/gnu-efi/inc -I/shim/gnu-efi/inc/x86_64 -I/shim/gnu-efi/inc/protocol -I/shim/include -iquote /shim -iquote /shim -isystem /shim/include/system -isystem /usr/lib/gcc/x86_64-linux-gnu/14/include -DDEFAULT_LOADER='L"\\\\igelx64.efi"' -DDEFAULT_LOADER_CHAR='"\\\\igelx64.efi"' -DEFI_ARCH='L"x64"' -DDEBUGDIR='L"/usr/lib/debug/usr/share/shim/x64-16.1-16.1/"' -DVENDOR_CERT_FILE=\"debian/igel-uefi-ca.der\" -DVENDOR_DBX_FILE=\"dbx.esl\" -DSBAT_AUTOMATIC_DATE=2025021800 -Wdate-time -D_FORTIFY_SOURCE=2  -c -o PasswordCrypt.o PasswordCrypt.c
#14 5.623 x86_64-linux-gnu-gcc-ar -rv -U libgnuefi.a reloc_x86_64.o
#14 5.668 r - reloc_x86_64.o
#14 5.669 make: Leaving directory '/shim/gnu-efi/x86_64/gnuefi'
#14 5.669 make: Leaving directory '/shim/gnu-efi'
#14 5.670 gcc -std=gnu11 -ggdb -gdwarf-4 -gstrict-dwarf -ffreestanding -fmacro-prefix-map=/shim/= -fno-stack-protector -fno-strict-aliasing -fpic -fshort-wchar -Os -Wall -Wextra -Wno-missing-field-initializers  -mno-mmx -mno-sse -mno-red-zone -nostdinc -maccumulate-outgoing-args  -m64 -DMDE_CPU_X64 -DPAGE_SIZE=4096 -Werror -nostdinc -I/shim/Cryptlib -I/shim/Cryptlib/Include -I/shim/gnu-efi/inc -I/shim/gnu-efi/inc/x86_64 -I/shim/gnu-efi/inc/protocol -I/shim/include -iquote /shim -iquote /shim -isystem /shim/include/system -isystem /usr/lib/gcc/x86_64-linux-gnu/14/include -DDEFAULT_LOADER='L"\\\\igelx64.efi"' -DDEFAULT_LOADER_CHAR='"\\\\igelx64.efi"' -DEFI_ARCH='L"x64"' -DDEBUGDIR='L"/usr/lib/debug/usr/share/shim/x64-16.1-16.1/"' -DVENDOR_CERT_FILE=\"debian/igel-uefi-ca.der\" -DVENDOR_DBX_FILE=\"dbx.esl\" -DSBAT_AUTOMATIC_DATE=2025021800 -Wdate-time -D_FORTIFY_SOURCE=2  -c -o crypt_blowfish.o crypt_blowfish.c
#14 5.687 gcc -std=gnu11 -ggdb -gdwarf-4 -gstrict-dwarf -ffreestanding -fmacro-prefix-map=/shim/= -fno-stack-protector -fno-strict-aliasing -fpic -fshort-wchar -nostdinc -m64 -mno-mmx -mno-sse -mno-red-zone -maccumulate-outgoing-args -Os -Wall -Wextra -Wno-missing-field-initializers -Wno-empty-body -Wno-implicit-fallthrough -Wno-old-style-declaration -Wno-unused-but-set-variable -Wno-unused-parameter -Werror -Wno-error=unused-but-set-variable -Wno-error=unused-parameter -I/shim/Cryptlib/OpenSSL -I/shim/Cryptlib -I/shim/Cryptlib/OpenSSL/Include/ -I/shim/Cryptlib/OpenSSL/crypto -I/shim/Cryptlib/Include -I/shim/gnu-efi/inc -I/shim/gnu-efi/inc/x86_64 -I/shim/gnu-efi/inc/protocol -I/shim/Cryptlib/OpenSSL/crypto/asn1 -I/shim/Cryptlib/OpenSSL/crypto/evp -I/shim/Cryptlib/OpenSSL/crypto/modes -I/shim/Cryptlib/OpenSSL/crypto/include -isystem /shim/include/system -isystem /usr/lib/gcc/x86_64-linux-gnu/14/include -DL_ENDIAN -D_CRT_SECURE_NO_DEPRECATE -D_CRT_NONSTDC_NO_DEPRECATE -DOPENSSL_SMALL_FOOTPRINT -DPEDANTIC -DMDE_CPU_X64   -c -o crypto/aes/aes_cbc.o crypto/aes/aes_cbc.c
#14 5.719 gcc -std=gnu11 -ggdb -gdwarf-4 -gstrict-dwarf -ffreestanding -fmacro-prefix-map=/shim/= -fno-stack-protector -fno-strict-aliasing -fpic -fshort-wchar -nostdinc -m64 -mno-mmx -mno-sse -mno-red-zone -maccumulate-outgoing-args -Os -Wall -Wextra -Wno-missing-field-initializers -Wno-empty-body -Wno-implicit-fallthrough -Wno-old-style-declaration -Wno-unused-but-set-variable -Wno-unused-parameter -Werror -Wno-error=unused-but-set-variable -Wno-error=unused-parameter -I/shim/Cryptlib/OpenSSL -I/shim/Cryptlib -I/shim/Cryptlib/OpenSSL/Include/ -I/shim/Cryptlib/OpenSSL/crypto -I/shim/Cryptlib/Include -I/shim/gnu-efi/inc -I/shim/gnu-efi/inc/x86_64 -I/shim/gnu-efi/inc/protocol -I/shim/Cryptlib/OpenSSL/crypto/asn1 -I/shim/Cryptlib/OpenSSL/crypto/evp -I/shim/Cryptlib/OpenSSL/crypto/modes -I/shim/Cryptlib/OpenSSL/crypto/include -isystem /shim/include/system -isystem /usr/lib/gcc/x86_64-linux-gnu/14/include -DL_ENDIAN -D_CRT_SECURE_NO_DEPRECATE -D_CRT_NONSTDC_NO_DEPRECATE -DOPENSSL_SMALL_FOOTPRINT -DPEDANTIC -DMDE_CPU_X64   -c -o crypto/modes/cbc128.o crypto/modes/cbc128.c
#14 5.740 gcc -std=gnu11 -ggdb -gdwarf-4 -gstrict-dwarf -ffreestanding -fmacro-prefix-map=/shim/= -fno-stack-protector -fno-strict-aliasing -fpic -fshort-wchar -Os -Wall -Wextra -Wno-missing-field-initializers  -mno-mmx -mno-sse -mno-red-zone -nostdinc -maccumulate-outgoing-args  -m64 -DMDE_CPU_X64 -DPAGE_SIZE=4096 -Werror -nostdinc -I/shim/Cryptlib -I/shim/Cryptlib/Include -I/shim/gnu-efi/inc -I/shim/gnu-efi/inc/x86_64 -I/shim/gnu-efi/inc/protocol -I/shim/include -iquote /shim -iquote /shim -isystem /shim/include/system -isystem /usr/lib/gcc/x86_64-linux-gnu/14/include -DDEFAULT_LOADER='L"\\\\igelx64.efi"' -DDEFAULT_LOADER_CHAR='"\\\\igelx64.efi"' -DEFI_ARCH='L"x64"' -DDEBUGDIR='L"/usr/lib/debug/usr/share/shim/x64-16.1-16.1/"' -DVENDOR_CERT_FILE=\"debian/igel-uefi-ca.der\" -DVENDOR_DBX_FILE=\"dbx.esl\" -DSBAT_AUTOMATIC_DATE=2025021800 -Wdate-time -D_FORTIFY_SOURCE=2  -c -o fallback.o fallback.c
#14 5.805 gcc -std=gnu11 -ggdb -gdwarf-4 -gstrict-dwarf -ffreestanding -fmacro-prefix-map=/shim/= -fno-stack-protector -fno-strict-aliasing -fpic -fshort-wchar -nostdinc -m64 -mno-mmx -mno-sse -mno-red-zone -maccumulate-outgoing-args -Os -Wall -Wextra -Wno-missing-field-initializers -Wno-empty-body -Wno-implicit-fallthrough -Wno-old-style-declaration -Wno-unused-but-set-variable -Wno-unused-parameter -Werror -Wno-error=unused-but-set-variable -Wno-error=unused-parameter -I/shim/Cryptlib/OpenSSL -I/shim/Cryptlib -I/shim/Cryptlib/OpenSSL/Include/ -I/shim/Cryptlib/OpenSSL/crypto -I/shim/Cryptlib/Include -I/shim/gnu-efi/inc -I/shim/gnu-efi/inc/x86_64 -I/shim/gnu-efi/inc/protocol -I/shim/Cryptlib/OpenSSL/crypto/asn1 -I/shim/Cryptlib/OpenSSL/crypto/evp -I/shim/Cryptlib/OpenSSL/crypto/modes -I/shim/Cryptlib/OpenSSL/crypto/include -isystem /shim/include/system -isystem /usr/lib/gcc/x86_64-linux-gnu/14/include -DL_ENDIAN -D_CRT_SECURE_NO_DEPRECATE -D_CRT_NONSTDC_NO_DEPRECATE -DOPENSSL_SMALL_FOOTPRINT -DPEDANTIC -DMDE_CPU_X64   -c -o crypto/modes/ctr128.o crypto/modes/ctr128.c
#14 5.894 gcc -std=gnu11 -ggdb -gdwarf-4 -gstrict-dwarf -ffreestanding -fmacro-prefix-map=/shim/= -fno-stack-protector -fno-strict-aliasing -fpic -fshort-wchar -nostdinc -m64 -mno-mmx -mno-sse -mno-red-zone -maccumulate-outgoing-args -Os -Wall -Wextra -Wno-missing-field-initializers -Wno-empty-body -Wno-implicit-fallthrough -Wno-old-style-declaration -Wno-unused-but-set-variable -Wno-unused-parameter -Werror -Wno-error=unused-but-set-variable -Wno-error=unused-parameter -I/shim/Cryptlib/OpenSSL -I/shim/Cryptlib -I/shim/Cryptlib/OpenSSL/Include/ -I/shim/Cryptlib/OpenSSL/crypto -I/shim/Cryptlib/Include -I/shim/gnu-efi/inc -I/shim/gnu-efi/inc/x86_64 -I/shim/gnu-efi/inc/protocol -I/shim/Cryptlib/OpenSSL/crypto/asn1 -I/shim/Cryptlib/OpenSSL/crypto/evp -I/shim/Cryptlib/OpenSSL/crypto/modes -I/shim/Cryptlib/OpenSSL/crypto/include -isystem /shim/include/system -isystem /usr/lib/gcc/x86_64-linux-gnu/14/include -DL_ENDIAN -D_CRT_SECURE_NO_DEPRECATE -D_CRT_NONSTDC_NO_DEPRECATE -DOPENSSL_SMALL_FOOTPRINT -DPEDANTIC -DMDE_CPU_X64   -c -o crypto/modes/cts128.o crypto/modes/cts128.c
#14 6.002 gcc -std=gnu11 -ggdb -gdwarf-4 -gstrict-dwarf -ffreestanding -fmacro-prefix-map=/shim/= -fno-stack-protector -fno-strict-aliasing -fpic -fshort-wchar -nostdinc -m64 -mno-mmx -mno-sse -mno-red-zone -maccumulate-outgoing-args -Os -Wall -Wextra -Wno-missing-field-initializers -Wno-empty-body -Wno-implicit-fallthrough -Wno-old-style-declaration -Wno-unused-but-set-variable -Wno-unused-parameter -Werror -Wno-error=unused-but-set-variable -Wno-error=unused-parameter -I/shim/Cryptlib/OpenSSL -I/shim/Cryptlib -I/shim/Cryptlib/OpenSSL/Include/ -I/shim/Cryptlib/OpenSSL/crypto -I/shim/Cryptlib/Include -I/shim/gnu-efi/inc -I/shim/gnu-efi/inc/x86_64 -I/shim/gnu-efi/inc/protocol -I/shim/Cryptlib/OpenSSL/crypto/asn1 -I/shim/Cryptlib/OpenSSL/crypto/evp -I/shim/Cryptlib/OpenSSL/crypto/modes -I/shim/Cryptlib/OpenSSL/crypto/include -isystem /shim/include/system -isystem /usr/lib/gcc/x86_64-linux-gnu/14/include -DL_ENDIAN -D_CRT_SECURE_NO_DEPRECATE -D_CRT_NONSTDC_NO_DEPRECATE -DOPENSSL_SMALL_FOOTPRINT -DPEDANTIC -DMDE_CPU_X64   -c -o crypto/modes/cfb128.o crypto/modes/cfb128.c
#14 6.053 ./generate_sbat_var_defs /shim > generated_sbat_var_defs.h
#14 6.067 gcc -std=gnu11 -ggdb -gdwarf-4 -gstrict-dwarf -ffreestanding -fmacro-prefix-map=/shim/= -fno-stack-protector -fno-strict-aliasing -fpic -fshort-wchar -nostdinc -m64 -mno-mmx -mno-sse -mno-red-zone -maccumulate-outgoing-args -Os -Wall -Wextra -Wno-missing-field-initializers -Wno-empty-body -Wno-implicit-fallthrough -Wno-old-style-declaration -Wno-unused-but-set-variable -Wno-unused-parameter -Werror -Wno-error=unused-but-set-variable -Wno-error=unused-parameter -I/shim/Cryptlib/OpenSSL -I/shim/Cryptlib -I/shim/Cryptlib/OpenSSL/Include/ -I/shim/Cryptlib/OpenSSL/crypto -I/shim/Cryptlib/Include -I/shim/gnu-efi/inc -I/shim/gnu-efi/inc/x86_64 -I/shim/gnu-efi/inc/protocol -I/shim/Cryptlib/OpenSSL/crypto/asn1 -I/shim/Cryptlib/OpenSSL/crypto/evp -I/shim/Cryptlib/OpenSSL/crypto/modes -I/shim/Cryptlib/OpenSSL/crypto/include -isystem /shim/include/system -isystem /usr/lib/gcc/x86_64-linux-gnu/14/include -DL_ENDIAN -D_CRT_SECURE_NO_DEPRECATE -D_CRT_NONSTDC_NO_DEPRECATE -DOPENSSL_SMALL_FOOTPRINT -DPEDANTIC -DMDE_CPU_X64   -c -o crypto/modes/ofb128.o crypto/modes/ofb128.c
#14 6.086 gcc -std=gnu11 -ggdb -gdwarf-4 -gstrict-dwarf -ffreestanding -fmacro-prefix-map=/shim/= -fno-stack-protector -fno-strict-aliasing -fpic -fshort-wchar -nostdinc -m64 -mno-mmx -mno-sse -mno-red-zone -maccumulate-outgoing-args -Os -Wall -Wextra -Wno-missing-field-initializers -Wno-empty-body -Wno-implicit-fallthrough -Wno-old-style-declaration -Wno-unused-but-set-variable -Wno-unused-parameter -Werror -Wno-error=unused-but-set-variable -Wno-error=unused-parameter -I/shim/Cryptlib/OpenSSL -I/shim/Cryptlib -I/shim/Cryptlib/OpenSSL/Include/ -I/shim/Cryptlib/OpenSSL/crypto -I/shim/Cryptlib/Include -I/shim/gnu-efi/inc -I/shim/gnu-efi/inc/x86_64 -I/shim/gnu-efi/inc/protocol -I/shim/Cryptlib/OpenSSL/crypto/asn1 -I/shim/Cryptlib/OpenSSL/crypto/evp -I/shim/Cryptlib/OpenSSL/crypto/modes -I/shim/Cryptlib/OpenSSL/crypto/include -isystem /shim/include/system -isystem /usr/lib/gcc/x86_64-linux-gnu/14/include -DL_ENDIAN -D_CRT_SECURE_NO_DEPRECATE -D_CRT_NONSTDC_NO_DEPRECATE -DOPENSSL_SMALL_FOOTPRINT -DPEDANTIC -DMDE_CPU_X64   -c -o crypto/modes/gcm128.o crypto/modes/gcm128.c
#14 6.098 gcc -std=gnu11 -ggdb -gdwarf-4 -gstrict-dwarf -ffreestanding -fmacro-prefix-map=/shim/= -fno-stack-protector -fno-strict-aliasing -fpic -fshort-wchar -nostdinc -m64 -mno-mmx -mno-sse -mno-red-zone -maccumulate-outgoing-args -Os -Wall -Wextra -Wno-missing-field-initializers -Wno-empty-body -Wno-implicit-fallthrough -Wno-old-style-declaration -Wno-unused-but-set-variable -Wno-unused-parameter -Werror -Wno-error=unused-but-set-variable -Wno-error=unused-parameter -I/shim/Cryptlib/OpenSSL -I/shim/Cryptlib -I/shim/Cryptlib/OpenSSL/Include/ -I/shim/Cryptlib/OpenSSL/crypto -I/shim/Cryptlib/Include -I/shim/gnu-efi/inc -I/shim/gnu-efi/inc/x86_64 -I/shim/gnu-efi/inc/protocol -I/shim/Cryptlib/OpenSSL/crypto/asn1 -I/shim/Cryptlib/OpenSSL/crypto/evp -I/shim/Cryptlib/OpenSSL/crypto/modes -I/shim/Cryptlib/OpenSSL/crypto/include -isystem /shim/include/system -isystem /usr/lib/gcc/x86_64-linux-gnu/14/include -DL_ENDIAN -D_CRT_SECURE_NO_DEPRECATE -D_CRT_NONSTDC_NO_DEPRECATE -DOPENSSL_SMALL_FOOTPRINT -DPEDANTIC -DMDE_CPU_X64   -c -o crypto/modes/ccm128.o crypto/modes/ccm128.c
#14 6.109 gcc -std=gnu11 -ggdb -gdwarf-4 -gstrict-dwarf -ffreestanding -fmacro-prefix-map=/shim/= -fno-stack-protector -fno-strict-aliasing -fpic -fshort-wchar -nostdinc -m64 -mno-mmx -mno-sse -mno-red-zone -maccumulate-outgoing-args -Os -Wall -Wextra -Wno-missing-field-initializers -Wno-empty-body -Wno-implicit-fallthrough -Wno-old-style-declaration -Wno-unused-but-set-variable -Wno-unused-parameter -Werror -Wno-error=unused-but-set-variable -Wno-error=unused-parameter -I/shim/Cryptlib/OpenSSL -I/shim/Cryptlib -I/shim/Cryptlib/OpenSSL/Include/ -I/shim/Cryptlib/OpenSSL/crypto -I/shim/Cryptlib/Include -I/shim/gnu-efi/inc -I/shim/gnu-efi/inc/x86_64 -I/shim/gnu-efi/inc/protocol -I/shim/Cryptlib/OpenSSL/crypto/asn1 -I/shim/Cryptlib/OpenSSL/crypto/evp -I/shim/Cryptlib/OpenSSL/crypto/modes -I/shim/Cryptlib/OpenSSL/crypto/include -isystem /shim/include/system -isystem /usr/lib/gcc/x86_64-linux-gnu/14/include -DL_ENDIAN -D_CRT_SECURE_NO_DEPRECATE -D_CRT_NONSTDC_NO_DEPRECATE -DOPENSSL_SMALL_FOOTPRINT -DPEDANTIC -DMDE_CPU_X64   -c -o crypto/modes/xts128.o crypto/modes/xts128.c
#14 6.109 gcc -std=gnu11 -ggdb -gdwarf-4 -gstrict-dwarf -ffreestanding -fmacro-prefix-map=/shim/= -fno-stack-protector -fno-strict-aliasing -fpic -fshort-wchar -Os -Wall -Wextra -Wno-missing-field-initializers  -mno-mmx -mno-sse -mno-red-zone -nostdinc -maccumulate-outgoing-args  -m64 -DMDE_CPU_X64 -DPAGE_SIZE=4096 -Werror -nostdinc -I/shim/Cryptlib -I/shim/Cryptlib/Include -I/shim/gnu-efi/inc -I/shim/gnu-efi/inc/x86_64 -I/shim/gnu-efi/inc/protocol -I/shim/include -iquote /shim -iquote /shim -isystem /shim/include/system -isystem /usr/lib/gcc/x86_64-linux-gnu/14/include -DDEFAULT_LOADER='L"\\\\igelx64.efi"' -DDEFAULT_LOADER_CHAR='"\\\\igelx64.efi"' -DEFI_ARCH='L"x64"' -DDEBUGDIR='L"/usr/lib/debug/usr/share/shim/x64-16.1-16.1/"' -DVENDOR_CERT_FILE=\"debian/igel-uefi-ca.der\" -DVENDOR_DBX_FILE=\"dbx.esl\" -DSBAT_AUTOMATIC_DATE=2025021800 -x c -c -o sbat_data.o /dev/null
#14 6.140 x86_64-linux-gnu-objcopy --add-section .sbat=/shim/data/sbat.csv \
#14 6.140 	--set-section-flags .sbat=contents,alloc,load,readonly,data \
#14 6.140 	sbat_data.o
#14 6.142 x86_64-linux-gnu-objcopy --add-section ".sbat.igel=sbat.igel.csv" sbat_data.o
#14 6.145 gcc -std=gnu11 -ggdb -gdwarf-4 -gstrict-dwarf -ffreestanding -fmacro-prefix-map=/shim/= -fno-stack-protector -fno-strict-aliasing -fpic -fshort-wchar -Os -Wall -Wextra -Wno-missing-field-initializers  -mno-mmx -mno-sse -mno-red-zone -nostdinc -maccumulate-outgoing-args  -m64 -DMDE_CPU_X64 -DPAGE_SIZE=4096 -Werror -nostdinc -I/shim/Cryptlib -I/shim/Cryptlib/Include -I/shim/gnu-efi/inc -I/shim/gnu-efi/inc/x86_64 -I/shim/gnu-efi/inc/protocol -I/shim/include -iquote /shim -iquote /shim -isystem /shim/include/system -isystem /usr/lib/gcc/x86_64-linux-gnu/14/include -DDEFAULT_LOADER='L"\\\\igelx64.efi"' -DDEFAULT_LOADER_CHAR='"\\\\igelx64.efi"' -DEFI_ARCH='L"x64"' -DDEBUGDIR='L"/usr/lib/debug/usr/share/shim/x64-16.1-16.1/"' -DVENDOR_CERT_FILE=\"debian/igel-uefi-ca.der\" -DVENDOR_DBX_FILE=\"dbx.esl\" -DSBAT_AUTOMATIC_DATE=2025021800 -c -o sbat_var.o sbat_var.S 
#14 6.193 sbat_var.S: Assembler messages:
#14 6.194 sbat_var.S:24: Warning: setting incorrect section attributes for .note.GNU-stack
#14 6.207 gcc -std=gnu11 -ggdb -gdwarf-4 -gstrict-dwarf -ffreestanding -fmacro-prefix-map=/shim/= -fno-stack-protector -fno-strict-aliasing -fpic -fshort-wchar -nostdinc -m64 -mno-mmx -mno-sse -mno-red-zone -maccumulate-outgoing-args -Os -Wall -Wextra -Wno-missing-field-initializers -Wno-empty-body -Wno-implicit-fallthrough -Wno-old-style-declaration -Wno-unused-but-set-variable -Wno-unused-parameter -Werror -Wno-error=unused-but-set-variable -Wno-error=unused-parameter -I/shim/Cryptlib/OpenSSL -I/shim/Cryptlib -I/shim/Cryptlib/OpenSSL/Include/ -I/shim/Cryptlib/OpenSSL/crypto -I/shim/Cryptlib/Include -I/shim/gnu-efi/inc -I/shim/gnu-efi/inc/x86_64 -I/shim/gnu-efi/inc/protocol -I/shim/Cryptlib/OpenSSL/crypto/asn1 -I/shim/Cryptlib/OpenSSL/crypto/evp -I/shim/Cryptlib/OpenSSL/crypto/modes -I/shim/Cryptlib/OpenSSL/crypto/include -isystem /shim/include/system -isystem /usr/lib/gcc/x86_64-linux-gnu/14/include -DL_ENDIAN -D_CRT_SECURE_NO_DEPRECATE -D_CRT_NONSTDC_NO_DEPRECATE -DOPENSSL_SMALL_FOOTPRINT -DPEDANTIC -DMDE_CPU_X64   -c -o crypto/modes/wrap128.o crypto/modes/wrap128.c
#14 6.212 gcc -std=gnu11 -ggdb -gdwarf-4 -gstrict-dwarf -ffreestanding -fmacro-prefix-map=/shim/= -fno-stack-protector -fno-strict-aliasing -fpic -fshort-wchar -nostdinc -m64 -mno-mmx -mno-sse -mno-red-zone -maccumulate-outgoing-args -Os -Wall -Wextra -Wno-missing-field-initializers -Wno-empty-body -Wno-implicit-fallthrough -Wno-old-style-declaration -Wno-unused-but-set-variable -Wno-unused-parameter -Werror -Wno-error=unused-but-set-variable -Wno-error=unused-parameter -I/shim/Cryptlib/OpenSSL -I/shim/Cryptlib -I/shim/Cryptlib/OpenSSL/Include/ -I/shim/Cryptlib/OpenSSL/crypto -I/shim/Cryptlib/Include -I/shim/gnu-efi/inc -I/shim/gnu-efi/inc/x86_64 -I/shim/gnu-efi/inc/protocol -I/shim/Cryptlib/OpenSSL/crypto/asn1 -I/shim/Cryptlib/OpenSSL/crypto/evp -I/shim/Cryptlib/OpenSSL/crypto/modes -I/shim/Cryptlib/OpenSSL/crypto/include -isystem /shim/include/system -isystem /usr/lib/gcc/x86_64-linux-gnu/14/include -DL_ENDIAN -D_CRT_SECURE_NO_DEPRECATE -D_CRT_NONSTDC_NO_DEPRECATE -DOPENSSL_SMALL_FOOTPRINT -DPEDANTIC -DMDE_CPU_X64   -c -o crypto/bn/bn_add.o crypto/bn/bn_add.c
#14 6.275 gcc -std=gnu11 -ggdb -gdwarf-4 -gstrict-dwarf -ffreestanding -fmacro-prefix-map=/shim/= -fno-stack-protector -fno-strict-aliasing -fpic -fshort-wchar -nostdinc -m64 -mno-mmx -mno-sse -mno-red-zone -maccumulate-outgoing-args -Os -Wall -Wextra -Wno-missing-field-initializers -Wno-empty-body -Wno-implicit-fallthrough -Wno-old-style-declaration -Wno-unused-but-set-variable -Wno-unused-parameter -Werror -Wno-error=unused-but-set-variable -Wno-error=unused-parameter -I/shim/Cryptlib/OpenSSL -I/shim/Cryptlib -I/shim/Cryptlib/OpenSSL/Include/ -I/shim/Cryptlib/OpenSSL/crypto -I/shim/Cryptlib/Include -I/shim/gnu-efi/inc -I/shim/gnu-efi/inc/x86_64 -I/shim/gnu-efi/inc/protocol -I/shim/Cryptlib/OpenSSL/crypto/asn1 -I/shim/Cryptlib/OpenSSL/crypto/evp -I/shim/Cryptlib/OpenSSL/crypto/modes -I/shim/Cryptlib/OpenSSL/crypto/include -isystem /shim/include/system -isystem /usr/lib/gcc/x86_64-linux-gnu/14/include -DL_ENDIAN -D_CRT_SECURE_NO_DEPRECATE -D_CRT_NONSTDC_NO_DEPRECATE -DOPENSSL_SMALL_FOOTPRINT -DPEDANTIC -DMDE_CPU_X64   -c -o crypto/bn/bn_div.o crypto/bn/bn_div.c
#14 6.291 gcc -std=gnu11 -ggdb -gdwarf-4 -gstrict-dwarf -ffreestanding -fmacro-prefix-map=/shim/= -fno-stack-protector -fno-strict-aliasing -fpic -fshort-wchar -nostdinc -m64 -mno-mmx -mno-sse -mno-red-zone -maccumulate-outgoing-args -Os -Wall -Wextra -Wno-missing-field-initializers -Wno-empty-body -Wno-implicit-fallthrough -Wno-old-style-declaration -Wno-unused-but-set-variable -Wno-unused-parameter -Werror -Wno-error=unused-but-set-variable -Wno-error=unused-parameter -I/shim/Cryptlib/OpenSSL -I/shim/Cryptlib -I/shim/Cryptlib/OpenSSL/Include/ -I/shim/Cryptlib/OpenSSL/crypto -I/shim/Cryptlib/Include -I/shim/gnu-efi/inc -I/shim/gnu-efi/inc/x86_64 -I/shim/gnu-efi/inc/protocol -I/shim/Cryptlib/OpenSSL/crypto/asn1 -I/shim/Cryptlib/OpenSSL/crypto/evp -I/shim/Cryptlib/OpenSSL/crypto/modes -I/shim/Cryptlib/OpenSSL/crypto/include -isystem /shim/include/system -isystem /usr/lib/gcc/x86_64-linux-gnu/14/include -DL_ENDIAN -D_CRT_SECURE_NO_DEPRECATE -D_CRT_NONSTDC_NO_DEPRECATE -DOPENSSL_SMALL_FOOTPRINT -DPEDANTIC -DMDE_CPU_X64   -c -o crypto/bn/bn_exp.o crypto/bn/bn_exp.c
#14 6.297 gcc -std=gnu11 -ggdb -gdwarf-4 -gstrict-dwarf -ffreestanding -fmacro-prefix-map=/shim/= -fno-stack-protector -fno-strict-aliasing -fpic -fshort-wchar -Os -Wall -Wextra -Wno-missing-field-initializers  -mno-mmx -mno-sse -mno-red-zone -nostdinc -maccumulate-outgoing-args  -m64 -DMDE_CPU_X64 -DPAGE_SIZE=4096 -Werror -nostdinc -I/shim/Cryptlib -I/shim/Cryptlib/Include -I/shim/gnu-efi/inc -I/shim/gnu-efi/inc/x86_64 -I/shim/gnu-efi/inc/protocol -I/shim/include -iquote /shim -iquote /shim -isystem /shim/include/system -isystem /usr/lib/gcc/x86_64-linux-gnu/14/include -DDEFAULT_LOADER='L"\\\\igelx64.efi"' -DDEFAULT_LOADER_CHAR='"\\\\igelx64.efi"' -DEFI_ARCH='L"x64"' -DDEBUGDIR='L"/usr/lib/debug/usr/share/shim/x64-16.1-16.1/"' -DVENDOR_CERT_FILE=\"debian/igel-uefi-ca.der\" -DVENDOR_DBX_FILE=\"dbx.esl\" -DSBAT_AUTOMATIC_DATE=2025021800 -Wdate-time -D_FORTIFY_SOURCE=2  -c -o shim.o shim.c
#14 6.339 gcc -std=gnu11 -ggdb -gdwarf-4 -gstrict-dwarf -ffreestanding -fmacro-prefix-map=/shim/= -fno-stack-protector -fno-strict-aliasing -fpic -fshort-wchar -nostdinc -m64 -mno-mmx -mno-sse -mno-red-zone -maccumulate-outgoing-args -Os -Wall -Wextra -Wno-missing-field-initializers -Wno-empty-body -Wno-implicit-fallthrough -Wno-old-style-declaration -Wno-unused-but-set-variable -Wno-unused-parameter -Werror -Wno-error=unused-but-set-variable -Wno-error=unused-parameter -I/shim/Cryptlib/OpenSSL -I/shim/Cryptlib -I/shim/Cryptlib/OpenSSL/Include/ -I/shim/Cryptlib/OpenSSL/crypto -I/shim/Cryptlib/Include -I/shim/gnu-efi/inc -I/shim/gnu-efi/inc/x86_64 -I/shim/gnu-efi/inc/protocol -I/shim/Cryptlib/OpenSSL/crypto/asn1 -I/shim/Cryptlib/OpenSSL/crypto/evp -I/shim/Cryptlib/OpenSSL/crypto/modes -I/shim/Cryptlib/OpenSSL/crypto/include -isystem /shim/include/system -isystem /usr/lib/gcc/x86_64-linux-gnu/14/include -DL_ENDIAN -D_CRT_SECURE_NO_DEPRECATE -D_CRT_NONSTDC_NO_DEPRECATE -DOPENSSL_SMALL_FOOTPRINT -DPEDANTIC -DMDE_CPU_X64   -c -o crypto/bn/bn_lib.o crypto/bn/bn_lib.c
#14 6.373 gcc -std=gnu11 -ggdb -gdwarf-4 -gstrict-dwarf -ffreestanding -fmacro-prefix-map=/shim/= -fno-stack-protector -fno-strict-aliasing -fpic -fshort-wchar -nostdinc -m64 -mno-mmx -mno-sse -mno-red-zone -maccumulate-outgoing-args -Os -Wall -Wextra -Wno-missing-field-initializers -Wno-empty-body -Wno-implicit-fallthrough -Wno-old-style-declaration -Wno-unused-but-set-variable -Wno-unused-parameter -Werror -Wno-error=unused-but-set-variable -Wno-error=unused-parameter -I/shim/Cryptlib/OpenSSL -I/shim/Cryptlib -I/shim/Cryptlib/OpenSSL/Include/ -I/shim/Cryptlib/OpenSSL/crypto -I/shim/Cryptlib/Include -I/shim/gnu-efi/inc -I/shim/gnu-efi/inc/x86_64 -I/shim/gnu-efi/inc/protocol -I/shim/Cryptlib/OpenSSL/crypto/asn1 -I/shim/Cryptlib/OpenSSL/crypto/evp -I/shim/Cryptlib/OpenSSL/crypto/modes -I/shim/Cryptlib/OpenSSL/crypto/include -isystem /shim/include/system -isystem /usr/lib/gcc/x86_64-linux-gnu/14/include -DL_ENDIAN -D_CRT_SECURE_NO_DEPRECATE -D_CRT_NONSTDC_NO_DEPRECATE -DOPENSSL_SMALL_FOOTPRINT -DPEDANTIC -DMDE_CPU_X64   -c -o crypto/bn/bn_ctx.o crypto/bn/bn_ctx.c
#14 6.448 gcc -std=gnu11 -ggdb -gdwarf-4 -gstrict-dwarf -ffreestanding -fmacro-prefix-map=/shim/= -fno-stack-protector -fno-strict-aliasing -fpic -fshort-wchar -nostdinc -m64 -mno-mmx -mno-sse -mno-red-zone -maccumulate-outgoing-args -Os -Wall -Wextra -Wno-missing-field-initializers -Wno-empty-body -Wno-implicit-fallthrough -Wno-old-style-declaration -Wno-unused-but-set-variable -Wno-unused-parameter -Werror -Wno-error=unused-but-set-variable -Wno-error=unused-parameter -I/shim/Cryptlib/OpenSSL -I/shim/Cryptlib -I/shim/Cryptlib/OpenSSL/Include/ -I/shim/Cryptlib/OpenSSL/crypto -I/shim/Cryptlib/Include -I/shim/gnu-efi/inc -I/shim/gnu-efi/inc/x86_64 -I/shim/gnu-efi/inc/protocol -I/shim/Cryptlib/OpenSSL/crypto/asn1 -I/shim/Cryptlib/OpenSSL/crypto/evp -I/shim/Cryptlib/OpenSSL/crypto/modes -I/shim/Cryptlib/OpenSSL/crypto/include -isystem /shim/include/system -isystem /usr/lib/gcc/x86_64-linux-gnu/14/include -DL_ENDIAN -D_CRT_SECURE_NO_DEPRECATE -D_CRT_NONSTDC_NO_DEPRECATE -DOPENSSL_SMALL_FOOTPRINT -DPEDANTIC -DMDE_CPU_X64   -c -o crypto/bn/bn_mul.o crypto/bn/bn_mul.c
#14 6.555 gcc -std=gnu11 -ggdb -gdwarf-4 -gstrict-dwarf -ffreestanding -fmacro-prefix-map=/shim/= -fno-stack-protector -fno-strict-aliasing -fpic -fshort-wchar -nostdinc -m64 -mno-mmx -mno-sse -mno-red-zone -maccumulate-outgoing-args -Os -Wall -Wextra -Wno-missing-field-initializers -Wno-empty-body -Wno-implicit-fallthrough -Wno-old-style-declaration -Wno-unused-but-set-variable -Wno-unused-parameter -Werror -Wno-error=unused-but-set-variable -Wno-error=unused-parameter -I/shim/Cryptlib/OpenSSL -I/shim/Cryptlib -I/shim/Cryptlib/OpenSSL/Include/ -I/shim/Cryptlib/OpenSSL/crypto -I/shim/Cryptlib/Include -I/shim/gnu-efi/inc -I/shim/gnu-efi/inc/x86_64 -I/shim/gnu-efi/inc/protocol -I/shim/Cryptlib/OpenSSL/crypto/asn1 -I/shim/Cryptlib/OpenSSL/crypto/evp -I/shim/Cryptlib/OpenSSL/crypto/modes -I/shim/Cryptlib/OpenSSL/crypto/include -isystem /shim/include/system -isystem /usr/lib/gcc/x86_64-linux-gnu/14/include -DL_ENDIAN -D_CRT_SECURE_NO_DEPRECATE -D_CRT_NONSTDC_NO_DEPRECATE -DOPENSSL_SMALL_FOOTPRINT -DPEDANTIC -DMDE_CPU_X64   -c -o crypto/bn/bn_mod.o crypto/bn/bn_mod.c
#14 6.569 gcc -std=gnu11 -ggdb -gdwarf-4 -gstrict-dwarf -ffreestanding -fmacro-prefix-map=/shim/= -fno-stack-protector -fno-strict-aliasing -fpic -fshort-wchar -nostdinc -m64 -mno-mmx -mno-sse -mno-red-zone -maccumulate-outgoing-args -Os -Wall -Wextra -Wno-missing-field-initializers -Wno-empty-body -Wno-implicit-fallthrough -Wno-old-style-declaration -Wno-unused-but-set-variable -Wno-unused-parameter -Werror -Wno-error=unused-but-set-variable -Wno-error=unused-parameter -I/shim/Cryptlib/OpenSSL -I/shim/Cryptlib -I/shim/Cryptlib/OpenSSL/Include/ -I/shim/Cryptlib/OpenSSL/crypto -I/shim/Cryptlib/Include -I/shim/gnu-efi/inc -I/shim/gnu-efi/inc/x86_64 -I/shim/gnu-efi/inc/protocol -I/shim/Cryptlib/OpenSSL/crypto/asn1 -I/shim/Cryptlib/OpenSSL/crypto/evp -I/shim/Cryptlib/OpenSSL/crypto/modes -I/shim/Cryptlib/OpenSSL/crypto/include -isystem /shim/include/system -isystem /usr/lib/gcc/x86_64-linux-gnu/14/include -DL_ENDIAN -D_CRT_SECURE_NO_DEPRECATE -D_CRT_NONSTDC_NO_DEPRECATE -DOPENSSL_SMALL_FOOTPRINT -DPEDANTIC -DMDE_CPU_X64   -c -o crypto/bn/bn_print.o crypto/bn/bn_print.c
#14 6.627 gcc -std=gnu11 -ggdb -gdwarf-4 -gstrict-dwarf -ffreestanding -fmacro-prefix-map=/shim/= -fno-stack-protector -fno-strict-aliasing -fpic -fshort-wchar -nostdinc -m64 -mno-mmx -mno-sse -mno-red-zone -maccumulate-outgoing-args -Os -Wall -Wextra -Wno-missing-field-initializers -Wno-empty-body -Wno-implicit-fallthrough -Wno-old-style-declaration -Wno-unused-but-set-variable -Wno-unused-parameter -Werror -Wno-error=unused-but-set-variable -Wno-error=unused-parameter -I/shim/Cryptlib/OpenSSL -I/shim/Cryptlib -I/shim/Cryptlib/OpenSSL/Include/ -I/shim/Cryptlib/OpenSSL/crypto -I/shim/Cryptlib/Include -I/shim/gnu-efi/inc -I/shim/gnu-efi/inc/x86_64 -I/shim/gnu-efi/inc/protocol -I/shim/Cryptlib/OpenSSL/crypto/asn1 -I/shim/Cryptlib/OpenSSL/crypto/evp -I/shim/Cryptlib/OpenSSL/crypto/modes -I/shim/Cryptlib/OpenSSL/crypto/include -isystem /shim/include/system -isystem /usr/lib/gcc/x86_64-linux-gnu/14/include -DL_ENDIAN -D_CRT_SECURE_NO_DEPRECATE -D_CRT_NONSTDC_NO_DEPRECATE -DOPENSSL_SMALL_FOOTPRINT -DPEDANTIC -DMDE_CPU_X64   -c -o crypto/bn/bn_rand.o crypto/bn/bn_rand.c
#14 6.641 gcc -std=gnu11 -ggdb -gdwarf-4 -gstrict-dwarf -ffreestanding -fmacro-prefix-map=/shim/= -fno-stack-protector -fno-strict-aliasing -fpic -fshort-wchar -nostdinc -m64 -mno-mmx -mno-sse -mno-red-zone -maccumulate-outgoing-args -Os -Wall -Wextra -Wno-missing-field-initializers -Wno-empty-body -Wno-implicit-fallthrough -Wno-old-style-declaration -Wno-unused-but-set-variable -Wno-unused-parameter -Werror -Wno-error=unused-but-set-variable -Wno-error=unused-parameter -I/shim/Cryptlib/OpenSSL -I/shim/Cryptlib -I/shim/Cryptlib/OpenSSL/Include/ -I/shim/Cryptlib/OpenSSL/crypto -I/shim/Cryptlib/Include -I/shim/gnu-efi/inc -I/shim/gnu-efi/inc/x86_64 -I/shim/gnu-efi/inc/protocol -I/shim/Cryptlib/OpenSSL/crypto/asn1 -I/shim/Cryptlib/OpenSSL/crypto/evp -I/shim/Cryptlib/OpenSSL/crypto/modes -I/shim/Cryptlib/OpenSSL/crypto/include -isystem /shim/include/system -isystem /usr/lib/gcc/x86_64-linux-gnu/14/include -DL_ENDIAN -D_CRT_SECURE_NO_DEPRECATE -D_CRT_NONSTDC_NO_DEPRECATE -DOPENSSL_SMALL_FOOTPRINT -DPEDANTIC -DMDE_CPU_X64   -c -o crypto/bn/bn_shift.o crypto/bn/bn_shift.c
#14 6.665 gcc -std=gnu11 -ggdb -gdwarf-4 -gstrict-dwarf -ffreestanding -fmacro-prefix-map=/shim/= -fno-stack-protector -fno-strict-aliasing -fpic -fshort-wchar -nostdinc -m64 -mno-mmx -mno-sse -mno-red-zone -maccumulate-outgoing-args -Os -Wall -Wextra -Wno-missing-field-initializers -Wno-empty-body -Wno-implicit-fallthrough -Wno-old-style-declaration -Wno-unused-but-set-variable -Wno-unused-parameter -Werror -Wno-error=unused-but-set-variable -Wno-error=unused-parameter -I/shim/Cryptlib/OpenSSL -I/shim/Cryptlib -I/shim/Cryptlib/OpenSSL/Include/ -I/shim/Cryptlib/OpenSSL/crypto -I/shim/Cryptlib/Include -I/shim/gnu-efi/inc -I/shim/gnu-efi/inc/x86_64 -I/shim/gnu-efi/inc/protocol -I/shim/Cryptlib/OpenSSL/crypto/asn1 -I/shim/Cryptlib/OpenSSL/crypto/evp -I/shim/Cryptlib/OpenSSL/crypto/modes -I/shim/Cryptlib/OpenSSL/crypto/include -isystem /shim/include/system -isystem /usr/lib/gcc/x86_64-linux-gnu/14/include -DL_ENDIAN -D_CRT_SECURE_NO_DEPRECATE -D_CRT_NONSTDC_NO_DEPRECATE -DOPENSSL_SMALL_FOOTPRINT -DPEDANTIC -DMDE_CPU_X64   -c -o crypto/bn/bn_word.o crypto/bn/bn_word.c
#14 6.726 gcc -std=gnu11 -ggdb -gdwarf-4 -gstrict-dwarf -ffreestanding -fmacro-prefix-map=/shim/= -fno-stack-protector -fno-strict-aliasing -fpic -fshort-wchar -nostdinc -m64 -mno-mmx -mno-sse -mno-red-zone -maccumulate-outgoing-args -Os -Wall -Wextra -Wno-missing-field-initializers -Wno-empty-body -Wno-implicit-fallthrough -Wno-old-style-declaration -Wno-unused-but-set-variable -Wno-unused-parameter -Werror -Wno-error=unused-but-set-variable -Wno-error=unused-parameter -I/shim/Cryptlib/OpenSSL -I/shim/Cryptlib -I/shim/Cryptlib/OpenSSL/Include/ -I/shim/Cryptlib/OpenSSL/crypto -I/shim/Cryptlib/Include -I/shim/gnu-efi/inc -I/shim/gnu-efi/inc/x86_64 -I/shim/gnu-efi/inc/protocol -I/shim/Cryptlib/OpenSSL/crypto/asn1 -I/shim/Cryptlib/OpenSSL/crypto/evp -I/shim/Cryptlib/OpenSSL/crypto/modes -I/shim/Cryptlib/OpenSSL/crypto/include -isystem /shim/include/system -isystem /usr/lib/gcc/x86_64-linux-gnu/14/include -DL_ENDIAN -D_CRT_SECURE_NO_DEPRECATE -D_CRT_NONSTDC_NO_DEPRECATE -DOPENSSL_SMALL_FOOTPRINT -DPEDANTIC -DMDE_CPU_X64   -c -o crypto/bn/bn_blind.o crypto/bn/bn_blind.c
#14 6.746 gcc -std=gnu11 -ggdb -gdwarf-4 -gstrict-dwarf -ffreestanding -fmacro-prefix-map=/shim/= -fno-stack-protector -fno-strict-aliasing -fpic -fshort-wchar -nostdinc -m64 -mno-mmx -mno-sse -mno-red-zone -maccumulate-outgoing-args -Os -Wall -Wextra -Wno-missing-field-initializers -Wno-empty-body -Wno-implicit-fallthrough -Wno-old-style-declaration -Wno-unused-but-set-variable -Wno-unused-parameter -Werror -Wno-error=unused-but-set-variable -Wno-error=unused-parameter -I/shim/Cryptlib/OpenSSL -I/shim/Cryptlib -I/shim/Cryptlib/OpenSSL/Include/ -I/shim/Cryptlib/OpenSSL/crypto -I/shim/Cryptlib/Include -I/shim/gnu-efi/inc -I/shim/gnu-efi/inc/x86_64 -I/shim/gnu-efi/inc/protocol -I/shim/Cryptlib/OpenSSL/crypto/asn1 -I/shim/Cryptlib/OpenSSL/crypto/evp -I/shim/Cryptlib/OpenSSL/crypto/modes -I/shim/Cryptlib/OpenSSL/crypto/include -isystem /shim/include/system -isystem /usr/lib/gcc/x86_64-linux-gnu/14/include -DL_ENDIAN -D_CRT_SECURE_NO_DEPRECATE -D_CRT_NONSTDC_NO_DEPRECATE -DOPENSSL_SMALL_FOOTPRINT -DPEDANTIC -DMDE_CPU_X64   -c -o crypto/bn/bn_kron.o crypto/bn/bn_kron.c
#14 6.749 gcc -std=gnu11 -ggdb -gdwarf-4 -gstrict-dwarf -ffreestanding -fmacro-prefix-map=/shim/= -fno-stack-protector -fno-strict-aliasing -fpic -fshort-wchar -nostdinc -m64 -mno-mmx -mno-sse -mno-red-zone -maccumulate-outgoing-args -Os -Wall -Wextra -Wno-missing-field-initializers -Wno-empty-body -Wno-implicit-fallthrough -Wno-old-style-declaration -Wno-unused-but-set-variable -Wno-unused-parameter -Werror -Wno-error=unused-but-set-variable -Wno-error=unused-parameter -I/shim/Cryptlib/OpenSSL -I/shim/Cryptlib -I/shim/Cryptlib/OpenSSL/Include/ -I/shim/Cryptlib/OpenSSL/crypto -I/shim/Cryptlib/Include -I/shim/gnu-efi/inc -I/shim/gnu-efi/inc/x86_64 -I/shim/gnu-efi/inc/protocol -I/shim/Cryptlib/OpenSSL/crypto/asn1 -I/shim/Cryptlib/OpenSSL/crypto/evp -I/shim/Cryptlib/OpenSSL/crypto/modes -I/shim/Cryptlib/OpenSSL/crypto/include -isystem /shim/include/system -isystem /usr/lib/gcc/x86_64-linux-gnu/14/include -DL_ENDIAN -D_CRT_SECURE_NO_DEPRECATE -D_CRT_NONSTDC_NO_DEPRECATE -DOPENSSL_SMALL_FOOTPRINT -DPEDANTIC -DMDE_CPU_X64   -c -o crypto/bn/bn_sqrt.o crypto/bn/bn_sqrt.c
#14 6.805 gcc -std=gnu11 -ggdb -gdwarf-4 -gstrict-dwarf -ffreestanding -fmacro-prefix-map=/shim/= -fno-stack-protector -fno-strict-aliasing -fpic -fshort-wchar -nostdinc -m64 -mno-mmx -mno-sse -mno-red-zone -maccumulate-outgoing-args -Os -Wall -Wextra -Wno-missing-field-initializers -Wno-empty-body -Wno-implicit-fallthrough -Wno-old-style-declaration -Wno-unused-but-set-variable -Wno-unused-parameter -Werror -Wno-error=unused-but-set-variable -Wno-error=unused-parameter -I/shim/Cryptlib/OpenSSL -I/shim/Cryptlib -I/shim/Cryptlib/OpenSSL/Include/ -I/shim/Cryptlib/OpenSSL/crypto -I/shim/Cryptlib/Include -I/shim/gnu-efi/inc -I/shim/gnu-efi/inc/x86_64 -I/shim/gnu-efi/inc/protocol -I/shim/Cryptlib/OpenSSL/crypto/asn1 -I/shim/Cryptlib/OpenSSL/crypto/evp -I/shim/Cryptlib/OpenSSL/crypto/modes -I/shim/Cryptlib/OpenSSL/crypto/include -isystem /shim/include/system -isystem /usr/lib/gcc/x86_64-linux-gnu/14/include -DL_ENDIAN -D_CRT_SECURE_NO_DEPRECATE -D_CRT_NONSTDC_NO_DEPRECATE -DOPENSSL_SMALL_FOOTPRINT -DPEDANTIC -DMDE_CPU_X64   -c -o crypto/bn/bn_gcd.o crypto/bn/bn_gcd.c
#14 6.820 gcc -std=gnu11 -ggdb -gdwarf-4 -gstrict-dwarf -ffreestanding -fmacro-prefix-map=/shim/= -fno-stack-protector -fno-strict-aliasing -fpic -fshort-wchar -nostdinc -m64 -mno-mmx -mno-sse -mno-red-zone -maccumulate-outgoing-args -Os -Wall -Wextra -Wno-missing-field-initializers -Wno-empty-body -Wno-implicit-fallthrough -Wno-old-style-declaration -Wno-unused-but-set-variable -Wno-unused-parameter -Werror -Wno-error=unused-but-set-variable -Wno-error=unused-parameter -I/shim/Cryptlib/OpenSSL -I/shim/Cryptlib -I/shim/Cryptlib/OpenSSL/Include/ -I/shim/Cryptlib/OpenSSL/crypto -I/shim/Cryptlib/Include -I/shim/gnu-efi/inc -I/shim/gnu-efi/inc/x86_64 -I/shim/gnu-efi/inc/protocol -I/shim/Cryptlib/OpenSSL/crypto/asn1 -I/shim/Cryptlib/OpenSSL/crypto/evp -I/shim/Cryptlib/OpenSSL/crypto/modes -I/shim/Cryptlib/OpenSSL/crypto/include -isystem /shim/include/system -isystem /usr/lib/gcc/x86_64-linux-gnu/14/include -DL_ENDIAN -D_CRT_SECURE_NO_DEPRECATE -D_CRT_NONSTDC_NO_DEPRECATE -DOPENSSL_SMALL_FOOTPRINT -DPEDANTIC -DMDE_CPU_X64   -c -o crypto/bn/bn_prime.o crypto/bn/bn_prime.c
#14 6.827 gcc -std=gnu11 -ggdb -gdwarf-4 -gstrict-dwarf -ffreestanding -fmacro-prefix-map=/shim/= -fno-stack-protector -fno-strict-aliasing -fpic -fshort-wchar -nostdinc -m64 -mno-mmx -mno-sse -mno-red-zone -maccumulate-outgoing-args -Os -Wall -Wextra -Wno-missing-field-initializers -Wno-empty-body -Wno-implicit-fallthrough -Wno-old-style-declaration -Wno-unused-but-set-variable -Wno-unused-parameter -Werror -Wno-error=unused-but-set-variable -Wno-error=unused-parameter -I/shim/Cryptlib/OpenSSL -I/shim/Cryptlib -I/shim/Cryptlib/OpenSSL/Include/ -I/shim/Cryptlib/OpenSSL/crypto -I/shim/Cryptlib/Include -I/shim/gnu-efi/inc -I/shim/gnu-efi/inc/x86_64 -I/shim/gnu-efi/inc/protocol -I/shim/Cryptlib/OpenSSL/crypto/asn1 -I/shim/Cryptlib/OpenSSL/crypto/evp -I/shim/Cryptlib/OpenSSL/crypto/modes -I/shim/Cryptlib/OpenSSL/crypto/include -isystem /shim/include/system -isystem /usr/lib/gcc/x86_64-linux-gnu/14/include -DL_ENDIAN -D_CRT_SECURE_NO_DEPRECATE -D_CRT_NONSTDC_NO_DEPRECATE -DOPENSSL_SMALL_FOOTPRINT -DPEDANTIC -DMDE_CPU_X64   -c -o crypto/bn/bn_err.o crypto/bn/bn_err.c
#14 6.869 gcc -std=gnu11 -ggdb -gdwarf-4 -gstrict-dwarf -ffreestanding -fmacro-prefix-map=/shim/= -fno-stack-protector -fno-strict-aliasing -fpic -fshort-wchar -nostdinc -m64 -mno-mmx -mno-sse -mno-red-zone -maccumulate-outgoing-args -Os -Wall -Wextra -Wno-missing-field-initializers -Wno-empty-body -Wno-implicit-fallthrough -Wno-old-style-declaration -Wno-unused-but-set-variable -Wno-unused-parameter -Werror -Wno-error=unused-but-set-variable -Wno-error=unused-parameter -I/shim/Cryptlib/OpenSSL -I/shim/Cryptlib -I/shim/Cryptlib/OpenSSL/Include/ -I/shim/Cryptlib/OpenSSL/crypto -I/shim/Cryptlib/Include -I/shim/gnu-efi/inc -I/shim/gnu-efi/inc/x86_64 -I/shim/gnu-efi/inc/protocol -I/shim/Cryptlib/OpenSSL/crypto/asn1 -I/shim/Cryptlib/OpenSSL/crypto/evp -I/shim/Cryptlib/OpenSSL/crypto/modes -I/shim/Cryptlib/OpenSSL/crypto/include -isystem /shim/include/system -isystem /usr/lib/gcc/x86_64-linux-gnu/14/include -DL_ENDIAN -D_CRT_SECURE_NO_DEPRECATE -D_CRT_NONSTDC_NO_DEPRECATE -DOPENSSL_SMALL_FOOTPRINT -DPEDANTIC -DMDE_CPU_X64   -c -o crypto/bn/bn_sqr.o crypto/bn/bn_sqr.c
#14 6.883 gcc -std=gnu11 -ggdb -gdwarf-4 -gstrict-dwarf -ffreestanding -fmacro-prefix-map=/shim/= -fno-stack-protector -fno-strict-aliasing -fpic -fshort-wchar -nostdinc -m64 -mno-mmx -mno-sse -mno-red-zone -maccumulate-outgoing-args -Os -Wall -Wextra -Wno-missing-field-initializers -Wno-empty-body -Wno-implicit-fallthrough -Wno-old-style-declaration -Wno-unused-but-set-variable -Wno-unused-parameter -Werror -Wno-error=unused-but-set-variable -Wno-error=unused-parameter -I/shim/Cryptlib/OpenSSL -I/shim/Cryptlib -I/shim/Cryptlib/OpenSSL/Include/ -I/shim/Cryptlib/OpenSSL/crypto -I/shim/Cryptlib/Include -I/shim/gnu-efi/inc -I/shim/gnu-efi/inc/x86_64 -I/shim/gnu-efi/inc/protocol -I/shim/Cryptlib/OpenSSL/crypto/asn1 -I/shim/Cryptlib/OpenSSL/crypto/evp -I/shim/Cryptlib/OpenSSL/crypto/modes -I/shim/Cryptlib/OpenSSL/crypto/include -isystem /shim/include/system -isystem /usr/lib/gcc/x86_64-linux-gnu/14/include -DL_ENDIAN -D_CRT_SECURE_NO_DEPRECATE -D_CRT_NONSTDC_NO_DEPRECATE -DOPENSSL_SMALL_FOOTPRINT -DPEDANTIC -DMDE_CPU_X64   -c -o crypto/bn/bn_asm.o crypto/bn/bn_asm.c
#14 6.941 gcc -std=gnu11 -ggdb -gdwarf-4 -gstrict-dwarf -ffreestanding -fmacro-prefix-map=/shim/= -fno-stack-protector -fno-strict-aliasing -fpic -fshort-wchar -nostdinc -m64 -mno-mmx -mno-sse -mno-red-zone -maccumulate-outgoing-args -Os -Wall -Wextra -Wno-missing-field-initializers -Wno-empty-body -Wno-implicit-fallthrough -Wno-old-style-declaration -Wno-unused-but-set-variable -Wno-unused-parameter -Werror -Wno-error=unused-but-set-variable -Wno-error=unused-parameter -I/shim/Cryptlib/OpenSSL -I/shim/Cryptlib -I/shim/Cryptlib/OpenSSL/Include/ -I/shim/Cryptlib/OpenSSL/crypto -I/shim/Cryptlib/Include -I/shim/gnu-efi/inc -I/shim/gnu-efi/inc/x86_64 -I/shim/gnu-efi/inc/protocol -I/shim/Cryptlib/OpenSSL/crypto/asn1 -I/shim/Cryptlib/OpenSSL/crypto/evp -I/shim/Cryptlib/OpenSSL/crypto/modes -I/shim/Cryptlib/OpenSSL/crypto/include -isystem /shim/include/system -isystem /usr/lib/gcc/x86_64-linux-gnu/14/include -DL_ENDIAN -D_CRT_SECURE_NO_DEPRECATE -D_CRT_NONSTDC_NO_DEPRECATE -DOPENSSL_SMALL_FOOTPRINT -DPEDANTIC -DMDE_CPU_X64   -c -o crypto/bn/bn_recp.o crypto/bn/bn_recp.c
#14 6.954 gcc -std=gnu11 -ggdb -gdwarf-4 -gstrict-dwarf -ffreestanding -fmacro-prefix-map=/shim/= -fno-stack-protector -fno-strict-aliasing -fpic -fshort-wchar -nostdinc -m64 -mno-mmx -mno-sse -mno-red-zone -maccumulate-outgoing-args -Os -Wall -Wextra -Wno-missing-field-initializers -Wno-empty-body -Wno-implicit-fallthrough -Wno-old-style-declaration -Wno-unused-but-set-variable -Wno-unused-parameter -Werror -Wno-error=unused-but-set-variable -Wno-error=unused-parameter -I/shim/Cryptlib/OpenSSL -I/shim/Cryptlib -I/shim/Cryptlib/OpenSSL/Include/ -I/shim/Cryptlib/OpenSSL/crypto -I/shim/Cryptlib/Include -I/shim/gnu-efi/inc -I/shim/gnu-efi/inc/x86_64 -I/shim/gnu-efi/inc/protocol -I/shim/Cryptlib/OpenSSL/crypto/asn1 -I/shim/Cryptlib/OpenSSL/crypto/evp -I/shim/Cryptlib/OpenSSL/crypto/modes -I/shim/Cryptlib/OpenSSL/crypto/include -isystem /shim/include/system -isystem /usr/lib/gcc/x86_64-linux-gnu/14/include -DL_ENDIAN -D_CRT_SECURE_NO_DEPRECATE -D_CRT_NONSTDC_NO_DEPRECATE -DOPENSSL_SMALL_FOOTPRINT -DPEDANTIC -DMDE_CPU_X64   -c -o crypto/bn/bn_mont.o crypto/bn/bn_mont.c
#14 6.992 gcc -std=gnu11 -ggdb -gdwarf-4 -gstrict-dwarf -ffreestanding -fmacro-prefix-map=/shim/= -fno-stack-protector -fno-strict-aliasing -fpic -fshort-wchar -nostdinc -m64 -mno-mmx -mno-sse -mno-red-zone -maccumulate-outgoing-args -Os -Wall -Wextra -Wno-missing-field-initializers -Wno-empty-body -Wno-implicit-fallthrough -Wno-old-style-declaration -Wno-unused-but-set-variable -Wno-unused-parameter -Werror -Wno-error=unused-but-set-variable -Wno-error=unused-parameter -I/shim/Cryptlib/OpenSSL -I/shim/Cryptlib -I/shim/Cryptlib/OpenSSL/Include/ -I/shim/Cryptlib/OpenSSL/crypto -I/shim/Cryptlib/Include -I/shim/gnu-efi/inc -I/shim/gnu-efi/inc/x86_64 -I/shim/gnu-efi/inc/protocol -I/shim/Cryptlib/OpenSSL/crypto/asn1 -I/shim/Cryptlib/OpenSSL/crypto/evp -I/shim/Cryptlib/OpenSSL/crypto/modes -I/shim/Cryptlib/OpenSSL/crypto/include -isystem /shim/include/system -isystem /usr/lib/gcc/x86_64-linux-gnu/14/include -DL_ENDIAN -D_CRT_SECURE_NO_DEPRECATE -D_CRT_NONSTDC_NO_DEPRECATE -DOPENSSL_SMALL_FOOTPRINT -DPEDANTIC -DMDE_CPU_X64   -c -o crypto/bn/bn_mpi.o crypto/bn/bn_mpi.c
#14 7.018 gcc -std=gnu11 -ggdb -gdwarf-4 -gstrict-dwarf -ffreestanding -fmacro-prefix-map=/shim/= -fno-stack-protector -fno-strict-aliasing -fpic -fshort-wchar -nostdinc -m64 -mno-mmx -mno-sse -mno-red-zone -maccumulate-outgoing-args -Os -Wall -Wextra -Wno-missing-field-initializers -Wno-empty-body -Wno-implicit-fallthrough -Wno-old-style-declaration -Wno-unused-but-set-variable -Wno-unused-parameter -Werror -Wno-error=unused-but-set-variable -Wno-error=unused-parameter -I/shim/Cryptlib/OpenSSL -I/shim/Cryptlib -I/shim/Cryptlib/OpenSSL/Include/ -I/shim/Cryptlib/OpenSSL/crypto -I/shim/Cryptlib/Include -I/shim/gnu-efi/inc -I/shim/gnu-efi/inc/x86_64 -I/shim/gnu-efi/inc/protocol -I/shim/Cryptlib/OpenSSL/crypto/asn1 -I/shim/Cryptlib/OpenSSL/crypto/evp -I/shim/Cryptlib/OpenSSL/crypto/modes -I/shim/Cryptlib/OpenSSL/crypto/include -isystem /shim/include/system -isystem /usr/lib/gcc/x86_64-linux-gnu/14/include -DL_ENDIAN -D_CRT_SECURE_NO_DEPRECATE -D_CRT_NONSTDC_NO_DEPRECATE -DOPENSSL_SMALL_FOOTPRINT -DPEDANTIC -DMDE_CPU_X64   -c -o crypto/bn/bn_exp2.o crypto/bn/bn_exp2.c
#14 7.055 gcc -std=gnu11 -ggdb -gdwarf-4 -gstrict-dwarf -ffreestanding -fmacro-prefix-map=/shim/= -fno-stack-protector -fno-strict-aliasing -fpic -fshort-wchar -nostdinc -m64 -mno-mmx -mno-sse -mno-red-zone -maccumulate-outgoing-args -Os -Wall -Wextra -Wno-missing-field-initializers -Wno-empty-body -Wno-implicit-fallthrough -Wno-old-style-declaration -Wno-unused-but-set-variable -Wno-unused-parameter -Werror -Wno-error=unused-but-set-variable -Wno-error=unused-parameter -I/shim/Cryptlib/OpenSSL -I/shim/Cryptlib -I/shim/Cryptlib/OpenSSL/Include/ -I/shim/Cryptlib/OpenSSL/crypto -I/shim/Cryptlib/Include -I/shim/gnu-efi/inc -I/shim/gnu-efi/inc/x86_64 -I/shim/gnu-efi/inc/protocol -I/shim/Cryptlib/OpenSSL/crypto/asn1 -I/shim/Cryptlib/OpenSSL/crypto/evp -I/shim/Cryptlib/OpenSSL/crypto/modes -I/shim/Cryptlib/OpenSSL/crypto/include -isystem /shim/include/system -isystem /usr/lib/gcc/x86_64-linux-gnu/14/include -DL_ENDIAN -D_CRT_SECURE_NO_DEPRECATE -D_CRT_NONSTDC_NO_DEPRECATE -DOPENSSL_SMALL_FOOTPRINT -DPEDANTIC -DMDE_CPU_X64   -c -o crypto/bn/bn_gf2m.o crypto/bn/bn_gf2m.c
#14 7.065 gcc -std=gnu11 -ggdb -gdwarf-4 -gstrict-dwarf -ffreestanding -fmacro-prefix-map=/shim/= -fno-stack-protector -fno-strict-aliasing -fpic -fshort-wchar -nostdinc -m64 -mno-mmx -mno-sse -mno-red-zone -maccumulate-outgoing-args -Os -Wall -Wextra -Wno-missing-field-initializers -Wno-empty-body -Wno-implicit-fallthrough -Wno-old-style-declaration -Wno-unused-but-set-variable -Wno-unused-parameter -Werror -Wno-error=unused-but-set-variable -Wno-error=unused-parameter -I/shim/Cryptlib/OpenSSL -I/shim/Cryptlib -I/shim/Cryptlib/OpenSSL/Include/ -I/shim/Cryptlib/OpenSSL/crypto -I/shim/Cryptlib/Include -I/shim/gnu-efi/inc -I/shim/gnu-efi/inc/x86_64 -I/shim/gnu-efi/inc/protocol -I/shim/Cryptlib/OpenSSL/crypto/asn1 -I/shim/Cryptlib/OpenSSL/crypto/evp -I/shim/Cryptlib/OpenSSL/crypto/modes -I/shim/Cryptlib/OpenSSL/crypto/include -isystem /shim/include/system -isystem /usr/lib/gcc/x86_64-linux-gnu/14/include -DL_ENDIAN -D_CRT_SECURE_NO_DEPRECATE -D_CRT_NONSTDC_NO_DEPRECATE -DOPENSSL_SMALL_FOOTPRINT -DPEDANTIC -DMDE_CPU_X64   -c -o crypto/bn/bn_nist.o crypto/bn/bn_nist.c
#14 7.067 gcc -std=gnu11 -ggdb -gdwarf-4 -gstrict-dwarf -ffreestanding -fmacro-prefix-map=/shim/= -fno-stack-protector -fno-strict-aliasing -fpic -fshort-wchar -nostdinc -m64 -mno-mmx -mno-sse -mno-red-zone -maccumulate-outgoing-args -Os -Wall -Wextra -Wno-missing-field-initializers -Wno-empty-body -Wno-implicit-fallthrough -Wno-old-style-declaration -Wno-unused-but-set-variable -Wno-unused-parameter -Werror -Wno-error=unused-but-set-variable -Wno-error=unused-parameter -I/shim/Cryptlib/OpenSSL -I/shim/Cryptlib -I/shim/Cryptlib/OpenSSL/Include/ -I/shim/Cryptlib/OpenSSL/crypto -I/shim/Cryptlib/Include -I/shim/gnu-efi/inc -I/shim/gnu-efi/inc/x86_64 -I/shim/gnu-efi/inc/protocol -I/shim/Cryptlib/OpenSSL/crypto/asn1 -I/shim/Cryptlib/OpenSSL/crypto/evp -I/shim/Cryptlib/OpenSSL/crypto/modes -I/shim/Cryptlib/OpenSSL/crypto/include -isystem /shim/include/system -isystem /usr/lib/gcc/x86_64-linux-gnu/14/include -DL_ENDIAN -D_CRT_SECURE_NO_DEPRECATE -D_CRT_NONSTDC_NO_DEPRECATE -DOPENSSL_SMALL_FOOTPRINT -DPEDANTIC -DMDE_CPU_X64   -c -o crypto/bn/bn_depr.o crypto/bn/bn_depr.c
#14 7.122 gcc -std=gnu11 -ggdb -gdwarf-4 -gstrict-dwarf -ffreestanding -fmacro-prefix-map=/shim/= -fno-stack-protector -fno-strict-aliasing -fpic -fshort-wchar -nostdinc -m64 -mno-mmx -mno-sse -mno-red-zone -maccumulate-outgoing-args -Os -Wall -Wextra -Wno-missing-field-initializers -Wno-empty-body -Wno-implicit-fallthrough -Wno-old-style-declaration -Wno-unused-but-set-variable -Wno-unused-parameter -Werror -Wno-error=unused-but-set-variable -Wno-error=unused-parameter -I/shim/Cryptlib/OpenSSL -I/shim/Cryptlib -I/shim/Cryptlib/OpenSSL/Include/ -I/shim/Cryptlib/OpenSSL/crypto -I/shim/Cryptlib/Include -I/shim/gnu-efi/inc -I/shim/gnu-efi/inc/x86_64 -I/shim/gnu-efi/inc/protocol -I/shim/Cryptlib/OpenSSL/crypto/asn1 -I/shim/Cryptlib/OpenSSL/crypto/evp -I/shim/Cryptlib/OpenSSL/crypto/modes -I/shim/Cryptlib/OpenSSL/crypto/include -isystem /shim/include/system -isystem /usr/lib/gcc/x86_64-linux-gnu/14/include -DL_ENDIAN -D_CRT_SECURE_NO_DEPRECATE -D_CRT_NONSTDC_NO_DEPRECATE -DOPENSSL_SMALL_FOOTPRINT -DPEDANTIC -DMDE_CPU_X64   -c -o crypto/bn/bn_x931p.o crypto/bn/bn_x931p.c
#14 7.127 gcc -std=gnu11 -ggdb -gdwarf-4 -gstrict-dwarf -ffreestanding -fmacro-prefix-map=/shim/= -fno-stack-protector -fno-strict-aliasing -fpic -fshort-wchar -nostdinc -m64 -mno-mmx -mno-sse -mno-red-zone -maccumulate-outgoing-args -Os -Wall -Wextra -Wno-missing-field-initializers -Wno-empty-body -Wno-implicit-fallthrough -Wno-old-style-declaration -Wno-unused-but-set-variable -Wno-unused-parameter -Werror -Wno-error=unused-but-set-variable -Wno-error=unused-parameter -I/shim/Cryptlib/OpenSSL -I/shim/Cryptlib -I/shim/Cryptlib/OpenSSL/Include/ -I/shim/Cryptlib/OpenSSL/crypto -I/shim/Cryptlib/Include -I/shim/gnu-efi/inc -I/shim/gnu-efi/inc/x86_64 -I/shim/gnu-efi/inc/protocol -I/shim/Cryptlib/OpenSSL/crypto/asn1 -I/shim/Cryptlib/OpenSSL/crypto/evp -I/shim/Cryptlib/OpenSSL/crypto/modes -I/shim/Cryptlib/OpenSSL/crypto/include -isystem /shim/include/system -isystem /usr/lib/gcc/x86_64-linux-gnu/14/include -DL_ENDIAN -D_CRT_SECURE_NO_DEPRECATE -D_CRT_NONSTDC_NO_DEPRECATE -DOPENSSL_SMALL_FOOTPRINT -DPEDANTIC -DMDE_CPU_X64   -c -o crypto/bn/bn_const.o crypto/bn/bn_const.c
#14 7.195 gcc -std=gnu11 -ggdb -gdwarf-4 -gstrict-dwarf -ffreestanding -fmacro-prefix-map=/shim/= -fno-stack-protector -fno-strict-aliasing -fpic -fshort-wchar -nostdinc -m64 -mno-mmx -mno-sse -mno-red-zone -maccumulate-outgoing-args -Os -Wall -Wextra -Wno-missing-field-initializers -Wno-empty-body -Wno-implicit-fallthrough -Wno-old-style-declaration -Wno-unused-but-set-variable -Wno-unused-parameter -Werror -Wno-error=unused-but-set-variable -Wno-error=unused-parameter -I/shim/Cryptlib/OpenSSL -I/shim/Cryptlib -I/shim/Cryptlib/OpenSSL/Include/ -I/shim/Cryptlib/OpenSSL/crypto -I/shim/Cryptlib/Include -I/shim/gnu-efi/inc -I/shim/gnu-efi/inc/x86_64 -I/shim/gnu-efi/inc/protocol -I/shim/Cryptlib/OpenSSL/crypto/asn1 -I/shim/Cryptlib/OpenSSL/crypto/evp -I/shim/Cryptlib/OpenSSL/crypto/modes -I/shim/Cryptlib/OpenSSL/crypto/include -isystem /shim/include/system -isystem /usr/lib/gcc/x86_64-linux-gnu/14/include -DL_ENDIAN -D_CRT_SECURE_NO_DEPRECATE -D_CRT_NONSTDC_NO_DEPRECATE -DOPENSSL_SMALL_FOOTPRINT -DPEDANTIC -DMDE_CPU_X64   -c -o crypto/rsa/rsa_eay.o crypto/rsa/rsa_eay.c
#14 7.215 gcc -std=gnu11 -ggdb -gdwarf-4 -gstrict-dwarf -ffreestanding -fmacro-prefix-map=/shim/= -fno-stack-protector -fno-strict-aliasing -fpic -fshort-wchar -nostdinc -m64 -mno-mmx -mno-sse -mno-red-zone -maccumulate-outgoing-args -Os -Wall -Wextra -Wno-missing-field-initializers -Wno-empty-body -Wno-implicit-fallthrough -Wno-old-style-declaration -Wno-unused-but-set-variable -Wno-unused-parameter -Werror -Wno-error=unused-but-set-variable -Wno-error=unused-parameter -I/shim/Cryptlib/OpenSSL -I/shim/Cryptlib -I/shim/Cryptlib/OpenSSL/Include/ -I/shim/Cryptlib/OpenSSL/crypto -I/shim/Cryptlib/Include -I/shim/gnu-efi/inc -I/shim/gnu-efi/inc/x86_64 -I/shim/gnu-efi/inc/protocol -I/shim/Cryptlib/OpenSSL/crypto/asn1 -I/shim/Cryptlib/OpenSSL/crypto/evp -I/shim/Cryptlib/OpenSSL/crypto/modes -I/shim/Cryptlib/OpenSSL/crypto/include -isystem /shim/include/system -isystem /usr/lib/gcc/x86_64-linux-gnu/14/include -DL_ENDIAN -D_CRT_SECURE_NO_DEPRECATE -D_CRT_NONSTDC_NO_DEPRECATE -DOPENSSL_SMALL_FOOTPRINT -DPEDANTIC -DMDE_CPU_X64   -c -o crypto/rsa/rsa_gen.o crypto/rsa/rsa_gen.c
#14 7.306 gcc -std=gnu11 -ggdb -gdwarf-4 -gstrict-dwarf -ffreestanding -fmacro-prefix-map=/shim/= -fno-stack-protector -fno-strict-aliasing -fpic -fshort-wchar -nostdinc -m64 -mno-mmx -mno-sse -mno-red-zone -maccumulate-outgoing-args -Os -Wall -Wextra -Wno-missing-field-initializers -Wno-empty-body -Wno-implicit-fallthrough -Wno-old-style-declaration -Wno-unused-but-set-variable -Wno-unused-parameter -Werror -Wno-error=unused-but-set-variable -Wno-error=unused-parameter -I/shim/Cryptlib/OpenSSL -I/shim/Cryptlib -I/shim/Cryptlib/OpenSSL/Include/ -I/shim/Cryptlib/OpenSSL/crypto -I/shim/Cryptlib/Include -I/shim/gnu-efi/inc -I/shim/gnu-efi/inc/x86_64 -I/shim/gnu-efi/inc/protocol -I/shim/Cryptlib/OpenSSL/crypto/asn1 -I/shim/Cryptlib/OpenSSL/crypto/evp -I/shim/Cryptlib/OpenSSL/crypto/modes -I/shim/Cryptlib/OpenSSL/crypto/include -isystem /shim/include/system -isystem /usr/lib/gcc/x86_64-linux-gnu/14/include -DL_ENDIAN -D_CRT_SECURE_NO_DEPRECATE -D_CRT_NONSTDC_NO_DEPRECATE -DOPENSSL_SMALL_FOOTPRINT -DPEDANTIC -DMDE_CPU_X64   -c -o crypto/rsa/rsa_lib.o crypto/rsa/rsa_lib.c
#14 7.313 gcc -std=gnu11 -ggdb -gdwarf-4 -gstrict-dwarf -ffreestanding -fmacro-prefix-map=/shim/= -fno-stack-protector -fno-strict-aliasing -fpic -fshort-wchar -nostdinc -m64 -mno-mmx -mno-sse -mno-red-zone -maccumulate-outgoing-args -Os -Wall -Wextra -Wno-missing-field-initializers -Wno-empty-body -Wno-implicit-fallthrough -Wno-old-style-declaration -Wno-unused-but-set-variable -Wno-unused-parameter -Werror -Wno-error=unused-but-set-variable -Wno-error=unused-parameter -I/shim/Cryptlib/OpenSSL -I/shim/Cryptlib -I/shim/Cryptlib/OpenSSL/Include/ -I/shim/Cryptlib/OpenSSL/crypto -I/shim/Cryptlib/Include -I/shim/gnu-efi/inc -I/shim/gnu-efi/inc/x86_64 -I/shim/gnu-efi/inc/protocol -I/shim/Cryptlib/OpenSSL/crypto/asn1 -I/shim/Cryptlib/OpenSSL/crypto/evp -I/shim/Cryptlib/OpenSSL/crypto/modes -I/shim/Cryptlib/OpenSSL/crypto/include -isystem /shim/include/system -isystem /usr/lib/gcc/x86_64-linux-gnu/14/include -DL_ENDIAN -D_CRT_SECURE_NO_DEPRECATE -D_CRT_NONSTDC_NO_DEPRECATE -DOPENSSL_SMALL_FOOTPRINT -DPEDANTIC -DMDE_CPU_X64   -c -o crypto/rsa/rsa_sign.o crypto/rsa/rsa_sign.c
#14 7.398 gcc -std=gnu11 -ggdb -gdwarf-4 -gstrict-dwarf -ffreestanding -fmacro-prefix-map=/shim/= -fno-stack-protector -fno-strict-aliasing -fpic -fshort-wchar -nostdinc -m64 -mno-mmx -mno-sse -mno-red-zone -maccumulate-outgoing-args -Os -Wall -Wextra -Wno-missing-field-initializers -Wno-empty-body -Wno-implicit-fallthrough -Wno-old-style-declaration -Wno-unused-but-set-variable -Wno-unused-parameter -Werror -Wno-error=unused-but-set-variable -Wno-error=unused-parameter -I/shim/Cryptlib/OpenSSL -I/shim/Cryptlib -I/shim/Cryptlib/OpenSSL/Include/ -I/shim/Cryptlib/OpenSSL/crypto -I/shim/Cryptlib/Include -I/shim/gnu-efi/inc -I/shim/gnu-efi/inc/x86_64 -I/shim/gnu-efi/inc/protocol -I/shim/Cryptlib/OpenSSL/crypto/asn1 -I/shim/Cryptlib/OpenSSL/crypto/evp -I/shim/Cryptlib/OpenSSL/crypto/modes -I/shim/Cryptlib/OpenSSL/crypto/include -isystem /shim/include/system -isystem /usr/lib/gcc/x86_64-linux-gnu/14/include -DL_ENDIAN -D_CRT_SECURE_NO_DEPRECATE -D_CRT_NONSTDC_NO_DEPRECATE -DOPENSSL_SMALL_FOOTPRINT -DPEDANTIC -DMDE_CPU_X64   -c -o crypto/rsa/rsa_saos.o crypto/rsa/rsa_saos.c
#14 7.402 gcc -std=gnu11 -ggdb -gdwarf-4 -gstrict-dwarf -ffreestanding -fmacro-prefix-map=/shim/= -fno-stack-protector -fno-strict-aliasing -fpic -fshort-wchar -nostdinc -m64 -mno-mmx -mno-sse -mno-red-zone -maccumulate-outgoing-args -Os -Wall -Wextra -Wno-missing-field-initializers -Wno-empty-body -Wno-implicit-fallthrough -Wno-old-style-declaration -Wno-unused-but-set-variable -Wno-unused-parameter -Werror -Wno-error=unused-but-set-variable -Wno-error=unused-parameter -I/shim/Cryptlib/OpenSSL -I/shim/Cryptlib -I/shim/Cryptlib/OpenSSL/Include/ -I/shim/Cryptlib/OpenSSL/crypto -I/shim/Cryptlib/Include -I/shim/gnu-efi/inc -I/shim/gnu-efi/inc/x86_64 -I/shim/gnu-efi/inc/protocol -I/shim/Cryptlib/OpenSSL/crypto/asn1 -I/shim/Cryptlib/OpenSSL/crypto/evp -I/shim/Cryptlib/OpenSSL/crypto/modes -I/shim/Cryptlib/OpenSSL/crypto/include -isystem /shim/include/system -isystem /usr/lib/gcc/x86_64-linux-gnu/14/include -DL_ENDIAN -D_CRT_SECURE_NO_DEPRECATE -D_CRT_NONSTDC_NO_DEPRECATE -DOPENSSL_SMALL_FOOTPRINT -DPEDANTIC -DMDE_CPU_X64   -c -o crypto/rsa/rsa_err.o crypto/rsa/rsa_err.c
#14 7.439 gcc -std=gnu11 -ggdb -gdwarf-4 -gstrict-dwarf -ffreestanding -fmacro-prefix-map=/shim/= -fno-stack-protector -fno-strict-aliasing -fpic -fshort-wchar -nostdinc -m64 -mno-mmx -mno-sse -mno-red-zone -maccumulate-outgoing-args -Os -Wall -Wextra -Wno-missing-field-initializers -Wno-empty-body -Wno-implicit-fallthrough -Wno-old-style-declaration -Wno-unused-but-set-variable -Wno-unused-parameter -Werror -Wno-error=unused-but-set-variable -Wno-error=unused-parameter -I/shim/Cryptlib/OpenSSL -I/shim/Cryptlib -I/shim/Cryptlib/OpenSSL/Include/ -I/shim/Cryptlib/OpenSSL/crypto -I/shim/Cryptlib/Include -I/shim/gnu-efi/inc -I/shim/gnu-efi/inc/x86_64 -I/shim/gnu-efi/inc/protocol -I/shim/Cryptlib/OpenSSL/crypto/asn1 -I/shim/Cryptlib/OpenSSL/crypto/evp -I/shim/Cryptlib/OpenSSL/crypto/modes -I/shim/Cryptlib/OpenSSL/crypto/include -isystem /shim/include/system -isystem /usr/lib/gcc/x86_64-linux-gnu/14/include -DL_ENDIAN -D_CRT_SECURE_NO_DEPRECATE -D_CRT_NONSTDC_NO_DEPRECATE -DOPENSSL_SMALL_FOOTPRINT -DPEDANTIC -DMDE_CPU_X64   -c -o crypto/rsa/rsa_pk1.o crypto/rsa/rsa_pk1.c
#14 7.446 gcc -std=gnu11 -ggdb -gdwarf-4 -gstrict-dwarf -ffreestanding -fmacro-prefix-map=/shim/= -fno-stack-protector -fno-strict-aliasing -fpic -fshort-wchar -nostdinc -m64 -mno-mmx -mno-sse -mno-red-zone -maccumulate-outgoing-args -Os -Wall -Wextra -Wno-missing-field-initializers -Wno-empty-body -Wno-implicit-fallthrough -Wno-old-style-declaration -Wno-unused-but-set-variable -Wno-unused-parameter -Werror -Wno-error=unused-but-set-variable -Wno-error=unused-parameter -I/shim/Cryptlib/OpenSSL -I/shim/Cryptlib -I/shim/Cryptlib/OpenSSL/Include/ -I/shim/Cryptlib/OpenSSL/crypto -I/shim/Cryptlib/Include -I/shim/gnu-efi/inc -I/shim/gnu-efi/inc/x86_64 -I/shim/gnu-efi/inc/protocol -I/shim/Cryptlib/OpenSSL/crypto/asn1 -I/shim/Cryptlib/OpenSSL/crypto/evp -I/shim/Cryptlib/OpenSSL/crypto/modes -I/shim/Cryptlib/OpenSSL/crypto/include -isystem /shim/include/system -isystem /usr/lib/gcc/x86_64-linux-gnu/14/include -DL_ENDIAN -D_CRT_SECURE_NO_DEPRECATE -D_CRT_NONSTDC_NO_DEPRECATE -DOPENSSL_SMALL_FOOTPRINT -DPEDANTIC -DMDE_CPU_X64   -c -o crypto/rsa/rsa_ssl.o crypto/rsa/rsa_ssl.c
#14 7.450 gcc -std=gnu11 -ggdb -gdwarf-4 -gstrict-dwarf -ffreestanding -fmacro-prefix-map=/shim/= -fno-stack-protector -fno-strict-aliasing -fpic -fshort-wchar -nostdinc -m64 -mno-mmx -mno-sse -mno-red-zone -maccumulate-outgoing-args -Os -Wall -Wextra -Wno-missing-field-initializers -Wno-empty-body -Wno-implicit-fallthrough -Wno-old-style-declaration -Wno-unused-but-set-variable -Wno-unused-parameter -Werror -Wno-error=unused-but-set-variable -Wno-error=unused-parameter -I/shim/Cryptlib/OpenSSL -I/shim/Cryptlib -I/shim/Cryptlib/OpenSSL/Include/ -I/shim/Cryptlib/OpenSSL/crypto -I/shim/Cryptlib/Include -I/shim/gnu-efi/inc -I/shim/gnu-efi/inc/x86_64 -I/shim/gnu-efi/inc/protocol -I/shim/Cryptlib/OpenSSL/crypto/asn1 -I/shim/Cryptlib/OpenSSL/crypto/evp -I/shim/Cryptlib/OpenSSL/crypto/modes -I/shim/Cryptlib/OpenSSL/crypto/include -isystem /shim/include/system -isystem /usr/lib/gcc/x86_64-linux-gnu/14/include -DL_ENDIAN -D_CRT_SECURE_NO_DEPRECATE -D_CRT_NONSTDC_NO_DEPRECATE -DOPENSSL_SMALL_FOOTPRINT -DPEDANTIC -DMDE_CPU_X64   -c -o crypto/rsa/rsa_none.o crypto/rsa/rsa_none.c
#14 7.473 gcc -std=gnu11 -ggdb -gdwarf-4 -gstrict-dwarf -ffreestanding -fmacro-prefix-map=/shim/= -fno-stack-protector -fno-strict-aliasing -fpic -fshort-wchar -nostdinc -m64 -mno-mmx -mno-sse -mno-red-zone -maccumulate-outgoing-args -Os -Wall -Wextra -Wno-missing-field-initializers -Wno-empty-body -Wno-implicit-fallthrough -Wno-old-style-declaration -Wno-unused-but-set-variable -Wno-unused-parameter -Werror -Wno-error=unused-but-set-variable -Wno-error=unused-parameter -I/shim/Cryptlib/OpenSSL -I/shim/Cryptlib -I/shim/Cryptlib/OpenSSL/Include/ -I/shim/Cryptlib/OpenSSL/crypto -I/shim/Cryptlib/Include -I/shim/gnu-efi/inc -I/shim/gnu-efi/inc/x86_64 -I/shim/gnu-efi/inc/protocol -I/shim/Cryptlib/OpenSSL/crypto/asn1 -I/shim/Cryptlib/OpenSSL/crypto/evp -I/shim/Cryptlib/OpenSSL/crypto/modes -I/shim/Cryptlib/OpenSSL/crypto/include -isystem /shim/include/system -isystem /usr/lib/gcc/x86_64-linux-gnu/14/include -DL_ENDIAN -D_CRT_SECURE_NO_DEPRECATE -D_CRT_NONSTDC_NO_DEPRECATE -DOPENSSL_SMALL_FOOTPRINT -DPEDANTIC -DMDE_CPU_X64   -c -o crypto/rsa/rsa_oaep.o crypto/rsa/rsa_oaep.c
#14 7.506 gcc -std=gnu11 -ggdb -gdwarf-4 -gstrict-dwarf -ffreestanding -fmacro-prefix-map=/shim/= -fno-stack-protector -fno-strict-aliasing -fpic -fshort-wchar -nostdinc -m64 -mno-mmx -mno-sse -mno-red-zone -maccumulate-outgoing-args -Os -Wall -Wextra -Wno-missing-field-initializers -Wno-empty-body -Wno-implicit-fallthrough -Wno-old-style-declaration -Wno-unused-but-set-variable -Wno-unused-parameter -Werror -Wno-error=unused-but-set-variable -Wno-error=unused-parameter -I/shim/Cryptlib/OpenSSL -I/shim/Cryptlib -I/shim/Cryptlib/OpenSSL/Include/ -I/shim/Cryptlib/OpenSSL/crypto -I/shim/Cryptlib/Include -I/shim/gnu-efi/inc -I/shim/gnu-efi/inc/x86_64 -I/shim/gnu-efi/inc/protocol -I/shim/Cryptlib/OpenSSL/crypto/asn1 -I/shim/Cryptlib/OpenSSL/crypto/evp -I/shim/Cryptlib/OpenSSL/crypto/modes -I/shim/Cryptlib/OpenSSL/crypto/include -isystem /shim/include/system -isystem /usr/lib/gcc/x86_64-linux-gnu/14/include -DL_ENDIAN -D_CRT_SECURE_NO_DEPRECATE -D_CRT_NONSTDC_NO_DEPRECATE -DOPENSSL_SMALL_FOOTPRINT -DPEDANTIC -DMDE_CPU_X64   -c -o crypto/rsa/rsa_chk.o crypto/rsa/rsa_chk.c
#14 7.522 gcc -std=gnu11 -ggdb -gdwarf-4 -gstrict-dwarf -ffreestanding -fmacro-prefix-map=/shim/= -fno-stack-protector -fno-strict-aliasing -fpic -fshort-wchar -nostdinc -m64 -mno-mmx -mno-sse -mno-red-zone -maccumulate-outgoing-args -Os -Wall -Wextra -Wno-missing-field-initializers -Wno-empty-body -Wno-implicit-fallthrough -Wno-old-style-declaration -Wno-unused-but-set-variable -Wno-unused-parameter -Werror -Wno-error=unused-but-set-variable -Wno-error=unused-parameter -I/shim/Cryptlib/OpenSSL -I/shim/Cryptlib -I/shim/Cryptlib/OpenSSL/Include/ -I/shim/Cryptlib/OpenSSL/crypto -I/shim/Cryptlib/Include -I/shim/gnu-efi/inc -I/shim/gnu-efi/inc/x86_64 -I/shim/gnu-efi/inc/protocol -I/shim/Cryptlib/OpenSSL/crypto/asn1 -I/shim/Cryptlib/OpenSSL/crypto/evp -I/shim/Cryptlib/OpenSSL/crypto/modes -I/shim/Cryptlib/OpenSSL/crypto/include -isystem /shim/include/system -isystem /usr/lib/gcc/x86_64-linux-gnu/14/include -DL_ENDIAN -D_CRT_SECURE_NO_DEPRECATE -D_CRT_NONSTDC_NO_DEPRECATE -DOPENSSL_SMALL_FOOTPRINT -DPEDANTIC -DMDE_CPU_X64   -c -o crypto/rsa/rsa_null.o crypto/rsa/rsa_null.c
#14 7.567 gcc -std=gnu11 -ggdb -gdwarf-4 -gstrict-dwarf -ffreestanding -fmacro-prefix-map=/shim/= -fno-stack-protector -fno-strict-aliasing -fpic -fshort-wchar -nostdinc -m64 -mno-mmx -mno-sse -mno-red-zone -maccumulate-outgoing-args -Os -Wall -Wextra -Wno-missing-field-initializers -Wno-empty-body -Wno-implicit-fallthrough -Wno-old-style-declaration -Wno-unused-but-set-variable -Wno-unused-parameter -Werror -Wno-error=unused-but-set-variable -Wno-error=unused-parameter -I/shim/Cryptlib/OpenSSL -I/shim/Cryptlib -I/shim/Cryptlib/OpenSSL/Include/ -I/shim/Cryptlib/OpenSSL/crypto -I/shim/Cryptlib/Include -I/shim/gnu-efi/inc -I/shim/gnu-efi/inc/x86_64 -I/shim/gnu-efi/inc/protocol -I/shim/Cryptlib/OpenSSL/crypto/asn1 -I/shim/Cryptlib/OpenSSL/crypto/evp -I/shim/Cryptlib/OpenSSL/crypto/modes -I/shim/Cryptlib/OpenSSL/crypto/include -isystem /shim/include/system -isystem /usr/lib/gcc/x86_64-linux-gnu/14/include -DL_ENDIAN -D_CRT_SECURE_NO_DEPRECATE -D_CRT_NONSTDC_NO_DEPRECATE -DOPENSSL_SMALL_FOOTPRINT -DPEDANTIC -DMDE_CPU_X64   -c -o crypto/rsa/rsa_pss.o crypto/rsa/rsa_pss.c
#14 7.583 gcc -std=gnu11 -ggdb -gdwarf-4 -gstrict-dwarf -ffreestanding -fmacro-prefix-map=/shim/= -fno-stack-protector -fno-strict-aliasing -fpic -fshort-wchar -nostdinc -m64 -mno-mmx -mno-sse -mno-red-zone -maccumulate-outgoing-args -Os -Wall -Wextra -Wno-missing-field-initializers -Wno-empty-body -Wno-implicit-fallthrough -Wno-old-style-declaration -Wno-unused-but-set-variable -Wno-unused-parameter -Werror -Wno-error=unused-but-set-variable -Wno-error=unused-parameter -I/shim/Cryptlib/OpenSSL -I/shim/Cryptlib -I/shim/Cryptlib/OpenSSL/Include/ -I/shim/Cryptlib/OpenSSL/crypto -I/shim/Cryptlib/Include -I/shim/gnu-efi/inc -I/shim/gnu-efi/inc/x86_64 -I/shim/gnu-efi/inc/protocol -I/shim/Cryptlib/OpenSSL/crypto/asn1 -I/shim/Cryptlib/OpenSSL/crypto/evp -I/shim/Cryptlib/OpenSSL/crypto/modes -I/shim/Cryptlib/OpenSSL/crypto/include -isystem /shim/include/system -isystem /usr/lib/gcc/x86_64-linux-gnu/14/include -DL_ENDIAN -D_CRT_SECURE_NO_DEPRECATE -D_CRT_NONSTDC_NO_DEPRECATE -DOPENSSL_SMALL_FOOTPRINT -DPEDANTIC -DMDE_CPU_X64   -c -o crypto/rsa/rsa_x931.o crypto/rsa/rsa_x931.c
#14 7.587 gcc -std=gnu11 -ggdb -gdwarf-4 -gstrict-dwarf -ffreestanding -fmacro-prefix-map=/shim/= -fno-stack-protector -fno-strict-aliasing -fpic -fshort-wchar -nostdinc -m64 -mno-mmx -mno-sse -mno-red-zone -maccumulate-outgoing-args -Os -Wall -Wextra -Wno-missing-field-initializers -Wno-empty-body -Wno-implicit-fallthrough -Wno-old-style-declaration -Wno-unused-but-set-variable -Wno-unused-parameter -Werror -Wno-error=unused-but-set-variable -Wno-error=unused-parameter -I/shim/Cryptlib/OpenSSL -I/shim/Cryptlib -I/shim/Cryptlib/OpenSSL/Include/ -I/shim/Cryptlib/OpenSSL/crypto -I/shim/Cryptlib/Include -I/shim/gnu-efi/inc -I/shim/gnu-efi/inc/x86_64 -I/shim/gnu-efi/inc/protocol -I/shim/Cryptlib/OpenSSL/crypto/asn1 -I/shim/Cryptlib/OpenSSL/crypto/evp -I/shim/Cryptlib/OpenSSL/crypto/modes -I/shim/Cryptlib/OpenSSL/crypto/include -isystem /shim/include/system -isystem /usr/lib/gcc/x86_64-linux-gnu/14/include -DL_ENDIAN -D_CRT_SECURE_NO_DEPRECATE -D_CRT_NONSTDC_NO_DEPRECATE -DOPENSSL_SMALL_FOOTPRINT -DPEDANTIC -DMDE_CPU_X64   -c -o crypto/rsa/rsa_asn1.o crypto/rsa/rsa_asn1.c
#14 7.590 gcc -std=gnu11 -ggdb -gdwarf-4 -gstrict-dwarf -ffreestanding -fmacro-prefix-map=/shim/= -fno-stack-protector -fno-strict-aliasing -fpic -fshort-wchar -nostdinc -m64 -mno-mmx -mno-sse -mno-red-zone -maccumulate-outgoing-args -Os -Wall -Wextra -Wno-missing-field-initializers -Wno-empty-body -Wno-implicit-fallthrough -Wno-old-style-declaration -Wno-unused-but-set-variable -Wno-unused-parameter -Werror -Wno-error=unused-but-set-variable -Wno-error=unused-parameter -I/shim/Cryptlib/OpenSSL -I/shim/Cryptlib -I/shim/Cryptlib/OpenSSL/Include/ -I/shim/Cryptlib/OpenSSL/crypto -I/shim/Cryptlib/Include -I/shim/gnu-efi/inc -I/shim/gnu-efi/inc/x86_64 -I/shim/gnu-efi/inc/protocol -I/shim/Cryptlib/OpenSSL/crypto/asn1 -I/shim/Cryptlib/OpenSSL/crypto/evp -I/shim/Cryptlib/OpenSSL/crypto/modes -I/shim/Cryptlib/OpenSSL/crypto/include -isystem /shim/include/system -isystem /usr/lib/gcc/x86_64-linux-gnu/14/include -DL_ENDIAN -D_CRT_SECURE_NO_DEPRECATE -D_CRT_NONSTDC_NO_DEPRECATE -DOPENSSL_SMALL_FOOTPRINT -DPEDANTIC -DMDE_CPU_X64   -c -o crypto/rsa/rsa_depr.o crypto/rsa/rsa_depr.c
#14 7.650 gcc -std=gnu11 -ggdb -gdwarf-4 -gstrict-dwarf -ffreestanding -fmacro-prefix-map=/shim/= -fno-stack-protector -fno-strict-aliasing -fpic -fshort-wchar -nostdinc -m64 -mno-mmx -mno-sse -mno-red-zone -maccumulate-outgoing-args -Os -Wall -Wextra -Wno-missing-field-initializers -Wno-empty-body -Wno-implicit-fallthrough -Wno-old-style-declaration -Wno-unused-but-set-variable -Wno-unused-parameter -Werror -Wno-error=unused-but-set-variable -Wno-error=unused-parameter -I/shim/Cryptlib/OpenSSL -I/shim/Cryptlib -I/shim/Cryptlib/OpenSSL/Include/ -I/shim/Cryptlib/OpenSSL/crypto -I/shim/Cryptlib/Include -I/shim/gnu-efi/inc -I/shim/gnu-efi/inc/x86_64 -I/shim/gnu-efi/inc/protocol -I/shim/Cryptlib/OpenSSL/crypto/asn1 -I/shim/Cryptlib/OpenSSL/crypto/evp -I/shim/Cryptlib/OpenSSL/crypto/modes -I/shim/Cryptlib/OpenSSL/crypto/include -isystem /shim/include/system -isystem /usr/lib/gcc/x86_64-linux-gnu/14/include -DL_ENDIAN -D_CRT_SECURE_NO_DEPRECATE -D_CRT_NONSTDC_NO_DEPRECATE -DOPENSSL_SMALL_FOOTPRINT -DPEDANTIC -DMDE_CPU_X64   -c -o crypto/rsa/rsa_ameth.o crypto/rsa/rsa_ameth.c
#14 7.653 gcc -std=gnu11 -ggdb -gdwarf-4 -gstrict-dwarf -ffreestanding -fmacro-prefix-map=/shim/= -fno-stack-protector -fno-strict-aliasing -fpic -fshort-wchar -nostdinc -m64 -mno-mmx -mno-sse -mno-red-zone -maccumulate-outgoing-args -Os -Wall -Wextra -Wno-missing-field-initializers -Wno-empty-body -Wno-implicit-fallthrough -Wno-old-style-declaration -Wno-unused-but-set-variable -Wno-unused-parameter -Werror -Wno-error=unused-but-set-variable -Wno-error=unused-parameter -I/shim/Cryptlib/OpenSSL -I/shim/Cryptlib -I/shim/Cryptlib/OpenSSL/Include/ -I/shim/Cryptlib/OpenSSL/crypto -I/shim/Cryptlib/Include -I/shim/gnu-efi/inc -I/shim/gnu-efi/inc/x86_64 -I/shim/gnu-efi/inc/protocol -I/shim/Cryptlib/OpenSSL/crypto/asn1 -I/shim/Cryptlib/OpenSSL/crypto/evp -I/shim/Cryptlib/OpenSSL/crypto/modes -I/shim/Cryptlib/OpenSSL/crypto/include -isystem /shim/include/system -isystem /usr/lib/gcc/x86_64-linux-gnu/14/include -DL_ENDIAN -D_CRT_SECURE_NO_DEPRECATE -D_CRT_NONSTDC_NO_DEPRECATE -DOPENSSL_SMALL_FOOTPRINT -DPEDANTIC -DMDE_CPU_X64   -c -o crypto/rsa/rsa_prn.o crypto/rsa/rsa_prn.c
#14 7.692 gcc -std=gnu11 -ggdb -gdwarf-4 -gstrict-dwarf -ffreestanding -fmacro-prefix-map=/shim/= -fno-stack-protector -fno-strict-aliasing -fpic -fshort-wchar -nostdinc -m64 -mno-mmx -mno-sse -mno-red-zone -maccumulate-outgoing-args -Os -Wall -Wextra -Wno-missing-field-initializers -Wno-empty-body -Wno-implicit-fallthrough -Wno-old-style-declaration -Wno-unused-but-set-variable -Wno-unused-parameter -Werror -Wno-error=unused-but-set-variable -Wno-error=unused-parameter -I/shim/Cryptlib/OpenSSL -I/shim/Cryptlib -I/shim/Cryptlib/OpenSSL/Include/ -I/shim/Cryptlib/OpenSSL/crypto -I/shim/Cryptlib/Include -I/shim/gnu-efi/inc -I/shim/gnu-efi/inc/x86_64 -I/shim/gnu-efi/inc/protocol -I/shim/Cryptlib/OpenSSL/crypto/asn1 -I/shim/Cryptlib/OpenSSL/crypto/evp -I/shim/Cryptlib/OpenSSL/crypto/modes -I/shim/Cryptlib/OpenSSL/crypto/include -isystem /shim/include/system -isystem /usr/lib/gcc/x86_64-linux-gnu/14/include -DL_ENDIAN -D_CRT_SECURE_NO_DEPRECATE -D_CRT_NONSTDC_NO_DEPRECATE -DOPENSSL_SMALL_FOOTPRINT -DPEDANTIC -DMDE_CPU_X64   -c -o crypto/rsa/rsa_pmeth.o crypto/rsa/rsa_pmeth.c
#14 7.706 gcc -std=gnu11 -ggdb -gdwarf-4 -gstrict-dwarf -ffreestanding -fmacro-prefix-map=/shim/= -fno-stack-protector -fno-strict-aliasing -fpic -fshort-wchar -nostdinc -m64 -mno-mmx -mno-sse -mno-red-zone -maccumulate-outgoing-args -Os -Wall -Wextra -Wno-missing-field-initializers -Wno-empty-body -Wno-implicit-fallthrough -Wno-old-style-declaration -Wno-unused-but-set-variable -Wno-unused-parameter -Werror -Wno-error=unused-but-set-variable -Wno-error=unused-parameter -I/shim/Cryptlib/OpenSSL -I/shim/Cryptlib -I/shim/Cryptlib/OpenSSL/Include/ -I/shim/Cryptlib/OpenSSL/crypto -I/shim/Cryptlib/Include -I/shim/gnu-efi/inc -I/shim/gnu-efi/inc/x86_64 -I/shim/gnu-efi/inc/protocol -I/shim/Cryptlib/OpenSSL/crypto/asn1 -I/shim/Cryptlib/OpenSSL/crypto/evp -I/shim/Cryptlib/OpenSSL/crypto/modes -I/shim/Cryptlib/OpenSSL/crypto/include -isystem /shim/include/system -isystem /usr/lib/gcc/x86_64-linux-gnu/14/include -DL_ENDIAN -D_CRT_SECURE_NO_DEPRECATE -D_CRT_NONSTDC_NO_DEPRECATE -DOPENSSL_SMALL_FOOTPRINT -DPEDANTIC -DMDE_CPU_X64   -c -o crypto/rsa/rsa_crpt.o crypto/rsa/rsa_crpt.c
#14 7.725 gcc -std=gnu11 -ggdb -gdwarf-4 -gstrict-dwarf -ffreestanding -fmacro-prefix-map=/shim/= -fno-stack-protector -fno-strict-aliasing -fpic -fshort-wchar -nostdinc -m64 -mno-mmx -mno-sse -mno-red-zone -maccumulate-outgoing-args -Os -Wall -Wextra -Wno-missing-field-initializers -Wno-empty-body -Wno-implicit-fallthrough -Wno-old-style-declaration -Wno-unused-but-set-variable -Wno-unused-parameter -Werror -Wno-error=unused-but-set-variable -Wno-error=unused-parameter -I/shim/Cryptlib/OpenSSL -I/shim/Cryptlib -I/shim/Cryptlib/OpenSSL/Include/ -I/shim/Cryptlib/OpenSSL/crypto -I/shim/Cryptlib/Include -I/shim/gnu-efi/inc -I/shim/gnu-efi/inc/x86_64 -I/shim/gnu-efi/inc/protocol -I/shim/Cryptlib/OpenSSL/crypto/asn1 -I/shim/Cryptlib/OpenSSL/crypto/evp -I/shim/Cryptlib/OpenSSL/crypto/modes -I/shim/Cryptlib/OpenSSL/crypto/include -isystem /shim/include/system -isystem /usr/lib/gcc/x86_64-linux-gnu/14/include -DL_ENDIAN -D_CRT_SECURE_NO_DEPRECATE -D_CRT_NONSTDC_NO_DEPRECATE -DOPENSSL_SMALL_FOOTPRINT -DPEDANTIC -DMDE_CPU_X64   -c -o crypto/dso/dso_dl.o crypto/dso/dso_dl.c
#14 7.783 gcc -std=gnu11 -ggdb -gdwarf-4 -gstrict-dwarf -ffreestanding -fmacro-prefix-map=/shim/= -fno-stack-protector -fno-strict-aliasing -fpic -fshort-wchar -nostdinc -m64 -mno-mmx -mno-sse -mno-red-zone -maccumulate-outgoing-args -Os -Wall -Wextra -Wno-missing-field-initializers -Wno-empty-body -Wno-implicit-fallthrough -Wno-old-style-declaration -Wno-unused-but-set-variable -Wno-unused-parameter -Werror -Wno-error=unused-but-set-variable -Wno-error=unused-parameter -I/shim/Cryptlib/OpenSSL -I/shim/Cryptlib -I/shim/Cryptlib/OpenSSL/Include/ -I/shim/Cryptlib/OpenSSL/crypto -I/shim/Cryptlib/Include -I/shim/gnu-efi/inc -I/shim/gnu-efi/inc/x86_64 -I/shim/gnu-efi/inc/protocol -I/shim/Cryptlib/OpenSSL/crypto/asn1 -I/shim/Cryptlib/OpenSSL/crypto/evp -I/shim/Cryptlib/OpenSSL/crypto/modes -I/shim/Cryptlib/OpenSSL/crypto/include -isystem /shim/include/system -isystem /usr/lib/gcc/x86_64-linux-gnu/14/include -DL_ENDIAN -D_CRT_SECURE_NO_DEPRECATE -D_CRT_NONSTDC_NO_DEPRECATE -DOPENSSL_SMALL_FOOTPRINT -DPEDANTIC -DMDE_CPU_X64   -c -o crypto/dso/dso_dlfcn.o crypto/dso/dso_dlfcn.c
#14 7.791 gcc -std=gnu11 -ggdb -gdwarf-4 -gstrict-dwarf -ffreestanding -fmacro-prefix-map=/shim/= -fno-stack-protector -fno-strict-aliasing -fpic -fshort-wchar -nostdinc -m64 -mno-mmx -mno-sse -mno-red-zone -maccumulate-outgoing-args -Os -Wall -Wextra -Wno-missing-field-initializers -Wno-empty-body -Wno-implicit-fallthrough -Wno-old-style-declaration -Wno-unused-but-set-variable -Wno-unused-parameter -Werror -Wno-error=unused-but-set-variable -Wno-error=unused-parameter -I/shim/Cryptlib/OpenSSL -I/shim/Cryptlib -I/shim/Cryptlib/OpenSSL/Include/ -I/shim/Cryptlib/OpenSSL/crypto -I/shim/Cryptlib/Include -I/shim/gnu-efi/inc -I/shim/gnu-efi/inc/x86_64 -I/shim/gnu-efi/inc/protocol -I/shim/Cryptlib/OpenSSL/crypto/asn1 -I/shim/Cryptlib/OpenSSL/crypto/evp -I/shim/Cryptlib/OpenSSL/crypto/modes -I/shim/Cryptlib/OpenSSL/crypto/include -isystem /shim/include/system -isystem /usr/lib/gcc/x86_64-linux-gnu/14/include -DL_ENDIAN -D_CRT_SECURE_NO_DEPRECATE -D_CRT_NONSTDC_NO_DEPRECATE -DOPENSSL_SMALL_FOOTPRINT -DPEDANTIC -DMDE_CPU_X64   -c -o crypto/dso/dso_err.o crypto/dso/dso_err.c
#14 7.825 gcc -std=gnu11 -ggdb -gdwarf-4 -gstrict-dwarf -ffreestanding -fmacro-prefix-map=/shim/= -fno-stack-protector -fno-strict-aliasing -fpic -fshort-wchar -nostdinc -m64 -mno-mmx -mno-sse -mno-red-zone -maccumulate-outgoing-args -Os -Wall -Wextra -Wno-missing-field-initializers -Wno-empty-body -Wno-implicit-fallthrough -Wno-old-style-declaration -Wno-unused-but-set-variable -Wno-unused-parameter -Werror -Wno-error=unused-but-set-variable -Wno-error=unused-parameter -I/shim/Cryptlib/OpenSSL -I/shim/Cryptlib -I/shim/Cryptlib/OpenSSL/Include/ -I/shim/Cryptlib/OpenSSL/crypto -I/shim/Cryptlib/Include -I/shim/gnu-efi/inc -I/shim/gnu-efi/inc/x86_64 -I/shim/gnu-efi/inc/protocol -I/shim/Cryptlib/OpenSSL/crypto/asn1 -I/shim/Cryptlib/OpenSSL/crypto/evp -I/shim/Cryptlib/OpenSSL/crypto/modes -I/shim/Cryptlib/OpenSSL/crypto/include -isystem /shim/include/system -isystem /usr/lib/gcc/x86_64-linux-gnu/14/include -DL_ENDIAN -D_CRT_SECURE_NO_DEPRECATE -D_CRT_NONSTDC_NO_DEPRECATE -DOPENSSL_SMALL_FOOTPRINT -DPEDANTIC -DMDE_CPU_X64   -c -o crypto/dso/dso_lib.o crypto/dso/dso_lib.c
#14 7.838 gcc -std=gnu11 -ggdb -gdwarf-4 -gstrict-dwarf -ffreestanding -fmacro-prefix-map=/shim/= -fno-stack-protector -fno-strict-aliasing -fpic -fshort-wchar -nostdinc -m64 -mno-mmx -mno-sse -mno-red-zone -maccumulate-outgoing-args -Os -Wall -Wextra -Wno-missing-field-initializers -Wno-empty-body -Wno-implicit-fallthrough -Wno-old-style-declaration -Wno-unused-but-set-variable -Wno-unused-parameter -Werror -Wno-error=unused-but-set-variable -Wno-error=unused-parameter -I/shim/Cryptlib/OpenSSL -I/shim/Cryptlib -I/shim/Cryptlib/OpenSSL/Include/ -I/shim/Cryptlib/OpenSSL/crypto -I/shim/Cryptlib/Include -I/shim/gnu-efi/inc -I/shim/gnu-efi/inc/x86_64 -I/shim/gnu-efi/inc/protocol -I/shim/Cryptlib/OpenSSL/crypto/asn1 -I/shim/Cryptlib/OpenSSL/crypto/evp -I/shim/Cryptlib/OpenSSL/crypto/modes -I/shim/Cryptlib/OpenSSL/crypto/include -isystem /shim/include/system -isystem /usr/lib/gcc/x86_64-linux-gnu/14/include -DL_ENDIAN -D_CRT_SECURE_NO_DEPRECATE -D_CRT_NONSTDC_NO_DEPRECATE -DOPENSSL_SMALL_FOOTPRINT -DPEDANTIC -DMDE_CPU_X64   -c -o crypto/dso/dso_null.o crypto/dso/dso_null.c
#14 7.880 gcc -std=gnu11 -ggdb -gdwarf-4 -gstrict-dwarf -ffreestanding -fmacro-prefix-map=/shim/= -fno-stack-protector -fno-strict-aliasing -fpic -fshort-wchar -nostdinc -m64 -mno-mmx -mno-sse -mno-red-zone -maccumulate-outgoing-args -Os -Wall -Wextra -Wno-missing-field-initializers -Wno-empty-body -Wno-implicit-fallthrough -Wno-old-style-declaration -Wno-unused-but-set-variable -Wno-unused-parameter -Werror -Wno-error=unused-but-set-variable -Wno-error=unused-parameter -I/shim/Cryptlib/OpenSSL -I/shim/Cryptlib -I/shim/Cryptlib/OpenSSL/Include/ -I/shim/Cryptlib/OpenSSL/crypto -I/shim/Cryptlib/Include -I/shim/gnu-efi/inc -I/shim/gnu-efi/inc/x86_64 -I/shim/gnu-efi/inc/protocol -I/shim/Cryptlib/OpenSSL/crypto/asn1 -I/shim/Cryptlib/OpenSSL/crypto/evp -I/shim/Cryptlib/OpenSSL/crypto/modes -I/shim/Cryptlib/OpenSSL/crypto/include -isystem /shim/include/system -isystem /usr/lib/gcc/x86_64-linux-gnu/14/include -DL_ENDIAN -D_CRT_SECURE_NO_DEPRECATE -D_CRT_NONSTDC_NO_DEPRECATE -DOPENSSL_SMALL_FOOTPRINT -DPEDANTIC -DMDE_CPU_X64   -c -o crypto/dso/dso_openssl.o crypto/dso/dso_openssl.c
#14 7.892 gcc -std=gnu11 -ggdb -gdwarf-4 -gstrict-dwarf -ffreestanding -fmacro-prefix-map=/shim/= -fno-stack-protector -fno-strict-aliasing -fpic -fshort-wchar -nostdinc -m64 -mno-mmx -mno-sse -mno-red-zone -maccumulate-outgoing-args -Os -Wall -Wextra -Wno-missing-field-initializers -Wno-empty-body -Wno-implicit-fallthrough -Wno-old-style-declaration -Wno-unused-but-set-variable -Wno-unused-parameter -Werror -Wno-error=unused-but-set-variable -Wno-error=unused-parameter -I/shim/Cryptlib/OpenSSL -I/shim/Cryptlib -I/shim/Cryptlib/OpenSSL/Include/ -I/shim/Cryptlib/OpenSSL/crypto -I/shim/Cryptlib/Include -I/shim/gnu-efi/inc -I/shim/gnu-efi/inc/x86_64 -I/shim/gnu-efi/inc/protocol -I/shim/Cryptlib/OpenSSL/crypto/asn1 -I/shim/Cryptlib/OpenSSL/crypto/evp -I/shim/Cryptlib/OpenSSL/crypto/modes -I/shim/Cryptlib/OpenSSL/crypto/include -isystem /shim/include/system -isystem /usr/lib/gcc/x86_64-linux-gnu/14/include -DL_ENDIAN -D_CRT_SECURE_NO_DEPRECATE -D_CRT_NONSTDC_NO_DEPRECATE -DOPENSSL_SMALL_FOOTPRINT -DPEDANTIC -DMDE_CPU_X64   -c -o crypto/dso/dso_win32.o crypto/dso/dso_win32.c
#14 7.893 gcc -std=gnu11 -ggdb -gdwarf-4 -gstrict-dwarf -ffreestanding -fmacro-prefix-map=/shim/= -fno-stack-protector -fno-strict-aliasing -fpic -fshort-wchar -nostdinc -m64 -mno-mmx -mno-sse -mno-red-zone -maccumulate-outgoing-args -Os -Wall -Wextra -Wno-missing-field-initializers -Wno-empty-body -Wno-implicit-fallthrough -Wno-old-style-declaration -Wno-unused-but-set-variable -Wno-unused-parameter -Werror -Wno-error=unused-but-set-variable -Wno-error=unused-parameter -I/shim/Cryptlib/OpenSSL -I/shim/Cryptlib -I/shim/Cryptlib/OpenSSL/Include/ -I/shim/Cryptlib/OpenSSL/crypto -I/shim/Cryptlib/Include -I/shim/gnu-efi/inc -I/shim/gnu-efi/inc/x86_64 -I/shim/gnu-efi/inc/protocol -I/shim/Cryptlib/OpenSSL/crypto/asn1 -I/shim/Cryptlib/OpenSSL/crypto/evp -I/shim/Cryptlib/OpenSSL/crypto/modes -I/shim/Cryptlib/OpenSSL/crypto/include -isystem /shim/include/system -isystem /usr/lib/gcc/x86_64-linux-gnu/14/include -DL_ENDIAN -D_CRT_SECURE_NO_DEPRECATE -D_CRT_NONSTDC_NO_DEPRECATE -DOPENSSL_SMALL_FOOTPRINT -DPEDANTIC -DMDE_CPU_X64   -c -o crypto/dso/dso_vms.o crypto/dso/dso_vms.c
#14 7.920 gcc -std=gnu11 -ggdb -gdwarf-4 -gstrict-dwarf -ffreestanding -fmacro-prefix-map=/shim/= -fno-stack-protector -fno-strict-aliasing -fpic -fshort-wchar -nostdinc -m64 -mno-mmx -mno-sse -mno-red-zone -maccumulate-outgoing-args -Os -Wall -Wextra -Wno-missing-field-initializers -Wno-empty-body -Wno-implicit-fallthrough -Wno-old-style-declaration -Wno-unused-but-set-variable -Wno-unused-parameter -Werror -Wno-error=unused-but-set-variable -Wno-error=unused-parameter -I/shim/Cryptlib/OpenSSL -I/shim/Cryptlib -I/shim/Cryptlib/OpenSSL/Include/ -I/shim/Cryptlib/OpenSSL/crypto -I/shim/Cryptlib/Include -I/shim/gnu-efi/inc -I/shim/gnu-efi/inc/x86_64 -I/shim/gnu-efi/inc/protocol -I/shim/Cryptlib/OpenSSL/crypto/asn1 -I/shim/Cryptlib/OpenSSL/crypto/evp -I/shim/Cryptlib/OpenSSL/crypto/modes -I/shim/Cryptlib/OpenSSL/crypto/include -isystem /shim/include/system -isystem /usr/lib/gcc/x86_64-linux-gnu/14/include -DL_ENDIAN -D_CRT_SECURE_NO_DEPRECATE -D_CRT_NONSTDC_NO_DEPRECATE -DOPENSSL_SMALL_FOOTPRINT -DPEDANTIC -DMDE_CPU_X64   -c -o crypto/dso/dso_beos.o crypto/dso/dso_beos.c
#14 7.936 gcc -std=gnu11 -ggdb -gdwarf-4 -gstrict-dwarf -ffreestanding -fmacro-prefix-map=/shim/= -fno-stack-protector -fno-strict-aliasing -fpic -fshort-wchar -nostdinc -m64 -mno-mmx -mno-sse -mno-red-zone -maccumulate-outgoing-args -Os -Wall -Wextra -Wno-missing-field-initializers -Wno-empty-body -Wno-implicit-fallthrough -Wno-old-style-declaration -Wno-unused-but-set-variable -Wno-unused-parameter -Werror -Wno-error=unused-but-set-variable -Wno-error=unused-parameter -I/shim/Cryptlib/OpenSSL -I/shim/Cryptlib -I/shim/Cryptlib/OpenSSL/Include/ -I/shim/Cryptlib/OpenSSL/crypto -I/shim/Cryptlib/Include -I/shim/gnu-efi/inc -I/shim/gnu-efi/inc/x86_64 -I/shim/gnu-efi/inc/protocol -I/shim/Cryptlib/OpenSSL/crypto/asn1 -I/shim/Cryptlib/OpenSSL/crypto/evp -I/shim/Cryptlib/OpenSSL/crypto/modes -I/shim/Cryptlib/OpenSSL/crypto/include -isystem /shim/include/system -isystem /usr/lib/gcc/x86_64-linux-gnu/14/include -DL_ENDIAN -D_CRT_SECURE_NO_DEPRECATE -D_CRT_NONSTDC_NO_DEPRECATE -DOPENSSL_SMALL_FOOTPRINT -DPEDANTIC -DMDE_CPU_X64   -c -o crypto/dh/dh_asn1.o crypto/dh/dh_asn1.c
#14 7.950 gcc -std=gnu11 -ggdb -gdwarf-4 -gstrict-dwarf -ffreestanding -fmacro-prefix-map=/shim/= -fno-stack-protector -fno-strict-aliasing -fpic -fshort-wchar -nostdinc -m64 -mno-mmx -mno-sse -mno-red-zone -maccumulate-outgoing-args -Os -Wall -Wextra -Wno-missing-field-initializers -Wno-empty-body -Wno-implicit-fallthrough -Wno-old-style-declaration -Wno-unused-but-set-variable -Wno-unused-parameter -Werror -Wno-error=unused-but-set-variable -Wno-error=unused-parameter -I/shim/Cryptlib/OpenSSL -I/shim/Cryptlib -I/shim/Cryptlib/OpenSSL/Include/ -I/shim/Cryptlib/OpenSSL/crypto -I/shim/Cryptlib/Include -I/shim/gnu-efi/inc -I/shim/gnu-efi/inc/x86_64 -I/shim/gnu-efi/inc/protocol -I/shim/Cryptlib/OpenSSL/crypto/asn1 -I/shim/Cryptlib/OpenSSL/crypto/evp -I/shim/Cryptlib/OpenSSL/crypto/modes -I/shim/Cryptlib/OpenSSL/crypto/include -isystem /shim/include/system -isystem /usr/lib/gcc/x86_64-linux-gnu/14/include -DL_ENDIAN -D_CRT_SECURE_NO_DEPRECATE -D_CRT_NONSTDC_NO_DEPRECATE -DOPENSSL_SMALL_FOOTPRINT -DPEDANTIC -DMDE_CPU_X64   -c -o crypto/dh/dh_gen.o crypto/dh/dh_gen.c
#14 7.959 gcc -std=gnu11 -ggdb -gdwarf-4 -gstrict-dwarf -ffreestanding -fmacro-prefix-map=/shim/= -fno-stack-protector -fno-strict-aliasing -fpic -fshort-wchar -nostdinc -m64 -mno-mmx -mno-sse -mno-red-zone -maccumulate-outgoing-args -Os -Wall -Wextra -Wno-missing-field-initializers -Wno-empty-body -Wno-implicit-fallthrough -Wno-old-style-declaration -Wno-unused-but-set-variable -Wno-unused-parameter -Werror -Wno-error=unused-but-set-variable -Wno-error=unused-parameter -I/shim/Cryptlib/OpenSSL -I/shim/Cryptlib -I/shim/Cryptlib/OpenSSL/Include/ -I/shim/Cryptlib/OpenSSL/crypto -I/shim/Cryptlib/Include -I/shim/gnu-efi/inc -I/shim/gnu-efi/inc/x86_64 -I/shim/gnu-efi/inc/protocol -I/shim/Cryptlib/OpenSSL/crypto/asn1 -I/shim/Cryptlib/OpenSSL/crypto/evp -I/shim/Cryptlib/OpenSSL/crypto/modes -I/shim/Cryptlib/OpenSSL/crypto/include -isystem /shim/include/system -isystem /usr/lib/gcc/x86_64-linux-gnu/14/include -DL_ENDIAN -D_CRT_SECURE_NO_DEPRECATE -D_CRT_NONSTDC_NO_DEPRECATE -DOPENSSL_SMALL_FOOTPRINT -DPEDANTIC -DMDE_CPU_X64   -c -o crypto/dh/dh_key.o crypto/dh/dh_key.c
#14 7.983 gcc -std=gnu11 -ggdb -gdwarf-4 -gstrict-dwarf -ffreestanding -fmacro-prefix-map=/shim/= -fno-stack-protector -fno-strict-aliasing -fpic -fshort-wchar -nostdinc -m64 -mno-mmx -mno-sse -mno-red-zone -maccumulate-outgoing-args -Os -Wall -Wextra -Wno-missing-field-initializers -Wno-empty-body -Wno-implicit-fallthrough -Wno-old-style-declaration -Wno-unused-but-set-variable -Wno-unused-parameter -Werror -Wno-error=unused-but-set-variable -Wno-error=unused-parameter -I/shim/Cryptlib/OpenSSL -I/shim/Cryptlib -I/shim/Cryptlib/OpenSSL/Include/ -I/shim/Cryptlib/OpenSSL/crypto -I/shim/Cryptlib/Include -I/shim/gnu-efi/inc -I/shim/gnu-efi/inc/x86_64 -I/shim/gnu-efi/inc/protocol -I/shim/Cryptlib/OpenSSL/crypto/asn1 -I/shim/Cryptlib/OpenSSL/crypto/evp -I/shim/Cryptlib/OpenSSL/crypto/modes -I/shim/Cryptlib/OpenSSL/crypto/include -isystem /shim/include/system -isystem /usr/lib/gcc/x86_64-linux-gnu/14/include -DL_ENDIAN -D_CRT_SECURE_NO_DEPRECATE -D_CRT_NONSTDC_NO_DEPRECATE -DOPENSSL_SMALL_FOOTPRINT -DPEDANTIC -DMDE_CPU_X64   -c -o crypto/dh/dh_lib.o crypto/dh/dh_lib.c
#14 7.998 gcc -std=gnu11 -ggdb -gdwarf-4 -gstrict-dwarf -ffreestanding -fmacro-prefix-map=/shim/= -fno-stack-protector -fno-strict-aliasing -fpic -fshort-wchar -nostdinc -m64 -mno-mmx -mno-sse -mno-red-zone -maccumulate-outgoing-args -Os -Wall -Wextra -Wno-missing-field-initializers -Wno-empty-body -Wno-implicit-fallthrough -Wno-old-style-declaration -Wno-unused-but-set-variable -Wno-unused-parameter -Werror -Wno-error=unused-but-set-variable -Wno-error=unused-parameter -I/shim/Cryptlib/OpenSSL -I/shim/Cryptlib -I/shim/Cryptlib/OpenSSL/Include/ -I/shim/Cryptlib/OpenSSL/crypto -I/shim/Cryptlib/Include -I/shim/gnu-efi/inc -I/shim/gnu-efi/inc/x86_64 -I/shim/gnu-efi/inc/protocol -I/shim/Cryptlib/OpenSSL/crypto/asn1 -I/shim/Cryptlib/OpenSSL/crypto/evp -I/shim/Cryptlib/OpenSSL/crypto/modes -I/shim/Cryptlib/OpenSSL/crypto/include -isystem /shim/include/system -isystem /usr/lib/gcc/x86_64-linux-gnu/14/include -DL_ENDIAN -D_CRT_SECURE_NO_DEPRECATE -D_CRT_NONSTDC_NO_DEPRECATE -DOPENSSL_SMALL_FOOTPRINT -DPEDANTIC -DMDE_CPU_X64   -c -o crypto/dh/dh_check.o crypto/dh/dh_check.c
#14 8.007 gcc -std=gnu11 -ggdb -gdwarf-4 -gstrict-dwarf -ffreestanding -fmacro-prefix-map=/shim/= -fno-stack-protector -fno-strict-aliasing -fpic -fshort-wchar -nostdinc -m64 -mno-mmx -mno-sse -mno-red-zone -maccumulate-outgoing-args -Os -Wall -Wextra -Wno-missing-field-initializers -Wno-empty-body -Wno-implicit-fallthrough -Wno-old-style-declaration -Wno-unused-but-set-variable -Wno-unused-parameter -Werror -Wno-error=unused-but-set-variable -Wno-error=unused-parameter -I/shim/Cryptlib/OpenSSL -I/shim/Cryptlib -I/shim/Cryptlib/OpenSSL/Include/ -I/shim/Cryptlib/OpenSSL/crypto -I/shim/Cryptlib/Include -I/shim/gnu-efi/inc -I/shim/gnu-efi/inc/x86_64 -I/shim/gnu-efi/inc/protocol -I/shim/Cryptlib/OpenSSL/crypto/asn1 -I/shim/Cryptlib/OpenSSL/crypto/evp -I/shim/Cryptlib/OpenSSL/crypto/modes -I/shim/Cryptlib/OpenSSL/crypto/include -isystem /shim/include/system -isystem /usr/lib/gcc/x86_64-linux-gnu/14/include -DL_ENDIAN -D_CRT_SECURE_NO_DEPRECATE -D_CRT_NONSTDC_NO_DEPRECATE -DOPENSSL_SMALL_FOOTPRINT -DPEDANTIC -DMDE_CPU_X64   -c -o crypto/dh/dh_err.o crypto/dh/dh_err.c
#14 8.055 gcc -std=gnu11 -ggdb -gdwarf-4 -gstrict-dwarf -ffreestanding -fmacro-prefix-map=/shim/= -fno-stack-protector -fno-strict-aliasing -fpic -fshort-wchar -nostdinc -m64 -mno-mmx -mno-sse -mno-red-zone -maccumulate-outgoing-args -Os -Wall -Wextra -Wno-missing-field-initializers -Wno-empty-body -Wno-implicit-fallthrough -Wno-old-style-declaration -Wno-unused-but-set-variable -Wno-unused-parameter -Werror -Wno-error=unused-but-set-variable -Wno-error=unused-parameter -I/shim/Cryptlib/OpenSSL -I/shim/Cryptlib -I/shim/Cryptlib/OpenSSL/Include/ -I/shim/Cryptlib/OpenSSL/crypto -I/shim/Cryptlib/Include -I/shim/gnu-efi/inc -I/shim/gnu-efi/inc/x86_64 -I/shim/gnu-efi/inc/protocol -I/shim/Cryptlib/OpenSSL/crypto/asn1 -I/shim/Cryptlib/OpenSSL/crypto/evp -I/shim/Cryptlib/OpenSSL/crypto/modes -I/shim/Cryptlib/OpenSSL/crypto/include -isystem /shim/include/system -isystem /usr/lib/gcc/x86_64-linux-gnu/14/include -DL_ENDIAN -D_CRT_SECURE_NO_DEPRECATE -D_CRT_NONSTDC_NO_DEPRECATE -DOPENSSL_SMALL_FOOTPRINT -DPEDANTIC -DMDE_CPU_X64   -c -o crypto/dh/dh_depr.o crypto/dh/dh_depr.c
#14 8.059 gcc -std=gnu11 -ggdb -gdwarf-4 -gstrict-dwarf -ffreestanding -fmacro-prefix-map=/shim/= -fno-stack-protector -fno-strict-aliasing -fpic -fshort-wchar -nostdinc -m64 -mno-mmx -mno-sse -mno-red-zone -maccumulate-outgoing-args -Os -Wall -Wextra -Wno-missing-field-initializers -Wno-empty-body -Wno-implicit-fallthrough -Wno-old-style-declaration -Wno-unused-but-set-variable -Wno-unused-parameter -Werror -Wno-error=unused-but-set-variable -Wno-error=unused-parameter -I/shim/Cryptlib/OpenSSL -I/shim/Cryptlib -I/shim/Cryptlib/OpenSSL/Include/ -I/shim/Cryptlib/OpenSSL/crypto -I/shim/Cryptlib/Include -I/shim/gnu-efi/inc -I/shim/gnu-efi/inc/x86_64 -I/shim/gnu-efi/inc/protocol -I/shim/Cryptlib/OpenSSL/crypto/asn1 -I/shim/Cryptlib/OpenSSL/crypto/evp -I/shim/Cryptlib/OpenSSL/crypto/modes -I/shim/Cryptlib/OpenSSL/crypto/include -isystem /shim/include/system -isystem /usr/lib/gcc/x86_64-linux-gnu/14/include -DL_ENDIAN -D_CRT_SECURE_NO_DEPRECATE -D_CRT_NONSTDC_NO_DEPRECATE -DOPENSSL_SMALL_FOOTPRINT -DPEDANTIC -DMDE_CPU_X64   -c -o crypto/dh/dh_ameth.o crypto/dh/dh_ameth.c
#14 8.064 gcc -std=gnu11 -ggdb -gdwarf-4 -gstrict-dwarf -ffreestanding -fmacro-prefix-map=/shim/= -fno-stack-protector -fno-strict-aliasing -fpic -fshort-wchar -nostdinc -m64 -mno-mmx -mno-sse -mno-red-zone -maccumulate-outgoing-args -Os -Wall -Wextra -Wno-missing-field-initializers -Wno-empty-body -Wno-implicit-fallthrough -Wno-old-style-declaration -Wno-unused-but-set-variable -Wno-unused-parameter -Werror -Wno-error=unused-but-set-variable -Wno-error=unused-parameter -I/shim/Cryptlib/OpenSSL -I/shim/Cryptlib -I/shim/Cryptlib/OpenSSL/Include/ -I/shim/Cryptlib/OpenSSL/crypto -I/shim/Cryptlib/Include -I/shim/gnu-efi/inc -I/shim/gnu-efi/inc/x86_64 -I/shim/gnu-efi/inc/protocol -I/shim/Cryptlib/OpenSSL/crypto/asn1 -I/shim/Cryptlib/OpenSSL/crypto/evp -I/shim/Cryptlib/OpenSSL/crypto/modes -I/shim/Cryptlib/OpenSSL/crypto/include -isystem /shim/include/system -isystem /usr/lib/gcc/x86_64-linux-gnu/14/include -DL_ENDIAN -D_CRT_SECURE_NO_DEPRECATE -D_CRT_NONSTDC_NO_DEPRECATE -DOPENSSL_SMALL_FOOTPRINT -DPEDANTIC -DMDE_CPU_X64   -c -o crypto/dh/dh_pmeth.o crypto/dh/dh_pmeth.c
#14 8.066 gcc -std=gnu11 -ggdb -gdwarf-4 -gstrict-dwarf -ffreestanding -fmacro-prefix-map=/shim/= -fno-stack-protector -fno-strict-aliasing -fpic -fshort-wchar -nostdinc -m64 -mno-mmx -mno-sse -mno-red-zone -maccumulate-outgoing-args -Os -Wall -Wextra -Wno-missing-field-initializers -Wno-empty-body -Wno-implicit-fallthrough -Wno-old-style-declaration -Wno-unused-but-set-variable -Wno-unused-parameter -Werror -Wno-error=unused-but-set-variable -Wno-error=unused-parameter -I/shim/Cryptlib/OpenSSL -I/shim/Cryptlib -I/shim/Cryptlib/OpenSSL/Include/ -I/shim/Cryptlib/OpenSSL/crypto -I/shim/Cryptlib/Include -I/shim/gnu-efi/inc -I/shim/gnu-efi/inc/x86_64 -I/shim/gnu-efi/inc/protocol -I/shim/Cryptlib/OpenSSL/crypto/asn1 -I/shim/Cryptlib/OpenSSL/crypto/evp -I/shim/Cryptlib/OpenSSL/crypto/modes -I/shim/Cryptlib/OpenSSL/crypto/include -isystem /shim/include/system -isystem /usr/lib/gcc/x86_64-linux-gnu/14/include -DL_ENDIAN -D_CRT_SECURE_NO_DEPRECATE -D_CRT_NONSTDC_NO_DEPRECATE -DOPENSSL_SMALL_FOOTPRINT -DPEDANTIC -DMDE_CPU_X64   -c -o crypto/dh/dh_prn.o crypto/dh/dh_prn.c
#14 8.094 gcc -std=gnu11 -ggdb -gdwarf-4 -gstrict-dwarf -ffreestanding -fmacro-prefix-map=/shim/= -fno-stack-protector -fno-strict-aliasing -fpic -fshort-wchar -nostdinc -m64 -mno-mmx -mno-sse -mno-red-zone -maccumulate-outgoing-args -Os -Wall -Wextra -Wno-missing-field-initializers -Wno-empty-body -Wno-implicit-fallthrough -Wno-old-style-declaration -Wno-unused-but-set-variable -Wno-unused-parameter -Werror -Wno-error=unused-but-set-variable -Wno-error=unused-parameter -I/shim/Cryptlib/OpenSSL -I/shim/Cryptlib -I/shim/Cryptlib/OpenSSL/Include/ -I/shim/Cryptlib/OpenSSL/crypto -I/shim/Cryptlib/Include -I/shim/gnu-efi/inc -I/shim/gnu-efi/inc/x86_64 -I/shim/gnu-efi/inc/protocol -I/shim/Cryptlib/OpenSSL/crypto/asn1 -I/shim/Cryptlib/OpenSSL/crypto/evp -I/shim/Cryptlib/OpenSSL/crypto/modes -I/shim/Cryptlib/OpenSSL/crypto/include -isystem /shim/include/system -isystem /usr/lib/gcc/x86_64-linux-gnu/14/include -DL_ENDIAN -D_CRT_SECURE_NO_DEPRECATE -D_CRT_NONSTDC_NO_DEPRECATE -DOPENSSL_SMALL_FOOTPRINT -DPEDANTIC -DMDE_CPU_X64   -c -o crypto/dh/dh_rfc5114.o crypto/dh/dh_rfc5114.c
#14 8.109 gcc -std=gnu11 -ggdb -gdwarf-4 -gstrict-dwarf -ffreestanding -fmacro-prefix-map=/shim/= -fno-stack-protector -fno-strict-aliasing -fpic -fshort-wchar -nostdinc -m64 -mno-mmx -mno-sse -mno-red-zone -maccumulate-outgoing-args -Os -Wall -Wextra -Wno-missing-field-initializers -Wno-empty-body -Wno-implicit-fallthrough -Wno-old-style-declaration -Wno-unused-but-set-variable -Wno-unused-parameter -Werror -Wno-error=unused-but-set-variable -Wno-error=unused-parameter -I/shim/Cryptlib/OpenSSL -I/shim/Cryptlib -I/shim/Cryptlib/OpenSSL/Include/ -I/shim/Cryptlib/OpenSSL/crypto -I/shim/Cryptlib/Include -I/shim/gnu-efi/inc -I/shim/gnu-efi/inc/x86_64 -I/shim/gnu-efi/inc/protocol -I/shim/Cryptlib/OpenSSL/crypto/asn1 -I/shim/Cryptlib/OpenSSL/crypto/evp -I/shim/Cryptlib/OpenSSL/crypto/modes -I/shim/Cryptlib/OpenSSL/crypto/include -isystem /shim/include/system -isystem /usr/lib/gcc/x86_64-linux-gnu/14/include -DL_ENDIAN -D_CRT_SECURE_NO_DEPRECATE -D_CRT_NONSTDC_NO_DEPRECATE -DOPENSSL_SMALL_FOOTPRINT -DPEDANTIC -DMDE_CPU_X64   -c -o crypto/buffer/buffer.o crypto/buffer/buffer.c
#14 8.170 gcc -std=gnu11 -ggdb -gdwarf-4 -gstrict-dwarf -ffreestanding -fmacro-prefix-map=/shim/= -fno-stack-protector -fno-strict-aliasing -fpic -fshort-wchar -nostdinc -m64 -mno-mmx -mno-sse -mno-red-zone -maccumulate-outgoing-args -Os -Wall -Wextra -Wno-missing-field-initializers -Wno-empty-body -Wno-implicit-fallthrough -Wno-old-style-declaration -Wno-unused-but-set-variable -Wno-unused-parameter -Werror -Wno-error=unused-but-set-variable -Wno-error=unused-parameter -I/shim/Cryptlib/OpenSSL -I/shim/Cryptlib -I/shim/Cryptlib/OpenSSL/Include/ -I/shim/Cryptlib/OpenSSL/crypto -I/shim/Cryptlib/Include -I/shim/gnu-efi/inc -I/shim/gnu-efi/inc/x86_64 -I/shim/gnu-efi/inc/protocol -I/shim/Cryptlib/OpenSSL/crypto/asn1 -I/shim/Cryptlib/OpenSSL/crypto/evp -I/shim/Cryptlib/OpenSSL/crypto/modes -I/shim/Cryptlib/OpenSSL/crypto/include -isystem /shim/include/system -isystem /usr/lib/gcc/x86_64-linux-gnu/14/include -DL_ENDIAN -D_CRT_SECURE_NO_DEPRECATE -D_CRT_NONSTDC_NO_DEPRECATE -DOPENSSL_SMALL_FOOTPRINT -DPEDANTIC -DMDE_CPU_X64   -c -o crypto/buffer/buf_str.o crypto/buffer/buf_str.c
#14 8.200 gcc -std=gnu11 -ggdb -gdwarf-4 -gstrict-dwarf -ffreestanding -fmacro-prefix-map=/shim/= -fno-stack-protector -fno-strict-aliasing -fpic -fshort-wchar -nostdinc -m64 -mno-mmx -mno-sse -mno-red-zone -maccumulate-outgoing-args -Os -Wall -Wextra -Wno-missing-field-initializers -Wno-empty-body -Wno-implicit-fallthrough -Wno-old-style-declaration -Wno-unused-but-set-variable -Wno-unused-parameter -Werror -Wno-error=unused-but-set-variable -Wno-error=unused-parameter -I/shim/Cryptlib/OpenSSL -I/shim/Cryptlib -I/shim/Cryptlib/OpenSSL/Include/ -I/shim/Cryptlib/OpenSSL/crypto -I/shim/Cryptlib/Include -I/shim/gnu-efi/inc -I/shim/gnu-efi/inc/x86_64 -I/shim/gnu-efi/inc/protocol -I/shim/Cryptlib/OpenSSL/crypto/asn1 -I/shim/Cryptlib/OpenSSL/crypto/evp -I/shim/Cryptlib/OpenSSL/crypto/modes -I/shim/Cryptlib/OpenSSL/crypto/include -isystem /shim/include/system -isystem /usr/lib/gcc/x86_64-linux-gnu/14/include -DL_ENDIAN -D_CRT_SECURE_NO_DEPRECATE -D_CRT_NONSTDC_NO_DEPRECATE -DOPENSSL_SMALL_FOOTPRINT -DPEDANTIC -DMDE_CPU_X64   -c -o crypto/buffer/buf_err.o crypto/buffer/buf_err.c
#14 8.205 gcc -std=gnu11 -ggdb -gdwarf-4 -gstrict-dwarf -ffreestanding -fmacro-prefix-map=/shim/= -fno-stack-protector -fno-strict-aliasing -fpic -fshort-wchar -nostdinc -m64 -mno-mmx -mno-sse -mno-red-zone -maccumulate-outgoing-args -Os -Wall -Wextra -Wno-missing-field-initializers -Wno-empty-body -Wno-implicit-fallthrough -Wno-old-style-declaration -Wno-unused-but-set-variable -Wno-unused-parameter -Werror -Wno-error=unused-but-set-variable -Wno-error=unused-parameter -I/shim/Cryptlib/OpenSSL -I/shim/Cryptlib -I/shim/Cryptlib/OpenSSL/Include/ -I/shim/Cryptlib/OpenSSL/crypto -I/shim/Cryptlib/Include -I/shim/gnu-efi/inc -I/shim/gnu-efi/inc/x86_64 -I/shim/gnu-efi/inc/protocol -I/shim/Cryptlib/OpenSSL/crypto/asn1 -I/shim/Cryptlib/OpenSSL/crypto/evp -I/shim/Cryptlib/OpenSSL/crypto/modes -I/shim/Cryptlib/OpenSSL/crypto/include -isystem /shim/include/system -isystem /usr/lib/gcc/x86_64-linux-gnu/14/include -DL_ENDIAN -D_CRT_SECURE_NO_DEPRECATE -D_CRT_NONSTDC_NO_DEPRECATE -DOPENSSL_SMALL_FOOTPRINT -DPEDANTIC -DMDE_CPU_X64   -c -o crypto/bio/bio_lib.o crypto/bio/bio_lib.c
#14 8.209 gcc -std=gnu11 -ggdb -gdwarf-4 -gstrict-dwarf -ffreestanding -fmacro-prefix-map=/shim/= -fno-stack-protector -fno-strict-aliasing -fpic -fshort-wchar -nostdinc -m64 -mno-mmx -mno-sse -mno-red-zone -maccumulate-outgoing-args -Os -Wall -Wextra -Wno-missing-field-initializers -Wno-empty-body -Wno-implicit-fallthrough -Wno-old-style-declaration -Wno-unused-but-set-variable -Wno-unused-parameter -Werror -Wno-error=unused-but-set-variable -Wno-error=unused-parameter -I/shim/Cryptlib/OpenSSL -I/shim/Cryptlib -I/shim/Cryptlib/OpenSSL/Include/ -I/shim/Cryptlib/OpenSSL/crypto -I/shim/Cryptlib/Include -I/shim/gnu-efi/inc -I/shim/gnu-efi/inc/x86_64 -I/shim/gnu-efi/inc/protocol -I/shim/Cryptlib/OpenSSL/crypto/asn1 -I/shim/Cryptlib/OpenSSL/crypto/evp -I/shim/Cryptlib/OpenSSL/crypto/modes -I/shim/Cryptlib/OpenSSL/crypto/include -isystem /shim/include/system -isystem /usr/lib/gcc/x86_64-linux-gnu/14/include -DL_ENDIAN -D_CRT_SECURE_NO_DEPRECATE -D_CRT_NONSTDC_NO_DEPRECATE -DOPENSSL_SMALL_FOOTPRINT -DPEDANTIC -DMDE_CPU_X64   -c -o crypto/bio/bio_cb.o crypto/bio/bio_cb.c
#14 8.229 gcc -std=gnu11 -ggdb -gdwarf-4 -gstrict-dwarf -ffreestanding -fmacro-prefix-map=/shim/= -fno-stack-protector -fno-strict-aliasing -fpic -fshort-wchar -nostdinc -m64 -mno-mmx -mno-sse -mno-red-zone -maccumulate-outgoing-args -Os -Wall -Wextra -Wno-missing-field-initializers -Wno-empty-body -Wno-implicit-fallthrough -Wno-old-style-declaration -Wno-unused-but-set-variable -Wno-unused-parameter -Werror -Wno-error=unused-but-set-variable -Wno-error=unused-parameter -I/shim/Cryptlib/OpenSSL -I/shim/Cryptlib -I/shim/Cryptlib/OpenSSL/Include/ -I/shim/Cryptlib/OpenSSL/crypto -I/shim/Cryptlib/Include -I/shim/gnu-efi/inc -I/shim/gnu-efi/inc/x86_64 -I/shim/gnu-efi/inc/protocol -I/shim/Cryptlib/OpenSSL/crypto/asn1 -I/shim/Cryptlib/OpenSSL/crypto/evp -I/shim/Cryptlib/OpenSSL/crypto/modes -I/shim/Cryptlib/OpenSSL/crypto/include -isystem /shim/include/system -isystem /usr/lib/gcc/x86_64-linux-gnu/14/include -DL_ENDIAN -D_CRT_SECURE_NO_DEPRECATE -D_CRT_NONSTDC_NO_DEPRECATE -DOPENSSL_SMALL_FOOTPRINT -DPEDANTIC -DMDE_CPU_X64   -c -o crypto/bio/bio_err.o crypto/bio/bio_err.c
#14 8.244 gcc -std=gnu11 -ggdb -gdwarf-4 -gstrict-dwarf -ffreestanding -fmacro-prefix-map=/shim/= -fno-stack-protector -fno-strict-aliasing -fpic -fshort-wchar -nostdinc -m64 -mno-mmx -mno-sse -mno-red-zone -maccumulate-outgoing-args -Os -Wall -Wextra -Wno-missing-field-initializers -Wno-empty-body -Wno-implicit-fallthrough -Wno-old-style-declaration -Wno-unused-but-set-variable -Wno-unused-parameter -Werror -Wno-error=unused-but-set-variable -Wno-error=unused-parameter -I/shim/Cryptlib/OpenSSL -I/shim/Cryptlib -I/shim/Cryptlib/OpenSSL/Include/ -I/shim/Cryptlib/OpenSSL/crypto -I/shim/Cryptlib/Include -I/shim/gnu-efi/inc -I/shim/gnu-efi/inc/x86_64 -I/shim/gnu-efi/inc/protocol -I/shim/Cryptlib/OpenSSL/crypto/asn1 -I/shim/Cryptlib/OpenSSL/crypto/evp -I/shim/Cryptlib/OpenSSL/crypto/modes -I/shim/Cryptlib/OpenSSL/crypto/include -isystem /shim/include/system -isystem /usr/lib/gcc/x86_64-linux-gnu/14/include -DL_ENDIAN -D_CRT_SECURE_NO_DEPRECATE -D_CRT_NONSTDC_NO_DEPRECATE -DOPENSSL_SMALL_FOOTPRINT -DPEDANTIC -DMDE_CPU_X64   -c -o crypto/bio/bss_mem.o crypto/bio/bss_mem.c
#14 8.267 gcc -std=gnu11 -ggdb -gdwarf-4 -gstrict-dwarf -ffreestanding -fmacro-prefix-map=/shim/= -fno-stack-protector -fno-strict-aliasing -fpic -fshort-wchar -nostdinc -m64 -mno-mmx -mno-sse -mno-red-zone -maccumulate-outgoing-args -Os -Wall -Wextra -Wno-missing-field-initializers -Wno-empty-body -Wno-implicit-fallthrough -Wno-old-style-declaration -Wno-unused-but-set-variable -Wno-unused-parameter -Werror -Wno-error=unused-but-set-variable -Wno-error=unused-parameter -I/shim/Cryptlib/OpenSSL -I/shim/Cryptlib -I/shim/Cryptlib/OpenSSL/Include/ -I/shim/Cryptlib/OpenSSL/crypto -I/shim/Cryptlib/Include -I/shim/gnu-efi/inc -I/shim/gnu-efi/inc/x86_64 -I/shim/gnu-efi/inc/protocol -I/shim/Cryptlib/OpenSSL/crypto/asn1 -I/shim/Cryptlib/OpenSSL/crypto/evp -I/shim/Cryptlib/OpenSSL/crypto/modes -I/shim/Cryptlib/OpenSSL/crypto/include -isystem /shim/include/system -isystem /usr/lib/gcc/x86_64-linux-gnu/14/include -DL_ENDIAN -D_CRT_SECURE_NO_DEPRECATE -D_CRT_NONSTDC_NO_DEPRECATE -DOPENSSL_SMALL_FOOTPRINT -DPEDANTIC -DMDE_CPU_X64   -c -o crypto/bio/bss_null.o crypto/bio/bss_null.c
#14 8.282 gcc -std=gnu11 -ggdb -gdwarf-4 -gstrict-dwarf -ffreestanding -fmacro-prefix-map=/shim/= -fno-stack-protector -fno-strict-aliasing -fpic -fshort-wchar -nostdinc -m64 -mno-mmx -mno-sse -mno-red-zone -maccumulate-outgoing-args -Os -Wall -Wextra -Wno-missing-field-initializers -Wno-empty-body -Wno-implicit-fallthrough -Wno-old-style-declaration -Wno-unused-but-set-variable -Wno-unused-parameter -Werror -Wno-error=unused-but-set-variable -Wno-error=unused-parameter -I/shim/Cryptlib/OpenSSL -I/shim/Cryptlib -I/shim/Cryptlib/OpenSSL/Include/ -I/shim/Cryptlib/OpenSSL/crypto -I/shim/Cryptlib/Include -I/shim/gnu-efi/inc -I/shim/gnu-efi/inc/x86_64 -I/shim/gnu-efi/inc/protocol -I/shim/Cryptlib/OpenSSL/crypto/asn1 -I/shim/Cryptlib/OpenSSL/crypto/evp -I/shim/Cryptlib/OpenSSL/crypto/modes -I/shim/Cryptlib/OpenSSL/crypto/include -isystem /shim/include/system -isystem /usr/lib/gcc/x86_64-linux-gnu/14/include -DL_ENDIAN -D_CRT_SECURE_NO_DEPRECATE -D_CRT_NONSTDC_NO_DEPRECATE -DOPENSSL_SMALL_FOOTPRINT -DPEDANTIC -DMDE_CPU_X64   -c -o crypto/bio/bss_fd.o crypto/bio/bss_fd.c
#14 8.326 gcc -std=gnu11 -ggdb -gdwarf-4 -gstrict-dwarf -ffreestanding -fmacro-prefix-map=/shim/= -fno-stack-protector -fno-strict-aliasing -fpic -fshort-wchar -nostdinc -m64 -mno-mmx -mno-sse -mno-red-zone -maccumulate-outgoing-args -Os -Wall -Wextra -Wno-missing-field-initializers -Wno-empty-body -Wno-implicit-fallthrough -Wno-old-style-declaration -Wno-unused-but-set-variable -Wno-unused-parameter -Werror -Wno-error=unused-but-set-variable -Wno-error=unused-parameter -I/shim/Cryptlib/OpenSSL -I/shim/Cryptlib -I/shim/Cryptlib/OpenSSL/Include/ -I/shim/Cryptlib/OpenSSL/crypto -I/shim/Cryptlib/Include -I/shim/gnu-efi/inc -I/shim/gnu-efi/inc/x86_64 -I/shim/gnu-efi/inc/protocol -I/shim/Cryptlib/OpenSSL/crypto/asn1 -I/shim/Cryptlib/OpenSSL/crypto/evp -I/shim/Cryptlib/OpenSSL/crypto/modes -I/shim/Cryptlib/OpenSSL/crypto/include -isystem /shim/include/system -isystem /usr/lib/gcc/x86_64-linux-gnu/14/include -DL_ENDIAN -D_CRT_SECURE_NO_DEPRECATE -D_CRT_NONSTDC_NO_DEPRECATE -DOPENSSL_SMALL_FOOTPRINT -DPEDANTIC -DMDE_CPU_X64   -c -o crypto/bio/bss_file.o crypto/bio/bss_file.c
#14 8.333 gcc -std=gnu11 -ggdb -gdwarf-4 -gstrict-dwarf -ffreestanding -fmacro-prefix-map=/shim/= -fno-stack-protector -fno-strict-aliasing -fpic -fshort-wchar -nostdinc -m64 -mno-mmx -mno-sse -mno-red-zone -maccumulate-outgoing-args -Os -Wall -Wextra -Wno-missing-field-initializers -Wno-empty-body -Wno-implicit-fallthrough -Wno-old-style-declaration -Wno-unused-but-set-variable -Wno-unused-parameter -Werror -Wno-error=unused-but-set-variable -Wno-error=unused-parameter -I/shim/Cryptlib/OpenSSL -I/shim/Cryptlib -I/shim/Cryptlib/OpenSSL/Include/ -I/shim/Cryptlib/OpenSSL/crypto -I/shim/Cryptlib/Include -I/shim/gnu-efi/inc -I/shim/gnu-efi/inc/x86_64 -I/shim/gnu-efi/inc/protocol -I/shim/Cryptlib/OpenSSL/crypto/asn1 -I/shim/Cryptlib/OpenSSL/crypto/evp -I/shim/Cryptlib/OpenSSL/crypto/modes -I/shim/Cryptlib/OpenSSL/crypto/include -isystem /shim/include/system -isystem /usr/lib/gcc/x86_64-linux-gnu/14/include -DL_ENDIAN -D_CRT_SECURE_NO_DEPRECATE -D_CRT_NONSTDC_NO_DEPRECATE -DOPENSSL_SMALL_FOOTPRINT -DPEDANTIC -DMDE_CPU_X64   -c -o crypto/bio/bss_sock.o crypto/bio/bss_sock.c
#14 8.343 gcc -std=gnu11 -ggdb -gdwarf-4 -gstrict-dwarf -ffreestanding -fmacro-prefix-map=/shim/= -fno-stack-protector -fno-strict-aliasing -fpic -fshort-wchar -nostdinc -m64 -mno-mmx -mno-sse -mno-red-zone -maccumulate-outgoing-args -Os -Wall -Wextra -Wno-missing-field-initializers -Wno-empty-body -Wno-implicit-fallthrough -Wno-old-style-declaration -Wno-unused-but-set-variable -Wno-unused-parameter -Werror -Wno-error=unused-but-set-variable -Wno-error=unused-parameter -I/shim/Cryptlib/OpenSSL -I/shim/Cryptlib -I/shim/Cryptlib/OpenSSL/Include/ -I/shim/Cryptlib/OpenSSL/crypto -I/shim/Cryptlib/Include -I/shim/gnu-efi/inc -I/shim/gnu-efi/inc/x86_64 -I/shim/gnu-efi/inc/protocol -I/shim/Cryptlib/OpenSSL/crypto/asn1 -I/shim/Cryptlib/OpenSSL/crypto/evp -I/shim/Cryptlib/OpenSSL/crypto/modes -I/shim/Cryptlib/OpenSSL/crypto/include -isystem /shim/include/system -isystem /usr/lib/gcc/x86_64-linux-gnu/14/include -DL_ENDIAN -D_CRT_SECURE_NO_DEPRECATE -D_CRT_NONSTDC_NO_DEPRECATE -DOPENSSL_SMALL_FOOTPRINT -DPEDANTIC -DMDE_CPU_X64   -c -o crypto/bio/bss_conn.o crypto/bio/bss_conn.c
#14 8.384 gcc -std=gnu11 -ggdb -gdwarf-4 -gstrict-dwarf -ffreestanding -fmacro-prefix-map=/shim/= -fno-stack-protector -fno-strict-aliasing -fpic -fshort-wchar -nostdinc -m64 -mno-mmx -mno-sse -mno-red-zone -maccumulate-outgoing-args -Os -Wall -Wextra -Wno-missing-field-initializers -Wno-empty-body -Wno-implicit-fallthrough -Wno-old-style-declaration -Wno-unused-but-set-variable -Wno-unused-parameter -Werror -Wno-error=unused-but-set-variable -Wno-error=unused-parameter -I/shim/Cryptlib/OpenSSL -I/shim/Cryptlib -I/shim/Cryptlib/OpenSSL/Include/ -I/shim/Cryptlib/OpenSSL/crypto -I/shim/Cryptlib/Include -I/shim/gnu-efi/inc -I/shim/gnu-efi/inc/x86_64 -I/shim/gnu-efi/inc/protocol -I/shim/Cryptlib/OpenSSL/crypto/asn1 -I/shim/Cryptlib/OpenSSL/crypto/evp -I/shim/Cryptlib/OpenSSL/crypto/modes -I/shim/Cryptlib/OpenSSL/crypto/include -isystem /shim/include/system -isystem /usr/lib/gcc/x86_64-linux-gnu/14/include -DL_ENDIAN -D_CRT_SECURE_NO_DEPRECATE -D_CRT_NONSTDC_NO_DEPRECATE -DOPENSSL_SMALL_FOOTPRINT -DPEDANTIC -DMDE_CPU_X64   -c -o crypto/bio/bf_null.o crypto/bio/bf_null.c
#14 8.386 gcc -std=gnu11 -ggdb -gdwarf-4 -gstrict-dwarf -ffreestanding -fmacro-prefix-map=/shim/= -fno-stack-protector -fno-strict-aliasing -fpic -fshort-wchar -nostdinc -m64 -mno-mmx -mno-sse -mno-red-zone -maccumulate-outgoing-args -Os -Wall -Wextra -Wno-missing-field-initializers -Wno-empty-body -Wno-implicit-fallthrough -Wno-old-style-declaration -Wno-unused-but-set-variable -Wno-unused-parameter -Werror -Wno-error=unused-but-set-variable -Wno-error=unused-parameter -I/shim/Cryptlib/OpenSSL -I/shim/Cryptlib -I/shim/Cryptlib/OpenSSL/Include/ -I/shim/Cryptlib/OpenSSL/crypto -I/shim/Cryptlib/Include -I/shim/gnu-efi/inc -I/shim/gnu-efi/inc/x86_64 -I/shim/gnu-efi/inc/protocol -I/shim/Cryptlib/OpenSSL/crypto/asn1 -I/shim/Cryptlib/OpenSSL/crypto/evp -I/shim/Cryptlib/OpenSSL/crypto/modes -I/shim/Cryptlib/OpenSSL/crypto/include -isystem /shim/include/system -isystem /usr/lib/gcc/x86_64-linux-gnu/14/include -DL_ENDIAN -D_CRT_SECURE_NO_DEPRECATE -D_CRT_NONSTDC_NO_DEPRECATE -DOPENSSL_SMALL_FOOTPRINT -DPEDANTIC -DMDE_CPU_X64   -c -o crypto/bio/bf_buff.o crypto/bio/bf_buff.c
#14 8.389 gcc -std=gnu11 -ggdb -gdwarf-4 -gstrict-dwarf -ffreestanding -fmacro-prefix-map=/shim/= -fno-stack-protector -fno-strict-aliasing -fpic -fshort-wchar -nostdinc -m64 -mno-mmx -mno-sse -mno-red-zone -maccumulate-outgoing-args -Os -Wall -Wextra -Wno-missing-field-initializers -Wno-empty-body -Wno-implicit-fallthrough -Wno-old-style-declaration -Wno-unused-but-set-variable -Wno-unused-parameter -Werror -Wno-error=unused-but-set-variable -Wno-error=unused-parameter -I/shim/Cryptlib/OpenSSL -I/shim/Cryptlib -I/shim/Cryptlib/OpenSSL/Include/ -I/shim/Cryptlib/OpenSSL/crypto -I/shim/Cryptlib/Include -I/shim/gnu-efi/inc -I/shim/gnu-efi/inc/x86_64 -I/shim/gnu-efi/inc/protocol -I/shim/Cryptlib/OpenSSL/crypto/asn1 -I/shim/Cryptlib/OpenSSL/crypto/evp -I/shim/Cryptlib/OpenSSL/crypto/modes -I/shim/Cryptlib/OpenSSL/crypto/include -isystem /shim/include/system -isystem /usr/lib/gcc/x86_64-linux-gnu/14/include -DL_ENDIAN -D_CRT_SECURE_NO_DEPRECATE -D_CRT_NONSTDC_NO_DEPRECATE -DOPENSSL_SMALL_FOOTPRINT -DPEDANTIC -DMDE_CPU_X64   -c -o crypto/bio/b_dump.o crypto/bio/b_dump.c
#14 8.400 gcc -std=gnu11 -ggdb -gdwarf-4 -gstrict-dwarf -ffreestanding -fmacro-prefix-map=/shim/= -fno-stack-protector -fno-strict-aliasing -fpic -fshort-wchar -nostdinc -m64 -mno-mmx -mno-sse -mno-red-zone -maccumulate-outgoing-args -Os -Wall -Wextra -Wno-missing-field-initializers -Wno-empty-body -Wno-implicit-fallthrough -Wno-old-style-declaration -Wno-unused-but-set-variable -Wno-unused-parameter -Werror -Wno-error=unused-but-set-variable -Wno-error=unused-parameter -I/shim/Cryptlib/OpenSSL -I/shim/Cryptlib -I/shim/Cryptlib/OpenSSL/Include/ -I/shim/Cryptlib/OpenSSL/crypto -I/shim/Cryptlib/Include -I/shim/gnu-efi/inc -I/shim/gnu-efi/inc/x86_64 -I/shim/gnu-efi/inc/protocol -I/shim/Cryptlib/OpenSSL/crypto/asn1 -I/shim/Cryptlib/OpenSSL/crypto/evp -I/shim/Cryptlib/OpenSSL/crypto/modes -I/shim/Cryptlib/OpenSSL/crypto/include -isystem /shim/include/system -isystem /usr/lib/gcc/x86_64-linux-gnu/14/include -DL_ENDIAN -D_CRT_SECURE_NO_DEPRECATE -D_CRT_NONSTDC_NO_DEPRECATE -DOPENSSL_SMALL_FOOTPRINT -DPEDANTIC -DMDE_CPU_X64   -c -o crypto/bio/b_print.o crypto/bio/b_print.c
#14 8.460 gcc -std=gnu11 -ggdb -gdwarf-4 -gstrict-dwarf -ffreestanding -fmacro-prefix-map=/shim/= -fno-stack-protector -fno-strict-aliasing -fpic -fshort-wchar -nostdinc -m64 -mno-mmx -mno-sse -mno-red-zone -maccumulate-outgoing-args -Os -Wall -Wextra -Wno-missing-field-initializers -Wno-empty-body -Wno-implicit-fallthrough -Wno-old-style-declaration -Wno-unused-but-set-variable -Wno-unused-parameter -Werror -Wno-error=unused-but-set-variable -Wno-error=unused-parameter -I/shim/Cryptlib/OpenSSL -I/shim/Cryptlib -I/shim/Cryptlib/OpenSSL/Include/ -I/shim/Cryptlib/OpenSSL/crypto -I/shim/Cryptlib/Include -I/shim/gnu-efi/inc -I/shim/gnu-efi/inc/x86_64 -I/shim/gnu-efi/inc/protocol -I/shim/Cryptlib/OpenSSL/crypto/asn1 -I/shim/Cryptlib/OpenSSL/crypto/evp -I/shim/Cryptlib/OpenSSL/crypto/modes -I/shim/Cryptlib/OpenSSL/crypto/include -isystem /shim/include/system -isystem /usr/lib/gcc/x86_64-linux-gnu/14/include -DL_ENDIAN -D_CRT_SECURE_NO_DEPRECATE -D_CRT_NONSTDC_NO_DEPRECATE -DOPENSSL_SMALL_FOOTPRINT -DPEDANTIC -DMDE_CPU_X64   -c -o crypto/bio/b_sock.o crypto/bio/b_sock.c
#14 8.511 gcc -std=gnu11 -ggdb -gdwarf-4 -gstrict-dwarf -ffreestanding -fmacro-prefix-map=/shim/= -fno-stack-protector -fno-strict-aliasing -fpic -fshort-wchar -nostdinc -m64 -mno-mmx -mno-sse -mno-red-zone -maccumulate-outgoing-args -Os -Wall -Wextra -Wno-missing-field-initializers -Wno-empty-body -Wno-implicit-fallthrough -Wno-old-style-declaration -Wno-unused-but-set-variable -Wno-unused-parameter -Werror -Wno-error=unused-but-set-variable -Wno-error=unused-parameter -I/shim/Cryptlib/OpenSSL -I/shim/Cryptlib -I/shim/Cryptlib/OpenSSL/Include/ -I/shim/Cryptlib/OpenSSL/crypto -I/shim/Cryptlib/Include -I/shim/gnu-efi/inc -I/shim/gnu-efi/inc/x86_64 -I/shim/gnu-efi/inc/protocol -I/shim/Cryptlib/OpenSSL/crypto/asn1 -I/shim/Cryptlib/OpenSSL/crypto/evp -I/shim/Cryptlib/OpenSSL/crypto/modes -I/shim/Cryptlib/OpenSSL/crypto/include -isystem /shim/include/system -isystem /usr/lib/gcc/x86_64-linux-gnu/14/include -DL_ENDIAN -D_CRT_SECURE_NO_DEPRECATE -D_CRT_NONSTDC_NO_DEPRECATE -DOPENSSL_SMALL_FOOTPRINT -DPEDANTIC -DMDE_CPU_X64   -c -o crypto/bio/bss_acpt.o crypto/bio/bss_acpt.c
#14 8.549 gcc -std=gnu11 -ggdb -gdwarf-4 -gstrict-dwarf -ffreestanding -fmacro-prefix-map=/shim/= -fno-stack-protector -fno-strict-aliasing -fpic -fshort-wchar -nostdinc -m64 -mno-mmx -mno-sse -mno-red-zone -maccumulate-outgoing-args -Os -Wall -Wextra -Wno-missing-field-initializers -Wno-empty-body -Wno-implicit-fallthrough -Wno-old-style-declaration -Wno-unused-but-set-variable -Wno-unused-parameter -Werror -Wno-error=unused-but-set-variable -Wno-error=unused-parameter -I/shim/Cryptlib/OpenSSL -I/shim/Cryptlib -I/shim/Cryptlib/OpenSSL/Include/ -I/shim/Cryptlib/OpenSSL/crypto -I/shim/Cryptlib/Include -I/shim/gnu-efi/inc -I/shim/gnu-efi/inc/x86_64 -I/shim/gnu-efi/inc/protocol -I/shim/Cryptlib/OpenSSL/crypto/asn1 -I/shim/Cryptlib/OpenSSL/crypto/evp -I/shim/Cryptlib/OpenSSL/crypto/modes -I/shim/Cryptlib/OpenSSL/crypto/include -isystem /shim/include/system -isystem /usr/lib/gcc/x86_64-linux-gnu/14/include -DL_ENDIAN -D_CRT_SECURE_NO_DEPRECATE -D_CRT_NONSTDC_NO_DEPRECATE -DOPENSSL_SMALL_FOOTPRINT -DPEDANTIC -DMDE_CPU_X64   -c -o crypto/bio/bf_nbio.o crypto/bio/bf_nbio.c
#14 8.553 gcc -std=gnu11 -ggdb -gdwarf-4 -gstrict-dwarf -ffreestanding -fmacro-prefix-map=/shim/= -fno-stack-protector -fno-strict-aliasing -fpic -fshort-wchar -nostdinc -m64 -mno-mmx -mno-sse -mno-red-zone -maccumulate-outgoing-args -Os -Wall -Wextra -Wno-missing-field-initializers -Wno-empty-body -Wno-implicit-fallthrough -Wno-old-style-declaration -Wno-unused-but-set-variable -Wno-unused-parameter -Werror -Wno-error=unused-but-set-variable -Wno-error=unused-parameter -I/shim/Cryptlib/OpenSSL -I/shim/Cryptlib -I/shim/Cryptlib/OpenSSL/Include/ -I/shim/Cryptlib/OpenSSL/crypto -I/shim/Cryptlib/Include -I/shim/gnu-efi/inc -I/shim/gnu-efi/inc/x86_64 -I/shim/gnu-efi/inc/protocol -I/shim/Cryptlib/OpenSSL/crypto/asn1 -I/shim/Cryptlib/OpenSSL/crypto/evp -I/shim/Cryptlib/OpenSSL/crypto/modes -I/shim/Cryptlib/OpenSSL/crypto/include -isystem /shim/include/system -isystem /usr/lib/gcc/x86_64-linux-gnu/14/include -DL_ENDIAN -D_CRT_SECURE_NO_DEPRECATE -D_CRT_NONSTDC_NO_DEPRECATE -DOPENSSL_SMALL_FOOTPRINT -DPEDANTIC -DMDE_CPU_X64   -c -o crypto/bio/bss_log.o crypto/bio/bss_log.c
#14 8.562 gcc -std=gnu11 -ggdb -gdwarf-4 -gstrict-dwarf -ffreestanding -fmacro-prefix-map=/shim/= -fno-stack-protector -fno-strict-aliasing -fpic -fshort-wchar -nostdinc -m64 -mno-mmx -mno-sse -mno-red-zone -maccumulate-outgoing-args -Os -Wall -Wextra -Wno-missing-field-initializers -Wno-empty-body -Wno-implicit-fallthrough -Wno-old-style-declaration -Wno-unused-but-set-variable -Wno-unused-parameter -Werror -Wno-error=unused-but-set-variable -Wno-error=unused-parameter -I/shim/Cryptlib/OpenSSL -I/shim/Cryptlib -I/shim/Cryptlib/OpenSSL/Include/ -I/shim/Cryptlib/OpenSSL/crypto -I/shim/Cryptlib/Include -I/shim/gnu-efi/inc -I/shim/gnu-efi/inc/x86_64 -I/shim/gnu-efi/inc/protocol -I/shim/Cryptlib/OpenSSL/crypto/asn1 -I/shim/Cryptlib/OpenSSL/crypto/evp -I/shim/Cryptlib/OpenSSL/crypto/modes -I/shim/Cryptlib/OpenSSL/crypto/include -isystem /shim/include/system -isystem /usr/lib/gcc/x86_64-linux-gnu/14/include -DL_ENDIAN -D_CRT_SECURE_NO_DEPRECATE -D_CRT_NONSTDC_NO_DEPRECATE -DOPENSSL_SMALL_FOOTPRINT -DPEDANTIC -DMDE_CPU_X64   -c -o crypto/bio/bss_bio.o crypto/bio/bss_bio.c
#14 8.616 gcc -std=gnu11 -ggdb -gdwarf-4 -gstrict-dwarf -ffreestanding -fmacro-prefix-map=/shim/= -fno-stack-protector -fno-strict-aliasing -fpic -fshort-wchar -nostdinc -m64 -mno-mmx -mno-sse -mno-red-zone -maccumulate-outgoing-args -Os -Wall -Wextra -Wno-missing-field-initializers -Wno-empty-body -Wno-implicit-fallthrough -Wno-old-style-declaration -Wno-unused-but-set-variable -Wno-unused-parameter -Werror -Wno-error=unused-but-set-variable -Wno-error=unused-parameter -I/shim/Cryptlib/OpenSSL -I/shim/Cryptlib -I/shim/Cryptlib/OpenSSL/Include/ -I/shim/Cryptlib/OpenSSL/crypto -I/shim/Cryptlib/Include -I/shim/gnu-efi/inc -I/shim/gnu-efi/inc/x86_64 -I/shim/gnu-efi/inc/protocol -I/shim/Cryptlib/OpenSSL/crypto/asn1 -I/shim/Cryptlib/OpenSSL/crypto/evp -I/shim/Cryptlib/OpenSSL/crypto/modes -I/shim/Cryptlib/OpenSSL/crypto/include -isystem /shim/include/system -isystem /usr/lib/gcc/x86_64-linux-gnu/14/include -DL_ENDIAN -D_CRT_SECURE_NO_DEPRECATE -D_CRT_NONSTDC_NO_DEPRECATE -DOPENSSL_SMALL_FOOTPRINT -DPEDANTIC -DMDE_CPU_X64   -c -o crypto/bio/bss_dgram.o crypto/bio/bss_dgram.c
#14 8.632 gcc -std=gnu11 -ggdb -gdwarf-4 -gstrict-dwarf -ffreestanding -fmacro-prefix-map=/shim/= -fno-stack-protector -fno-strict-aliasing -fpic -fshort-wchar -nostdinc -m64 -mno-mmx -mno-sse -mno-red-zone -maccumulate-outgoing-args -Os -Wall -Wextra -Wno-missing-field-initializers -Wno-empty-body -Wno-implicit-fallthrough -Wno-old-style-declaration -Wno-unused-but-set-variable -Wno-unused-parameter -Werror -Wno-error=unused-but-set-variable -Wno-error=unused-parameter -I/shim/Cryptlib/OpenSSL -I/shim/Cryptlib -I/shim/Cryptlib/OpenSSL/Include/ -I/shim/Cryptlib/OpenSSL/crypto -I/shim/Cryptlib/Include -I/shim/gnu-efi/inc -I/shim/gnu-efi/inc/x86_64 -I/shim/gnu-efi/inc/protocol -I/shim/Cryptlib/OpenSSL/crypto/asn1 -I/shim/Cryptlib/OpenSSL/crypto/evp -I/shim/Cryptlib/OpenSSL/crypto/modes -I/shim/Cryptlib/OpenSSL/crypto/include -isystem /shim/include/system -isystem /usr/lib/gcc/x86_64-linux-gnu/14/include -DL_ENDIAN -D_CRT_SECURE_NO_DEPRECATE -D_CRT_NONSTDC_NO_DEPRECATE -DOPENSSL_SMALL_FOOTPRINT -DPEDANTIC -DMDE_CPU_X64   -c -o crypto/stack/stack.o crypto/stack/stack.c
#14 8.651 gcc -std=gnu11 -ggdb -gdwarf-4 -gstrict-dwarf -ffreestanding -fmacro-prefix-map=/shim/= -fno-stack-protector -fno-strict-aliasing -fpic -fshort-wchar -nostdinc -m64 -mno-mmx -mno-sse -mno-red-zone -maccumulate-outgoing-args -Os -Wall -Wextra -Wno-missing-field-initializers -Wno-empty-body -Wno-implicit-fallthrough -Wno-old-style-declaration -Wno-unused-but-set-variable -Wno-unused-parameter -Werror -Wno-error=unused-but-set-variable -Wno-error=unused-parameter -I/shim/Cryptlib/OpenSSL -I/shim/Cryptlib -I/shim/Cryptlib/OpenSSL/Include/ -I/shim/Cryptlib/OpenSSL/crypto -I/shim/Cryptlib/Include -I/shim/gnu-efi/inc -I/shim/gnu-efi/inc/x86_64 -I/shim/gnu-efi/inc/protocol -I/shim/Cryptlib/OpenSSL/crypto/asn1 -I/shim/Cryptlib/OpenSSL/crypto/evp -I/shim/Cryptlib/OpenSSL/crypto/modes -I/shim/Cryptlib/OpenSSL/crypto/include -isystem /shim/include/system -isystem /usr/lib/gcc/x86_64-linux-gnu/14/include -DL_ENDIAN -D_CRT_SECURE_NO_DEPRECATE -D_CRT_NONSTDC_NO_DEPRECATE -DOPENSSL_SMALL_FOOTPRINT -DPEDANTIC -DMDE_CPU_X64   -c -o crypto/lhash/lhash.o crypto/lhash/lhash.c
#14 8.672 gcc -std=gnu11 -ggdb -gdwarf-4 -gstrict-dwarf -ffreestanding -fmacro-prefix-map=/shim/= -fno-stack-protector -fno-strict-aliasing -fpic -fshort-wchar -nostdinc -m64 -mno-mmx -mno-sse -mno-red-zone -maccumulate-outgoing-args -Os -Wall -Wextra -Wno-missing-field-initializers -Wno-empty-body -Wno-implicit-fallthrough -Wno-old-style-declaration -Wno-unused-but-set-variable -Wno-unused-parameter -Werror -Wno-error=unused-but-set-variable -Wno-error=unused-parameter -I/shim/Cryptlib/OpenSSL -I/shim/Cryptlib -I/shim/Cryptlib/OpenSSL/Include/ -I/shim/Cryptlib/OpenSSL/crypto -I/shim/Cryptlib/Include -I/shim/gnu-efi/inc -I/shim/gnu-efi/inc/x86_64 -I/shim/gnu-efi/inc/protocol -I/shim/Cryptlib/OpenSSL/crypto/asn1 -I/shim/Cryptlib/OpenSSL/crypto/evp -I/shim/Cryptlib/OpenSSL/crypto/modes -I/shim/Cryptlib/OpenSSL/crypto/include -isystem /shim/include/system -isystem /usr/lib/gcc/x86_64-linux-gnu/14/include -DL_ENDIAN -D_CRT_SECURE_NO_DEPRECATE -D_CRT_NONSTDC_NO_DEPRECATE -DOPENSSL_SMALL_FOOTPRINT -DPEDANTIC -DMDE_CPU_X64   -c -o crypto/lhash/lh_stats.o crypto/lhash/lh_stats.c
#14 8.738 gcc -std=gnu11 -ggdb -gdwarf-4 -gstrict-dwarf -ffreestanding -fmacro-prefix-map=/shim/= -fno-stack-protector -fno-strict-aliasing -fpic -fshort-wchar -nostdinc -m64 -mno-mmx -mno-sse -mno-red-zone -maccumulate-outgoing-args -Os -Wall -Wextra -Wno-missing-field-initializers -Wno-empty-body -Wno-implicit-fallthrough -Wno-old-style-declaration -Wno-unused-but-set-variable -Wno-unused-parameter -Werror -Wno-error=unused-but-set-variable -Wno-error=unused-parameter -I/shim/Cryptlib/OpenSSL -I/shim/Cryptlib -I/shim/Cryptlib/OpenSSL/Include/ -I/shim/Cryptlib/OpenSSL/crypto -I/shim/Cryptlib/Include -I/shim/gnu-efi/inc -I/shim/gnu-efi/inc/x86_64 -I/shim/gnu-efi/inc/protocol -I/shim/Cryptlib/OpenSSL/crypto/asn1 -I/shim/Cryptlib/OpenSSL/crypto/evp -I/shim/Cryptlib/OpenSSL/crypto/modes -I/shim/Cryptlib/OpenSSL/crypto/include -isystem /shim/include/system -isystem /usr/lib/gcc/x86_64-linux-gnu/14/include -DL_ENDIAN -D_CRT_SECURE_NO_DEPRECATE -D_CRT_NONSTDC_NO_DEPRECATE -DOPENSSL_SMALL_FOOTPRINT -DPEDANTIC -DMDE_CPU_X64   -c -o crypto/rand/md_rand.o crypto/rand/md_rand.c
#14 8.756 gcc -std=gnu11 -ggdb -gdwarf-4 -gstrict-dwarf -ffreestanding -fmacro-prefix-map=/shim/= -fno-stack-protector -fno-strict-aliasing -fpic -fshort-wchar -nostdinc -m64 -mno-mmx -mno-sse -mno-red-zone -maccumulate-outgoing-args -Os -Wall -Wextra -Wno-missing-field-initializers -Wno-empty-body -Wno-implicit-fallthrough -Wno-old-style-declaration -Wno-unused-but-set-variable -Wno-unused-parameter -Werror -Wno-error=unused-but-set-variable -Wno-error=unused-parameter -I/shim/Cryptlib/OpenSSL -I/shim/Cryptlib -I/shim/Cryptlib/OpenSSL/Include/ -I/shim/Cryptlib/OpenSSL/crypto -I/shim/Cryptlib/Include -I/shim/gnu-efi/inc -I/shim/gnu-efi/inc/x86_64 -I/shim/gnu-efi/inc/protocol -I/shim/Cryptlib/OpenSSL/crypto/asn1 -I/shim/Cryptlib/OpenSSL/crypto/evp -I/shim/Cryptlib/OpenSSL/crypto/modes -I/shim/Cryptlib/OpenSSL/crypto/include -isystem /shim/include/system -isystem /usr/lib/gcc/x86_64-linux-gnu/14/include -DL_ENDIAN -D_CRT_SECURE_NO_DEPRECATE -D_CRT_NONSTDC_NO_DEPRECATE -DOPENSSL_SMALL_FOOTPRINT -DPEDANTIC -DMDE_CPU_X64   -c -o crypto/rand/randfile.o crypto/rand/randfile.c
#14 8.758 gcc -std=gnu11 -ggdb -gdwarf-4 -gstrict-dwarf -ffreestanding -fmacro-prefix-map=/shim/= -fno-stack-protector -fno-strict-aliasing -fpic -fshort-wchar -nostdinc -m64 -mno-mmx -mno-sse -mno-red-zone -maccumulate-outgoing-args -Os -Wall -Wextra -Wno-missing-field-initializers -Wno-empty-body -Wno-implicit-fallthrough -Wno-old-style-declaration -Wno-unused-but-set-variable -Wno-unused-parameter -Werror -Wno-error=unused-but-set-variable -Wno-error=unused-parameter -I/shim/Cryptlib/OpenSSL -I/shim/Cryptlib -I/shim/Cryptlib/OpenSSL/Include/ -I/shim/Cryptlib/OpenSSL/crypto -I/shim/Cryptlib/Include -I/shim/gnu-efi/inc -I/shim/gnu-efi/inc/x86_64 -I/shim/gnu-efi/inc/protocol -I/shim/Cryptlib/OpenSSL/crypto/asn1 -I/shim/Cryptlib/OpenSSL/crypto/evp -I/shim/Cryptlib/OpenSSL/crypto/modes -I/shim/Cryptlib/OpenSSL/crypto/include -isystem /shim/include/system -isystem /usr/lib/gcc/x86_64-linux-gnu/14/include -DL_ENDIAN -D_CRT_SECURE_NO_DEPRECATE -D_CRT_NONSTDC_NO_DEPRECATE -DOPENSSL_SMALL_FOOTPRINT -DPEDANTIC -DMDE_CPU_X64   -c -o crypto/rand/rand_lib.o crypto/rand/rand_lib.c
#14 8.804 gcc -std=gnu11 -ggdb -gdwarf-4 -gstrict-dwarf -ffreestanding -fmacro-prefix-map=/shim/= -fno-stack-protector -fno-strict-aliasing -fpic -fshort-wchar -nostdinc -m64 -mno-mmx -mno-sse -mno-red-zone -maccumulate-outgoing-args -Os -Wall -Wextra -Wno-missing-field-initializers -Wno-empty-body -Wno-implicit-fallthrough -Wno-old-style-declaration -Wno-unused-but-set-variable -Wno-unused-parameter -Werror -Wno-error=unused-but-set-variable -Wno-error=unused-parameter -I/shim/Cryptlib/OpenSSL -I/shim/Cryptlib -I/shim/Cryptlib/OpenSSL/Include/ -I/shim/Cryptlib/OpenSSL/crypto -I/shim/Cryptlib/Include -I/shim/gnu-efi/inc -I/shim/gnu-efi/inc/x86_64 -I/shim/gnu-efi/inc/protocol -I/shim/Cryptlib/OpenSSL/crypto/asn1 -I/shim/Cryptlib/OpenSSL/crypto/evp -I/shim/Cryptlib/OpenSSL/crypto/modes -I/shim/Cryptlib/OpenSSL/crypto/include -isystem /shim/include/system -isystem /usr/lib/gcc/x86_64-linux-gnu/14/include -DL_ENDIAN -D_CRT_SECURE_NO_DEPRECATE -D_CRT_NONSTDC_NO_DEPRECATE -DOPENSSL_SMALL_FOOTPRINT -DPEDANTIC -DMDE_CPU_X64   -c -o crypto/rand/rand_err.o crypto/rand/rand_err.c
#14 8.811 gcc -std=gnu11 -ggdb -gdwarf-4 -gstrict-dwarf -ffreestanding -fmacro-prefix-map=/shim/= -fno-stack-protector -fno-strict-aliasing -fpic -fshort-wchar -nostdinc -m64 -mno-mmx -mno-sse -mno-red-zone -maccumulate-outgoing-args -Os -Wall -Wextra -Wno-missing-field-initializers -Wno-empty-body -Wno-implicit-fallthrough -Wno-old-style-declaration -Wno-unused-but-set-variable -Wno-unused-parameter -Werror -Wno-error=unused-but-set-variable -Wno-error=unused-parameter -I/shim/Cryptlib/OpenSSL -I/shim/Cryptlib -I/shim/Cryptlib/OpenSSL/Include/ -I/shim/Cryptlib/OpenSSL/crypto -I/shim/Cryptlib/Include -I/shim/gnu-efi/inc -I/shim/gnu-efi/inc/x86_64 -I/shim/gnu-efi/inc/protocol -I/shim/Cryptlib/OpenSSL/crypto/asn1 -I/shim/Cryptlib/OpenSSL/crypto/evp -I/shim/Cryptlib/OpenSSL/crypto/modes -I/shim/Cryptlib/OpenSSL/crypto/include -isystem /shim/include/system -isystem /usr/lib/gcc/x86_64-linux-gnu/14/include -DL_ENDIAN -D_CRT_SECURE_NO_DEPRECATE -D_CRT_NONSTDC_NO_DEPRECATE -DOPENSSL_SMALL_FOOTPRINT -DPEDANTIC -DMDE_CPU_X64   -c -o crypto/rand/rand_unix.o crypto/rand/rand_unix.c
#14 8.831 gcc -std=gnu11 -ggdb -gdwarf-4 -gstrict-dwarf -ffreestanding -fmacro-prefix-map=/shim/= -fno-stack-protector -fno-strict-aliasing -fpic -fshort-wchar -nostdinc -m64 -mno-mmx -mno-sse -mno-red-zone -maccumulate-outgoing-args -Os -Wall -Wextra -Wno-missing-field-initializers -Wno-empty-body -Wno-implicit-fallthrough -Wno-old-style-declaration -Wno-unused-but-set-variable -Wno-unused-parameter -Werror -Wno-error=unused-but-set-variable -Wno-error=unused-parameter -I/shim/Cryptlib/OpenSSL -I/shim/Cryptlib -I/shim/Cryptlib/OpenSSL/Include/ -I/shim/Cryptlib/OpenSSL/crypto -I/shim/Cryptlib/Include -I/shim/gnu-efi/inc -I/shim/gnu-efi/inc/x86_64 -I/shim/gnu-efi/inc/protocol -I/shim/Cryptlib/OpenSSL/crypto/asn1 -I/shim/Cryptlib/OpenSSL/crypto/evp -I/shim/Cryptlib/OpenSSL/crypto/modes -I/shim/Cryptlib/OpenSSL/crypto/include -isystem /shim/include/system -isystem /usr/lib/gcc/x86_64-linux-gnu/14/include -DL_ENDIAN -D_CRT_SECURE_NO_DEPRECATE -D_CRT_NONSTDC_NO_DEPRECATE -DOPENSSL_SMALL_FOOTPRINT -DPEDANTIC -DMDE_CPU_X64   -c -o crypto/err/err.o crypto/err/err.c
#14 8.839 gcc -std=gnu11 -ggdb -gdwarf-4 -gstrict-dwarf -ffreestanding -fmacro-prefix-map=/shim/= -fno-stack-protector -fno-strict-aliasing -fpic -fshort-wchar -nostdinc -m64 -mno-mmx -mno-sse -mno-red-zone -maccumulate-outgoing-args -Os -Wall -Wextra -Wno-missing-field-initializers -Wno-empty-body -Wno-implicit-fallthrough -Wno-old-style-declaration -Wno-unused-but-set-variable -Wno-unused-parameter -Werror -Wno-error=unused-but-set-variable -Wno-error=unused-parameter -I/shim/Cryptlib/OpenSSL -I/shim/Cryptlib -I/shim/Cryptlib/OpenSSL/Include/ -I/shim/Cryptlib/OpenSSL/crypto -I/shim/Cryptlib/Include -I/shim/gnu-efi/inc -I/shim/gnu-efi/inc/x86_64 -I/shim/gnu-efi/inc/protocol -I/shim/Cryptlib/OpenSSL/crypto/asn1 -I/shim/Cryptlib/OpenSSL/crypto/evp -I/shim/Cryptlib/OpenSSL/crypto/modes -I/shim/Cryptlib/OpenSSL/crypto/include -isystem /shim/include/system -isystem /usr/lib/gcc/x86_64-linux-gnu/14/include -DL_ENDIAN -D_CRT_SECURE_NO_DEPRECATE -D_CRT_NONSTDC_NO_DEPRECATE -DOPENSSL_SMALL_FOOTPRINT -DPEDANTIC -DMDE_CPU_X64   -c -o crypto/err/err_all.o crypto/err/err_all.c
#14 8.855 gcc -std=gnu11 -ggdb -gdwarf-4 -gstrict-dwarf -ffreestanding -fmacro-prefix-map=/shim/= -fno-stack-protector -fno-strict-aliasing -fpic -fshort-wchar -nostdinc -m64 -mno-mmx -mno-sse -mno-red-zone -maccumulate-outgoing-args -Os -Wall -Wextra -Wno-missing-field-initializers -Wno-empty-body -Wno-implicit-fallthrough -Wno-old-style-declaration -Wno-unused-but-set-variable -Wno-unused-parameter -Werror -Wno-error=unused-but-set-variable -Wno-error=unused-parameter -I/shim/Cryptlib/OpenSSL -I/shim/Cryptlib -I/shim/Cryptlib/OpenSSL/Include/ -I/shim/Cryptlib/OpenSSL/crypto -I/shim/Cryptlib/Include -I/shim/gnu-efi/inc -I/shim/gnu-efi/inc/x86_64 -I/shim/gnu-efi/inc/protocol -I/shim/Cryptlib/OpenSSL/crypto/asn1 -I/shim/Cryptlib/OpenSSL/crypto/evp -I/shim/Cryptlib/OpenSSL/crypto/modes -I/shim/Cryptlib/OpenSSL/crypto/include -isystem /shim/include/system -isystem /usr/lib/gcc/x86_64-linux-gnu/14/include -DL_ENDIAN -D_CRT_SECURE_NO_DEPRECATE -D_CRT_NONSTDC_NO_DEPRECATE -DOPENSSL_SMALL_FOOTPRINT -DPEDANTIC -DMDE_CPU_X64   -c -o crypto/err/err_prn.o crypto/err/err_prn.c
#14 8.860 gcc -std=gnu11 -ggdb -gdwarf-4 -gstrict-dwarf -ffreestanding -fmacro-prefix-map=/shim/= -fno-stack-protector -fno-strict-aliasing -fpic -fshort-wchar -nostdinc -m64 -mno-mmx -mno-sse -mno-red-zone -maccumulate-outgoing-args -Os -Wall -Wextra -Wno-missing-field-initializers -Wno-empty-body -Wno-implicit-fallthrough -Wno-old-style-declaration -Wno-unused-but-set-variable -Wno-unused-parameter -Werror -Wno-error=unused-but-set-variable -Wno-error=unused-parameter -I/shim/Cryptlib/OpenSSL -I/shim/Cryptlib -I/shim/Cryptlib/OpenSSL/Include/ -I/shim/Cryptlib/OpenSSL/crypto -I/shim/Cryptlib/Include -I/shim/gnu-efi/inc -I/shim/gnu-efi/inc/x86_64 -I/shim/gnu-efi/inc/protocol -I/shim/Cryptlib/OpenSSL/crypto/asn1 -I/shim/Cryptlib/OpenSSL/crypto/evp -I/shim/Cryptlib/OpenSSL/crypto/modes -I/shim/Cryptlib/OpenSSL/crypto/include -isystem /shim/include/system -isystem /usr/lib/gcc/x86_64-linux-gnu/14/include -DL_ENDIAN -D_CRT_SECURE_NO_DEPRECATE -D_CRT_NONSTDC_NO_DEPRECATE -DOPENSSL_SMALL_FOOTPRINT -DPEDANTIC -DMDE_CPU_X64   -c -o crypto/objects/o_names.o crypto/objects/o_names.c
#14 8.913 gcc -std=gnu11 -ggdb -gdwarf-4 -gstrict-dwarf -ffreestanding -fmacro-prefix-map=/shim/= -fno-stack-protector -fno-strict-aliasing -fpic -fshort-wchar -nostdinc -m64 -mno-mmx -mno-sse -mno-red-zone -maccumulate-outgoing-args -Os -Wall -Wextra -Wno-missing-field-initializers -Wno-empty-body -Wno-implicit-fallthrough -Wno-old-style-declaration -Wno-unused-but-set-variable -Wno-unused-parameter -Werror -Wno-error=unused-but-set-variable -Wno-error=unused-parameter -I/shim/Cryptlib/OpenSSL -I/shim/Cryptlib -I/shim/Cryptlib/OpenSSL/Include/ -I/shim/Cryptlib/OpenSSL/crypto -I/shim/Cryptlib/Include -I/shim/gnu-efi/inc -I/shim/gnu-efi/inc/x86_64 -I/shim/gnu-efi/inc/protocol -I/shim/Cryptlib/OpenSSL/crypto/asn1 -I/shim/Cryptlib/OpenSSL/crypto/evp -I/shim/Cryptlib/OpenSSL/crypto/modes -I/shim/Cryptlib/OpenSSL/crypto/include -isystem /shim/include/system -isystem /usr/lib/gcc/x86_64-linux-gnu/14/include -DL_ENDIAN -D_CRT_SECURE_NO_DEPRECATE -D_CRT_NONSTDC_NO_DEPRECATE -DOPENSSL_SMALL_FOOTPRINT -DPEDANTIC -DMDE_CPU_X64   -c -o crypto/objects/obj_dat.o crypto/objects/obj_dat.c
#14 8.939 gcc -std=gnu11 -ggdb -gdwarf-4 -gstrict-dwarf -ffreestanding -fmacro-prefix-map=/shim/= -fno-stack-protector -fno-strict-aliasing -fpic -fshort-wchar -nostdinc -m64 -mno-mmx -mno-sse -mno-red-zone -maccumulate-outgoing-args -Os -Wall -Wextra -Wno-missing-field-initializers -Wno-empty-body -Wno-implicit-fallthrough -Wno-old-style-declaration -Wno-unused-but-set-variable -Wno-unused-parameter -Werror -Wno-error=unused-but-set-variable -Wno-error=unused-parameter -I/shim/Cryptlib/OpenSSL -I/shim/Cryptlib -I/shim/Cryptlib/OpenSSL/Include/ -I/shim/Cryptlib/OpenSSL/crypto -I/shim/Cryptlib/Include -I/shim/gnu-efi/inc -I/shim/gnu-efi/inc/x86_64 -I/shim/gnu-efi/inc/protocol -I/shim/Cryptlib/OpenSSL/crypto/asn1 -I/shim/Cryptlib/OpenSSL/crypto/evp -I/shim/Cryptlib/OpenSSL/crypto/modes -I/shim/Cryptlib/OpenSSL/crypto/include -isystem /shim/include/system -isystem /usr/lib/gcc/x86_64-linux-gnu/14/include -DL_ENDIAN -D_CRT_SECURE_NO_DEPRECATE -D_CRT_NONSTDC_NO_DEPRECATE -DOPENSSL_SMALL_FOOTPRINT -DPEDANTIC -DMDE_CPU_X64   -c -o crypto/objects/obj_lib.o crypto/objects/obj_lib.c
#14 8.985 gcc -std=gnu11 -ggdb -gdwarf-4 -gstrict-dwarf -ffreestanding -fmacro-prefix-map=/shim/= -fno-stack-protector -fno-strict-aliasing -fpic -fshort-wchar -nostdinc -m64 -mno-mmx -mno-sse -mno-red-zone -maccumulate-outgoing-args -Os -Wall -Wextra -Wno-missing-field-initializers -Wno-empty-body -Wno-implicit-fallthrough -Wno-old-style-declaration -Wno-unused-but-set-variable -Wno-unused-parameter -Werror -Wno-error=unused-but-set-variable -Wno-error=unused-parameter -I/shim/Cryptlib/OpenSSL -I/shim/Cryptlib -I/shim/Cryptlib/OpenSSL/Include/ -I/shim/Cryptlib/OpenSSL/crypto -I/shim/Cryptlib/Include -I/shim/gnu-efi/inc -I/shim/gnu-efi/inc/x86_64 -I/shim/gnu-efi/inc/protocol -I/shim/Cryptlib/OpenSSL/crypto/asn1 -I/shim/Cryptlib/OpenSSL/crypto/evp -I/shim/Cryptlib/OpenSSL/crypto/modes -I/shim/Cryptlib/OpenSSL/crypto/include -isystem /shim/include/system -isystem /usr/lib/gcc/x86_64-linux-gnu/14/include -DL_ENDIAN -D_CRT_SECURE_NO_DEPRECATE -D_CRT_NONSTDC_NO_DEPRECATE -DOPENSSL_SMALL_FOOTPRINT -DPEDANTIC -DMDE_CPU_X64   -c -o crypto/objects/obj_err.o crypto/objects/obj_err.c
#14 8.996 gcc -std=gnu11 -ggdb -gdwarf-4 -gstrict-dwarf -ffreestanding -fmacro-prefix-map=/shim/= -fno-stack-protector -fno-strict-aliasing -fpic -fshort-wchar -nostdinc -m64 -mno-mmx -mno-sse -mno-red-zone -maccumulate-outgoing-args -Os -Wall -Wextra -Wno-missing-field-initializers -Wno-empty-body -Wno-implicit-fallthrough -Wno-old-style-declaration -Wno-unused-but-set-variable -Wno-unused-parameter -Werror -Wno-error=unused-but-set-variable -Wno-error=unused-parameter -I/shim/Cryptlib/OpenSSL -I/shim/Cryptlib -I/shim/Cryptlib/OpenSSL/Include/ -I/shim/Cryptlib/OpenSSL/crypto -I/shim/Cryptlib/Include -I/shim/gnu-efi/inc -I/shim/gnu-efi/inc/x86_64 -I/shim/gnu-efi/inc/protocol -I/shim/Cryptlib/OpenSSL/crypto/asn1 -I/shim/Cryptlib/OpenSSL/crypto/evp -I/shim/Cryptlib/OpenSSL/crypto/modes -I/shim/Cryptlib/OpenSSL/crypto/include -isystem /shim/include/system -isystem /usr/lib/gcc/x86_64-linux-gnu/14/include -DL_ENDIAN -D_CRT_SECURE_NO_DEPRECATE -D_CRT_NONSTDC_NO_DEPRECATE -DOPENSSL_SMALL_FOOTPRINT -DPEDANTIC -DMDE_CPU_X64   -c -o crypto/objects/obj_xref.o crypto/objects/obj_xref.c
#14 9.044 gcc -std=gnu11 -ggdb -gdwarf-4 -gstrict-dwarf -ffreestanding -fmacro-prefix-map=/shim/= -fno-stack-protector -fno-strict-aliasing -fpic -fshort-wchar -nostdinc -m64 -mno-mmx -mno-sse -mno-red-zone -maccumulate-outgoing-args -Os -Wall -Wextra -Wno-missing-field-initializers -Wno-empty-body -Wno-implicit-fallthrough -Wno-old-style-declaration -Wno-unused-but-set-variable -Wno-unused-parameter -Werror -Wno-error=unused-but-set-variable -Wno-error=unused-parameter -I/shim/Cryptlib/OpenSSL -I/shim/Cryptlib -I/shim/Cryptlib/OpenSSL/Include/ -I/shim/Cryptlib/OpenSSL/crypto -I/shim/Cryptlib/Include -I/shim/gnu-efi/inc -I/shim/gnu-efi/inc/x86_64 -I/shim/gnu-efi/inc/protocol -I/shim/Cryptlib/OpenSSL/crypto/asn1 -I/shim/Cryptlib/OpenSSL/crypto/evp -I/shim/Cryptlib/OpenSSL/crypto/modes -I/shim/Cryptlib/OpenSSL/crypto/include -isystem /shim/include/system -isystem /usr/lib/gcc/x86_64-linux-gnu/14/include -DL_ENDIAN -D_CRT_SECURE_NO_DEPRECATE -D_CRT_NONSTDC_NO_DEPRECATE -DOPENSSL_SMALL_FOOTPRINT -DPEDANTIC -DMDE_CPU_X64   -c -o crypto/evp/encode.o crypto/evp/encode.c
#14 9.068 gcc -std=gnu11 -ggdb -gdwarf-4 -gstrict-dwarf -ffreestanding -fmacro-prefix-map=/shim/= -fno-stack-protector -fno-strict-aliasing -fpic -fshort-wchar -nostdinc -m64 -mno-mmx -mno-sse -mno-red-zone -maccumulate-outgoing-args -Os -Wall -Wextra -Wno-missing-field-initializers -Wno-empty-body -Wno-implicit-fallthrough -Wno-old-style-declaration -Wno-unused-but-set-variable -Wno-unused-parameter -Werror -Wno-error=unused-but-set-variable -Wno-error=unused-parameter -I/shim/Cryptlib/OpenSSL -I/shim/Cryptlib -I/shim/Cryptlib/OpenSSL/Include/ -I/shim/Cryptlib/OpenSSL/crypto -I/shim/Cryptlib/Include -I/shim/gnu-efi/inc -I/shim/gnu-efi/inc/x86_64 -I/shim/gnu-efi/inc/protocol -I/shim/Cryptlib/OpenSSL/crypto/asn1 -I/shim/Cryptlib/OpenSSL/crypto/evp -I/shim/Cryptlib/OpenSSL/crypto/modes -I/shim/Cryptlib/OpenSSL/crypto/include -isystem /shim/include/system -isystem /usr/lib/gcc/x86_64-linux-gnu/14/include -DL_ENDIAN -D_CRT_SECURE_NO_DEPRECATE -D_CRT_NONSTDC_NO_DEPRECATE -DOPENSSL_SMALL_FOOTPRINT -DPEDANTIC -DMDE_CPU_X64   -c -o crypto/evp/digest.o crypto/evp/digest.c
#14 9.072 gcc -std=gnu11 -ggdb -gdwarf-4 -gstrict-dwarf -ffreestanding -fmacro-prefix-map=/shim/= -fno-stack-protector -fno-strict-aliasing -fpic -fshort-wchar -nostdinc -m64 -mno-mmx -mno-sse -mno-red-zone -maccumulate-outgoing-args -Os -Wall -Wextra -Wno-missing-field-initializers -Wno-empty-body -Wno-implicit-fallthrough -Wno-old-style-declaration -Wno-unused-but-set-variable -Wno-unused-parameter -Werror -Wno-error=unused-but-set-variable -Wno-error=unused-parameter -I/shim/Cryptlib/OpenSSL -I/shim/Cryptlib -I/shim/Cryptlib/OpenSSL/Include/ -I/shim/Cryptlib/OpenSSL/crypto -I/shim/Cryptlib/Include -I/shim/gnu-efi/inc -I/shim/gnu-efi/inc/x86_64 -I/shim/gnu-efi/inc/protocol -I/shim/Cryptlib/OpenSSL/crypto/asn1 -I/shim/Cryptlib/OpenSSL/crypto/evp -I/shim/Cryptlib/OpenSSL/crypto/modes -I/shim/Cryptlib/OpenSSL/crypto/include -isystem /shim/include/system -isystem /usr/lib/gcc/x86_64-linux-gnu/14/include -DL_ENDIAN -D_CRT_SECURE_NO_DEPRECATE -D_CRT_NONSTDC_NO_DEPRECATE -DOPENSSL_SMALL_FOOTPRINT -DPEDANTIC -DMDE_CPU_X64   -c -o crypto/evp/evp_enc.o crypto/evp/evp_enc.c
#14 9.157 gcc -std=gnu11 -ggdb -gdwarf-4 -gstrict-dwarf -ffreestanding -fmacro-prefix-map=/shim/= -fno-stack-protector -fno-strict-aliasing -fpic -fshort-wchar -nostdinc -m64 -mno-mmx -mno-sse -mno-red-zone -maccumulate-outgoing-args -Os -Wall -Wextra -Wno-missing-field-initializers -Wno-empty-body -Wno-implicit-fallthrough -Wno-old-style-declaration -Wno-unused-but-set-variable -Wno-unused-parameter -Werror -Wno-error=unused-but-set-variable -Wno-error=unused-parameter -I/shim/Cryptlib/OpenSSL -I/shim/Cryptlib -I/shim/Cryptlib/OpenSSL/Include/ -I/shim/Cryptlib/OpenSSL/crypto -I/shim/Cryptlib/Include -I/shim/gnu-efi/inc -I/shim/gnu-efi/inc/x86_64 -I/shim/gnu-efi/inc/protocol -I/shim/Cryptlib/OpenSSL/crypto/asn1 -I/shim/Cryptlib/OpenSSL/crypto/evp -I/shim/Cryptlib/OpenSSL/crypto/modes -I/shim/Cryptlib/OpenSSL/crypto/include -isystem /shim/include/system -isystem /usr/lib/gcc/x86_64-linux-gnu/14/include -DL_ENDIAN -D_CRT_SECURE_NO_DEPRECATE -D_CRT_NONSTDC_NO_DEPRECATE -DOPENSSL_SMALL_FOOTPRINT -DPEDANTIC -DMDE_CPU_X64   -c -o crypto/evp/evp_key.o crypto/evp/evp_key.c
#14 9.199 gcc -std=gnu11 -ggdb -gdwarf-4 -gstrict-dwarf -ffreestanding -fmacro-prefix-map=/shim/= -fno-stack-protector -fno-strict-aliasing -fpic -fshort-wchar -nostdinc -m64 -mno-mmx -mno-sse -mno-red-zone -maccumulate-outgoing-args -Os -Wall -Wextra -Wno-missing-field-initializers -Wno-empty-body -Wno-implicit-fallthrough -Wno-old-style-declaration -Wno-unused-but-set-variable -Wno-unused-parameter -Werror -Wno-error=unused-but-set-variable -Wno-error=unused-parameter -I/shim/Cryptlib/OpenSSL -I/shim/Cryptlib -I/shim/Cryptlib/OpenSSL/Include/ -I/shim/Cryptlib/OpenSSL/crypto -I/shim/Cryptlib/Include -I/shim/gnu-efi/inc -I/shim/gnu-efi/inc/x86_64 -I/shim/gnu-efi/inc/protocol -I/shim/Cryptlib/OpenSSL/crypto/asn1 -I/shim/Cryptlib/OpenSSL/crypto/evp -I/shim/Cryptlib/OpenSSL/crypto/modes -I/shim/Cryptlib/OpenSSL/crypto/include -isystem /shim/include/system -isystem /usr/lib/gcc/x86_64-linux-gnu/14/include -DL_ENDIAN -D_CRT_SECURE_NO_DEPRECATE -D_CRT_NONSTDC_NO_DEPRECATE -DOPENSSL_SMALL_FOOTPRINT -DPEDANTIC -DMDE_CPU_X64   -c -o crypto/evp/evp_acnf.o crypto/evp/evp_acnf.c
#14 9.226 gcc -std=gnu11 -ggdb -gdwarf-4 -gstrict-dwarf -ffreestanding -fmacro-prefix-map=/shim/= -fno-stack-protector -fno-strict-aliasing -fpic -fshort-wchar -nostdinc -m64 -mno-mmx -mno-sse -mno-red-zone -maccumulate-outgoing-args -Os -Wall -Wextra -Wno-missing-field-initializers -Wno-empty-body -Wno-implicit-fallthrough -Wno-old-style-declaration -Wno-unused-but-set-variable -Wno-unused-parameter -Werror -Wno-error=unused-but-set-variable -Wno-error=unused-parameter -I/shim/Cryptlib/OpenSSL -I/shim/Cryptlib -I/shim/Cryptlib/OpenSSL/Include/ -I/shim/Cryptlib/OpenSSL/crypto -I/shim/Cryptlib/Include -I/shim/gnu-efi/inc -I/shim/gnu-efi/inc/x86_64 -I/shim/gnu-efi/inc/protocol -I/shim/Cryptlib/OpenSSL/crypto/asn1 -I/shim/Cryptlib/OpenSSL/crypto/evp -I/shim/Cryptlib/OpenSSL/crypto/modes -I/shim/Cryptlib/OpenSSL/crypto/include -isystem /shim/include/system -isystem /usr/lib/gcc/x86_64-linux-gnu/14/include -DL_ENDIAN -D_CRT_SECURE_NO_DEPRECATE -D_CRT_NONSTDC_NO_DEPRECATE -DOPENSSL_SMALL_FOOTPRINT -DPEDANTIC -DMDE_CPU_X64   -c -o crypto/evp/evp_cnf.o crypto/evp/evp_cnf.c
#14 9.231 gcc -std=gnu11 -ggdb -gdwarf-4 -gstrict-dwarf -ffreestanding -fmacro-prefix-map=/shim/= -fno-stack-protector -fno-strict-aliasing -fpic -fshort-wchar -nostdinc -m64 -mno-mmx -mno-sse -mno-red-zone -maccumulate-outgoing-args -Os -Wall -Wextra -Wno-missing-field-initializers -Wno-empty-body -Wno-implicit-fallthrough -Wno-old-style-declaration -Wno-unused-but-set-variable -Wno-unused-parameter -Werror -Wno-error=unused-but-set-variable -Wno-error=unused-parameter -I/shim/Cryptlib/OpenSSL -I/shim/Cryptlib -I/shim/Cryptlib/OpenSSL/Include/ -I/shim/Cryptlib/OpenSSL/crypto -I/shim/Cryptlib/Include -I/shim/gnu-efi/inc -I/shim/gnu-efi/inc/x86_64 -I/shim/gnu-efi/inc/protocol -I/shim/Cryptlib/OpenSSL/crypto/asn1 -I/shim/Cryptlib/OpenSSL/crypto/evp -I/shim/Cryptlib/OpenSSL/crypto/modes -I/shim/Cryptlib/OpenSSL/crypto/include -isystem /shim/include/system -isystem /usr/lib/gcc/x86_64-linux-gnu/14/include -DL_ENDIAN -D_CRT_SECURE_NO_DEPRECATE -D_CRT_NONSTDC_NO_DEPRECATE -DOPENSSL_SMALL_FOOTPRINT -DPEDANTIC -DMDE_CPU_X64   -c -o crypto/evp/e_des.o crypto/evp/e_des.c
#14 9.237 gcc -std=gnu11 -ggdb -gdwarf-4 -gstrict-dwarf -ffreestanding -fmacro-prefix-map=/shim/= -fno-stack-protector -fno-strict-aliasing -fpic -fshort-wchar -nostdinc -m64 -mno-mmx -mno-sse -mno-red-zone -maccumulate-outgoing-args -Os -Wall -Wextra -Wno-missing-field-initializers -Wno-empty-body -Wno-implicit-fallthrough -Wno-old-style-declaration -Wno-unused-but-set-variable -Wno-unused-parameter -Werror -Wno-error=unused-but-set-variable -Wno-error=unused-parameter -I/shim/Cryptlib/OpenSSL -I/shim/Cryptlib -I/shim/Cryptlib/OpenSSL/Include/ -I/shim/Cryptlib/OpenSSL/crypto -I/shim/Cryptlib/Include -I/shim/gnu-efi/inc -I/shim/gnu-efi/inc/x86_64 -I/shim/gnu-efi/inc/protocol -I/shim/Cryptlib/OpenSSL/crypto/asn1 -I/shim/Cryptlib/OpenSSL/crypto/evp -I/shim/Cryptlib/OpenSSL/crypto/modes -I/shim/Cryptlib/OpenSSL/crypto/include -isystem /shim/include/system -isystem /usr/lib/gcc/x86_64-linux-gnu/14/include -DL_ENDIAN -D_CRT_SECURE_NO_DEPRECATE -D_CRT_NONSTDC_NO_DEPRECATE -DOPENSSL_SMALL_FOOTPRINT -DPEDANTIC -DMDE_CPU_X64   -c -o crypto/evp/e_bf.o crypto/evp/e_bf.c
#14 9.268 gcc -std=gnu11 -ggdb -gdwarf-4 -gstrict-dwarf -ffreestanding -fmacro-prefix-map=/shim/= -fno-stack-protector -fno-strict-aliasing -fpic -fshort-wchar -nostdinc -m64 -mno-mmx -mno-sse -mno-red-zone -maccumulate-outgoing-args -Os -Wall -Wextra -Wno-missing-field-initializers -Wno-empty-body -Wno-implicit-fallthrough -Wno-old-style-declaration -Wno-unused-but-set-variable -Wno-unused-parameter -Werror -Wno-error=unused-but-set-variable -Wno-error=unused-parameter -I/shim/Cryptlib/OpenSSL -I/shim/Cryptlib -I/shim/Cryptlib/OpenSSL/Include/ -I/shim/Cryptlib/OpenSSL/crypto -I/shim/Cryptlib/Include -I/shim/gnu-efi/inc -I/shim/gnu-efi/inc/x86_64 -I/shim/gnu-efi/inc/protocol -I/shim/Cryptlib/OpenSSL/crypto/asn1 -I/shim/Cryptlib/OpenSSL/crypto/evp -I/shim/Cryptlib/OpenSSL/crypto/modes -I/shim/Cryptlib/OpenSSL/crypto/include -isystem /shim/include/system -isystem /usr/lib/gcc/x86_64-linux-gnu/14/include -DL_ENDIAN -D_CRT_SECURE_NO_DEPRECATE -D_CRT_NONSTDC_NO_DEPRECATE -DOPENSSL_SMALL_FOOTPRINT -DPEDANTIC -DMDE_CPU_X64   -c -o crypto/evp/e_idea.o crypto/evp/e_idea.c
#14 9.276 gcc -std=gnu11 -ggdb -gdwarf-4 -gstrict-dwarf -ffreestanding -fmacro-prefix-map=/shim/= -fno-stack-protector -fno-strict-aliasing -fpic -fshort-wchar -nostdinc -m64 -mno-mmx -mno-sse -mno-red-zone -maccumulate-outgoing-args -Os -Wall -Wextra -Wno-missing-field-initializers -Wno-empty-body -Wno-implicit-fallthrough -Wno-old-style-declaration -Wno-unused-but-set-variable -Wno-unused-parameter -Werror -Wno-error=unused-but-set-variable -Wno-error=unused-parameter -I/shim/Cryptlib/OpenSSL -I/shim/Cryptlib -I/shim/Cryptlib/OpenSSL/Include/ -I/shim/Cryptlib/OpenSSL/crypto -I/shim/Cryptlib/Include -I/shim/gnu-efi/inc -I/shim/gnu-efi/inc/x86_64 -I/shim/gnu-efi/inc/protocol -I/shim/Cryptlib/OpenSSL/crypto/asn1 -I/shim/Cryptlib/OpenSSL/crypto/evp -I/shim/Cryptlib/OpenSSL/crypto/modes -I/shim/Cryptlib/OpenSSL/crypto/include -isystem /shim/include/system -isystem /usr/lib/gcc/x86_64-linux-gnu/14/include -DL_ENDIAN -D_CRT_SECURE_NO_DEPRECATE -D_CRT_NONSTDC_NO_DEPRECATE -DOPENSSL_SMALL_FOOTPRINT -DPEDANTIC -DMDE_CPU_X64   -c -o crypto/evp/e_des3.o crypto/evp/e_des3.c
#14 9.303 gcc -std=gnu11 -ggdb -gdwarf-4 -gstrict-dwarf -ffreestanding -fmacro-prefix-map=/shim/= -fno-stack-protector -fno-strict-aliasing -fpic -fshort-wchar -nostdinc -m64 -mno-mmx -mno-sse -mno-red-zone -maccumulate-outgoing-args -Os -Wall -Wextra -Wno-missing-field-initializers -Wno-empty-body -Wno-implicit-fallthrough -Wno-old-style-declaration -Wno-unused-but-set-variable -Wno-unused-parameter -Werror -Wno-error=unused-but-set-variable -Wno-error=unused-parameter -I/shim/Cryptlib/OpenSSL -I/shim/Cryptlib -I/shim/Cryptlib/OpenSSL/Include/ -I/shim/Cryptlib/OpenSSL/crypto -I/shim/Cryptlib/Include -I/shim/gnu-efi/inc -I/shim/gnu-efi/inc/x86_64 -I/shim/gnu-efi/inc/protocol -I/shim/Cryptlib/OpenSSL/crypto/asn1 -I/shim/Cryptlib/OpenSSL/crypto/evp -I/shim/Cryptlib/OpenSSL/crypto/modes -I/shim/Cryptlib/OpenSSL/crypto/include -isystem /shim/include/system -isystem /usr/lib/gcc/x86_64-linux-gnu/14/include -DL_ENDIAN -D_CRT_SECURE_NO_DEPRECATE -D_CRT_NONSTDC_NO_DEPRECATE -DOPENSSL_SMALL_FOOTPRINT -DPEDANTIC -DMDE_CPU_X64   -c -o crypto/evp/e_camellia.o crypto/evp/e_camellia.c
#14 9.310 gcc -std=gnu11 -ggdb -gdwarf-4 -gstrict-dwarf -ffreestanding -fmacro-prefix-map=/shim/= -fno-stack-protector -fno-strict-aliasing -fpic -fshort-wchar -nostdinc -m64 -mno-mmx -mno-sse -mno-red-zone -maccumulate-outgoing-args -Os -Wall -Wextra -Wno-missing-field-initializers -Wno-empty-body -Wno-implicit-fallthrough -Wno-old-style-declaration -Wno-unused-but-set-variable -Wno-unused-parameter -Werror -Wno-error=unused-but-set-variable -Wno-error=unused-parameter -I/shim/Cryptlib/OpenSSL -I/shim/Cryptlib -I/shim/Cryptlib/OpenSSL/Include/ -I/shim/Cryptlib/OpenSSL/crypto -I/shim/Cryptlib/Include -I/shim/gnu-efi/inc -I/shim/gnu-efi/inc/x86_64 -I/shim/gnu-efi/inc/protocol -I/shim/Cryptlib/OpenSSL/crypto/asn1 -I/shim/Cryptlib/OpenSSL/crypto/evp -I/shim/Cryptlib/OpenSSL/crypto/modes -I/shim/Cryptlib/OpenSSL/crypto/include -isystem /shim/include/system -isystem /usr/lib/gcc/x86_64-linux-gnu/14/include -DL_ENDIAN -D_CRT_SECURE_NO_DEPRECATE -D_CRT_NONSTDC_NO_DEPRECATE -DOPENSSL_SMALL_FOOTPRINT -DPEDANTIC -DMDE_CPU_X64   -c -o crypto/evp/e_rc4.o crypto/evp/e_rc4.c
#14 9.313 gcc -std=gnu11 -ggdb -gdwarf-4 -gstrict-dwarf -ffreestanding -fmacro-prefix-map=/shim/= -fno-stack-protector -fno-strict-aliasing -fpic -fshort-wchar -nostdinc -m64 -mno-mmx -mno-sse -mno-red-zone -maccumulate-outgoing-args -Os -Wall -Wextra -Wno-missing-field-initializers -Wno-empty-body -Wno-implicit-fallthrough -Wno-old-style-declaration -Wno-unused-but-set-variable -Wno-unused-parameter -Werror -Wno-error=unused-but-set-variable -Wno-error=unused-parameter -I/shim/Cryptlib/OpenSSL -I/shim/Cryptlib -I/shim/Cryptlib/OpenSSL/Include/ -I/shim/Cryptlib/OpenSSL/crypto -I/shim/Cryptlib/Include -I/shim/gnu-efi/inc -I/shim/gnu-efi/inc/x86_64 -I/shim/gnu-efi/inc/protocol -I/shim/Cryptlib/OpenSSL/crypto/asn1 -I/shim/Cryptlib/OpenSSL/crypto/evp -I/shim/Cryptlib/OpenSSL/crypto/modes -I/shim/Cryptlib/OpenSSL/crypto/include -isystem /shim/include/system -isystem /usr/lib/gcc/x86_64-linux-gnu/14/include -DL_ENDIAN -D_CRT_SECURE_NO_DEPRECATE -D_CRT_NONSTDC_NO_DEPRECATE -DOPENSSL_SMALL_FOOTPRINT -DPEDANTIC -DMDE_CPU_X64   -c -o crypto/evp/e_aes.o crypto/evp/e_aes.c
#14 9.323 gcc -std=gnu11 -ggdb -gdwarf-4 -gstrict-dwarf -ffreestanding -fmacro-prefix-map=/shim/= -fno-stack-protector -fno-strict-aliasing -fpic -fshort-wchar -nostdinc -m64 -mno-mmx -mno-sse -mno-red-zone -maccumulate-outgoing-args -Os -Wall -Wextra -Wno-missing-field-initializers -Wno-empty-body -Wno-implicit-fallthrough -Wno-old-style-declaration -Wno-unused-but-set-variable -Wno-unused-parameter -Werror -Wno-error=unused-but-set-variable -Wno-error=unused-parameter -I/shim/Cryptlib/OpenSSL -I/shim/Cryptlib -I/shim/Cryptlib/OpenSSL/Include/ -I/shim/Cryptlib/OpenSSL/crypto -I/shim/Cryptlib/Include -I/shim/gnu-efi/inc -I/shim/gnu-efi/inc/x86_64 -I/shim/gnu-efi/inc/protocol -I/shim/Cryptlib/OpenSSL/crypto/asn1 -I/shim/Cryptlib/OpenSSL/crypto/evp -I/shim/Cryptlib/OpenSSL/crypto/modes -I/shim/Cryptlib/OpenSSL/crypto/include -isystem /shim/include/system -isystem /usr/lib/gcc/x86_64-linux-gnu/14/include -DL_ENDIAN -D_CRT_SECURE_NO_DEPRECATE -D_CRT_NONSTDC_NO_DEPRECATE -DOPENSSL_SMALL_FOOTPRINT -DPEDANTIC -DMDE_CPU_X64   -c -o crypto/evp/names.o crypto/evp/names.c
#14 9.332 gcc -std=gnu11 -ggdb -gdwarf-4 -gstrict-dwarf -ffreestanding -fmacro-prefix-map=/shim/= -fno-stack-protector -fno-strict-aliasing -fpic -fshort-wchar -nostdinc -m64 -mno-mmx -mno-sse -mno-red-zone -maccumulate-outgoing-args -Os -Wall -Wextra -Wno-missing-field-initializers -Wno-empty-body -Wno-implicit-fallthrough -Wno-old-style-declaration -Wno-unused-but-set-variable -Wno-unused-parameter -Werror -Wno-error=unused-but-set-variable -Wno-error=unused-parameter -I/shim/Cryptlib/OpenSSL -I/shim/Cryptlib -I/shim/Cryptlib/OpenSSL/Include/ -I/shim/Cryptlib/OpenSSL/crypto -I/shim/Cryptlib/Include -I/shim/gnu-efi/inc -I/shim/gnu-efi/inc/x86_64 -I/shim/gnu-efi/inc/protocol -I/shim/Cryptlib/OpenSSL/crypto/asn1 -I/shim/Cryptlib/OpenSSL/crypto/evp -I/shim/Cryptlib/OpenSSL/crypto/modes -I/shim/Cryptlib/OpenSSL/crypto/include -isystem /shim/include/system -isystem /usr/lib/gcc/x86_64-linux-gnu/14/include -DL_ENDIAN -D_CRT_SECURE_NO_DEPRECATE -D_CRT_NONSTDC_NO_DEPRECATE -DOPENSSL_SMALL_FOOTPRINT -DPEDANTIC -DMDE_CPU_X64   -c -o crypto/evp/e_seed.o crypto/evp/e_seed.c
#14 9.357 gcc -std=gnu11 -ggdb -gdwarf-4 -gstrict-dwarf -ffreestanding -fmacro-prefix-map=/shim/= -fno-stack-protector -fno-strict-aliasing -fpic -fshort-wchar -nostdinc -m64 -mno-mmx -mno-sse -mno-red-zone -maccumulate-outgoing-args -Os -Wall -Wextra -Wno-missing-field-initializers -Wno-empty-body -Wno-implicit-fallthrough -Wno-old-style-declaration -Wno-unused-but-set-variable -Wno-unused-parameter -Werror -Wno-error=unused-but-set-variable -Wno-error=unused-parameter -I/shim/Cryptlib/OpenSSL -I/shim/Cryptlib -I/shim/Cryptlib/OpenSSL/Include/ -I/shim/Cryptlib/OpenSSL/crypto -I/shim/Cryptlib/Include -I/shim/gnu-efi/inc -I/shim/gnu-efi/inc/x86_64 -I/shim/gnu-efi/inc/protocol -I/shim/Cryptlib/OpenSSL/crypto/asn1 -I/shim/Cryptlib/OpenSSL/crypto/evp -I/shim/Cryptlib/OpenSSL/crypto/modes -I/shim/Cryptlib/OpenSSL/crypto/include -isystem /shim/include/system -isystem /usr/lib/gcc/x86_64-linux-gnu/14/include -DL_ENDIAN -D_CRT_SECURE_NO_DEPRECATE -D_CRT_NONSTDC_NO_DEPRECATE -DOPENSSL_SMALL_FOOTPRINT -DPEDANTIC -DMDE_CPU_X64   -c -o crypto/evp/e_xcbc_d.o crypto/evp/e_xcbc_d.c
#14 9.366 gcc -std=gnu11 -ggdb -gdwarf-4 -gstrict-dwarf -ffreestanding -fmacro-prefix-map=/shim/= -fno-stack-protector -fno-strict-aliasing -fpic -fshort-wchar -nostdinc -m64 -mno-mmx -mno-sse -mno-red-zone -maccumulate-outgoing-args -Os -Wall -Wextra -Wno-missing-field-initializers -Wno-empty-body -Wno-implicit-fallthrough -Wno-old-style-declaration -Wno-unused-but-set-variable -Wno-unused-parameter -Werror -Wno-error=unused-but-set-variable -Wno-error=unused-parameter -I/shim/Cryptlib/OpenSSL -I/shim/Cryptlib -I/shim/Cryptlib/OpenSSL/Include/ -I/shim/Cryptlib/OpenSSL/crypto -I/shim/Cryptlib/Include -I/shim/gnu-efi/inc -I/shim/gnu-efi/inc/x86_64 -I/shim/gnu-efi/inc/protocol -I/shim/Cryptlib/OpenSSL/crypto/asn1 -I/shim/Cryptlib/OpenSSL/crypto/evp -I/shim/Cryptlib/OpenSSL/crypto/modes -I/shim/Cryptlib/OpenSSL/crypto/include -isystem /shim/include/system -isystem /usr/lib/gcc/x86_64-linux-gnu/14/include -DL_ENDIAN -D_CRT_SECURE_NO_DEPRECATE -D_CRT_NONSTDC_NO_DEPRECATE -DOPENSSL_SMALL_FOOTPRINT -DPEDANTIC -DMDE_CPU_X64   -c -o crypto/evp/e_rc2.o crypto/evp/e_rc2.c
#14 9.401 gcc -std=gnu11 -ggdb -gdwarf-4 -gstrict-dwarf -ffreestanding -fmacro-prefix-map=/shim/= -fno-stack-protector -fno-strict-aliasing -fpic -fshort-wchar -nostdinc -m64 -mno-mmx -mno-sse -mno-red-zone -maccumulate-outgoing-args -Os -Wall -Wextra -Wno-missing-field-initializers -Wno-empty-body -Wno-implicit-fallthrough -Wno-old-style-declaration -Wno-unused-but-set-variable -Wno-unused-parameter -Werror -Wno-error=unused-but-set-variable -Wno-error=unused-parameter -I/shim/Cryptlib/OpenSSL -I/shim/Cryptlib -I/shim/Cryptlib/OpenSSL/Include/ -I/shim/Cryptlib/OpenSSL/crypto -I/shim/Cryptlib/Include -I/shim/gnu-efi/inc -I/shim/gnu-efi/inc/x86_64 -I/shim/gnu-efi/inc/protocol -I/shim/Cryptlib/OpenSSL/crypto/asn1 -I/shim/Cryptlib/OpenSSL/crypto/evp -I/shim/Cryptlib/OpenSSL/crypto/modes -I/shim/Cryptlib/OpenSSL/crypto/include -isystem /shim/include/system -isystem /usr/lib/gcc/x86_64-linux-gnu/14/include -DL_ENDIAN -D_CRT_SECURE_NO_DEPRECATE -D_CRT_NONSTDC_NO_DEPRECATE -DOPENSSL_SMALL_FOOTPRINT -DPEDANTIC -DMDE_CPU_X64   -c -o crypto/evp/e_cast.o crypto/evp/e_cast.c
#14 9.409 gcc -std=gnu11 -ggdb -gdwarf-4 -gstrict-dwarf -ffreestanding -fmacro-prefix-map=/shim/= -fno-stack-protector -fno-strict-aliasing -fpic -fshort-wchar -nostdinc -m64 -mno-mmx -mno-sse -mno-red-zone -maccumulate-outgoing-args -Os -Wall -Wextra -Wno-missing-field-initializers -Wno-empty-body -Wno-implicit-fallthrough -Wno-old-style-declaration -Wno-unused-but-set-variable -Wno-unused-parameter -Werror -Wno-error=unused-but-set-variable -Wno-error=unused-parameter -I/shim/Cryptlib/OpenSSL -I/shim/Cryptlib -I/shim/Cryptlib/OpenSSL/Include/ -I/shim/Cryptlib/OpenSSL/crypto -I/shim/Cryptlib/Include -I/shim/gnu-efi/inc -I/shim/gnu-efi/inc/x86_64 -I/shim/gnu-efi/inc/protocol -I/shim/Cryptlib/OpenSSL/crypto/asn1 -I/shim/Cryptlib/OpenSSL/crypto/evp -I/shim/Cryptlib/OpenSSL/crypto/modes -I/shim/Cryptlib/OpenSSL/crypto/include -isystem /shim/include/system -isystem /usr/lib/gcc/x86_64-linux-gnu/14/include -DL_ENDIAN -D_CRT_SECURE_NO_DEPRECATE -D_CRT_NONSTDC_NO_DEPRECATE -DOPENSSL_SMALL_FOOTPRINT -DPEDANTIC -DMDE_CPU_X64   -c -o crypto/evp/e_rc5.o crypto/evp/e_rc5.c
#14 9.410 gcc -std=gnu11 -ggdb -gdwarf-4 -gstrict-dwarf -ffreestanding -fmacro-prefix-map=/shim/= -fno-stack-protector -fno-strict-aliasing -fpic -fshort-wchar -nostdinc -m64 -mno-mmx -mno-sse -mno-red-zone -maccumulate-outgoing-args -Os -Wall -Wextra -Wno-missing-field-initializers -Wno-empty-body -Wno-implicit-fallthrough -Wno-old-style-declaration -Wno-unused-but-set-variable -Wno-unused-parameter -Werror -Wno-error=unused-but-set-variable -Wno-error=unused-parameter -I/shim/Cryptlib/OpenSSL -I/shim/Cryptlib -I/shim/Cryptlib/OpenSSL/Include/ -I/shim/Cryptlib/OpenSSL/crypto -I/shim/Cryptlib/Include -I/shim/gnu-efi/inc -I/shim/gnu-efi/inc/x86_64 -I/shim/gnu-efi/inc/protocol -I/shim/Cryptlib/OpenSSL/crypto/asn1 -I/shim/Cryptlib/OpenSSL/crypto/evp -I/shim/Cryptlib/OpenSSL/crypto/modes -I/shim/Cryptlib/OpenSSL/crypto/include -isystem /shim/include/system -isystem /usr/lib/gcc/x86_64-linux-gnu/14/include -DL_ENDIAN -D_CRT_SECURE_NO_DEPRECATE -D_CRT_NONSTDC_NO_DEPRECATE -DOPENSSL_SMALL_FOOTPRINT -DPEDANTIC -DMDE_CPU_X64   -c -o crypto/evp/m_null.o crypto/evp/m_null.c
#14 9.435 gcc -std=gnu11 -ggdb -gdwarf-4 -gstrict-dwarf -ffreestanding -fmacro-prefix-map=/shim/= -fno-stack-protector -fno-strict-aliasing -fpic -fshort-wchar -nostdinc -m64 -mno-mmx -mno-sse -mno-red-zone -maccumulate-outgoing-args -Os -Wall -Wextra -Wno-missing-field-initializers -Wno-empty-body -Wno-implicit-fallthrough -Wno-old-style-declaration -Wno-unused-but-set-variable -Wno-unused-parameter -Werror -Wno-error=unused-but-set-variable -Wno-error=unused-parameter -I/shim/Cryptlib/OpenSSL -I/shim/Cryptlib -I/shim/Cryptlib/OpenSSL/Include/ -I/shim/Cryptlib/OpenSSL/crypto -I/shim/Cryptlib/Include -I/shim/gnu-efi/inc -I/shim/gnu-efi/inc/x86_64 -I/shim/gnu-efi/inc/protocol -I/shim/Cryptlib/OpenSSL/crypto/asn1 -I/shim/Cryptlib/OpenSSL/crypto/evp -I/shim/Cryptlib/OpenSSL/crypto/modes -I/shim/Cryptlib/OpenSSL/crypto/include -isystem /shim/include/system -isystem /usr/lib/gcc/x86_64-linux-gnu/14/include -DL_ENDIAN -D_CRT_SECURE_NO_DEPRECATE -D_CRT_NONSTDC_NO_DEPRECATE -DOPENSSL_SMALL_FOOTPRINT -DPEDANTIC -DMDE_CPU_X64   -c -o crypto/evp/m_md2.o crypto/evp/m_md2.c
#14 9.446 gcc -std=gnu11 -ggdb -gdwarf-4 -gstrict-dwarf -ffreestanding -fmacro-prefix-map=/shim/= -fno-stack-protector -fno-strict-aliasing -fpic -fshort-wchar -nostdinc -m64 -mno-mmx -mno-sse -mno-red-zone -maccumulate-outgoing-args -Os -Wall -Wextra -Wno-missing-field-initializers -Wno-empty-body -Wno-implicit-fallthrough -Wno-old-style-declaration -Wno-unused-but-set-variable -Wno-unused-parameter -Werror -Wno-error=unused-but-set-variable -Wno-error=unused-parameter -I/shim/Cryptlib/OpenSSL -I/shim/Cryptlib -I/shim/Cryptlib/OpenSSL/Include/ -I/shim/Cryptlib/OpenSSL/crypto -I/shim/Cryptlib/Include -I/shim/gnu-efi/inc -I/shim/gnu-efi/inc/x86_64 -I/shim/gnu-efi/inc/protocol -I/shim/Cryptlib/OpenSSL/crypto/asn1 -I/shim/Cryptlib/OpenSSL/crypto/evp -I/shim/Cryptlib/OpenSSL/crypto/modes -I/shim/Cryptlib/OpenSSL/crypto/include -isystem /shim/include/system -isystem /usr/lib/gcc/x86_64-linux-gnu/14/include -DL_ENDIAN -D_CRT_SECURE_NO_DEPRECATE -D_CRT_NONSTDC_NO_DEPRECATE -DOPENSSL_SMALL_FOOTPRINT -DPEDANTIC -DMDE_CPU_X64   -c -o crypto/evp/m_md4.o crypto/evp/m_md4.c
#14 9.462 gcc -std=gnu11 -ggdb -gdwarf-4 -gstrict-dwarf -ffreestanding -fmacro-prefix-map=/shim/= -fno-stack-protector -fno-strict-aliasing -fpic -fshort-wchar -nostdinc -m64 -mno-mmx -mno-sse -mno-red-zone -maccumulate-outgoing-args -Os -Wall -Wextra -Wno-missing-field-initializers -Wno-empty-body -Wno-implicit-fallthrough -Wno-old-style-declaration -Wno-unused-but-set-variable -Wno-unused-parameter -Werror -Wno-error=unused-but-set-variable -Wno-error=unused-parameter -I/shim/Cryptlib/OpenSSL -I/shim/Cryptlib -I/shim/Cryptlib/OpenSSL/Include/ -I/shim/Cryptlib/OpenSSL/crypto -I/shim/Cryptlib/Include -I/shim/gnu-efi/inc -I/shim/gnu-efi/inc/x86_64 -I/shim/gnu-efi/inc/protocol -I/shim/Cryptlib/OpenSSL/crypto/asn1 -I/shim/Cryptlib/OpenSSL/crypto/evp -I/shim/Cryptlib/OpenSSL/crypto/modes -I/shim/Cryptlib/OpenSSL/crypto/include -isystem /shim/include/system -isystem /usr/lib/gcc/x86_64-linux-gnu/14/include -DL_ENDIAN -D_CRT_SECURE_NO_DEPRECATE -D_CRT_NONSTDC_NO_DEPRECATE -DOPENSSL_SMALL_FOOTPRINT -DPEDANTIC -DMDE_CPU_X64   -c -o crypto/evp/m_md5.o crypto/evp/m_md5.c
#14 9.486 gcc -std=gnu11 -ggdb -gdwarf-4 -gstrict-dwarf -ffreestanding -fmacro-prefix-map=/shim/= -fno-stack-protector -fno-strict-aliasing -fpic -fshort-wchar -nostdinc -m64 -mno-mmx -mno-sse -mno-red-zone -maccumulate-outgoing-args -Os -Wall -Wextra -Wno-missing-field-initializers -Wno-empty-body -Wno-implicit-fallthrough -Wno-old-style-declaration -Wno-unused-but-set-variable -Wno-unused-parameter -Werror -Wno-error=unused-but-set-variable -Wno-error=unused-parameter -I/shim/Cryptlib/OpenSSL -I/shim/Cryptlib -I/shim/Cryptlib/OpenSSL/Include/ -I/shim/Cryptlib/OpenSSL/crypto -I/shim/Cryptlib/Include -I/shim/gnu-efi/inc -I/shim/gnu-efi/inc/x86_64 -I/shim/gnu-efi/inc/protocol -I/shim/Cryptlib/OpenSSL/crypto/asn1 -I/shim/Cryptlib/OpenSSL/crypto/evp -I/shim/Cryptlib/OpenSSL/crypto/modes -I/shim/Cryptlib/OpenSSL/crypto/include -isystem /shim/include/system -isystem /usr/lib/gcc/x86_64-linux-gnu/14/include -DL_ENDIAN -D_CRT_SECURE_NO_DEPRECATE -D_CRT_NONSTDC_NO_DEPRECATE -DOPENSSL_SMALL_FOOTPRINT -DPEDANTIC -DMDE_CPU_X64   -c -o crypto/evp/m_sha.o crypto/evp/m_sha.c
#14 9.489 gcc -std=gnu11 -ggdb -gdwarf-4 -gstrict-dwarf -ffreestanding -fmacro-prefix-map=/shim/= -fno-stack-protector -fno-strict-aliasing -fpic -fshort-wchar -nostdinc -m64 -mno-mmx -mno-sse -mno-red-zone -maccumulate-outgoing-args -Os -Wall -Wextra -Wno-missing-field-initializers -Wno-empty-body -Wno-implicit-fallthrough -Wno-old-style-declaration -Wno-unused-but-set-variable -Wno-unused-parameter -Werror -Wno-error=unused-but-set-variable -Wno-error=unused-parameter -I/shim/Cryptlib/OpenSSL -I/shim/Cryptlib -I/shim/Cryptlib/OpenSSL/Include/ -I/shim/Cryptlib/OpenSSL/crypto -I/shim/Cryptlib/Include -I/shim/gnu-efi/inc -I/shim/gnu-efi/inc/x86_64 -I/shim/gnu-efi/inc/protocol -I/shim/Cryptlib/OpenSSL/crypto/asn1 -I/shim/Cryptlib/OpenSSL/crypto/evp -I/shim/Cryptlib/OpenSSL/crypto/modes -I/shim/Cryptlib/OpenSSL/crypto/include -isystem /shim/include/system -isystem /usr/lib/gcc/x86_64-linux-gnu/14/include -DL_ENDIAN -D_CRT_SECURE_NO_DEPRECATE -D_CRT_NONSTDC_NO_DEPRECATE -DOPENSSL_SMALL_FOOTPRINT -DPEDANTIC -DMDE_CPU_X64   -c -o crypto/evp/m_sha1.o crypto/evp/m_sha1.c
#14 9.530 gcc -std=gnu11 -ggdb -gdwarf-4 -gstrict-dwarf -ffreestanding -fmacro-prefix-map=/shim/= -fno-stack-protector -fno-strict-aliasing -fpic -fshort-wchar -nostdinc -m64 -mno-mmx -mno-sse -mno-red-zone -maccumulate-outgoing-args -Os -Wall -Wextra -Wno-missing-field-initializers -Wno-empty-body -Wno-implicit-fallthrough -Wno-old-style-declaration -Wno-unused-but-set-variable -Wno-unused-parameter -Werror -Wno-error=unused-but-set-variable -Wno-error=unused-parameter -I/shim/Cryptlib/OpenSSL -I/shim/Cryptlib -I/shim/Cryptlib/OpenSSL/Include/ -I/shim/Cryptlib/OpenSSL/crypto -I/shim/Cryptlib/Include -I/shim/gnu-efi/inc -I/shim/gnu-efi/inc/x86_64 -I/shim/gnu-efi/inc/protocol -I/shim/Cryptlib/OpenSSL/crypto/asn1 -I/shim/Cryptlib/OpenSSL/crypto/evp -I/shim/Cryptlib/OpenSSL/crypto/modes -I/shim/Cryptlib/OpenSSL/crypto/include -isystem /shim/include/system -isystem /usr/lib/gcc/x86_64-linux-gnu/14/include -DL_ENDIAN -D_CRT_SECURE_NO_DEPRECATE -D_CRT_NONSTDC_NO_DEPRECATE -DOPENSSL_SMALL_FOOTPRINT -DPEDANTIC -DMDE_CPU_X64   -c -o crypto/evp/m_wp.o crypto/evp/m_wp.c
#14 9.544 gcc -std=gnu11 -ggdb -gdwarf-4 -gstrict-dwarf -ffreestanding -fmacro-prefix-map=/shim/= -fno-stack-protector -fno-strict-aliasing -fpic -fshort-wchar -nostdinc -m64 -mno-mmx -mno-sse -mno-red-zone -maccumulate-outgoing-args -Os -Wall -Wextra -Wno-missing-field-initializers -Wno-empty-body -Wno-implicit-fallthrough -Wno-old-style-declaration -Wno-unused-but-set-variable -Wno-unused-parameter -Werror -Wno-error=unused-but-set-variable -Wno-error=unused-parameter -I/shim/Cryptlib/OpenSSL -I/shim/Cryptlib -I/shim/Cryptlib/OpenSSL/Include/ -I/shim/Cryptlib/OpenSSL/crypto -I/shim/Cryptlib/Include -I/shim/gnu-efi/inc -I/shim/gnu-efi/inc/x86_64 -I/shim/gnu-efi/inc/protocol -I/shim/Cryptlib/OpenSSL/crypto/asn1 -I/shim/Cryptlib/OpenSSL/crypto/evp -I/shim/Cryptlib/OpenSSL/crypto/modes -I/shim/Cryptlib/OpenSSL/crypto/include -isystem /shim/include/system -isystem /usr/lib/gcc/x86_64-linux-gnu/14/include -DL_ENDIAN -D_CRT_SECURE_NO_DEPRECATE -D_CRT_NONSTDC_NO_DEPRECATE -DOPENSSL_SMALL_FOOTPRINT -DPEDANTIC -DMDE_CPU_X64   -c -o crypto/evp/m_dss.o crypto/evp/m_dss.c
#14 9.547 gcc -std=gnu11 -ggdb -gdwarf-4 -gstrict-dwarf -ffreestanding -fmacro-prefix-map=/shim/= -fno-stack-protector -fno-strict-aliasing -fpic -fshort-wchar -nostdinc -m64 -mno-mmx -mno-sse -mno-red-zone -maccumulate-outgoing-args -Os -Wall -Wextra -Wno-missing-field-initializers -Wno-empty-body -Wno-implicit-fallthrough -Wno-old-style-declaration -Wno-unused-but-set-variable -Wno-unused-parameter -Werror -Wno-error=unused-but-set-variable -Wno-error=unused-parameter -I/shim/Cryptlib/OpenSSL -I/shim/Cryptlib -I/shim/Cryptlib/OpenSSL/Include/ -I/shim/Cryptlib/OpenSSL/crypto -I/shim/Cryptlib/Include -I/shim/gnu-efi/inc -I/shim/gnu-efi/inc/x86_64 -I/shim/gnu-efi/inc/protocol -I/shim/Cryptlib/OpenSSL/crypto/asn1 -I/shim/Cryptlib/OpenSSL/crypto/evp -I/shim/Cryptlib/OpenSSL/crypto/modes -I/shim/Cryptlib/OpenSSL/crypto/include -isystem /shim/include/system -isystem /usr/lib/gcc/x86_64-linux-gnu/14/include -DL_ENDIAN -D_CRT_SECURE_NO_DEPRECATE -D_CRT_NONSTDC_NO_DEPRECATE -DOPENSSL_SMALL_FOOTPRINT -DPEDANTIC -DMDE_CPU_X64   -c -o crypto/evp/m_dss1.o crypto/evp/m_dss1.c
#14 9.553 gcc -std=gnu11 -ggdb -gdwarf-4 -gstrict-dwarf -ffreestanding -fmacro-prefix-map=/shim/= -fno-stack-protector -fno-strict-aliasing -fpic -fshort-wchar -nostdinc -m64 -mno-mmx -mno-sse -mno-red-zone -maccumulate-outgoing-args -Os -Wall -Wextra -Wno-missing-field-initializers -Wno-empty-body -Wno-implicit-fallthrough -Wno-old-style-declaration -Wno-unused-but-set-variable -Wno-unused-parameter -Werror -Wno-error=unused-but-set-variable -Wno-error=unused-parameter -I/shim/Cryptlib/OpenSSL -I/shim/Cryptlib -I/shim/Cryptlib/OpenSSL/Include/ -I/shim/Cryptlib/OpenSSL/crypto -I/shim/Cryptlib/Include -I/shim/gnu-efi/inc -I/shim/gnu-efi/inc/x86_64 -I/shim/gnu-efi/inc/protocol -I/shim/Cryptlib/OpenSSL/crypto/asn1 -I/shim/Cryptlib/OpenSSL/crypto/evp -I/shim/Cryptlib/OpenSSL/crypto/modes -I/shim/Cryptlib/OpenSSL/crypto/include -isystem /shim/include/system -isystem /usr/lib/gcc/x86_64-linux-gnu/14/include -DL_ENDIAN -D_CRT_SECURE_NO_DEPRECATE -D_CRT_NONSTDC_NO_DEPRECATE -DOPENSSL_SMALL_FOOTPRINT -DPEDANTIC -DMDE_CPU_X64   -c -o crypto/evp/m_mdc2.o crypto/evp/m_mdc2.c
#14 9.570 gcc -std=gnu11 -ggdb -gdwarf-4 -gstrict-dwarf -ffreestanding -fmacro-prefix-map=/shim/= -fno-stack-protector -fno-strict-aliasing -fpic -fshort-wchar -nostdinc -m64 -mno-mmx -mno-sse -mno-red-zone -maccumulate-outgoing-args -Os -Wall -Wextra -Wno-missing-field-initializers -Wno-empty-body -Wno-implicit-fallthrough -Wno-old-style-declaration -Wno-unused-but-set-variable -Wno-unused-parameter -Werror -Wno-error=unused-but-set-variable -Wno-error=unused-parameter -I/shim/Cryptlib/OpenSSL -I/shim/Cryptlib -I/shim/Cryptlib/OpenSSL/Include/ -I/shim/Cryptlib/OpenSSL/crypto -I/shim/Cryptlib/Include -I/shim/gnu-efi/inc -I/shim/gnu-efi/inc/x86_64 -I/shim/gnu-efi/inc/protocol -I/shim/Cryptlib/OpenSSL/crypto/asn1 -I/shim/Cryptlib/OpenSSL/crypto/evp -I/shim/Cryptlib/OpenSSL/crypto/modes -I/shim/Cryptlib/OpenSSL/crypto/include -isystem /shim/include/system -isystem /usr/lib/gcc/x86_64-linux-gnu/14/include -DL_ENDIAN -D_CRT_SECURE_NO_DEPRECATE -D_CRT_NONSTDC_NO_DEPRECATE -DOPENSSL_SMALL_FOOTPRINT -DPEDANTIC -DMDE_CPU_X64   -c -o crypto/evp/m_ripemd.o crypto/evp/m_ripemd.c
#14 9.590 gcc -std=gnu11 -ggdb -gdwarf-4 -gstrict-dwarf -ffreestanding -fmacro-prefix-map=/shim/= -fno-stack-protector -fno-strict-aliasing -fpic -fshort-wchar -nostdinc -m64 -mno-mmx -mno-sse -mno-red-zone -maccumulate-outgoing-args -Os -Wall -Wextra -Wno-missing-field-initializers -Wno-empty-body -Wno-implicit-fallthrough -Wno-old-style-declaration -Wno-unused-but-set-variable -Wno-unused-parameter -Werror -Wno-error=unused-but-set-variable -Wno-error=unused-parameter -I/shim/Cryptlib/OpenSSL -I/shim/Cryptlib -I/shim/Cryptlib/OpenSSL/Include/ -I/shim/Cryptlib/OpenSSL/crypto -I/shim/Cryptlib/Include -I/shim/gnu-efi/inc -I/shim/gnu-efi/inc/x86_64 -I/shim/gnu-efi/inc/protocol -I/shim/Cryptlib/OpenSSL/crypto/asn1 -I/shim/Cryptlib/OpenSSL/crypto/evp -I/shim/Cryptlib/OpenSSL/crypto/modes -I/shim/Cryptlib/OpenSSL/crypto/include -isystem /shim/include/system -isystem /usr/lib/gcc/x86_64-linux-gnu/14/include -DL_ENDIAN -D_CRT_SECURE_NO_DEPRECATE -D_CRT_NONSTDC_NO_DEPRECATE -DOPENSSL_SMALL_FOOTPRINT -DPEDANTIC -DMDE_CPU_X64   -c -o crypto/evp/m_ecdsa.o crypto/evp/m_ecdsa.c
#14 9.603 gcc -std=gnu11 -ggdb -gdwarf-4 -gstrict-dwarf -ffreestanding -fmacro-prefix-map=/shim/= -fno-stack-protector -fno-strict-aliasing -fpic -fshort-wchar -nostdinc -m64 -mno-mmx -mno-sse -mno-red-zone -maccumulate-outgoing-args -Os -Wall -Wextra -Wno-missing-field-initializers -Wno-empty-body -Wno-implicit-fallthrough -Wno-old-style-declaration -Wno-unused-but-set-variable -Wno-unused-parameter -Werror -Wno-error=unused-but-set-variable -Wno-error=unused-parameter -I/shim/Cryptlib/OpenSSL -I/shim/Cryptlib -I/shim/Cryptlib/OpenSSL/Include/ -I/shim/Cryptlib/OpenSSL/crypto -I/shim/Cryptlib/Include -I/shim/gnu-efi/inc -I/shim/gnu-efi/inc/x86_64 -I/shim/gnu-efi/inc/protocol -I/shim/Cryptlib/OpenSSL/crypto/asn1 -I/shim/Cryptlib/OpenSSL/crypto/evp -I/shim/Cryptlib/OpenSSL/crypto/modes -I/shim/Cryptlib/OpenSSL/crypto/include -isystem /shim/include/system -isystem /usr/lib/gcc/x86_64-linux-gnu/14/include -DL_ENDIAN -D_CRT_SECURE_NO_DEPRECATE -D_CRT_NONSTDC_NO_DEPRECATE -DOPENSSL_SMALL_FOOTPRINT -DPEDANTIC -DMDE_CPU_X64   -c -o crypto/evp/p_open.o crypto/evp/p_open.c
#14 9.606 gcc -std=gnu11 -ggdb -gdwarf-4 -gstrict-dwarf -ffreestanding -fmacro-prefix-map=/shim/= -fno-stack-protector -fno-strict-aliasing -fpic -fshort-wchar -nostdinc -m64 -mno-mmx -mno-sse -mno-red-zone -maccumulate-outgoing-args -Os -Wall -Wextra -Wno-missing-field-initializers -Wno-empty-body -Wno-implicit-fallthrough -Wno-old-style-declaration -Wno-unused-but-set-variable -Wno-unused-parameter -Werror -Wno-error=unused-but-set-variable -Wno-error=unused-parameter -I/shim/Cryptlib/OpenSSL -I/shim/Cryptlib -I/shim/Cryptlib/OpenSSL/Include/ -I/shim/Cryptlib/OpenSSL/crypto -I/shim/Cryptlib/Include -I/shim/gnu-efi/inc -I/shim/gnu-efi/inc/x86_64 -I/shim/gnu-efi/inc/protocol -I/shim/Cryptlib/OpenSSL/crypto/asn1 -I/shim/Cryptlib/OpenSSL/crypto/evp -I/shim/Cryptlib/OpenSSL/crypto/modes -I/shim/Cryptlib/OpenSSL/crypto/include -isystem /shim/include/system -isystem /usr/lib/gcc/x86_64-linux-gnu/14/include -DL_ENDIAN -D_CRT_SECURE_NO_DEPRECATE -D_CRT_NONSTDC_NO_DEPRECATE -DOPENSSL_SMALL_FOOTPRINT -DPEDANTIC -DMDE_CPU_X64   -c -o crypto/evp/p_seal.o crypto/evp/p_seal.c
#14 9.626 gcc -std=gnu11 -ggdb -gdwarf-4 -gstrict-dwarf -ffreestanding -fmacro-prefix-map=/shim/= -fno-stack-protector -fno-strict-aliasing -fpic -fshort-wchar -nostdinc -m64 -mno-mmx -mno-sse -mno-red-zone -maccumulate-outgoing-args -Os -Wall -Wextra -Wno-missing-field-initializers -Wno-empty-body -Wno-implicit-fallthrough -Wno-old-style-declaration -Wno-unused-but-set-variable -Wno-unused-parameter -Werror -Wno-error=unused-but-set-variable -Wno-error=unused-parameter -I/shim/Cryptlib/OpenSSL -I/shim/Cryptlib -I/shim/Cryptlib/OpenSSL/Include/ -I/shim/Cryptlib/OpenSSL/crypto -I/shim/Cryptlib/Include -I/shim/gnu-efi/inc -I/shim/gnu-efi/inc/x86_64 -I/shim/gnu-efi/inc/protocol -I/shim/Cryptlib/OpenSSL/crypto/asn1 -I/shim/Cryptlib/OpenSSL/crypto/evp -I/shim/Cryptlib/OpenSSL/crypto/modes -I/shim/Cryptlib/OpenSSL/crypto/include -isystem /shim/include/system -isystem /usr/lib/gcc/x86_64-linux-gnu/14/include -DL_ENDIAN -D_CRT_SECURE_NO_DEPRECATE -D_CRT_NONSTDC_NO_DEPRECATE -DOPENSSL_SMALL_FOOTPRINT -DPEDANTIC -DMDE_CPU_X64   -c -o crypto/evp/p_sign.o crypto/evp/p_sign.c
#14 9.650 gcc -std=gnu11 -ggdb -gdwarf-4 -gstrict-dwarf -ffreestanding -fmacro-prefix-map=/shim/= -fno-stack-protector -fno-strict-aliasing -fpic -fshort-wchar -nostdinc -m64 -mno-mmx -mno-sse -mno-red-zone -maccumulate-outgoing-args -Os -Wall -Wextra -Wno-missing-field-initializers -Wno-empty-body -Wno-implicit-fallthrough -Wno-old-style-declaration -Wno-unused-but-set-variable -Wno-unused-parameter -Werror -Wno-error=unused-but-set-variable -Wno-error=unused-parameter -I/shim/Cryptlib/OpenSSL -I/shim/Cryptlib -I/shim/Cryptlib/OpenSSL/Include/ -I/shim/Cryptlib/OpenSSL/crypto -I/shim/Cryptlib/Include -I/shim/gnu-efi/inc -I/shim/gnu-efi/inc/x86_64 -I/shim/gnu-efi/inc/protocol -I/shim/Cryptlib/OpenSSL/crypto/asn1 -I/shim/Cryptlib/OpenSSL/crypto/evp -I/shim/Cryptlib/OpenSSL/crypto/modes -I/shim/Cryptlib/OpenSSL/crypto/include -isystem /shim/include/system -isystem /usr/lib/gcc/x86_64-linux-gnu/14/include -DL_ENDIAN -D_CRT_SECURE_NO_DEPRECATE -D_CRT_NONSTDC_NO_DEPRECATE -DOPENSSL_SMALL_FOOTPRINT -DPEDANTIC -DMDE_CPU_X64   -c -o crypto/evp/p_verify.o crypto/evp/p_verify.c
#14 9.671 gcc -std=gnu11 -ggdb -gdwarf-4 -gstrict-dwarf -ffreestanding -fmacro-prefix-map=/shim/= -fno-stack-protector -fno-strict-aliasing -fpic -fshort-wchar -nostdinc -m64 -mno-mmx -mno-sse -mno-red-zone -maccumulate-outgoing-args -Os -Wall -Wextra -Wno-missing-field-initializers -Wno-empty-body -Wno-implicit-fallthrough -Wno-old-style-declaration -Wno-unused-but-set-variable -Wno-unused-parameter -Werror -Wno-error=unused-but-set-variable -Wno-error=unused-parameter -I/shim/Cryptlib/OpenSSL -I/shim/Cryptlib -I/shim/Cryptlib/OpenSSL/Include/ -I/shim/Cryptlib/OpenSSL/crypto -I/shim/Cryptlib/Include -I/shim/gnu-efi/inc -I/shim/gnu-efi/inc/x86_64 -I/shim/gnu-efi/inc/protocol -I/shim/Cryptlib/OpenSSL/crypto/asn1 -I/shim/Cryptlib/OpenSSL/crypto/evp -I/shim/Cryptlib/OpenSSL/crypto/modes -I/shim/Cryptlib/OpenSSL/crypto/include -isystem /shim/include/system -isystem /usr/lib/gcc/x86_64-linux-gnu/14/include -DL_ENDIAN -D_CRT_SECURE_NO_DEPRECATE -D_CRT_NONSTDC_NO_DEPRECATE -DOPENSSL_SMALL_FOOTPRINT -DPEDANTIC -DMDE_CPU_X64   -c -o crypto/evp/p_lib.o crypto/evp/p_lib.c
#14 9.700 gcc -std=gnu11 -ggdb -gdwarf-4 -gstrict-dwarf -ffreestanding -fmacro-prefix-map=/shim/= -fno-stack-protector -fno-strict-aliasing -fpic -fshort-wchar -nostdinc -m64 -mno-mmx -mno-sse -mno-red-zone -maccumulate-outgoing-args -Os -Wall -Wextra -Wno-missing-field-initializers -Wno-empty-body -Wno-implicit-fallthrough -Wno-old-style-declaration -Wno-unused-but-set-variable -Wno-unused-parameter -Werror -Wno-error=unused-but-set-variable -Wno-error=unused-parameter -I/shim/Cryptlib/OpenSSL -I/shim/Cryptlib -I/shim/Cryptlib/OpenSSL/Include/ -I/shim/Cryptlib/OpenSSL/crypto -I/shim/Cryptlib/Include -I/shim/gnu-efi/inc -I/shim/gnu-efi/inc/x86_64 -I/shim/gnu-efi/inc/protocol -I/shim/Cryptlib/OpenSSL/crypto/asn1 -I/shim/Cryptlib/OpenSSL/crypto/evp -I/shim/Cryptlib/OpenSSL/crypto/modes -I/shim/Cryptlib/OpenSSL/crypto/include -isystem /shim/include/system -isystem /usr/lib/gcc/x86_64-linux-gnu/14/include -DL_ENDIAN -D_CRT_SECURE_NO_DEPRECATE -D_CRT_NONSTDC_NO_DEPRECATE -DOPENSSL_SMALL_FOOTPRINT -DPEDANTIC -DMDE_CPU_X64   -c -o crypto/evp/p_enc.o crypto/evp/p_enc.c
#14 9.718 gcc -std=gnu11 -ggdb -gdwarf-4 -gstrict-dwarf -ffreestanding -fmacro-prefix-map=/shim/= -fno-stack-protector -fno-strict-aliasing -fpic -fshort-wchar -nostdinc -m64 -mno-mmx -mno-sse -mno-red-zone -maccumulate-outgoing-args -Os -Wall -Wextra -Wno-missing-field-initializers -Wno-empty-body -Wno-implicit-fallthrough -Wno-old-style-declaration -Wno-unused-but-set-variable -Wno-unused-parameter -Werror -Wno-error=unused-but-set-variable -Wno-error=unused-parameter -I/shim/Cryptlib/OpenSSL -I/shim/Cryptlib -I/shim/Cryptlib/OpenSSL/Include/ -I/shim/Cryptlib/OpenSSL/crypto -I/shim/Cryptlib/Include -I/shim/gnu-efi/inc -I/shim/gnu-efi/inc/x86_64 -I/shim/gnu-efi/inc/protocol -I/shim/Cryptlib/OpenSSL/crypto/asn1 -I/shim/Cryptlib/OpenSSL/crypto/evp -I/shim/Cryptlib/OpenSSL/crypto/modes -I/shim/Cryptlib/OpenSSL/crypto/include -isystem /shim/include/system -isystem /usr/lib/gcc/x86_64-linux-gnu/14/include -DL_ENDIAN -D_CRT_SECURE_NO_DEPRECATE -D_CRT_NONSTDC_NO_DEPRECATE -DOPENSSL_SMALL_FOOTPRINT -DPEDANTIC -DMDE_CPU_X64   -c -o crypto/evp/p_dec.o crypto/evp/p_dec.c
#14 9.731 gcc -std=gnu11 -ggdb -gdwarf-4 -gstrict-dwarf -ffreestanding -fmacro-prefix-map=/shim/= -fno-stack-protector -fno-strict-aliasing -fpic -fshort-wchar -nostdinc -m64 -mno-mmx -mno-sse -mno-red-zone -maccumulate-outgoing-args -Os -Wall -Wextra -Wno-missing-field-initializers -Wno-empty-body -Wno-implicit-fallthrough -Wno-old-style-declaration -Wno-unused-but-set-variable -Wno-unused-parameter -Werror -Wno-error=unused-but-set-variable -Wno-error=unused-parameter -I/shim/Cryptlib/OpenSSL -I/shim/Cryptlib -I/shim/Cryptlib/OpenSSL/Include/ -I/shim/Cryptlib/OpenSSL/crypto -I/shim/Cryptlib/Include -I/shim/gnu-efi/inc -I/shim/gnu-efi/inc/x86_64 -I/shim/gnu-efi/inc/protocol -I/shim/Cryptlib/OpenSSL/crypto/asn1 -I/shim/Cryptlib/OpenSSL/crypto/evp -I/shim/Cryptlib/OpenSSL/crypto/modes -I/shim/Cryptlib/OpenSSL/crypto/include -isystem /shim/include/system -isystem /usr/lib/gcc/x86_64-linux-gnu/14/include -DL_ENDIAN -D_CRT_SECURE_NO_DEPRECATE -D_CRT_NONSTDC_NO_DEPRECATE -DOPENSSL_SMALL_FOOTPRINT -DPEDANTIC -DMDE_CPU_X64   -c -o crypto/evp/bio_md.o crypto/evp/bio_md.c
#14 9.763 gcc -std=gnu11 -ggdb -gdwarf-4 -gstrict-dwarf -ffreestanding -fmacro-prefix-map=/shim/= -fno-stack-protector -fno-strict-aliasing -fpic -fshort-wchar -nostdinc -m64 -mno-mmx -mno-sse -mno-red-zone -maccumulate-outgoing-args -Os -Wall -Wextra -Wno-missing-field-initializers -Wno-empty-body -Wno-implicit-fallthrough -Wno-old-style-declaration -Wno-unused-but-set-variable -Wno-unused-parameter -Werror -Wno-error=unused-but-set-variable -Wno-error=unused-parameter -I/shim/Cryptlib/OpenSSL -I/shim/Cryptlib -I/shim/Cryptlib/OpenSSL/Include/ -I/shim/Cryptlib/OpenSSL/crypto -I/shim/Cryptlib/Include -I/shim/gnu-efi/inc -I/shim/gnu-efi/inc/x86_64 -I/shim/gnu-efi/inc/protocol -I/shim/Cryptlib/OpenSSL/crypto/asn1 -I/shim/Cryptlib/OpenSSL/crypto/evp -I/shim/Cryptlib/OpenSSL/crypto/modes -I/shim/Cryptlib/OpenSSL/crypto/include -isystem /shim/include/system -isystem /usr/lib/gcc/x86_64-linux-gnu/14/include -DL_ENDIAN -D_CRT_SECURE_NO_DEPRECATE -D_CRT_NONSTDC_NO_DEPRECATE -DOPENSSL_SMALL_FOOTPRINT -DPEDANTIC -DMDE_CPU_X64   -c -o crypto/evp/bio_b64.o crypto/evp/bio_b64.c
#14 9.773 gcc -std=gnu11 -ggdb -gdwarf-4 -gstrict-dwarf -ffreestanding -fmacro-prefix-map=/shim/= -fno-stack-protector -fno-strict-aliasing -fpic -fshort-wchar -nostdinc -m64 -mno-mmx -mno-sse -mno-red-zone -maccumulate-outgoing-args -Os -Wall -Wextra -Wno-missing-field-initializers -Wno-empty-body -Wno-implicit-fallthrough -Wno-old-style-declaration -Wno-unused-but-set-variable -Wno-unused-parameter -Werror -Wno-error=unused-but-set-variable -Wno-error=unused-parameter -I/shim/Cryptlib/OpenSSL -I/shim/Cryptlib -I/shim/Cryptlib/OpenSSL/Include/ -I/shim/Cryptlib/OpenSSL/crypto -I/shim/Cryptlib/Include -I/shim/gnu-efi/inc -I/shim/gnu-efi/inc/x86_64 -I/shim/gnu-efi/inc/protocol -I/shim/Cryptlib/OpenSSL/crypto/asn1 -I/shim/Cryptlib/OpenSSL/crypto/evp -I/shim/Cryptlib/OpenSSL/crypto/modes -I/shim/Cryptlib/OpenSSL/crypto/include -isystem /shim/include/system -isystem /usr/lib/gcc/x86_64-linux-gnu/14/include -DL_ENDIAN -D_CRT_SECURE_NO_DEPRECATE -D_CRT_NONSTDC_NO_DEPRECATE -DOPENSSL_SMALL_FOOTPRINT -DPEDANTIC -DMDE_CPU_X64   -c -o crypto/evp/bio_enc.o crypto/evp/bio_enc.c
#14 9.810 gcc -std=gnu11 -ggdb -gdwarf-4 -gstrict-dwarf -ffreestanding -fmacro-prefix-map=/shim/= -fno-stack-protector -fno-strict-aliasing -fpic -fshort-wchar -nostdinc -m64 -mno-mmx -mno-sse -mno-red-zone -maccumulate-outgoing-args -Os -Wall -Wextra -Wno-missing-field-initializers -Wno-empty-body -Wno-implicit-fallthrough -Wno-old-style-declaration -Wno-unused-but-set-variable -Wno-unused-parameter -Werror -Wno-error=unused-but-set-variable -Wno-error=unused-parameter -I/shim/Cryptlib/OpenSSL -I/shim/Cryptlib -I/shim/Cryptlib/OpenSSL/Include/ -I/shim/Cryptlib/OpenSSL/crypto -I/shim/Cryptlib/Include -I/shim/gnu-efi/inc -I/shim/gnu-efi/inc/x86_64 -I/shim/gnu-efi/inc/protocol -I/shim/Cryptlib/OpenSSL/crypto/asn1 -I/shim/Cryptlib/OpenSSL/crypto/evp -I/shim/Cryptlib/OpenSSL/crypto/modes -I/shim/Cryptlib/OpenSSL/crypto/include -isystem /shim/include/system -isystem /usr/lib/gcc/x86_64-linux-gnu/14/include -DL_ENDIAN -D_CRT_SECURE_NO_DEPRECATE -D_CRT_NONSTDC_NO_DEPRECATE -DOPENSSL_SMALL_FOOTPRINT -DPEDANTIC -DMDE_CPU_X64   -c -o crypto/evp/evp_err.o crypto/evp/evp_err.c
#14 9.848 gcc -std=gnu11 -ggdb -gdwarf-4 -gstrict-dwarf -ffreestanding -fmacro-prefix-map=/shim/= -fno-stack-protector -fno-strict-aliasing -fpic -fshort-wchar -nostdinc -m64 -mno-mmx -mno-sse -mno-red-zone -maccumulate-outgoing-args -Os -Wall -Wextra -Wno-missing-field-initializers -Wno-empty-body -Wno-implicit-fallthrough -Wno-old-style-declaration -Wno-unused-but-set-variable -Wno-unused-parameter -Werror -Wno-error=unused-but-set-variable -Wno-error=unused-parameter -I/shim/Cryptlib/OpenSSL -I/shim/Cryptlib -I/shim/Cryptlib/OpenSSL/Include/ -I/shim/Cryptlib/OpenSSL/crypto -I/shim/Cryptlib/Include -I/shim/gnu-efi/inc -I/shim/gnu-efi/inc/x86_64 -I/shim/gnu-efi/inc/protocol -I/shim/Cryptlib/OpenSSL/crypto/asn1 -I/shim/Cryptlib/OpenSSL/crypto/evp -I/shim/Cryptlib/OpenSSL/crypto/modes -I/shim/Cryptlib/OpenSSL/crypto/include -isystem /shim/include/system -isystem /usr/lib/gcc/x86_64-linux-gnu/14/include -DL_ENDIAN -D_CRT_SECURE_NO_DEPRECATE -D_CRT_NONSTDC_NO_DEPRECATE -DOPENSSL_SMALL_FOOTPRINT -DPEDANTIC -DMDE_CPU_X64   -c -o crypto/evp/e_null.o crypto/evp/e_null.c
#14 9.883 gcc -std=gnu11 -ggdb -gdwarf-4 -gstrict-dwarf -ffreestanding -fmacro-prefix-map=/shim/= -fno-stack-protector -fno-strict-aliasing -fpic -fshort-wchar -nostdinc -m64 -mno-mmx -mno-sse -mno-red-zone -maccumulate-outgoing-args -Os -Wall -Wextra -Wno-missing-field-initializers -Wno-empty-body -Wno-implicit-fallthrough -Wno-old-style-declaration -Wno-unused-but-set-variable -Wno-unused-parameter -Werror -Wno-error=unused-but-set-variable -Wno-error=unused-parameter -I/shim/Cryptlib/OpenSSL -I/shim/Cryptlib -I/shim/Cryptlib/OpenSSL/Include/ -I/shim/Cryptlib/OpenSSL/crypto -I/shim/Cryptlib/Include -I/shim/gnu-efi/inc -I/shim/gnu-efi/inc/x86_64 -I/shim/gnu-efi/inc/protocol -I/shim/Cryptlib/OpenSSL/crypto/asn1 -I/shim/Cryptlib/OpenSSL/crypto/evp -I/shim/Cryptlib/OpenSSL/crypto/modes -I/shim/Cryptlib/OpenSSL/crypto/include -isystem /shim/include/system -isystem /usr/lib/gcc/x86_64-linux-gnu/14/include -DL_ENDIAN -D_CRT_SECURE_NO_DEPRECATE -D_CRT_NONSTDC_NO_DEPRECATE -DOPENSSL_SMALL_FOOTPRINT -DPEDANTIC -DMDE_CPU_X64   -c -o crypto/evp/c_all.o crypto/evp/c_all.c
#14 9.904 gcc -std=gnu11 -ggdb -gdwarf-4 -gstrict-dwarf -ffreestanding -fmacro-prefix-map=/shim/= -fno-stack-protector -fno-strict-aliasing -fpic -fshort-wchar -nostdinc -m64 -mno-mmx -mno-sse -mno-red-zone -maccumulate-outgoing-args -Os -Wall -Wextra -Wno-missing-field-initializers -Wno-empty-body -Wno-implicit-fallthrough -Wno-old-style-declaration -Wno-unused-but-set-variable -Wno-unused-parameter -Werror -Wno-error=unused-but-set-variable -Wno-error=unused-parameter -I/shim/Cryptlib/OpenSSL -I/shim/Cryptlib -I/shim/Cryptlib/OpenSSL/Include/ -I/shim/Cryptlib/OpenSSL/crypto -I/shim/Cryptlib/Include -I/shim/gnu-efi/inc -I/shim/gnu-efi/inc/x86_64 -I/shim/gnu-efi/inc/protocol -I/shim/Cryptlib/OpenSSL/crypto/asn1 -I/shim/Cryptlib/OpenSSL/crypto/evp -I/shim/Cryptlib/OpenSSL/crypto/modes -I/shim/Cryptlib/OpenSSL/crypto/include -isystem /shim/include/system -isystem /usr/lib/gcc/x86_64-linux-gnu/14/include -DL_ENDIAN -D_CRT_SECURE_NO_DEPRECATE -D_CRT_NONSTDC_NO_DEPRECATE -DOPENSSL_SMALL_FOOTPRINT -DPEDANTIC -DMDE_CPU_X64   -c -o crypto/evp/c_allc.o crypto/evp/c_allc.c
#14 9.908 gcc -std=gnu11 -ggdb -gdwarf-4 -gstrict-dwarf -ffreestanding -fmacro-prefix-map=/shim/= -fno-stack-protector -fno-strict-aliasing -fpic -fshort-wchar -nostdinc -m64 -mno-mmx -mno-sse -mno-red-zone -maccumulate-outgoing-args -Os -Wall -Wextra -Wno-missing-field-initializers -Wno-empty-body -Wno-implicit-fallthrough -Wno-old-style-declaration -Wno-unused-but-set-variable -Wno-unused-parameter -Werror -Wno-error=unused-but-set-variable -Wno-error=unused-parameter -I/shim/Cryptlib/OpenSSL -I/shim/Cryptlib -I/shim/Cryptlib/OpenSSL/Include/ -I/shim/Cryptlib/OpenSSL/crypto -I/shim/Cryptlib/Include -I/shim/gnu-efi/inc -I/shim/gnu-efi/inc/x86_64 -I/shim/gnu-efi/inc/protocol -I/shim/Cryptlib/OpenSSL/crypto/asn1 -I/shim/Cryptlib/OpenSSL/crypto/evp -I/shim/Cryptlib/OpenSSL/crypto/modes -I/shim/Cryptlib/OpenSSL/crypto/include -isystem /shim/include/system -isystem /usr/lib/gcc/x86_64-linux-gnu/14/include -DL_ENDIAN -D_CRT_SECURE_NO_DEPRECATE -D_CRT_NONSTDC_NO_DEPRECATE -DOPENSSL_SMALL_FOOTPRINT -DPEDANTIC -DMDE_CPU_X64   -c -o crypto/evp/c_alld.o crypto/evp/c_alld.c
#14 9.924 gcc -std=gnu11 -ggdb -gdwarf-4 -gstrict-dwarf -ffreestanding -fmacro-prefix-map=/shim/= -fno-stack-protector -fno-strict-aliasing -fpic -fshort-wchar -nostdinc -m64 -mno-mmx -mno-sse -mno-red-zone -maccumulate-outgoing-args -Os -Wall -Wextra -Wno-missing-field-initializers -Wno-empty-body -Wno-implicit-fallthrough -Wno-old-style-declaration -Wno-unused-but-set-variable -Wno-unused-parameter -Werror -Wno-error=unused-but-set-variable -Wno-error=unused-parameter -I/shim/Cryptlib/OpenSSL -I/shim/Cryptlib -I/shim/Cryptlib/OpenSSL/Include/ -I/shim/Cryptlib/OpenSSL/crypto -I/shim/Cryptlib/Include -I/shim/gnu-efi/inc -I/shim/gnu-efi/inc/x86_64 -I/shim/gnu-efi/inc/protocol -I/shim/Cryptlib/OpenSSL/crypto/asn1 -I/shim/Cryptlib/OpenSSL/crypto/evp -I/shim/Cryptlib/OpenSSL/crypto/modes -I/shim/Cryptlib/OpenSSL/crypto/include -isystem /shim/include/system -isystem /usr/lib/gcc/x86_64-linux-gnu/14/include -DL_ENDIAN -D_CRT_SECURE_NO_DEPRECATE -D_CRT_NONSTDC_NO_DEPRECATE -DOPENSSL_SMALL_FOOTPRINT -DPEDANTIC -DMDE_CPU_X64   -c -o crypto/evp/evp_lib.o crypto/evp/evp_lib.c
#14 9.944 gcc -std=gnu11 -ggdb -gdwarf-4 -gstrict-dwarf -ffreestanding -fmacro-prefix-map=/shim/= -fno-stack-protector -fno-strict-aliasing -fpic -fshort-wchar -nostdinc -m64 -mno-mmx -mno-sse -mno-red-zone -maccumulate-outgoing-args -Os -Wall -Wextra -Wno-missing-field-initializers -Wno-empty-body -Wno-implicit-fallthrough -Wno-old-style-declaration -Wno-unused-but-set-variable -Wno-unused-parameter -Werror -Wno-error=unused-but-set-variable -Wno-error=unused-parameter -I/shim/Cryptlib/OpenSSL -I/shim/Cryptlib -I/shim/Cryptlib/OpenSSL/Include/ -I/shim/Cryptlib/OpenSSL/crypto -I/shim/Cryptlib/Include -I/shim/gnu-efi/inc -I/shim/gnu-efi/inc/x86_64 -I/shim/gnu-efi/inc/protocol -I/shim/Cryptlib/OpenSSL/crypto/asn1 -I/shim/Cryptlib/OpenSSL/crypto/evp -I/shim/Cryptlib/OpenSSL/crypto/modes -I/shim/Cryptlib/OpenSSL/crypto/include -isystem /shim/include/system -isystem /usr/lib/gcc/x86_64-linux-gnu/14/include -DL_ENDIAN -D_CRT_SECURE_NO_DEPRECATE -D_CRT_NONSTDC_NO_DEPRECATE -DOPENSSL_SMALL_FOOTPRINT -DPEDANTIC -DMDE_CPU_X64   -c -o crypto/evp/bio_ok.o crypto/evp/bio_ok.c
#14 9.960 gcc -std=gnu11 -ggdb -gdwarf-4 -gstrict-dwarf -ffreestanding -fmacro-prefix-map=/shim/= -fno-stack-protector -fno-strict-aliasing -fpic -fshort-wchar -nostdinc -m64 -mno-mmx -mno-sse -mno-red-zone -maccumulate-outgoing-args -Os -Wall -Wextra -Wno-missing-field-initializers -Wno-empty-body -Wno-implicit-fallthrough -Wno-old-style-declaration -Wno-unused-but-set-variable -Wno-unused-parameter -Werror -Wno-error=unused-but-set-variable -Wno-error=unused-parameter -I/shim/Cryptlib/OpenSSL -I/shim/Cryptlib -I/shim/Cryptlib/OpenSSL/Include/ -I/shim/Cryptlib/OpenSSL/crypto -I/shim/Cryptlib/Include -I/shim/gnu-efi/inc -I/shim/gnu-efi/inc/x86_64 -I/shim/gnu-efi/inc/protocol -I/shim/Cryptlib/OpenSSL/crypto/asn1 -I/shim/Cryptlib/OpenSSL/crypto/evp -I/shim/Cryptlib/OpenSSL/crypto/modes -I/shim/Cryptlib/OpenSSL/crypto/include -isystem /shim/include/system -isystem /usr/lib/gcc/x86_64-linux-gnu/14/include -DL_ENDIAN -D_CRT_SECURE_NO_DEPRECATE -D_CRT_NONSTDC_NO_DEPRECATE -DOPENSSL_SMALL_FOOTPRINT -DPEDANTIC -DMDE_CPU_X64   -c -o crypto/evp/evp_pkey.o crypto/evp/evp_pkey.c
#14 9.991 gcc -std=gnu11 -ggdb -gdwarf-4 -gstrict-dwarf -ffreestanding -fmacro-prefix-map=/shim/= -fno-stack-protector -fno-strict-aliasing -fpic -fshort-wchar -nostdinc -m64 -mno-mmx -mno-sse -mno-red-zone -maccumulate-outgoing-args -Os -Wall -Wextra -Wno-missing-field-initializers -Wno-empty-body -Wno-implicit-fallthrough -Wno-old-style-declaration -Wno-unused-but-set-variable -Wno-unused-parameter -Werror -Wno-error=unused-but-set-variable -Wno-error=unused-parameter -I/shim/Cryptlib/OpenSSL -I/shim/Cryptlib -I/shim/Cryptlib/OpenSSL/Include/ -I/shim/Cryptlib/OpenSSL/crypto -I/shim/Cryptlib/Include -I/shim/gnu-efi/inc -I/shim/gnu-efi/inc/x86_64 -I/shim/gnu-efi/inc/protocol -I/shim/Cryptlib/OpenSSL/crypto/asn1 -I/shim/Cryptlib/OpenSSL/crypto/evp -I/shim/Cryptlib/OpenSSL/crypto/modes -I/shim/Cryptlib/OpenSSL/crypto/include -isystem /shim/include/system -isystem /usr/lib/gcc/x86_64-linux-gnu/14/include -DL_ENDIAN -D_CRT_SECURE_NO_DEPRECATE -D_CRT_NONSTDC_NO_DEPRECATE -DOPENSSL_SMALL_FOOTPRINT -DPEDANTIC -DMDE_CPU_X64   -c -o crypto/evp/evp_pbe.o crypto/evp/evp_pbe.c
#14 10.03 gcc -std=gnu11 -ggdb -gdwarf-4 -gstrict-dwarf -ffreestanding -fmacro-prefix-map=/shim/= -fno-stack-protector -fno-strict-aliasing -fpic -fshort-wchar -nostdinc -m64 -mno-mmx -mno-sse -mno-red-zone -maccumulate-outgoing-args -Os -Wall -Wextra -Wno-missing-field-initializers -Wno-empty-body -Wno-implicit-fallthrough -Wno-old-style-declaration -Wno-unused-but-set-variable -Wno-unused-parameter -Werror -Wno-error=unused-but-set-variable -Wno-error=unused-parameter -I/shim/Cryptlib/OpenSSL -I/shim/Cryptlib -I/shim/Cryptlib/OpenSSL/Include/ -I/shim/Cryptlib/OpenSSL/crypto -I/shim/Cryptlib/Include -I/shim/gnu-efi/inc -I/shim/gnu-efi/inc/x86_64 -I/shim/gnu-efi/inc/protocol -I/shim/Cryptlib/OpenSSL/crypto/asn1 -I/shim/Cryptlib/OpenSSL/crypto/evp -I/shim/Cryptlib/OpenSSL/crypto/modes -I/shim/Cryptlib/OpenSSL/crypto/include -isystem /shim/include/system -isystem /usr/lib/gcc/x86_64-linux-gnu/14/include -DL_ENDIAN -D_CRT_SECURE_NO_DEPRECATE -D_CRT_NONSTDC_NO_DEPRECATE -DOPENSSL_SMALL_FOOTPRINT -DPEDANTIC -DMDE_CPU_X64   -c -o crypto/evp/p5_crpt.o crypto/evp/p5_crpt.c
#14 10.04 gcc -std=gnu11 -ggdb -gdwarf-4 -gstrict-dwarf -ffreestanding -fmacro-prefix-map=/shim/= -fno-stack-protector -fno-strict-aliasing -fpic -fshort-wchar -nostdinc -m64 -mno-mmx -mno-sse -mno-red-zone -maccumulate-outgoing-args -Os -Wall -Wextra -Wno-missing-field-initializers -Wno-empty-body -Wno-implicit-fallthrough -Wno-old-style-declaration -Wno-unused-but-set-variable -Wno-unused-parameter -Werror -Wno-error=unused-but-set-variable -Wno-error=unused-parameter -I/shim/Cryptlib/OpenSSL -I/shim/Cryptlib -I/shim/Cryptlib/OpenSSL/Include/ -I/shim/Cryptlib/OpenSSL/crypto -I/shim/Cryptlib/Include -I/shim/gnu-efi/inc -I/shim/gnu-efi/inc/x86_64 -I/shim/gnu-efi/inc/protocol -I/shim/Cryptlib/OpenSSL/crypto/asn1 -I/shim/Cryptlib/OpenSSL/crypto/evp -I/shim/Cryptlib/OpenSSL/crypto/modes -I/shim/Cryptlib/OpenSSL/crypto/include -isystem /shim/include/system -isystem /usr/lib/gcc/x86_64-linux-gnu/14/include -DL_ENDIAN -D_CRT_SECURE_NO_DEPRECATE -D_CRT_NONSTDC_NO_DEPRECATE -DOPENSSL_SMALL_FOOTPRINT -DPEDANTIC -DMDE_CPU_X64   -c -o crypto/evp/p5_crpt2.o crypto/evp/p5_crpt2.c
#14 10.11 gcc -std=gnu11 -ggdb -gdwarf-4 -gstrict-dwarf -ffreestanding -fmacro-prefix-map=/shim/= -fno-stack-protector -fno-strict-aliasing -fpic -fshort-wchar -nostdinc -m64 -mno-mmx -mno-sse -mno-red-zone -maccumulate-outgoing-args -Os -Wall -Wextra -Wno-missing-field-initializers -Wno-empty-body -Wno-implicit-fallthrough -Wno-old-style-declaration -Wno-unused-but-set-variable -Wno-unused-parameter -Werror -Wno-error=unused-but-set-variable -Wno-error=unused-parameter -I/shim/Cryptlib/OpenSSL -I/shim/Cryptlib -I/shim/Cryptlib/OpenSSL/Include/ -I/shim/Cryptlib/OpenSSL/crypto -I/shim/Cryptlib/Include -I/shim/gnu-efi/inc -I/shim/gnu-efi/inc/x86_64 -I/shim/gnu-efi/inc/protocol -I/shim/Cryptlib/OpenSSL/crypto/asn1 -I/shim/Cryptlib/OpenSSL/crypto/evp -I/shim/Cryptlib/OpenSSL/crypto/modes -I/shim/Cryptlib/OpenSSL/crypto/include -isystem /shim/include/system -isystem /usr/lib/gcc/x86_64-linux-gnu/14/include -DL_ENDIAN -D_CRT_SECURE_NO_DEPRECATE -D_CRT_NONSTDC_NO_DEPRECATE -DOPENSSL_SMALL_FOOTPRINT -DPEDANTIC -DMDE_CPU_X64   -c -o crypto/evp/e_old.o crypto/evp/e_old.c
#14 10.12 gcc -std=gnu11 -ggdb -gdwarf-4 -gstrict-dwarf -ffreestanding -fmacro-prefix-map=/shim/= -fno-stack-protector -fno-strict-aliasing -fpic -fshort-wchar -nostdinc -m64 -mno-mmx -mno-sse -mno-red-zone -maccumulate-outgoing-args -Os -Wall -Wextra -Wno-missing-field-initializers -Wno-empty-body -Wno-implicit-fallthrough -Wno-old-style-declaration -Wno-unused-but-set-variable -Wno-unused-parameter -Werror -Wno-error=unused-but-set-variable -Wno-error=unused-parameter -I/shim/Cryptlib/OpenSSL -I/shim/Cryptlib -I/shim/Cryptlib/OpenSSL/Include/ -I/shim/Cryptlib/OpenSSL/crypto -I/shim/Cryptlib/Include -I/shim/gnu-efi/inc -I/shim/gnu-efi/inc/x86_64 -I/shim/gnu-efi/inc/protocol -I/shim/Cryptlib/OpenSSL/crypto/asn1 -I/shim/Cryptlib/OpenSSL/crypto/evp -I/shim/Cryptlib/OpenSSL/crypto/modes -I/shim/Cryptlib/OpenSSL/crypto/include -isystem /shim/include/system -isystem /usr/lib/gcc/x86_64-linux-gnu/14/include -DL_ENDIAN -D_CRT_SECURE_NO_DEPRECATE -D_CRT_NONSTDC_NO_DEPRECATE -DOPENSSL_SMALL_FOOTPRINT -DPEDANTIC -DMDE_CPU_X64   -c -o crypto/evp/pmeth_lib.o crypto/evp/pmeth_lib.c
#14 10.12 gcc -std=gnu11 -ggdb -gdwarf-4 -gstrict-dwarf -ffreestanding -fmacro-prefix-map=/shim/= -fno-stack-protector -fno-strict-aliasing -fpic -fshort-wchar -nostdinc -m64 -mno-mmx -mno-sse -mno-red-zone -maccumulate-outgoing-args -Os -Wall -Wextra -Wno-missing-field-initializers -Wno-empty-body -Wno-implicit-fallthrough -Wno-old-style-declaration -Wno-unused-but-set-variable -Wno-unused-parameter -Werror -Wno-error=unused-but-set-variable -Wno-error=unused-parameter -I/shim/Cryptlib/OpenSSL -I/shim/Cryptlib -I/shim/Cryptlib/OpenSSL/Include/ -I/shim/Cryptlib/OpenSSL/crypto -I/shim/Cryptlib/Include -I/shim/gnu-efi/inc -I/shim/gnu-efi/inc/x86_64 -I/shim/gnu-efi/inc/protocol -I/shim/Cryptlib/OpenSSL/crypto/asn1 -I/shim/Cryptlib/OpenSSL/crypto/evp -I/shim/Cryptlib/OpenSSL/crypto/modes -I/shim/Cryptlib/OpenSSL/crypto/include -isystem /shim/include/system -isystem /usr/lib/gcc/x86_64-linux-gnu/14/include -DL_ENDIAN -D_CRT_SECURE_NO_DEPRECATE -D_CRT_NONSTDC_NO_DEPRECATE -DOPENSSL_SMALL_FOOTPRINT -DPEDANTIC -DMDE_CPU_X64   -c -o crypto/evp/pmeth_fn.o crypto/evp/pmeth_fn.c
#14 10.14 gcc -std=gnu11 -ggdb -gdwarf-4 -gstrict-dwarf -ffreestanding -fmacro-prefix-map=/shim/= -fno-stack-protector -fno-strict-aliasing -fpic -fshort-wchar -nostdinc -m64 -mno-mmx -mno-sse -mno-red-zone -maccumulate-outgoing-args -Os -Wall -Wextra -Wno-missing-field-initializers -Wno-empty-body -Wno-implicit-fallthrough -Wno-old-style-declaration -Wno-unused-but-set-variable -Wno-unused-parameter -Werror -Wno-error=unused-but-set-variable -Wno-error=unused-parameter -I/shim/Cryptlib/OpenSSL -I/shim/Cryptlib -I/shim/Cryptlib/OpenSSL/Include/ -I/shim/Cryptlib/OpenSSL/crypto -I/shim/Cryptlib/Include -I/shim/gnu-efi/inc -I/shim/gnu-efi/inc/x86_64 -I/shim/gnu-efi/inc/protocol -I/shim/Cryptlib/OpenSSL/crypto/asn1 -I/shim/Cryptlib/OpenSSL/crypto/evp -I/shim/Cryptlib/OpenSSL/crypto/modes -I/shim/Cryptlib/OpenSSL/crypto/include -isystem /shim/include/system -isystem /usr/lib/gcc/x86_64-linux-gnu/14/include -DL_ENDIAN -D_CRT_SECURE_NO_DEPRECATE -D_CRT_NONSTDC_NO_DEPRECATE -DOPENSSL_SMALL_FOOTPRINT -DPEDANTIC -DMDE_CPU_X64   -c -o crypto/evp/pmeth_gn.o crypto/evp/pmeth_gn.c
#14 10.18 gcc -std=gnu11 -ggdb -gdwarf-4 -gstrict-dwarf -ffreestanding -fmacro-prefix-map=/shim/= -fno-stack-protector -fno-strict-aliasing -fpic -fshort-wchar -nostdinc -m64 -mno-mmx -mno-sse -mno-red-zone -maccumulate-outgoing-args -Os -Wall -Wextra -Wno-missing-field-initializers -Wno-empty-body -Wno-implicit-fallthrough -Wno-old-style-declaration -Wno-unused-but-set-variable -Wno-unused-parameter -Werror -Wno-error=unused-but-set-variable -Wno-error=unused-parameter -I/shim/Cryptlib/OpenSSL -I/shim/Cryptlib -I/shim/Cryptlib/OpenSSL/Include/ -I/shim/Cryptlib/OpenSSL/crypto -I/shim/Cryptlib/Include -I/shim/gnu-efi/inc -I/shim/gnu-efi/inc/x86_64 -I/shim/gnu-efi/inc/protocol -I/shim/Cryptlib/OpenSSL/crypto/asn1 -I/shim/Cryptlib/OpenSSL/crypto/evp -I/shim/Cryptlib/OpenSSL/crypto/modes -I/shim/Cryptlib/OpenSSL/crypto/include -isystem /shim/include/system -isystem /usr/lib/gcc/x86_64-linux-gnu/14/include -DL_ENDIAN -D_CRT_SECURE_NO_DEPRECATE -D_CRT_NONSTDC_NO_DEPRECATE -DOPENSSL_SMALL_FOOTPRINT -DPEDANTIC -DMDE_CPU_X64   -c -o crypto/evp/m_sigver.o crypto/evp/m_sigver.c
#14 10.22 gcc -std=gnu11 -ggdb -gdwarf-4 -gstrict-dwarf -ffreestanding -fmacro-prefix-map=/shim/= -fno-stack-protector -fno-strict-aliasing -fpic -fshort-wchar -nostdinc -m64 -mno-mmx -mno-sse -mno-red-zone -maccumulate-outgoing-args -Os -Wall -Wextra -Wno-missing-field-initializers -Wno-empty-body -Wno-implicit-fallthrough -Wno-old-style-declaration -Wno-unused-but-set-variable -Wno-unused-parameter -Werror -Wno-error=unused-but-set-variable -Wno-error=unused-parameter -I/shim/Cryptlib/OpenSSL -I/shim/Cryptlib -I/shim/Cryptlib/OpenSSL/Include/ -I/shim/Cryptlib/OpenSSL/crypto -I/shim/Cryptlib/Include -I/shim/gnu-efi/inc -I/shim/gnu-efi/inc/x86_64 -I/shim/gnu-efi/inc/protocol -I/shim/Cryptlib/OpenSSL/crypto/asn1 -I/shim/Cryptlib/OpenSSL/crypto/evp -I/shim/Cryptlib/OpenSSL/crypto/modes -I/shim/Cryptlib/OpenSSL/crypto/include -isystem /shim/include/system -isystem /usr/lib/gcc/x86_64-linux-gnu/14/include -DL_ENDIAN -D_CRT_SECURE_NO_DEPRECATE -D_CRT_NONSTDC_NO_DEPRECATE -DOPENSSL_SMALL_FOOTPRINT -DPEDANTIC -DMDE_CPU_X64   -c -o crypto/evp/e_aes_cbc_hmac_sha1.o crypto/evp/e_aes_cbc_hmac_sha1.c
#14 10.25 gcc -std=gnu11 -ggdb -gdwarf-4 -gstrict-dwarf -ffreestanding -fmacro-prefix-map=/shim/= -fno-stack-protector -fno-strict-aliasing -fpic -fshort-wchar -nostdinc -m64 -mno-mmx -mno-sse -mno-red-zone -maccumulate-outgoing-args -Os -Wall -Wextra -Wno-missing-field-initializers -Wno-empty-body -Wno-implicit-fallthrough -Wno-old-style-declaration -Wno-unused-but-set-variable -Wno-unused-parameter -Werror -Wno-error=unused-but-set-variable -Wno-error=unused-parameter -I/shim/Cryptlib/OpenSSL -I/shim/Cryptlib -I/shim/Cryptlib/OpenSSL/Include/ -I/shim/Cryptlib/OpenSSL/crypto -I/shim/Cryptlib/Include -I/shim/gnu-efi/inc -I/shim/gnu-efi/inc/x86_64 -I/shim/gnu-efi/inc/protocol -I/shim/Cryptlib/OpenSSL/crypto/asn1 -I/shim/Cryptlib/OpenSSL/crypto/evp -I/shim/Cryptlib/OpenSSL/crypto/modes -I/shim/Cryptlib/OpenSSL/crypto/include -isystem /shim/include/system -isystem /usr/lib/gcc/x86_64-linux-gnu/14/include -DL_ENDIAN -D_CRT_SECURE_NO_DEPRECATE -D_CRT_NONSTDC_NO_DEPRECATE -DOPENSSL_SMALL_FOOTPRINT -DPEDANTIC -DMDE_CPU_X64   -c -o crypto/evp/e_aes_cbc_hmac_sha256.o crypto/evp/e_aes_cbc_hmac_sha256.c
#14 10.30 gcc -std=gnu11 -ggdb -gdwarf-4 -gstrict-dwarf -ffreestanding -fmacro-prefix-map=/shim/= -fno-stack-protector -fno-strict-aliasing -fpic -fshort-wchar -nostdinc -m64 -mno-mmx -mno-sse -mno-red-zone -maccumulate-outgoing-args -Os -Wall -Wextra -Wno-missing-field-initializers -Wno-empty-body -Wno-implicit-fallthrough -Wno-old-style-declaration -Wno-unused-but-set-variable -Wno-unused-parameter -Werror -Wno-error=unused-but-set-variable -Wno-error=unused-parameter -I/shim/Cryptlib/OpenSSL -I/shim/Cryptlib -I/shim/Cryptlib/OpenSSL/Include/ -I/shim/Cryptlib/OpenSSL/crypto -I/shim/Cryptlib/Include -I/shim/gnu-efi/inc -I/shim/gnu-efi/inc/x86_64 -I/shim/gnu-efi/inc/protocol -I/shim/Cryptlib/OpenSSL/crypto/asn1 -I/shim/Cryptlib/OpenSSL/crypto/evp -I/shim/Cryptlib/OpenSSL/crypto/modes -I/shim/Cryptlib/OpenSSL/crypto/include -isystem /shim/include/system -isystem /usr/lib/gcc/x86_64-linux-gnu/14/include -DL_ENDIAN -D_CRT_SECURE_NO_DEPRECATE -D_CRT_NONSTDC_NO_DEPRECATE -DOPENSSL_SMALL_FOOTPRINT -DPEDANTIC -DMDE_CPU_X64   -c -o crypto/evp/e_rc4_hmac_md5.o crypto/evp/e_rc4_hmac_md5.c
#14 10.31 gcc -std=gnu11 -ggdb -gdwarf-4 -gstrict-dwarf -ffreestanding -fmacro-prefix-map=/shim/= -fno-stack-protector -fno-strict-aliasing -fpic -fshort-wchar -nostdinc -m64 -mno-mmx -mno-sse -mno-red-zone -maccumulate-outgoing-args -Os -Wall -Wextra -Wno-missing-field-initializers -Wno-empty-body -Wno-implicit-fallthrough -Wno-old-style-declaration -Wno-unused-but-set-variable -Wno-unused-parameter -Werror -Wno-error=unused-but-set-variable -Wno-error=unused-parameter -I/shim/Cryptlib/OpenSSL -I/shim/Cryptlib -I/shim/Cryptlib/OpenSSL/Include/ -I/shim/Cryptlib/OpenSSL/crypto -I/shim/Cryptlib/Include -I/shim/gnu-efi/inc -I/shim/gnu-efi/inc/x86_64 -I/shim/gnu-efi/inc/protocol -I/shim/Cryptlib/OpenSSL/crypto/asn1 -I/shim/Cryptlib/OpenSSL/crypto/evp -I/shim/Cryptlib/OpenSSL/crypto/modes -I/shim/Cryptlib/OpenSSL/crypto/include -isystem /shim/include/system -isystem /usr/lib/gcc/x86_64-linux-gnu/14/include -DL_ENDIAN -D_CRT_SECURE_NO_DEPRECATE -D_CRT_NONSTDC_NO_DEPRECATE -DOPENSSL_SMALL_FOOTPRINT -DPEDANTIC -DMDE_CPU_X64   -c -o crypto/asn1/a_object.o crypto/asn1/a_object.c
#14 10.32 gcc -std=gnu11 -ggdb -gdwarf-4 -gstrict-dwarf -ffreestanding -fmacro-prefix-map=/shim/= -fno-stack-protector -fno-strict-aliasing -fpic -fshort-wchar -nostdinc -m64 -mno-mmx -mno-sse -mno-red-zone -maccumulate-outgoing-args -Os -Wall -Wextra -Wno-missing-field-initializers -Wno-empty-body -Wno-implicit-fallthrough -Wno-old-style-declaration -Wno-unused-but-set-variable -Wno-unused-parameter -Werror -Wno-error=unused-but-set-variable -Wno-error=unused-parameter -I/shim/Cryptlib/OpenSSL -I/shim/Cryptlib -I/shim/Cryptlib/OpenSSL/Include/ -I/shim/Cryptlib/OpenSSL/crypto -I/shim/Cryptlib/Include -I/shim/gnu-efi/inc -I/shim/gnu-efi/inc/x86_64 -I/shim/gnu-efi/inc/protocol -I/shim/Cryptlib/OpenSSL/crypto/asn1 -I/shim/Cryptlib/OpenSSL/crypto/evp -I/shim/Cryptlib/OpenSSL/crypto/modes -I/shim/Cryptlib/OpenSSL/crypto/include -isystem /shim/include/system -isystem /usr/lib/gcc/x86_64-linux-gnu/14/include -DL_ENDIAN -D_CRT_SECURE_NO_DEPRECATE -D_CRT_NONSTDC_NO_DEPRECATE -DOPENSSL_SMALL_FOOTPRINT -DPEDANTIC -DMDE_CPU_X64   -c -o crypto/asn1/a_bitstr.o crypto/asn1/a_bitstr.c
#14 10.35 gcc -std=gnu11 -ggdb -gdwarf-4 -gstrict-dwarf -ffreestanding -fmacro-prefix-map=/shim/= -fno-stack-protector -fno-strict-aliasing -fpic -fshort-wchar -nostdinc -m64 -mno-mmx -mno-sse -mno-red-zone -maccumulate-outgoing-args -Os -Wall -Wextra -Wno-missing-field-initializers -Wno-empty-body -Wno-implicit-fallthrough -Wno-old-style-declaration -Wno-unused-but-set-variable -Wno-unused-parameter -Werror -Wno-error=unused-but-set-variable -Wno-error=unused-parameter -I/shim/Cryptlib/OpenSSL -I/shim/Cryptlib -I/shim/Cryptlib/OpenSSL/Include/ -I/shim/Cryptlib/OpenSSL/crypto -I/shim/Cryptlib/Include -I/shim/gnu-efi/inc -I/shim/gnu-efi/inc/x86_64 -I/shim/gnu-efi/inc/protocol -I/shim/Cryptlib/OpenSSL/crypto/asn1 -I/shim/Cryptlib/OpenSSL/crypto/evp -I/shim/Cryptlib/OpenSSL/crypto/modes -I/shim/Cryptlib/OpenSSL/crypto/include -isystem /shim/include/system -isystem /usr/lib/gcc/x86_64-linux-gnu/14/include -DL_ENDIAN -D_CRT_SECURE_NO_DEPRECATE -D_CRT_NONSTDC_NO_DEPRECATE -DOPENSSL_SMALL_FOOTPRINT -DPEDANTIC -DMDE_CPU_X64   -c -o crypto/asn1/a_utctm.o crypto/asn1/a_utctm.c
#14 10.41 gcc -std=gnu11 -ggdb -gdwarf-4 -gstrict-dwarf -ffreestanding -fmacro-prefix-map=/shim/= -fno-stack-protector -fno-strict-aliasing -fpic -fshort-wchar -nostdinc -m64 -mno-mmx -mno-sse -mno-red-zone -maccumulate-outgoing-args -Os -Wall -Wextra -Wno-missing-field-initializers -Wno-empty-body -Wno-implicit-fallthrough -Wno-old-style-declaration -Wno-unused-but-set-variable -Wno-unused-parameter -Werror -Wno-error=unused-but-set-variable -Wno-error=unused-parameter -I/shim/Cryptlib/OpenSSL -I/shim/Cryptlib -I/shim/Cryptlib/OpenSSL/Include/ -I/shim/Cryptlib/OpenSSL/crypto -I/shim/Cryptlib/Include -I/shim/gnu-efi/inc -I/shim/gnu-efi/inc/x86_64 -I/shim/gnu-efi/inc/protocol -I/shim/Cryptlib/OpenSSL/crypto/asn1 -I/shim/Cryptlib/OpenSSL/crypto/evp -I/shim/Cryptlib/OpenSSL/crypto/modes -I/shim/Cryptlib/OpenSSL/crypto/include -isystem /shim/include/system -isystem /usr/lib/gcc/x86_64-linux-gnu/14/include -DL_ENDIAN -D_CRT_SECURE_NO_DEPRECATE -D_CRT_NONSTDC_NO_DEPRECATE -DOPENSSL_SMALL_FOOTPRINT -DPEDANTIC -DMDE_CPU_X64   -c -o crypto/asn1/a_gentm.o crypto/asn1/a_gentm.c
#14 10.44 gcc -std=gnu11 -ggdb -gdwarf-4 -gstrict-dwarf -ffreestanding -fmacro-prefix-map=/shim/= -fno-stack-protector -fno-strict-aliasing -fpic -fshort-wchar -nostdinc -m64 -mno-mmx -mno-sse -mno-red-zone -maccumulate-outgoing-args -Os -Wall -Wextra -Wno-missing-field-initializers -Wno-empty-body -Wno-implicit-fallthrough -Wno-old-style-declaration -Wno-unused-but-set-variable -Wno-unused-parameter -Werror -Wno-error=unused-but-set-variable -Wno-error=unused-parameter -I/shim/Cryptlib/OpenSSL -I/shim/Cryptlib -I/shim/Cryptlib/OpenSSL/Include/ -I/shim/Cryptlib/OpenSSL/crypto -I/shim/Cryptlib/Include -I/shim/gnu-efi/inc -I/shim/gnu-efi/inc/x86_64 -I/shim/gnu-efi/inc/protocol -I/shim/Cryptlib/OpenSSL/crypto/asn1 -I/shim/Cryptlib/OpenSSL/crypto/evp -I/shim/Cryptlib/OpenSSL/crypto/modes -I/shim/Cryptlib/OpenSSL/crypto/include -isystem /shim/include/system -isystem /usr/lib/gcc/x86_64-linux-gnu/14/include -DL_ENDIAN -D_CRT_SECURE_NO_DEPRECATE -D_CRT_NONSTDC_NO_DEPRECATE -DOPENSSL_SMALL_FOOTPRINT -DPEDANTIC -DMDE_CPU_X64   -c -o crypto/asn1/a_time.o crypto/asn1/a_time.c
#14 10.47 gcc -std=gnu11 -ggdb -gdwarf-4 -gstrict-dwarf -ffreestanding -fmacro-prefix-map=/shim/= -fno-stack-protector -fno-strict-aliasing -fpic -fshort-wchar -nostdinc -m64 -mno-mmx -mno-sse -mno-red-zone -maccumulate-outgoing-args -Os -Wall -Wextra -Wno-missing-field-initializers -Wno-empty-body -Wno-implicit-fallthrough -Wno-old-style-declaration -Wno-unused-but-set-variable -Wno-unused-parameter -Werror -Wno-error=unused-but-set-variable -Wno-error=unused-parameter -I/shim/Cryptlib/OpenSSL -I/shim/Cryptlib -I/shim/Cryptlib/OpenSSL/Include/ -I/shim/Cryptlib/OpenSSL/crypto -I/shim/Cryptlib/Include -I/shim/gnu-efi/inc -I/shim/gnu-efi/inc/x86_64 -I/shim/gnu-efi/inc/protocol -I/shim/Cryptlib/OpenSSL/crypto/asn1 -I/shim/Cryptlib/OpenSSL/crypto/evp -I/shim/Cryptlib/OpenSSL/crypto/modes -I/shim/Cryptlib/OpenSSL/crypto/include -isystem /shim/include/system -isystem /usr/lib/gcc/x86_64-linux-gnu/14/include -DL_ENDIAN -D_CRT_SECURE_NO_DEPRECATE -D_CRT_NONSTDC_NO_DEPRECATE -DOPENSSL_SMALL_FOOTPRINT -DPEDANTIC -DMDE_CPU_X64   -c -o crypto/asn1/a_int.o crypto/asn1/a_int.c
#14 10.53 gcc -std=gnu11 -ggdb -gdwarf-4 -gstrict-dwarf -ffreestanding -fmacro-prefix-map=/shim/= -fno-stack-protector -fno-strict-aliasing -fpic -fshort-wchar -nostdinc -m64 -mno-mmx -mno-sse -mno-red-zone -maccumulate-outgoing-args -Os -Wall -Wextra -Wno-missing-field-initializers -Wno-empty-body -Wno-implicit-fallthrough -Wno-old-style-declaration -Wno-unused-but-set-variable -Wno-unused-parameter -Werror -Wno-error=unused-but-set-variable -Wno-error=unused-parameter -I/shim/Cryptlib/OpenSSL -I/shim/Cryptlib -I/shim/Cryptlib/OpenSSL/Include/ -I/shim/Cryptlib/OpenSSL/crypto -I/shim/Cryptlib/Include -I/shim/gnu-efi/inc -I/shim/gnu-efi/inc/x86_64 -I/shim/gnu-efi/inc/protocol -I/shim/Cryptlib/OpenSSL/crypto/asn1 -I/shim/Cryptlib/OpenSSL/crypto/evp -I/shim/Cryptlib/OpenSSL/crypto/modes -I/shim/Cryptlib/OpenSSL/crypto/include -isystem /shim/include/system -isystem /usr/lib/gcc/x86_64-linux-gnu/14/include -DL_ENDIAN -D_CRT_SECURE_NO_DEPRECATE -D_CRT_NONSTDC_NO_DEPRECATE -DOPENSSL_SMALL_FOOTPRINT -DPEDANTIC -DMDE_CPU_X64   -c -o crypto/asn1/a_octet.o crypto/asn1/a_octet.c
#14 10.53 gcc -std=gnu11 -ggdb -gdwarf-4 -gstrict-dwarf -ffreestanding -fmacro-prefix-map=/shim/= -fno-stack-protector -fno-strict-aliasing -fpic -fshort-wchar -nostdinc -m64 -mno-mmx -mno-sse -mno-red-zone -maccumulate-outgoing-args -Os -Wall -Wextra -Wno-missing-field-initializers -Wno-empty-body -Wno-implicit-fallthrough -Wno-old-style-declaration -Wno-unused-but-set-variable -Wno-unused-parameter -Werror -Wno-error=unused-but-set-variable -Wno-error=unused-parameter -I/shim/Cryptlib/OpenSSL -I/shim/Cryptlib -I/shim/Cryptlib/OpenSSL/Include/ -I/shim/Cryptlib/OpenSSL/crypto -I/shim/Cryptlib/Include -I/shim/gnu-efi/inc -I/shim/gnu-efi/inc/x86_64 -I/shim/gnu-efi/inc/protocol -I/shim/Cryptlib/OpenSSL/crypto/asn1 -I/shim/Cryptlib/OpenSSL/crypto/evp -I/shim/Cryptlib/OpenSSL/crypto/modes -I/shim/Cryptlib/OpenSSL/crypto/include -isystem /shim/include/system -isystem /usr/lib/gcc/x86_64-linux-gnu/14/include -DL_ENDIAN -D_CRT_SECURE_NO_DEPRECATE -D_CRT_NONSTDC_NO_DEPRECATE -DOPENSSL_SMALL_FOOTPRINT -DPEDANTIC -DMDE_CPU_X64   -c -o crypto/asn1/a_print.o crypto/asn1/a_print.c
#14 10.56 gcc -std=gnu11 -ggdb -gdwarf-4 -gstrict-dwarf -ffreestanding -fmacro-prefix-map=/shim/= -fno-stack-protector -fno-strict-aliasing -fpic -fshort-wchar -nostdinc -m64 -mno-mmx -mno-sse -mno-red-zone -maccumulate-outgoing-args -Os -Wall -Wextra -Wno-missing-field-initializers -Wno-empty-body -Wno-implicit-fallthrough -Wno-old-style-declaration -Wno-unused-but-set-variable -Wno-unused-parameter -Werror -Wno-error=unused-but-set-variable -Wno-error=unused-parameter -I/shim/Cryptlib/OpenSSL -I/shim/Cryptlib -I/shim/Cryptlib/OpenSSL/Include/ -I/shim/Cryptlib/OpenSSL/crypto -I/shim/Cryptlib/Include -I/shim/gnu-efi/inc -I/shim/gnu-efi/inc/x86_64 -I/shim/gnu-efi/inc/protocol -I/shim/Cryptlib/OpenSSL/crypto/asn1 -I/shim/Cryptlib/OpenSSL/crypto/evp -I/shim/Cryptlib/OpenSSL/crypto/modes -I/shim/Cryptlib/OpenSSL/crypto/include -isystem /shim/include/system -isystem /usr/lib/gcc/x86_64-linux-gnu/14/include -DL_ENDIAN -D_CRT_SECURE_NO_DEPRECATE -D_CRT_NONSTDC_NO_DEPRECATE -DOPENSSL_SMALL_FOOTPRINT -DPEDANTIC -DMDE_CPU_X64   -c -o crypto/asn1/a_type.o crypto/asn1/a_type.c
#14 10.59 gcc -std=gnu11 -ggdb -gdwarf-4 -gstrict-dwarf -ffreestanding -fmacro-prefix-map=/shim/= -fno-stack-protector -fno-strict-aliasing -fpic -fshort-wchar -nostdinc -m64 -mno-mmx -mno-sse -mno-red-zone -maccumulate-outgoing-args -Os -Wall -Wextra -Wno-missing-field-initializers -Wno-empty-body -Wno-implicit-fallthrough -Wno-old-style-declaration -Wno-unused-but-set-variable -Wno-unused-parameter -Werror -Wno-error=unused-but-set-variable -Wno-error=unused-parameter -I/shim/Cryptlib/OpenSSL -I/shim/Cryptlib -I/shim/Cryptlib/OpenSSL/Include/ -I/shim/Cryptlib/OpenSSL/crypto -I/shim/Cryptlib/Include -I/shim/gnu-efi/inc -I/shim/gnu-efi/inc/x86_64 -I/shim/gnu-efi/inc/protocol -I/shim/Cryptlib/OpenSSL/crypto/asn1 -I/shim/Cryptlib/OpenSSL/crypto/evp -I/shim/Cryptlib/OpenSSL/crypto/modes -I/shim/Cryptlib/OpenSSL/crypto/include -isystem /shim/include/system -isystem /usr/lib/gcc/x86_64-linux-gnu/14/include -DL_ENDIAN -D_CRT_SECURE_NO_DEPRECATE -D_CRT_NONSTDC_NO_DEPRECATE -DOPENSSL_SMALL_FOOTPRINT -DPEDANTIC -DMDE_CPU_X64   -c -o crypto/asn1/a_set.o crypto/asn1/a_set.c
#14 10.63 gcc -std=gnu11 -ggdb -gdwarf-4 -gstrict-dwarf -ffreestanding -fmacro-prefix-map=/shim/= -fno-stack-protector -fno-strict-aliasing -fpic -fshort-wchar -nostdinc -m64 -mno-mmx -mno-sse -mno-red-zone -maccumulate-outgoing-args -Os -Wall -Wextra -Wno-missing-field-initializers -Wno-empty-body -Wno-implicit-fallthrough -Wno-old-style-declaration -Wno-unused-but-set-variable -Wno-unused-parameter -Werror -Wno-error=unused-but-set-variable -Wno-error=unused-parameter -I/shim/Cryptlib/OpenSSL -I/shim/Cryptlib -I/shim/Cryptlib/OpenSSL/Include/ -I/shim/Cryptlib/OpenSSL/crypto -I/shim/Cryptlib/Include -I/shim/gnu-efi/inc -I/shim/gnu-efi/inc/x86_64 -I/shim/gnu-efi/inc/protocol -I/shim/Cryptlib/OpenSSL/crypto/asn1 -I/shim/Cryptlib/OpenSSL/crypto/evp -I/shim/Cryptlib/OpenSSL/crypto/modes -I/shim/Cryptlib/OpenSSL/crypto/include -isystem /shim/include/system -isystem /usr/lib/gcc/x86_64-linux-gnu/14/include -DL_ENDIAN -D_CRT_SECURE_NO_DEPRECATE -D_CRT_NONSTDC_NO_DEPRECATE -DOPENSSL_SMALL_FOOTPRINT -DPEDANTIC -DMDE_CPU_X64   -c -o crypto/asn1/a_dup.o crypto/asn1/a_dup.c
#14 10.65 gcc -std=gnu11 -ggdb -gdwarf-4 -gstrict-dwarf -ffreestanding -fmacro-prefix-map=/shim/= -fno-stack-protector -fno-strict-aliasing -fpic -fshort-wchar -nostdinc -m64 -mno-mmx -mno-sse -mno-red-zone -maccumulate-outgoing-args -Os -Wall -Wextra -Wno-missing-field-initializers -Wno-empty-body -Wno-implicit-fallthrough -Wno-old-style-declaration -Wno-unused-but-set-variable -Wno-unused-parameter -Werror -Wno-error=unused-but-set-variable -Wno-error=unused-parameter -I/shim/Cryptlib/OpenSSL -I/shim/Cryptlib -I/shim/Cryptlib/OpenSSL/Include/ -I/shim/Cryptlib/OpenSSL/crypto -I/shim/Cryptlib/Include -I/shim/gnu-efi/inc -I/shim/gnu-efi/inc/x86_64 -I/shim/gnu-efi/inc/protocol -I/shim/Cryptlib/OpenSSL/crypto/asn1 -I/shim/Cryptlib/OpenSSL/crypto/evp -I/shim/Cryptlib/OpenSSL/crypto/modes -I/shim/Cryptlib/OpenSSL/crypto/include -isystem /shim/include/system -isystem /usr/lib/gcc/x86_64-linux-gnu/14/include -DL_ENDIAN -D_CRT_SECURE_NO_DEPRECATE -D_CRT_NONSTDC_NO_DEPRECATE -DOPENSSL_SMALL_FOOTPRINT -DPEDANTIC -DMDE_CPU_X64   -c -o crypto/asn1/a_d2i_fp.o crypto/asn1/a_d2i_fp.c
#14 10.65 gcc -std=gnu11 -ggdb -gdwarf-4 -gstrict-dwarf -ffreestanding -fmacro-prefix-map=/shim/= -fno-stack-protector -fno-strict-aliasing -fpic -fshort-wchar -nostdinc -m64 -mno-mmx -mno-sse -mno-red-zone -maccumulate-outgoing-args -Os -Wall -Wextra -Wno-missing-field-initializers -Wno-empty-body -Wno-implicit-fallthrough -Wno-old-style-declaration -Wno-unused-but-set-variable -Wno-unused-parameter -Werror -Wno-error=unused-but-set-variable -Wno-error=unused-parameter -I/shim/Cryptlib/OpenSSL -I/shim/Cryptlib -I/shim/Cryptlib/OpenSSL/Include/ -I/shim/Cryptlib/OpenSSL/crypto -I/shim/Cryptlib/Include -I/shim/gnu-efi/inc -I/shim/gnu-efi/inc/x86_64 -I/shim/gnu-efi/inc/protocol -I/shim/Cryptlib/OpenSSL/crypto/asn1 -I/shim/Cryptlib/OpenSSL/crypto/evp -I/shim/Cryptlib/OpenSSL/crypto/modes -I/shim/Cryptlib/OpenSSL/crypto/include -isystem /shim/include/system -isystem /usr/lib/gcc/x86_64-linux-gnu/14/include -DL_ENDIAN -D_CRT_SECURE_NO_DEPRECATE -D_CRT_NONSTDC_NO_DEPRECATE -DOPENSSL_SMALL_FOOTPRINT -DPEDANTIC -DMDE_CPU_X64   -c -o crypto/asn1/a_i2d_fp.o crypto/asn1/a_i2d_fp.c
#14 10.68 gcc -std=gnu11 -ggdb -gdwarf-4 -gstrict-dwarf -ffreestanding -fmacro-prefix-map=/shim/= -fno-stack-protector -fno-strict-aliasing -fpic -fshort-wchar -nostdinc -m64 -mno-mmx -mno-sse -mno-red-zone -maccumulate-outgoing-args -Os -Wall -Wextra -Wno-missing-field-initializers -Wno-empty-body -Wno-implicit-fallthrough -Wno-old-style-declaration -Wno-unused-but-set-variable -Wno-unused-parameter -Werror -Wno-error=unused-but-set-variable -Wno-error=unused-parameter -I/shim/Cryptlib/OpenSSL -I/shim/Cryptlib -I/shim/Cryptlib/OpenSSL/Include/ -I/shim/Cryptlib/OpenSSL/crypto -I/shim/Cryptlib/Include -I/shim/gnu-efi/inc -I/shim/gnu-efi/inc/x86_64 -I/shim/gnu-efi/inc/protocol -I/shim/Cryptlib/OpenSSL/crypto/asn1 -I/shim/Cryptlib/OpenSSL/crypto/evp -I/shim/Cryptlib/OpenSSL/crypto/modes -I/shim/Cryptlib/OpenSSL/crypto/include -isystem /shim/include/system -isystem /usr/lib/gcc/x86_64-linux-gnu/14/include -DL_ENDIAN -D_CRT_SECURE_NO_DEPRECATE -D_CRT_NONSTDC_NO_DEPRECATE -DOPENSSL_SMALL_FOOTPRINT -DPEDANTIC -DMDE_CPU_X64   -c -o crypto/asn1/a_enum.o crypto/asn1/a_enum.c
#14 10.70 gcc -std=gnu11 -ggdb -gdwarf-4 -gstrict-dwarf -ffreestanding -fmacro-prefix-map=/shim/= -fno-stack-protector -fno-strict-aliasing -fpic -fshort-wchar -nostdinc -m64 -mno-mmx -mno-sse -mno-red-zone -maccumulate-outgoing-args -Os -Wall -Wextra -Wno-missing-field-initializers -Wno-empty-body -Wno-implicit-fallthrough -Wno-old-style-declaration -Wno-unused-but-set-variable -Wno-unused-parameter -Werror -Wno-error=unused-but-set-variable -Wno-error=unused-parameter -I/shim/Cryptlib/OpenSSL -I/shim/Cryptlib -I/shim/Cryptlib/OpenSSL/Include/ -I/shim/Cryptlib/OpenSSL/crypto -I/shim/Cryptlib/Include -I/shim/gnu-efi/inc -I/shim/gnu-efi/inc/x86_64 -I/shim/gnu-efi/inc/protocol -I/shim/Cryptlib/OpenSSL/crypto/asn1 -I/shim/Cryptlib/OpenSSL/crypto/evp -I/shim/Cryptlib/OpenSSL/crypto/modes -I/shim/Cryptlib/OpenSSL/crypto/include -isystem /shim/include/system -isystem /usr/lib/gcc/x86_64-linux-gnu/14/include -DL_ENDIAN -D_CRT_SECURE_NO_DEPRECATE -D_CRT_NONSTDC_NO_DEPRECATE -DOPENSSL_SMALL_FOOTPRINT -DPEDANTIC -DMDE_CPU_X64   -c -o crypto/asn1/a_utf8.o crypto/asn1/a_utf8.c
#14 10.71 gcc -std=gnu11 -ggdb -gdwarf-4 -gstrict-dwarf -ffreestanding -fmacro-prefix-map=/shim/= -fno-stack-protector -fno-strict-aliasing -fpic -fshort-wchar -nostdinc -m64 -mno-mmx -mno-sse -mno-red-zone -maccumulate-outgoing-args -Os -Wall -Wextra -Wno-missing-field-initializers -Wno-empty-body -Wno-implicit-fallthrough -Wno-old-style-declaration -Wno-unused-but-set-variable -Wno-unused-parameter -Werror -Wno-error=unused-but-set-variable -Wno-error=unused-parameter -I/shim/Cryptlib/OpenSSL -I/shim/Cryptlib -I/shim/Cryptlib/OpenSSL/Include/ -I/shim/Cryptlib/OpenSSL/crypto -I/shim/Cryptlib/Include -I/shim/gnu-efi/inc -I/shim/gnu-efi/inc/x86_64 -I/shim/gnu-efi/inc/protocol -I/shim/Cryptlib/OpenSSL/crypto/asn1 -I/shim/Cryptlib/OpenSSL/crypto/evp -I/shim/Cryptlib/OpenSSL/crypto/modes -I/shim/Cryptlib/OpenSSL/crypto/include -isystem /shim/include/system -isystem /usr/lib/gcc/x86_64-linux-gnu/14/include -DL_ENDIAN -D_CRT_SECURE_NO_DEPRECATE -D_CRT_NONSTDC_NO_DEPRECATE -DOPENSSL_SMALL_FOOTPRINT -DPEDANTIC -DMDE_CPU_X64   -c -o crypto/asn1/a_sign.o crypto/asn1/a_sign.c
#14 10.75 gcc -std=gnu11 -ggdb -gdwarf-4 -gstrict-dwarf -ffreestanding -fmacro-prefix-map=/shim/= -fno-stack-protector -fno-strict-aliasing -fpic -fshort-wchar -nostdinc -m64 -mno-mmx -mno-sse -mno-red-zone -maccumulate-outgoing-args -Os -Wall -Wextra -Wno-missing-field-initializers -Wno-empty-body -Wno-implicit-fallthrough -Wno-old-style-declaration -Wno-unused-but-set-variable -Wno-unused-parameter -Werror -Wno-error=unused-but-set-variable -Wno-error=unused-parameter -I/shim/Cryptlib/OpenSSL -I/shim/Cryptlib -I/shim/Cryptlib/OpenSSL/Include/ -I/shim/Cryptlib/OpenSSL/crypto -I/shim/Cryptlib/Include -I/shim/gnu-efi/inc -I/shim/gnu-efi/inc/x86_64 -I/shim/gnu-efi/inc/protocol -I/shim/Cryptlib/OpenSSL/crypto/asn1 -I/shim/Cryptlib/OpenSSL/crypto/evp -I/shim/Cryptlib/OpenSSL/crypto/modes -I/shim/Cryptlib/OpenSSL/crypto/include -isystem /shim/include/system -isystem /usr/lib/gcc/x86_64-linux-gnu/14/include -DL_ENDIAN -D_CRT_SECURE_NO_DEPRECATE -D_CRT_NONSTDC_NO_DEPRECATE -DOPENSSL_SMALL_FOOTPRINT -DPEDANTIC -DMDE_CPU_X64   -c -o crypto/asn1/a_digest.o crypto/asn1/a_digest.c
#14 10.76 gcc -std=gnu11 -ggdb -gdwarf-4 -gstrict-dwarf -ffreestanding -fmacro-prefix-map=/shim/= -fno-stack-protector -fno-strict-aliasing -fpic -fshort-wchar -nostdinc -m64 -mno-mmx -mno-sse -mno-red-zone -maccumulate-outgoing-args -Os -Wall -Wextra -Wno-missing-field-initializers -Wno-empty-body -Wno-implicit-fallthrough -Wno-old-style-declaration -Wno-unused-but-set-variable -Wno-unused-parameter -Werror -Wno-error=unused-but-set-variable -Wno-error=unused-parameter -I/shim/Cryptlib/OpenSSL -I/shim/Cryptlib -I/shim/Cryptlib/OpenSSL/Include/ -I/shim/Cryptlib/OpenSSL/crypto -I/shim/Cryptlib/Include -I/shim/gnu-efi/inc -I/shim/gnu-efi/inc/x86_64 -I/shim/gnu-efi/inc/protocol -I/shim/Cryptlib/OpenSSL/crypto/asn1 -I/shim/Cryptlib/OpenSSL/crypto/evp -I/shim/Cryptlib/OpenSSL/crypto/modes -I/shim/Cryptlib/OpenSSL/crypto/include -isystem /shim/include/system -isystem /usr/lib/gcc/x86_64-linux-gnu/14/include -DL_ENDIAN -D_CRT_SECURE_NO_DEPRECATE -D_CRT_NONSTDC_NO_DEPRECATE -DOPENSSL_SMALL_FOOTPRINT -DPEDANTIC -DMDE_CPU_X64   -c -o crypto/asn1/a_verify.o crypto/asn1/a_verify.c
#14 10.79 gcc -std=gnu11 -ggdb -gdwarf-4 -gstrict-dwarf -ffreestanding -fmacro-prefix-map=/shim/= -fno-stack-protector -fno-strict-aliasing -fpic -fshort-wchar -nostdinc -m64 -mno-mmx -mno-sse -mno-red-zone -maccumulate-outgoing-args -Os -Wall -Wextra -Wno-missing-field-initializers -Wno-empty-body -Wno-implicit-fallthrough -Wno-old-style-declaration -Wno-unused-but-set-variable -Wno-unused-parameter -Werror -Wno-error=unused-but-set-variable -Wno-error=unused-parameter -I/shim/Cryptlib/OpenSSL -I/shim/Cryptlib -I/shim/Cryptlib/OpenSSL/Include/ -I/shim/Cryptlib/OpenSSL/crypto -I/shim/Cryptlib/Include -I/shim/gnu-efi/inc -I/shim/gnu-efi/inc/x86_64 -I/shim/gnu-efi/inc/protocol -I/shim/Cryptlib/OpenSSL/crypto/asn1 -I/shim/Cryptlib/OpenSSL/crypto/evp -I/shim/Cryptlib/OpenSSL/crypto/modes -I/shim/Cryptlib/OpenSSL/crypto/include -isystem /shim/include/system -isystem /usr/lib/gcc/x86_64-linux-gnu/14/include -DL_ENDIAN -D_CRT_SECURE_NO_DEPRECATE -D_CRT_NONSTDC_NO_DEPRECATE -DOPENSSL_SMALL_FOOTPRINT -DPEDANTIC -DMDE_CPU_X64   -c -o crypto/asn1/a_mbstr.o crypto/asn1/a_mbstr.c
#14 10.81 gcc -std=gnu11 -ggdb -gdwarf-4 -gstrict-dwarf -ffreestanding -fmacro-prefix-map=/shim/= -fno-stack-protector -fno-strict-aliasing -fpic -fshort-wchar -nostdinc -m64 -mno-mmx -mno-sse -mno-red-zone -maccumulate-outgoing-args -Os -Wall -Wextra -Wno-missing-field-initializers -Wno-empty-body -Wno-implicit-fallthrough -Wno-old-style-declaration -Wno-unused-but-set-variable -Wno-unused-parameter -Werror -Wno-error=unused-but-set-variable -Wno-error=unused-parameter -I/shim/Cryptlib/OpenSSL -I/shim/Cryptlib -I/shim/Cryptlib/OpenSSL/Include/ -I/shim/Cryptlib/OpenSSL/crypto -I/shim/Cryptlib/Include -I/shim/gnu-efi/inc -I/shim/gnu-efi/inc/x86_64 -I/shim/gnu-efi/inc/protocol -I/shim/Cryptlib/OpenSSL/crypto/asn1 -I/shim/Cryptlib/OpenSSL/crypto/evp -I/shim/Cryptlib/OpenSSL/crypto/modes -I/shim/Cryptlib/OpenSSL/crypto/include -isystem /shim/include/system -isystem /usr/lib/gcc/x86_64-linux-gnu/14/include -DL_ENDIAN -D_CRT_SECURE_NO_DEPRECATE -D_CRT_NONSTDC_NO_DEPRECATE -DOPENSSL_SMALL_FOOTPRINT -DPEDANTIC -DMDE_CPU_X64   -c -o crypto/asn1/a_strex.o crypto/asn1/a_strex.c
#14 10.83 gcc -std=gnu11 -ggdb -gdwarf-4 -gstrict-dwarf -ffreestanding -fmacro-prefix-map=/shim/= -fno-stack-protector -fno-strict-aliasing -fpic -fshort-wchar -nostdinc -m64 -mno-mmx -mno-sse -mno-red-zone -maccumulate-outgoing-args -Os -Wall -Wextra -Wno-missing-field-initializers -Wno-empty-body -Wno-implicit-fallthrough -Wno-old-style-declaration -Wno-unused-but-set-variable -Wno-unused-parameter -Werror -Wno-error=unused-but-set-variable -Wno-error=unused-parameter -I/shim/Cryptlib/OpenSSL -I/shim/Cryptlib -I/shim/Cryptlib/OpenSSL/Include/ -I/shim/Cryptlib/OpenSSL/crypto -I/shim/Cryptlib/Include -I/shim/gnu-efi/inc -I/shim/gnu-efi/inc/x86_64 -I/shim/gnu-efi/inc/protocol -I/shim/Cryptlib/OpenSSL/crypto/asn1 -I/shim/Cryptlib/OpenSSL/crypto/evp -I/shim/Cryptlib/OpenSSL/crypto/modes -I/shim/Cryptlib/OpenSSL/crypto/include -isystem /shim/include/system -isystem /usr/lib/gcc/x86_64-linux-gnu/14/include -DL_ENDIAN -D_CRT_SECURE_NO_DEPRECATE -D_CRT_NONSTDC_NO_DEPRECATE -DOPENSSL_SMALL_FOOTPRINT -DPEDANTIC -DMDE_CPU_X64   -c -o crypto/asn1/x_algor.o crypto/asn1/x_algor.c
#14 10.84 gcc -std=gnu11 -ggdb -gdwarf-4 -gstrict-dwarf -ffreestanding -fmacro-prefix-map=/shim/= -fno-stack-protector -fno-strict-aliasing -fpic -fshort-wchar -nostdinc -m64 -mno-mmx -mno-sse -mno-red-zone -maccumulate-outgoing-args -Os -Wall -Wextra -Wno-missing-field-initializers -Wno-empty-body -Wno-implicit-fallthrough -Wno-old-style-declaration -Wno-unused-but-set-variable -Wno-unused-parameter -Werror -Wno-error=unused-but-set-variable -Wno-error=unused-parameter -I/shim/Cryptlib/OpenSSL -I/shim/Cryptlib -I/shim/Cryptlib/OpenSSL/Include/ -I/shim/Cryptlib/OpenSSL/crypto -I/shim/Cryptlib/Include -I/shim/gnu-efi/inc -I/shim/gnu-efi/inc/x86_64 -I/shim/gnu-efi/inc/protocol -I/shim/Cryptlib/OpenSSL/crypto/asn1 -I/shim/Cryptlib/OpenSSL/crypto/evp -I/shim/Cryptlib/OpenSSL/crypto/modes -I/shim/Cryptlib/OpenSSL/crypto/include -isystem /shim/include/system -isystem /usr/lib/gcc/x86_64-linux-gnu/14/include -DL_ENDIAN -D_CRT_SECURE_NO_DEPRECATE -D_CRT_NONSTDC_NO_DEPRECATE -DOPENSSL_SMALL_FOOTPRINT -DPEDANTIC -DMDE_CPU_X64   -c -o crypto/asn1/x_val.o crypto/asn1/x_val.c
#14 10.89 gcc -std=gnu11 -ggdb -gdwarf-4 -gstrict-dwarf -ffreestanding -fmacro-prefix-map=/shim/= -fno-stack-protector -fno-strict-aliasing -fpic -fshort-wchar -nostdinc -m64 -mno-mmx -mno-sse -mno-red-zone -maccumulate-outgoing-args -Os -Wall -Wextra -Wno-missing-field-initializers -Wno-empty-body -Wno-implicit-fallthrough -Wno-old-style-declaration -Wno-unused-but-set-variable -Wno-unused-parameter -Werror -Wno-error=unused-but-set-variable -Wno-error=unused-parameter -I/shim/Cryptlib/OpenSSL -I/shim/Cryptlib -I/shim/Cryptlib/OpenSSL/Include/ -I/shim/Cryptlib/OpenSSL/crypto -I/shim/Cryptlib/Include -I/shim/gnu-efi/inc -I/shim/gnu-efi/inc/x86_64 -I/shim/gnu-efi/inc/protocol -I/shim/Cryptlib/OpenSSL/crypto/asn1 -I/shim/Cryptlib/OpenSSL/crypto/evp -I/shim/Cryptlib/OpenSSL/crypto/modes -I/shim/Cryptlib/OpenSSL/crypto/include -isystem /shim/include/system -isystem /usr/lib/gcc/x86_64-linux-gnu/14/include -DL_ENDIAN -D_CRT_SECURE_NO_DEPRECATE -D_CRT_NONSTDC_NO_DEPRECATE -DOPENSSL_SMALL_FOOTPRINT -DPEDANTIC -DMDE_CPU_X64   -c -o crypto/asn1/x_pubkey.o crypto/asn1/x_pubkey.c
#14 10.90 gcc -std=gnu11 -ggdb -gdwarf-4 -gstrict-dwarf -ffreestanding -fmacro-prefix-map=/shim/= -fno-stack-protector -fno-strict-aliasing -fpic -fshort-wchar -nostdinc -m64 -mno-mmx -mno-sse -mno-red-zone -maccumulate-outgoing-args -Os -Wall -Wextra -Wno-missing-field-initializers -Wno-empty-body -Wno-implicit-fallthrough -Wno-old-style-declaration -Wno-unused-but-set-variable -Wno-unused-parameter -Werror -Wno-error=unused-but-set-variable -Wno-error=unused-parameter -I/shim/Cryptlib/OpenSSL -I/shim/Cryptlib -I/shim/Cryptlib/OpenSSL/Include/ -I/shim/Cryptlib/OpenSSL/crypto -I/shim/Cryptlib/Include -I/shim/gnu-efi/inc -I/shim/gnu-efi/inc/x86_64 -I/shim/gnu-efi/inc/protocol -I/shim/Cryptlib/OpenSSL/crypto/asn1 -I/shim/Cryptlib/OpenSSL/crypto/evp -I/shim/Cryptlib/OpenSSL/crypto/modes -I/shim/Cryptlib/OpenSSL/crypto/include -isystem /shim/include/system -isystem /usr/lib/gcc/x86_64-linux-gnu/14/include -DL_ENDIAN -D_CRT_SECURE_NO_DEPRECATE -D_CRT_NONSTDC_NO_DEPRECATE -DOPENSSL_SMALL_FOOTPRINT -DPEDANTIC -DMDE_CPU_X64   -c -o crypto/asn1/x_sig.o crypto/asn1/x_sig.c
#14 10.91 gcc -std=gnu11 -ggdb -gdwarf-4 -gstrict-dwarf -ffreestanding -fmacro-prefix-map=/shim/= -fno-stack-protector -fno-strict-aliasing -fpic -fshort-wchar -nostdinc -m64 -mno-mmx -mno-sse -mno-red-zone -maccumulate-outgoing-args -Os -Wall -Wextra -Wno-missing-field-initializers -Wno-empty-body -Wno-implicit-fallthrough -Wno-old-style-declaration -Wno-unused-but-set-variable -Wno-unused-parameter -Werror -Wno-error=unused-but-set-variable -Wno-error=unused-parameter -I/shim/Cryptlib/OpenSSL -I/shim/Cryptlib -I/shim/Cryptlib/OpenSSL/Include/ -I/shim/Cryptlib/OpenSSL/crypto -I/shim/Cryptlib/Include -I/shim/gnu-efi/inc -I/shim/gnu-efi/inc/x86_64 -I/shim/gnu-efi/inc/protocol -I/shim/Cryptlib/OpenSSL/crypto/asn1 -I/shim/Cryptlib/OpenSSL/crypto/evp -I/shim/Cryptlib/OpenSSL/crypto/modes -I/shim/Cryptlib/OpenSSL/crypto/include -isystem /shim/include/system -isystem /usr/lib/gcc/x86_64-linux-gnu/14/include -DL_ENDIAN -D_CRT_SECURE_NO_DEPRECATE -D_CRT_NONSTDC_NO_DEPRECATE -DOPENSSL_SMALL_FOOTPRINT -DPEDANTIC -DMDE_CPU_X64   -c -o crypto/asn1/x_req.o crypto/asn1/x_req.c
#14 10.96 gcc -std=gnu11 -ggdb -gdwarf-4 -gstrict-dwarf -ffreestanding -fmacro-prefix-map=/shim/= -fno-stack-protector -fno-strict-aliasing -fpic -fshort-wchar -nostdinc -m64 -mno-mmx -mno-sse -mno-red-zone -maccumulate-outgoing-args -Os -Wall -Wextra -Wno-missing-field-initializers -Wno-empty-body -Wno-implicit-fallthrough -Wno-old-style-declaration -Wno-unused-but-set-variable -Wno-unused-parameter -Werror -Wno-error=unused-but-set-variable -Wno-error=unused-parameter -I/shim/Cryptlib/OpenSSL -I/shim/Cryptlib -I/shim/Cryptlib/OpenSSL/Include/ -I/shim/Cryptlib/OpenSSL/crypto -I/shim/Cryptlib/Include -I/shim/gnu-efi/inc -I/shim/gnu-efi/inc/x86_64 -I/shim/gnu-efi/inc/protocol -I/shim/Cryptlib/OpenSSL/crypto/asn1 -I/shim/Cryptlib/OpenSSL/crypto/evp -I/shim/Cryptlib/OpenSSL/crypto/modes -I/shim/Cryptlib/OpenSSL/crypto/include -isystem /shim/include/system -isystem /usr/lib/gcc/x86_64-linux-gnu/14/include -DL_ENDIAN -D_CRT_SECURE_NO_DEPRECATE -D_CRT_NONSTDC_NO_DEPRECATE -DOPENSSL_SMALL_FOOTPRINT -DPEDANTIC -DMDE_CPU_X64   -c -o crypto/asn1/x_attrib.o crypto/asn1/x_attrib.c
#14 10.99 gcc -std=gnu11 -ggdb -gdwarf-4 -gstrict-dwarf -ffreestanding -fmacro-prefix-map=/shim/= -fno-stack-protector -fno-strict-aliasing -fpic -fshort-wchar -nostdinc -m64 -mno-mmx -mno-sse -mno-red-zone -maccumulate-outgoing-args -Os -Wall -Wextra -Wno-missing-field-initializers -Wno-empty-body -Wno-implicit-fallthrough -Wno-old-style-declaration -Wno-unused-but-set-variable -Wno-unused-parameter -Werror -Wno-error=unused-but-set-variable -Wno-error=unused-parameter -I/shim/Cryptlib/OpenSSL -I/shim/Cryptlib -I/shim/Cryptlib/OpenSSL/Include/ -I/shim/Cryptlib/OpenSSL/crypto -I/shim/Cryptlib/Include -I/shim/gnu-efi/inc -I/shim/gnu-efi/inc/x86_64 -I/shim/gnu-efi/inc/protocol -I/shim/Cryptlib/OpenSSL/crypto/asn1 -I/shim/Cryptlib/OpenSSL/crypto/evp -I/shim/Cryptlib/OpenSSL/crypto/modes -I/shim/Cryptlib/OpenSSL/crypto/include -isystem /shim/include/system -isystem /usr/lib/gcc/x86_64-linux-gnu/14/include -DL_ENDIAN -D_CRT_SECURE_NO_DEPRECATE -D_CRT_NONSTDC_NO_DEPRECATE -DOPENSSL_SMALL_FOOTPRINT -DPEDANTIC -DMDE_CPU_X64   -c -o crypto/asn1/x_bignum.o crypto/asn1/x_bignum.c
#14 11.00 gcc -std=gnu11 -ggdb -gdwarf-4 -gstrict-dwarf -ffreestanding -fmacro-prefix-map=/shim/= -fno-stack-protector -fno-strict-aliasing -fpic -fshort-wchar -nostdinc -m64 -mno-mmx -mno-sse -mno-red-zone -maccumulate-outgoing-args -Os -Wall -Wextra -Wno-missing-field-initializers -Wno-empty-body -Wno-implicit-fallthrough -Wno-old-style-declaration -Wno-unused-but-set-variable -Wno-unused-parameter -Werror -Wno-error=unused-but-set-variable -Wno-error=unused-parameter -I/shim/Cryptlib/OpenSSL -I/shim/Cryptlib -I/shim/Cryptlib/OpenSSL/Include/ -I/shim/Cryptlib/OpenSSL/crypto -I/shim/Cryptlib/Include -I/shim/gnu-efi/inc -I/shim/gnu-efi/inc/x86_64 -I/shim/gnu-efi/inc/protocol -I/shim/Cryptlib/OpenSSL/crypto/asn1 -I/shim/Cryptlib/OpenSSL/crypto/evp -I/shim/Cryptlib/OpenSSL/crypto/modes -I/shim/Cryptlib/OpenSSL/crypto/include -isystem /shim/include/system -isystem /usr/lib/gcc/x86_64-linux-gnu/14/include -DL_ENDIAN -D_CRT_SECURE_NO_DEPRECATE -D_CRT_NONSTDC_NO_DEPRECATE -DOPENSSL_SMALL_FOOTPRINT -DPEDANTIC -DMDE_CPU_X64   -c -o crypto/asn1/x_long.o crypto/asn1/x_long.c
#14 11.04 gcc -std=gnu11 -ggdb -gdwarf-4 -gstrict-dwarf -ffreestanding -fmacro-prefix-map=/shim/= -fno-stack-protector -fno-strict-aliasing -fpic -fshort-wchar -nostdinc -m64 -mno-mmx -mno-sse -mno-red-zone -maccumulate-outgoing-args -Os -Wall -Wextra -Wno-missing-field-initializers -Wno-empty-body -Wno-implicit-fallthrough -Wno-old-style-declaration -Wno-unused-but-set-variable -Wno-unused-parameter -Werror -Wno-error=unused-but-set-variable -Wno-error=unused-parameter -I/shim/Cryptlib/OpenSSL -I/shim/Cryptlib -I/shim/Cryptlib/OpenSSL/Include/ -I/shim/Cryptlib/OpenSSL/crypto -I/shim/Cryptlib/Include -I/shim/gnu-efi/inc -I/shim/gnu-efi/inc/x86_64 -I/shim/gnu-efi/inc/protocol -I/shim/Cryptlib/OpenSSL/crypto/asn1 -I/shim/Cryptlib/OpenSSL/crypto/evp -I/shim/Cryptlib/OpenSSL/crypto/modes -I/shim/Cryptlib/OpenSSL/crypto/include -isystem /shim/include/system -isystem /usr/lib/gcc/x86_64-linux-gnu/14/include -DL_ENDIAN -D_CRT_SECURE_NO_DEPRECATE -D_CRT_NONSTDC_NO_DEPRECATE -DOPENSSL_SMALL_FOOTPRINT -DPEDANTIC -DMDE_CPU_X64   -c -o crypto/asn1/x_name.o crypto/asn1/x_name.c
#14 11.05 gcc -std=gnu11 -ggdb -gdwarf-4 -gstrict-dwarf -ffreestanding -fmacro-prefix-map=/shim/= -fno-stack-protector -fno-strict-aliasing -fpic -fshort-wchar -nostdinc -m64 -mno-mmx -mno-sse -mno-red-zone -maccumulate-outgoing-args -Os -Wall -Wextra -Wno-missing-field-initializers -Wno-empty-body -Wno-implicit-fallthrough -Wno-old-style-declaration -Wno-unused-but-set-variable -Wno-unused-parameter -Werror -Wno-error=unused-but-set-variable -Wno-error=unused-parameter -I/shim/Cryptlib/OpenSSL -I/shim/Cryptlib -I/shim/Cryptlib/OpenSSL/Include/ -I/shim/Cryptlib/OpenSSL/crypto -I/shim/Cryptlib/Include -I/shim/gnu-efi/inc -I/shim/gnu-efi/inc/x86_64 -I/shim/gnu-efi/inc/protocol -I/shim/Cryptlib/OpenSSL/crypto/asn1 -I/shim/Cryptlib/OpenSSL/crypto/evp -I/shim/Cryptlib/OpenSSL/crypto/modes -I/shim/Cryptlib/OpenSSL/crypto/include -isystem /shim/include/system -isystem /usr/lib/gcc/x86_64-linux-gnu/14/include -DL_ENDIAN -D_CRT_SECURE_NO_DEPRECATE -D_CRT_NONSTDC_NO_DEPRECATE -DOPENSSL_SMALL_FOOTPRINT -DPEDANTIC -DMDE_CPU_X64   -c -o crypto/asn1/x_x509.o crypto/asn1/x_x509.c
#14 11.07 gcc -std=gnu11 -ggdb -gdwarf-4 -gstrict-dwarf -ffreestanding -fmacro-prefix-map=/shim/= -fno-stack-protector -fno-strict-aliasing -fpic -fshort-wchar -nostdinc -m64 -mno-mmx -mno-sse -mno-red-zone -maccumulate-outgoing-args -Os -Wall -Wextra -Wno-missing-field-initializers -Wno-empty-body -Wno-implicit-fallthrough -Wno-old-style-declaration -Wno-unused-but-set-variable -Wno-unused-parameter -Werror -Wno-error=unused-but-set-variable -Wno-error=unused-parameter -I/shim/Cryptlib/OpenSSL -I/shim/Cryptlib -I/shim/Cryptlib/OpenSSL/Include/ -I/shim/Cryptlib/OpenSSL/crypto -I/shim/Cryptlib/Include -I/shim/gnu-efi/inc -I/shim/gnu-efi/inc/x86_64 -I/shim/gnu-efi/inc/protocol -I/shim/Cryptlib/OpenSSL/crypto/asn1 -I/shim/Cryptlib/OpenSSL/crypto/evp -I/shim/Cryptlib/OpenSSL/crypto/modes -I/shim/Cryptlib/OpenSSL/crypto/include -isystem /shim/include/system -isystem /usr/lib/gcc/x86_64-linux-gnu/14/include -DL_ENDIAN -D_CRT_SECURE_NO_DEPRECATE -D_CRT_NONSTDC_NO_DEPRECATE -DOPENSSL_SMALL_FOOTPRINT -DPEDANTIC -DMDE_CPU_X64   -c -o crypto/asn1/x_x509a.o crypto/asn1/x_x509a.c
#14 11.08 gcc -std=gnu11 -ggdb -gdwarf-4 -gstrict-dwarf -ffreestanding -fmacro-prefix-map=/shim/= -fno-stack-protector -fno-strict-aliasing -fpic -fshort-wchar -nostdinc -m64 -mno-mmx -mno-sse -mno-red-zone -maccumulate-outgoing-args -Os -Wall -Wextra -Wno-missing-field-initializers -Wno-empty-body -Wno-implicit-fallthrough -Wno-old-style-declaration -Wno-unused-but-set-variable -Wno-unused-parameter -Werror -Wno-error=unused-but-set-variable -Wno-error=unused-parameter -I/shim/Cryptlib/OpenSSL -I/shim/Cryptlib -I/shim/Cryptlib/OpenSSL/Include/ -I/shim/Cryptlib/OpenSSL/crypto -I/shim/Cryptlib/Include -I/shim/gnu-efi/inc -I/shim/gnu-efi/inc/x86_64 -I/shim/gnu-efi/inc/protocol -I/shim/Cryptlib/OpenSSL/crypto/asn1 -I/shim/Cryptlib/OpenSSL/crypto/evp -I/shim/Cryptlib/OpenSSL/crypto/modes -I/shim/Cryptlib/OpenSSL/crypto/include -isystem /shim/include/system -isystem /usr/lib/gcc/x86_64-linux-gnu/14/include -DL_ENDIAN -D_CRT_SECURE_NO_DEPRECATE -D_CRT_NONSTDC_NO_DEPRECATE -DOPENSSL_SMALL_FOOTPRINT -DPEDANTIC -DMDE_CPU_X64   -c -o crypto/asn1/x_crl.o crypto/asn1/x_crl.c
#14 11.15 gcc -std=gnu11 -ggdb -gdwarf-4 -gstrict-dwarf -ffreestanding -fmacro-prefix-map=/shim/= -fno-stack-protector -fno-strict-aliasing -fpic -fshort-wchar -nostdinc -m64 -mno-mmx -mno-sse -mno-red-zone -maccumulate-outgoing-args -Os -Wall -Wextra -Wno-missing-field-initializers -Wno-empty-body -Wno-implicit-fallthrough -Wno-old-style-declaration -Wno-unused-but-set-variable -Wno-unused-parameter -Werror -Wno-error=unused-but-set-variable -Wno-error=unused-parameter -I/shim/Cryptlib/OpenSSL -I/shim/Cryptlib -I/shim/Cryptlib/OpenSSL/Include/ -I/shim/Cryptlib/OpenSSL/crypto -I/shim/Cryptlib/Include -I/shim/gnu-efi/inc -I/shim/gnu-efi/inc/x86_64 -I/shim/gnu-efi/inc/protocol -I/shim/Cryptlib/OpenSSL/crypto/asn1 -I/shim/Cryptlib/OpenSSL/crypto/evp -I/shim/Cryptlib/OpenSSL/crypto/modes -I/shim/Cryptlib/OpenSSL/crypto/include -isystem /shim/include/system -isystem /usr/lib/gcc/x86_64-linux-gnu/14/include -DL_ENDIAN -D_CRT_SECURE_NO_DEPRECATE -D_CRT_NONSTDC_NO_DEPRECATE -DOPENSSL_SMALL_FOOTPRINT -DPEDANTIC -DMDE_CPU_X64   -c -o crypto/asn1/x_info.o crypto/asn1/x_info.c
#14 11.16 gcc -std=gnu11 -ggdb -gdwarf-4 -gstrict-dwarf -ffreestanding -fmacro-prefix-map=/shim/= -fno-stack-protector -fno-strict-aliasing -fpic -fshort-wchar -nostdinc -m64 -mno-mmx -mno-sse -mno-red-zone -maccumulate-outgoing-args -Os -Wall -Wextra -Wno-missing-field-initializers -Wno-empty-body -Wno-implicit-fallthrough -Wno-old-style-declaration -Wno-unused-but-set-variable -Wno-unused-parameter -Werror -Wno-error=unused-but-set-variable -Wno-error=unused-parameter -I/shim/Cryptlib/OpenSSL -I/shim/Cryptlib -I/shim/Cryptlib/OpenSSL/Include/ -I/shim/Cryptlib/OpenSSL/crypto -I/shim/Cryptlib/Include -I/shim/gnu-efi/inc -I/shim/gnu-efi/inc/x86_64 -I/shim/gnu-efi/inc/protocol -I/shim/Cryptlib/OpenSSL/crypto/asn1 -I/shim/Cryptlib/OpenSSL/crypto/evp -I/shim/Cryptlib/OpenSSL/crypto/modes -I/shim/Cryptlib/OpenSSL/crypto/include -isystem /shim/include/system -isystem /usr/lib/gcc/x86_64-linux-gnu/14/include -DL_ENDIAN -D_CRT_SECURE_NO_DEPRECATE -D_CRT_NONSTDC_NO_DEPRECATE -DOPENSSL_SMALL_FOOTPRINT -DPEDANTIC -DMDE_CPU_X64   -c -o crypto/asn1/x_spki.o crypto/asn1/x_spki.c
#14 11.18 gcc -std=gnu11 -ggdb -gdwarf-4 -gstrict-dwarf -ffreestanding -fmacro-prefix-map=/shim/= -fno-stack-protector -fno-strict-aliasing -fpic -fshort-wchar -nostdinc -m64 -mno-mmx -mno-sse -mno-red-zone -maccumulate-outgoing-args -Os -Wall -Wextra -Wno-missing-field-initializers -Wno-empty-body -Wno-implicit-fallthrough -Wno-old-style-declaration -Wno-unused-but-set-variable -Wno-unused-parameter -Werror -Wno-error=unused-but-set-variable -Wno-error=unused-parameter -I/shim/Cryptlib/OpenSSL -I/shim/Cryptlib -I/shim/Cryptlib/OpenSSL/Include/ -I/shim/Cryptlib/OpenSSL/crypto -I/shim/Cryptlib/Include -I/shim/gnu-efi/inc -I/shim/gnu-efi/inc/x86_64 -I/shim/gnu-efi/inc/protocol -I/shim/Cryptlib/OpenSSL/crypto/asn1 -I/shim/Cryptlib/OpenSSL/crypto/evp -I/shim/Cryptlib/OpenSSL/crypto/modes -I/shim/Cryptlib/OpenSSL/crypto/include -isystem /shim/include/system -isystem /usr/lib/gcc/x86_64-linux-gnu/14/include -DL_ENDIAN -D_CRT_SECURE_NO_DEPRECATE -D_CRT_NONSTDC_NO_DEPRECATE -DOPENSSL_SMALL_FOOTPRINT -DPEDANTIC -DMDE_CPU_X64   -c -o crypto/asn1/nsseq.o crypto/asn1/nsseq.c
#14 11.21 gcc -std=gnu11 -ggdb -gdwarf-4 -gstrict-dwarf -ffreestanding -fmacro-prefix-map=/shim/= -fno-stack-protector -fno-strict-aliasing -fpic -fshort-wchar -nostdinc -m64 -mno-mmx -mno-sse -mno-red-zone -maccumulate-outgoing-args -Os -Wall -Wextra -Wno-missing-field-initializers -Wno-empty-body -Wno-implicit-fallthrough -Wno-old-style-declaration -Wno-unused-but-set-variable -Wno-unused-parameter -Werror -Wno-error=unused-but-set-variable -Wno-error=unused-parameter -I/shim/Cryptlib/OpenSSL -I/shim/Cryptlib -I/shim/Cryptlib/OpenSSL/Include/ -I/shim/Cryptlib/OpenSSL/crypto -I/shim/Cryptlib/Include -I/shim/gnu-efi/inc -I/shim/gnu-efi/inc/x86_64 -I/shim/gnu-efi/inc/protocol -I/shim/Cryptlib/OpenSSL/crypto/asn1 -I/shim/Cryptlib/OpenSSL/crypto/evp -I/shim/Cryptlib/OpenSSL/crypto/modes -I/shim/Cryptlib/OpenSSL/crypto/include -isystem /shim/include/system -isystem /usr/lib/gcc/x86_64-linux-gnu/14/include -DL_ENDIAN -D_CRT_SECURE_NO_DEPRECATE -D_CRT_NONSTDC_NO_DEPRECATE -DOPENSSL_SMALL_FOOTPRINT -DPEDANTIC -DMDE_CPU_X64   -c -o crypto/asn1/x_nx509.o crypto/asn1/x_nx509.c
#14 11.22 gcc -std=gnu11 -ggdb -gdwarf-4 -gstrict-dwarf -ffreestanding -fmacro-prefix-map=/shim/= -fno-stack-protector -fno-strict-aliasing -fpic -fshort-wchar -nostdinc -m64 -mno-mmx -mno-sse -mno-red-zone -maccumulate-outgoing-args -Os -Wall -Wextra -Wno-missing-field-initializers -Wno-empty-body -Wno-implicit-fallthrough -Wno-old-style-declaration -Wno-unused-but-set-variable -Wno-unused-parameter -Werror -Wno-error=unused-but-set-variable -Wno-error=unused-parameter -I/shim/Cryptlib/OpenSSL -I/shim/Cryptlib -I/shim/Cryptlib/OpenSSL/Include/ -I/shim/Cryptlib/OpenSSL/crypto -I/shim/Cryptlib/Include -I/shim/gnu-efi/inc -I/shim/gnu-efi/inc/x86_64 -I/shim/gnu-efi/inc/protocol -I/shim/Cryptlib/OpenSSL/crypto/asn1 -I/shim/Cryptlib/OpenSSL/crypto/evp -I/shim/Cryptlib/OpenSSL/crypto/modes -I/shim/Cryptlib/OpenSSL/crypto/include -isystem /shim/include/system -isystem /usr/lib/gcc/x86_64-linux-gnu/14/include -DL_ENDIAN -D_CRT_SECURE_NO_DEPRECATE -D_CRT_NONSTDC_NO_DEPRECATE -DOPENSSL_SMALL_FOOTPRINT -DPEDANTIC -DMDE_CPU_X64   -c -o crypto/asn1/d2i_pu.o crypto/asn1/d2i_pu.c
#14 11.23 gcc -std=gnu11 -ggdb -gdwarf-4 -gstrict-dwarf -ffreestanding -fmacro-prefix-map=/shim/= -fno-stack-protector -fno-strict-aliasing -fpic -fshort-wchar -nostdinc -m64 -mno-mmx -mno-sse -mno-red-zone -maccumulate-outgoing-args -Os -Wall -Wextra -Wno-missing-field-initializers -Wno-empty-body -Wno-implicit-fallthrough -Wno-old-style-declaration -Wno-unused-but-set-variable -Wno-unused-parameter -Werror -Wno-error=unused-but-set-variable -Wno-error=unused-parameter -I/shim/Cryptlib/OpenSSL -I/shim/Cryptlib -I/shim/Cryptlib/OpenSSL/Include/ -I/shim/Cryptlib/OpenSSL/crypto -I/shim/Cryptlib/Include -I/shim/gnu-efi/inc -I/shim/gnu-efi/inc/x86_64 -I/shim/gnu-efi/inc/protocol -I/shim/Cryptlib/OpenSSL/crypto/asn1 -I/shim/Cryptlib/OpenSSL/crypto/evp -I/shim/Cryptlib/OpenSSL/crypto/modes -I/shim/Cryptlib/OpenSSL/crypto/include -isystem /shim/include/system -isystem /usr/lib/gcc/x86_64-linux-gnu/14/include -DL_ENDIAN -D_CRT_SECURE_NO_DEPRECATE -D_CRT_NONSTDC_NO_DEPRECATE -DOPENSSL_SMALL_FOOTPRINT -DPEDANTIC -DMDE_CPU_X64   -c -o crypto/asn1/d2i_pr.o crypto/asn1/d2i_pr.c
#14 11.25 gcc -std=gnu11 -ggdb -gdwarf-4 -gstrict-dwarf -ffreestanding -fmacro-prefix-map=/shim/= -fno-stack-protector -fno-strict-aliasing -fpic -fshort-wchar -nostdinc -m64 -mno-mmx -mno-sse -mno-red-zone -maccumulate-outgoing-args -Os -Wall -Wextra -Wno-missing-field-initializers -Wno-empty-body -Wno-implicit-fallthrough -Wno-old-style-declaration -Wno-unused-but-set-variable -Wno-unused-parameter -Werror -Wno-error=unused-but-set-variable -Wno-error=unused-parameter -I/shim/Cryptlib/OpenSSL -I/shim/Cryptlib -I/shim/Cryptlib/OpenSSL/Include/ -I/shim/Cryptlib/OpenSSL/crypto -I/shim/Cryptlib/Include -I/shim/gnu-efi/inc -I/shim/gnu-efi/inc/x86_64 -I/shim/gnu-efi/inc/protocol -I/shim/Cryptlib/OpenSSL/crypto/asn1 -I/shim/Cryptlib/OpenSSL/crypto/evp -I/shim/Cryptlib/OpenSSL/crypto/modes -I/shim/Cryptlib/OpenSSL/crypto/include -isystem /shim/include/system -isystem /usr/lib/gcc/x86_64-linux-gnu/14/include -DL_ENDIAN -D_CRT_SECURE_NO_DEPRECATE -D_CRT_NONSTDC_NO_DEPRECATE -DOPENSSL_SMALL_FOOTPRINT -DPEDANTIC -DMDE_CPU_X64   -c -o crypto/asn1/i2d_pu.o crypto/asn1/i2d_pu.c
#14 11.27 gcc -std=gnu11 -ggdb -gdwarf-4 -gstrict-dwarf -ffreestanding -fmacro-prefix-map=/shim/= -fno-stack-protector -fno-strict-aliasing -fpic -fshort-wchar -nostdinc -m64 -mno-mmx -mno-sse -mno-red-zone -maccumulate-outgoing-args -Os -Wall -Wextra -Wno-missing-field-initializers -Wno-empty-body -Wno-implicit-fallthrough -Wno-old-style-declaration -Wno-unused-but-set-variable -Wno-unused-parameter -Werror -Wno-error=unused-but-set-variable -Wno-error=unused-parameter -I/shim/Cryptlib/OpenSSL -I/shim/Cryptlib -I/shim/Cryptlib/OpenSSL/Include/ -I/shim/Cryptlib/OpenSSL/crypto -I/shim/Cryptlib/Include -I/shim/gnu-efi/inc -I/shim/gnu-efi/inc/x86_64 -I/shim/gnu-efi/inc/protocol -I/shim/Cryptlib/OpenSSL/crypto/asn1 -I/shim/Cryptlib/OpenSSL/crypto/evp -I/shim/Cryptlib/OpenSSL/crypto/modes -I/shim/Cryptlib/OpenSSL/crypto/include -isystem /shim/include/system -isystem /usr/lib/gcc/x86_64-linux-gnu/14/include -DL_ENDIAN -D_CRT_SECURE_NO_DEPRECATE -D_CRT_NONSTDC_NO_DEPRECATE -DOPENSSL_SMALL_FOOTPRINT -DPEDANTIC -DMDE_CPU_X64   -c -o crypto/asn1/i2d_pr.o crypto/asn1/i2d_pr.c
#14 11.29 gcc -std=gnu11 -ggdb -gdwarf-4 -gstrict-dwarf -ffreestanding -fmacro-prefix-map=/shim/= -fno-stack-protector -fno-strict-aliasing -fpic -fshort-wchar -nostdinc -m64 -mno-mmx -mno-sse -mno-red-zone -maccumulate-outgoing-args -Os -Wall -Wextra -Wno-missing-field-initializers -Wno-empty-body -Wno-implicit-fallthrough -Wno-old-style-declaration -Wno-unused-but-set-variable -Wno-unused-parameter -Werror -Wno-error=unused-but-set-variable -Wno-error=unused-parameter -I/shim/Cryptlib/OpenSSL -I/shim/Cryptlib -I/shim/Cryptlib/OpenSSL/Include/ -I/shim/Cryptlib/OpenSSL/crypto -I/shim/Cryptlib/Include -I/shim/gnu-efi/inc -I/shim/gnu-efi/inc/x86_64 -I/shim/gnu-efi/inc/protocol -I/shim/Cryptlib/OpenSSL/crypto/asn1 -I/shim/Cryptlib/OpenSSL/crypto/evp -I/shim/Cryptlib/OpenSSL/crypto/modes -I/shim/Cryptlib/OpenSSL/crypto/include -isystem /shim/include/system -isystem /usr/lib/gcc/x86_64-linux-gnu/14/include -DL_ENDIAN -D_CRT_SECURE_NO_DEPRECATE -D_CRT_NONSTDC_NO_DEPRECATE -DOPENSSL_SMALL_FOOTPRINT -DPEDANTIC -DMDE_CPU_X64   -c -o crypto/asn1/t_req.o crypto/asn1/t_req.c
#14 11.30 gcc -std=gnu11 -ggdb -gdwarf-4 -gstrict-dwarf -ffreestanding -fmacro-prefix-map=/shim/= -fno-stack-protector -fno-strict-aliasing -fpic -fshort-wchar -nostdinc -m64 -mno-mmx -mno-sse -mno-red-zone -maccumulate-outgoing-args -Os -Wall -Wextra -Wno-missing-field-initializers -Wno-empty-body -Wno-implicit-fallthrough -Wno-old-style-declaration -Wno-unused-but-set-variable -Wno-unused-parameter -Werror -Wno-error=unused-but-set-variable -Wno-error=unused-parameter -I/shim/Cryptlib/OpenSSL -I/shim/Cryptlib -I/shim/Cryptlib/OpenSSL/Include/ -I/shim/Cryptlib/OpenSSL/crypto -I/shim/Cryptlib/Include -I/shim/gnu-efi/inc -I/shim/gnu-efi/inc/x86_64 -I/shim/gnu-efi/inc/protocol -I/shim/Cryptlib/OpenSSL/crypto/asn1 -I/shim/Cryptlib/OpenSSL/crypto/evp -I/shim/Cryptlib/OpenSSL/crypto/modes -I/shim/Cryptlib/OpenSSL/crypto/include -isystem /shim/include/system -isystem /usr/lib/gcc/x86_64-linux-gnu/14/include -DL_ENDIAN -D_CRT_SECURE_NO_DEPRECATE -D_CRT_NONSTDC_NO_DEPRECATE -DOPENSSL_SMALL_FOOTPRINT -DPEDANTIC -DMDE_CPU_X64   -c -o crypto/asn1/t_x509.o crypto/asn1/t_x509.c
#14 11.32 gcc -std=gnu11 -ggdb -gdwarf-4 -gstrict-dwarf -ffreestanding -fmacro-prefix-map=/shim/= -fno-stack-protector -fno-strict-aliasing -fpic -fshort-wchar -nostdinc -m64 -mno-mmx -mno-sse -mno-red-zone -maccumulate-outgoing-args -Os -Wall -Wextra -Wno-missing-field-initializers -Wno-empty-body -Wno-implicit-fallthrough -Wno-old-style-declaration -Wno-unused-but-set-variable -Wno-unused-parameter -Werror -Wno-error=unused-but-set-variable -Wno-error=unused-parameter -I/shim/Cryptlib/OpenSSL -I/shim/Cryptlib -I/shim/Cryptlib/OpenSSL/Include/ -I/shim/Cryptlib/OpenSSL/crypto -I/shim/Cryptlib/Include -I/shim/gnu-efi/inc -I/shim/gnu-efi/inc/x86_64 -I/shim/gnu-efi/inc/protocol -I/shim/Cryptlib/OpenSSL/crypto/asn1 -I/shim/Cryptlib/OpenSSL/crypto/evp -I/shim/Cryptlib/OpenSSL/crypto/modes -I/shim/Cryptlib/OpenSSL/crypto/include -isystem /shim/include/system -isystem /usr/lib/gcc/x86_64-linux-gnu/14/include -DL_ENDIAN -D_CRT_SECURE_NO_DEPRECATE -D_CRT_NONSTDC_NO_DEPRECATE -DOPENSSL_SMALL_FOOTPRINT -DPEDANTIC -DMDE_CPU_X64   -c -o crypto/asn1/t_x509a.o crypto/asn1/t_x509a.c
#14 11.32 gcc -std=gnu11 -ggdb -gdwarf-4 -gstrict-dwarf -ffreestanding -fmacro-prefix-map=/shim/= -fno-stack-protector -fno-strict-aliasing -fpic -fshort-wchar -nostdinc -m64 -mno-mmx -mno-sse -mno-red-zone -maccumulate-outgoing-args -Os -Wall -Wextra -Wno-missing-field-initializers -Wno-empty-body -Wno-implicit-fallthrough -Wno-old-style-declaration -Wno-unused-but-set-variable -Wno-unused-parameter -Werror -Wno-error=unused-but-set-variable -Wno-error=unused-parameter -I/shim/Cryptlib/OpenSSL -I/shim/Cryptlib -I/shim/Cryptlib/OpenSSL/Include/ -I/shim/Cryptlib/OpenSSL/crypto -I/shim/Cryptlib/Include -I/shim/gnu-efi/inc -I/shim/gnu-efi/inc/x86_64 -I/shim/gnu-efi/inc/protocol -I/shim/Cryptlib/OpenSSL/crypto/asn1 -I/shim/Cryptlib/OpenSSL/crypto/evp -I/shim/Cryptlib/OpenSSL/crypto/modes -I/shim/Cryptlib/OpenSSL/crypto/include -isystem /shim/include/system -isystem /usr/lib/gcc/x86_64-linux-gnu/14/include -DL_ENDIAN -D_CRT_SECURE_NO_DEPRECATE -D_CRT_NONSTDC_NO_DEPRECATE -DOPENSSL_SMALL_FOOTPRINT -DPEDANTIC -DMDE_CPU_X64   -c -o crypto/asn1/t_crl.o crypto/asn1/t_crl.c
#14 11.38 gcc -std=gnu11 -ggdb -gdwarf-4 -gstrict-dwarf -ffreestanding -fmacro-prefix-map=/shim/= -fno-stack-protector -fno-strict-aliasing -fpic -fshort-wchar -nostdinc -m64 -mno-mmx -mno-sse -mno-red-zone -maccumulate-outgoing-args -Os -Wall -Wextra -Wno-missing-field-initializers -Wno-empty-body -Wno-implicit-fallthrough -Wno-old-style-declaration -Wno-unused-but-set-variable -Wno-unused-parameter -Werror -Wno-error=unused-but-set-variable -Wno-error=unused-parameter -I/shim/Cryptlib/OpenSSL -I/shim/Cryptlib -I/shim/Cryptlib/OpenSSL/Include/ -I/shim/Cryptlib/OpenSSL/crypto -I/shim/Cryptlib/Include -I/shim/gnu-efi/inc -I/shim/gnu-efi/inc/x86_64 -I/shim/gnu-efi/inc/protocol -I/shim/Cryptlib/OpenSSL/crypto/asn1 -I/shim/Cryptlib/OpenSSL/crypto/evp -I/shim/Cryptlib/OpenSSL/crypto/modes -I/shim/Cryptlib/OpenSSL/crypto/include -isystem /shim/include/system -isystem /usr/lib/gcc/x86_64-linux-gnu/14/include -DL_ENDIAN -D_CRT_SECURE_NO_DEPRECATE -D_CRT_NONSTDC_NO_DEPRECATE -DOPENSSL_SMALL_FOOTPRINT -DPEDANTIC -DMDE_CPU_X64   -c -o crypto/asn1/t_pkey.o crypto/asn1/t_pkey.c
#14 11.39 gcc -std=gnu11 -ggdb -gdwarf-4 -gstrict-dwarf -ffreestanding -fmacro-prefix-map=/shim/= -fno-stack-protector -fno-strict-aliasing -fpic -fshort-wchar -nostdinc -m64 -mno-mmx -mno-sse -mno-red-zone -maccumulate-outgoing-args -Os -Wall -Wextra -Wno-missing-field-initializers -Wno-empty-body -Wno-implicit-fallthrough -Wno-old-style-declaration -Wno-unused-but-set-variable -Wno-unused-parameter -Werror -Wno-error=unused-but-set-variable -Wno-error=unused-parameter -I/shim/Cryptlib/OpenSSL -I/shim/Cryptlib -I/shim/Cryptlib/OpenSSL/Include/ -I/shim/Cryptlib/OpenSSL/crypto -I/shim/Cryptlib/Include -I/shim/gnu-efi/inc -I/shim/gnu-efi/inc/x86_64 -I/shim/gnu-efi/inc/protocol -I/shim/Cryptlib/OpenSSL/crypto/asn1 -I/shim/Cryptlib/OpenSSL/crypto/evp -I/shim/Cryptlib/OpenSSL/crypto/modes -I/shim/Cryptlib/OpenSSL/crypto/include -isystem /shim/include/system -isystem /usr/lib/gcc/x86_64-linux-gnu/14/include -DL_ENDIAN -D_CRT_SECURE_NO_DEPRECATE -D_CRT_NONSTDC_NO_DEPRECATE -DOPENSSL_SMALL_FOOTPRINT -DPEDANTIC -DMDE_CPU_X64   -c -o crypto/asn1/t_spki.o crypto/asn1/t_spki.c
#14 11.43 gcc -std=gnu11 -ggdb -gdwarf-4 -gstrict-dwarf -ffreestanding -fmacro-prefix-map=/shim/= -fno-stack-protector -fno-strict-aliasing -fpic -fshort-wchar -nostdinc -m64 -mno-mmx -mno-sse -mno-red-zone -maccumulate-outgoing-args -Os -Wall -Wextra -Wno-missing-field-initializers -Wno-empty-body -Wno-implicit-fallthrough -Wno-old-style-declaration -Wno-unused-but-set-variable -Wno-unused-parameter -Werror -Wno-error=unused-but-set-variable -Wno-error=unused-parameter -I/shim/Cryptlib/OpenSSL -I/shim/Cryptlib -I/shim/Cryptlib/OpenSSL/Include/ -I/shim/Cryptlib/OpenSSL/crypto -I/shim/Cryptlib/Include -I/shim/gnu-efi/inc -I/shim/gnu-efi/inc/x86_64 -I/shim/gnu-efi/inc/protocol -I/shim/Cryptlib/OpenSSL/crypto/asn1 -I/shim/Cryptlib/OpenSSL/crypto/evp -I/shim/Cryptlib/OpenSSL/crypto/modes -I/shim/Cryptlib/OpenSSL/crypto/include -isystem /shim/include/system -isystem /usr/lib/gcc/x86_64-linux-gnu/14/include -DL_ENDIAN -D_CRT_SECURE_NO_DEPRECATE -D_CRT_NONSTDC_NO_DEPRECATE -DOPENSSL_SMALL_FOOTPRINT -DPEDANTIC -DMDE_CPU_X64   -c -o crypto/asn1/t_bitst.o crypto/asn1/t_bitst.c
#14 11.44 gcc -std=gnu11 -ggdb -gdwarf-4 -gstrict-dwarf -ffreestanding -fmacro-prefix-map=/shim/= -fno-stack-protector -fno-strict-aliasing -fpic -fshort-wchar -nostdinc -m64 -mno-mmx -mno-sse -mno-red-zone -maccumulate-outgoing-args -Os -Wall -Wextra -Wno-missing-field-initializers -Wno-empty-body -Wno-implicit-fallthrough -Wno-old-style-declaration -Wno-unused-but-set-variable -Wno-unused-parameter -Werror -Wno-error=unused-but-set-variable -Wno-error=unused-parameter -I/shim/Cryptlib/OpenSSL -I/shim/Cryptlib -I/shim/Cryptlib/OpenSSL/Include/ -I/shim/Cryptlib/OpenSSL/crypto -I/shim/Cryptlib/Include -I/shim/gnu-efi/inc -I/shim/gnu-efi/inc/x86_64 -I/shim/gnu-efi/inc/protocol -I/shim/Cryptlib/OpenSSL/crypto/asn1 -I/shim/Cryptlib/OpenSSL/crypto/evp -I/shim/Cryptlib/OpenSSL/crypto/modes -I/shim/Cryptlib/OpenSSL/crypto/include -isystem /shim/include/system -isystem /usr/lib/gcc/x86_64-linux-gnu/14/include -DL_ENDIAN -D_CRT_SECURE_NO_DEPRECATE -D_CRT_NONSTDC_NO_DEPRECATE -DOPENSSL_SMALL_FOOTPRINT -DPEDANTIC -DMDE_CPU_X64   -c -o crypto/asn1/tasn_new.o crypto/asn1/tasn_new.c
#14 11.47 gcc -std=gnu11 -ggdb -gdwarf-4 -gstrict-dwarf -ffreestanding -fmacro-prefix-map=/shim/= -fno-stack-protector -fno-strict-aliasing -fpic -fshort-wchar -nostdinc -m64 -mno-mmx -mno-sse -mno-red-zone -maccumulate-outgoing-args -Os -Wall -Wextra -Wno-missing-field-initializers -Wno-empty-body -Wno-implicit-fallthrough -Wno-old-style-declaration -Wno-unused-but-set-variable -Wno-unused-parameter -Werror -Wno-error=unused-but-set-variable -Wno-error=unused-parameter -I/shim/Cryptlib/OpenSSL -I/shim/Cryptlib -I/shim/Cryptlib/OpenSSL/Include/ -I/shim/Cryptlib/OpenSSL/crypto -I/shim/Cryptlib/Include -I/shim/gnu-efi/inc -I/shim/gnu-efi/inc/x86_64 -I/shim/gnu-efi/inc/protocol -I/shim/Cryptlib/OpenSSL/crypto/asn1 -I/shim/Cryptlib/OpenSSL/crypto/evp -I/shim/Cryptlib/OpenSSL/crypto/modes -I/shim/Cryptlib/OpenSSL/crypto/include -isystem /shim/include/system -isystem /usr/lib/gcc/x86_64-linux-gnu/14/include -DL_ENDIAN -D_CRT_SECURE_NO_DEPRECATE -D_CRT_NONSTDC_NO_DEPRECATE -DOPENSSL_SMALL_FOOTPRINT -DPEDANTIC -DMDE_CPU_X64   -c -o crypto/asn1/tasn_fre.o crypto/asn1/tasn_fre.c
#14 11.49 gcc -std=gnu11 -ggdb -gdwarf-4 -gstrict-dwarf -ffreestanding -fmacro-prefix-map=/shim/= -fno-stack-protector -fno-strict-aliasing -fpic -fshort-wchar -nostdinc -m64 -mno-mmx -mno-sse -mno-red-zone -maccumulate-outgoing-args -Os -Wall -Wextra -Wno-missing-field-initializers -Wno-empty-body -Wno-implicit-fallthrough -Wno-old-style-declaration -Wno-unused-but-set-variable -Wno-unused-parameter -Werror -Wno-error=unused-but-set-variable -Wno-error=unused-parameter -I/shim/Cryptlib/OpenSSL -I/shim/Cryptlib -I/shim/Cryptlib/OpenSSL/Include/ -I/shim/Cryptlib/OpenSSL/crypto -I/shim/Cryptlib/Include -I/shim/gnu-efi/inc -I/shim/gnu-efi/inc/x86_64 -I/shim/gnu-efi/inc/protocol -I/shim/Cryptlib/OpenSSL/crypto/asn1 -I/shim/Cryptlib/OpenSSL/crypto/evp -I/shim/Cryptlib/OpenSSL/crypto/modes -I/shim/Cryptlib/OpenSSL/crypto/include -isystem /shim/include/system -isystem /usr/lib/gcc/x86_64-linux-gnu/14/include -DL_ENDIAN -D_CRT_SECURE_NO_DEPRECATE -D_CRT_NONSTDC_NO_DEPRECATE -DOPENSSL_SMALL_FOOTPRINT -DPEDANTIC -DMDE_CPU_X64   -c -o crypto/asn1/tasn_enc.o crypto/asn1/tasn_enc.c
#14 11.51 gcc -std=gnu11 -ggdb -gdwarf-4 -gstrict-dwarf -ffreestanding -fmacro-prefix-map=/shim/= -fno-stack-protector -fno-strict-aliasing -fpic -fshort-wchar -nostdinc -m64 -mno-mmx -mno-sse -mno-red-zone -maccumulate-outgoing-args -Os -Wall -Wextra -Wno-missing-field-initializers -Wno-empty-body -Wno-implicit-fallthrough -Wno-old-style-declaration -Wno-unused-but-set-variable -Wno-unused-parameter -Werror -Wno-error=unused-but-set-variable -Wno-error=unused-parameter -I/shim/Cryptlib/OpenSSL -I/shim/Cryptlib -I/shim/Cryptlib/OpenSSL/Include/ -I/shim/Cryptlib/OpenSSL/crypto -I/shim/Cryptlib/Include -I/shim/gnu-efi/inc -I/shim/gnu-efi/inc/x86_64 -I/shim/gnu-efi/inc/protocol -I/shim/Cryptlib/OpenSSL/crypto/asn1 -I/shim/Cryptlib/OpenSSL/crypto/evp -I/shim/Cryptlib/OpenSSL/crypto/modes -I/shim/Cryptlib/OpenSSL/crypto/include -isystem /shim/include/system -isystem /usr/lib/gcc/x86_64-linux-gnu/14/include -DL_ENDIAN -D_CRT_SECURE_NO_DEPRECATE -D_CRT_NONSTDC_NO_DEPRECATE -DOPENSSL_SMALL_FOOTPRINT -DPEDANTIC -DMDE_CPU_X64   -c -o crypto/asn1/tasn_dec.o crypto/asn1/tasn_dec.c
#14 11.52 gcc -std=gnu11 -ggdb -gdwarf-4 -gstrict-dwarf -ffreestanding -fmacro-prefix-map=/shim/= -fno-stack-protector -fno-strict-aliasing -fpic -fshort-wchar -nostdinc -m64 -mno-mmx -mno-sse -mno-red-zone -maccumulate-outgoing-args -Os -Wall -Wextra -Wno-missing-field-initializers -Wno-empty-body -Wno-implicit-fallthrough -Wno-old-style-declaration -Wno-unused-but-set-variable -Wno-unused-parameter -Werror -Wno-error=unused-but-set-variable -Wno-error=unused-parameter -I/shim/Cryptlib/OpenSSL -I/shim/Cryptlib -I/shim/Cryptlib/OpenSSL/Include/ -I/shim/Cryptlib/OpenSSL/crypto -I/shim/Cryptlib/Include -I/shim/gnu-efi/inc -I/shim/gnu-efi/inc/x86_64 -I/shim/gnu-efi/inc/protocol -I/shim/Cryptlib/OpenSSL/crypto/asn1 -I/shim/Cryptlib/OpenSSL/crypto/evp -I/shim/Cryptlib/OpenSSL/crypto/modes -I/shim/Cryptlib/OpenSSL/crypto/include -isystem /shim/include/system -isystem /usr/lib/gcc/x86_64-linux-gnu/14/include -DL_ENDIAN -D_CRT_SECURE_NO_DEPRECATE -D_CRT_NONSTDC_NO_DEPRECATE -DOPENSSL_SMALL_FOOTPRINT -DPEDANTIC -DMDE_CPU_X64   -c -o crypto/asn1/tasn_utl.o crypto/asn1/tasn_utl.c
#14 11.55 gcc -std=gnu11 -ggdb -gdwarf-4 -gstrict-dwarf -ffreestanding -fmacro-prefix-map=/shim/= -fno-stack-protector -fno-strict-aliasing -fpic -fshort-wchar -nostdinc -m64 -mno-mmx -mno-sse -mno-red-zone -maccumulate-outgoing-args -Os -Wall -Wextra -Wno-missing-field-initializers -Wno-empty-body -Wno-implicit-fallthrough -Wno-old-style-declaration -Wno-unused-but-set-variable -Wno-unused-parameter -Werror -Wno-error=unused-but-set-variable -Wno-error=unused-parameter -I/shim/Cryptlib/OpenSSL -I/shim/Cryptlib -I/shim/Cryptlib/OpenSSL/Include/ -I/shim/Cryptlib/OpenSSL/crypto -I/shim/Cryptlib/Include -I/shim/gnu-efi/inc -I/shim/gnu-efi/inc/x86_64 -I/shim/gnu-efi/inc/protocol -I/shim/Cryptlib/OpenSSL/crypto/asn1 -I/shim/Cryptlib/OpenSSL/crypto/evp -I/shim/Cryptlib/OpenSSL/crypto/modes -I/shim/Cryptlib/OpenSSL/crypto/include -isystem /shim/include/system -isystem /usr/lib/gcc/x86_64-linux-gnu/14/include -DL_ENDIAN -D_CRT_SECURE_NO_DEPRECATE -D_CRT_NONSTDC_NO_DEPRECATE -DOPENSSL_SMALL_FOOTPRINT -DPEDANTIC -DMDE_CPU_X64   -c -o crypto/asn1/tasn_typ.o crypto/asn1/tasn_typ.c
#14 11.61 gcc -std=gnu11 -ggdb -gdwarf-4 -gstrict-dwarf -ffreestanding -fmacro-prefix-map=/shim/= -fno-stack-protector -fno-strict-aliasing -fpic -fshort-wchar -nostdinc -m64 -mno-mmx -mno-sse -mno-red-zone -maccumulate-outgoing-args -Os -Wall -Wextra -Wno-missing-field-initializers -Wno-empty-body -Wno-implicit-fallthrough -Wno-old-style-declaration -Wno-unused-but-set-variable -Wno-unused-parameter -Werror -Wno-error=unused-but-set-variable -Wno-error=unused-parameter -I/shim/Cryptlib/OpenSSL -I/shim/Cryptlib -I/shim/Cryptlib/OpenSSL/Include/ -I/shim/Cryptlib/OpenSSL/crypto -I/shim/Cryptlib/Include -I/shim/gnu-efi/inc -I/shim/gnu-efi/inc/x86_64 -I/shim/gnu-efi/inc/protocol -I/shim/Cryptlib/OpenSSL/crypto/asn1 -I/shim/Cryptlib/OpenSSL/crypto/evp -I/shim/Cryptlib/OpenSSL/crypto/modes -I/shim/Cryptlib/OpenSSL/crypto/include -isystem /shim/include/system -isystem /usr/lib/gcc/x86_64-linux-gnu/14/include -DL_ENDIAN -D_CRT_SECURE_NO_DEPRECATE -D_CRT_NONSTDC_NO_DEPRECATE -DOPENSSL_SMALL_FOOTPRINT -DPEDANTIC -DMDE_CPU_X64   -c -o crypto/asn1/tasn_prn.o crypto/asn1/tasn_prn.c
#14 11.65 gcc -std=gnu11 -ggdb -gdwarf-4 -gstrict-dwarf -ffreestanding -fmacro-prefix-map=/shim/= -fno-stack-protector -fno-strict-aliasing -fpic -fshort-wchar -nostdinc -m64 -mno-mmx -mno-sse -mno-red-zone -maccumulate-outgoing-args -Os -Wall -Wextra -Wno-missing-field-initializers -Wno-empty-body -Wno-implicit-fallthrough -Wno-old-style-declaration -Wno-unused-but-set-variable -Wno-unused-parameter -Werror -Wno-error=unused-but-set-variable -Wno-error=unused-parameter -I/shim/Cryptlib/OpenSSL -I/shim/Cryptlib -I/shim/Cryptlib/OpenSSL/Include/ -I/shim/Cryptlib/OpenSSL/crypto -I/shim/Cryptlib/Include -I/shim/gnu-efi/inc -I/shim/gnu-efi/inc/x86_64 -I/shim/gnu-efi/inc/protocol -I/shim/Cryptlib/OpenSSL/crypto/asn1 -I/shim/Cryptlib/OpenSSL/crypto/evp -I/shim/Cryptlib/OpenSSL/crypto/modes -I/shim/Cryptlib/OpenSSL/crypto/include -isystem /shim/include/system -isystem /usr/lib/gcc/x86_64-linux-gnu/14/include -DL_ENDIAN -D_CRT_SECURE_NO_DEPRECATE -D_CRT_NONSTDC_NO_DEPRECATE -DOPENSSL_SMALL_FOOTPRINT -DPEDANTIC -DMDE_CPU_X64   -c -o crypto/asn1/ameth_lib.o crypto/asn1/ameth_lib.c
#14 11.66 gcc -std=gnu11 -ggdb -gdwarf-4 -gstrict-dwarf -ffreestanding -fmacro-prefix-map=/shim/= -fno-stack-protector -fno-strict-aliasing -fpic -fshort-wchar -nostdinc -m64 -mno-mmx -mno-sse -mno-red-zone -maccumulate-outgoing-args -Os -Wall -Wextra -Wno-missing-field-initializers -Wno-empty-body -Wno-implicit-fallthrough -Wno-old-style-declaration -Wno-unused-but-set-variable -Wno-unused-parameter -Werror -Wno-error=unused-but-set-variable -Wno-error=unused-parameter -I/shim/Cryptlib/OpenSSL -I/shim/Cryptlib -I/shim/Cryptlib/OpenSSL/Include/ -I/shim/Cryptlib/OpenSSL/crypto -I/shim/Cryptlib/Include -I/shim/gnu-efi/inc -I/shim/gnu-efi/inc/x86_64 -I/shim/gnu-efi/inc/protocol -I/shim/Cryptlib/OpenSSL/crypto/asn1 -I/shim/Cryptlib/OpenSSL/crypto/evp -I/shim/Cryptlib/OpenSSL/crypto/modes -I/shim/Cryptlib/OpenSSL/crypto/include -isystem /shim/include/system -isystem /usr/lib/gcc/x86_64-linux-gnu/14/include -DL_ENDIAN -D_CRT_SECURE_NO_DEPRECATE -D_CRT_NONSTDC_NO_DEPRECATE -DOPENSSL_SMALL_FOOTPRINT -DPEDANTIC -DMDE_CPU_X64   -c -o crypto/asn1/f_int.o crypto/asn1/f_int.c
#14 11.73 gcc -std=gnu11 -ggdb -gdwarf-4 -gstrict-dwarf -ffreestanding -fmacro-prefix-map=/shim/= -fno-stack-protector -fno-strict-aliasing -fpic -fshort-wchar -nostdinc -m64 -mno-mmx -mno-sse -mno-red-zone -maccumulate-outgoing-args -Os -Wall -Wextra -Wno-missing-field-initializers -Wno-empty-body -Wno-implicit-fallthrough -Wno-old-style-declaration -Wno-unused-but-set-variable -Wno-unused-parameter -Werror -Wno-error=unused-but-set-variable -Wno-error=unused-parameter -I/shim/Cryptlib/OpenSSL -I/shim/Cryptlib -I/shim/Cryptlib/OpenSSL/Include/ -I/shim/Cryptlib/OpenSSL/crypto -I/shim/Cryptlib/Include -I/shim/gnu-efi/inc -I/shim/gnu-efi/inc/x86_64 -I/shim/gnu-efi/inc/protocol -I/shim/Cryptlib/OpenSSL/crypto/asn1 -I/shim/Cryptlib/OpenSSL/crypto/evp -I/shim/Cryptlib/OpenSSL/crypto/modes -I/shim/Cryptlib/OpenSSL/crypto/include -isystem /shim/include/system -isystem /usr/lib/gcc/x86_64-linux-gnu/14/include -DL_ENDIAN -D_CRT_SECURE_NO_DEPRECATE -D_CRT_NONSTDC_NO_DEPRECATE -DOPENSSL_SMALL_FOOTPRINT -DPEDANTIC -DMDE_CPU_X64   -c -o crypto/asn1/f_string.o crypto/asn1/f_string.c
#14 11.75 gcc -std=gnu11 -ggdb -gdwarf-4 -gstrict-dwarf -ffreestanding -fmacro-prefix-map=/shim/= -fno-stack-protector -fno-strict-aliasing -fpic -fshort-wchar -nostdinc -m64 -mno-mmx -mno-sse -mno-red-zone -maccumulate-outgoing-args -Os -Wall -Wextra -Wno-missing-field-initializers -Wno-empty-body -Wno-implicit-fallthrough -Wno-old-style-declaration -Wno-unused-but-set-variable -Wno-unused-parameter -Werror -Wno-error=unused-but-set-variable -Wno-error=unused-parameter -I/shim/Cryptlib/OpenSSL -I/shim/Cryptlib -I/shim/Cryptlib/OpenSSL/Include/ -I/shim/Cryptlib/OpenSSL/crypto -I/shim/Cryptlib/Include -I/shim/gnu-efi/inc -I/shim/gnu-efi/inc/x86_64 -I/shim/gnu-efi/inc/protocol -I/shim/Cryptlib/OpenSSL/crypto/asn1 -I/shim/Cryptlib/OpenSSL/crypto/evp -I/shim/Cryptlib/OpenSSL/crypto/modes -I/shim/Cryptlib/OpenSSL/crypto/include -isystem /shim/include/system -isystem /usr/lib/gcc/x86_64-linux-gnu/14/include -DL_ENDIAN -D_CRT_SECURE_NO_DEPRECATE -D_CRT_NONSTDC_NO_DEPRECATE -DOPENSSL_SMALL_FOOTPRINT -DPEDANTIC -DMDE_CPU_X64   -c -o crypto/asn1/n_pkey.o crypto/asn1/n_pkey.c
#14 11.78 gcc -std=gnu11 -ggdb -gdwarf-4 -gstrict-dwarf -ffreestanding -fmacro-prefix-map=/shim/= -fno-stack-protector -fno-strict-aliasing -fpic -fshort-wchar -nostdinc -m64 -mno-mmx -mno-sse -mno-red-zone -maccumulate-outgoing-args -Os -Wall -Wextra -Wno-missing-field-initializers -Wno-empty-body -Wno-implicit-fallthrough -Wno-old-style-declaration -Wno-unused-but-set-variable -Wno-unused-parameter -Werror -Wno-error=unused-but-set-variable -Wno-error=unused-parameter -I/shim/Cryptlib/OpenSSL -I/shim/Cryptlib -I/shim/Cryptlib/OpenSSL/Include/ -I/shim/Cryptlib/OpenSSL/crypto -I/shim/Cryptlib/Include -I/shim/gnu-efi/inc -I/shim/gnu-efi/inc/x86_64 -I/shim/gnu-efi/inc/protocol -I/shim/Cryptlib/OpenSSL/crypto/asn1 -I/shim/Cryptlib/OpenSSL/crypto/evp -I/shim/Cryptlib/OpenSSL/crypto/modes -I/shim/Cryptlib/OpenSSL/crypto/include -isystem /shim/include/system -isystem /usr/lib/gcc/x86_64-linux-gnu/14/include -DL_ENDIAN -D_CRT_SECURE_NO_DEPRECATE -D_CRT_NONSTDC_NO_DEPRECATE -DOPENSSL_SMALL_FOOTPRINT -DPEDANTIC -DMDE_CPU_X64   -c -o crypto/asn1/f_enum.o crypto/asn1/f_enum.c
#14 11.80 gcc -std=gnu11 -ggdb -gdwarf-4 -gstrict-dwarf -ffreestanding -fmacro-prefix-map=/shim/= -fno-stack-protector -fno-strict-aliasing -fpic -fshort-wchar -nostdinc -m64 -mno-mmx -mno-sse -mno-red-zone -maccumulate-outgoing-args -Os -Wall -Wextra -Wno-missing-field-initializers -Wno-empty-body -Wno-implicit-fallthrough -Wno-old-style-declaration -Wno-unused-but-set-variable -Wno-unused-parameter -Werror -Wno-error=unused-but-set-variable -Wno-error=unused-parameter -I/shim/Cryptlib/OpenSSL -I/shim/Cryptlib -I/shim/Cryptlib/OpenSSL/Include/ -I/shim/Cryptlib/OpenSSL/crypto -I/shim/Cryptlib/Include -I/shim/gnu-efi/inc -I/shim/gnu-efi/inc/x86_64 -I/shim/gnu-efi/inc/protocol -I/shim/Cryptlib/OpenSSL/crypto/asn1 -I/shim/Cryptlib/OpenSSL/crypto/evp -I/shim/Cryptlib/OpenSSL/crypto/modes -I/shim/Cryptlib/OpenSSL/crypto/include -isystem /shim/include/system -isystem /usr/lib/gcc/x86_64-linux-gnu/14/include -DL_ENDIAN -D_CRT_SECURE_NO_DEPRECATE -D_CRT_NONSTDC_NO_DEPRECATE -DOPENSSL_SMALL_FOOTPRINT -DPEDANTIC -DMDE_CPU_X64   -c -o crypto/asn1/x_pkey.o crypto/asn1/x_pkey.c
#14 11.85 gcc -std=gnu11 -ggdb -gdwarf-4 -gstrict-dwarf -ffreestanding -fmacro-prefix-map=/shim/= -fno-stack-protector -fno-strict-aliasing -fpic -fshort-wchar -nostdinc -m64 -mno-mmx -mno-sse -mno-red-zone -maccumulate-outgoing-args -Os -Wall -Wextra -Wno-missing-field-initializers -Wno-empty-body -Wno-implicit-fallthrough -Wno-old-style-declaration -Wno-unused-but-set-variable -Wno-unused-parameter -Werror -Wno-error=unused-but-set-variable -Wno-error=unused-parameter -I/shim/Cryptlib/OpenSSL -I/shim/Cryptlib -I/shim/Cryptlib/OpenSSL/Include/ -I/shim/Cryptlib/OpenSSL/crypto -I/shim/Cryptlib/Include -I/shim/gnu-efi/inc -I/shim/gnu-efi/inc/x86_64 -I/shim/gnu-efi/inc/protocol -I/shim/Cryptlib/OpenSSL/crypto/asn1 -I/shim/Cryptlib/OpenSSL/crypto/evp -I/shim/Cryptlib/OpenSSL/crypto/modes -I/shim/Cryptlib/OpenSSL/crypto/include -isystem /shim/include/system -isystem /usr/lib/gcc/x86_64-linux-gnu/14/include -DL_ENDIAN -D_CRT_SECURE_NO_DEPRECATE -D_CRT_NONSTDC_NO_DEPRECATE -DOPENSSL_SMALL_FOOTPRINT -DPEDANTIC -DMDE_CPU_X64   -c -o crypto/asn1/a_bool.o crypto/asn1/a_bool.c
#14 11.86 gcc -std=gnu11 -ggdb -gdwarf-4 -gstrict-dwarf -ffreestanding -fmacro-prefix-map=/shim/= -fno-stack-protector -fno-strict-aliasing -fpic -fshort-wchar -nostdinc -m64 -mno-mmx -mno-sse -mno-red-zone -maccumulate-outgoing-args -Os -Wall -Wextra -Wno-missing-field-initializers -Wno-empty-body -Wno-implicit-fallthrough -Wno-old-style-declaration -Wno-unused-but-set-variable -Wno-unused-parameter -Werror -Wno-error=unused-but-set-variable -Wno-error=unused-parameter -I/shim/Cryptlib/OpenSSL -I/shim/Cryptlib -I/shim/Cryptlib/OpenSSL/Include/ -I/shim/Cryptlib/OpenSSL/crypto -I/shim/Cryptlib/Include -I/shim/gnu-efi/inc -I/shim/gnu-efi/inc/x86_64 -I/shim/gnu-efi/inc/protocol -I/shim/Cryptlib/OpenSSL/crypto/asn1 -I/shim/Cryptlib/OpenSSL/crypto/evp -I/shim/Cryptlib/OpenSSL/crypto/modes -I/shim/Cryptlib/OpenSSL/crypto/include -isystem /shim/include/system -isystem /usr/lib/gcc/x86_64-linux-gnu/14/include -DL_ENDIAN -D_CRT_SECURE_NO_DEPRECATE -D_CRT_NONSTDC_NO_DEPRECATE -DOPENSSL_SMALL_FOOTPRINT -DPEDANTIC -DMDE_CPU_X64   -c -o crypto/asn1/x_exten.o crypto/asn1/x_exten.c
#14 11.86 gcc -std=gnu11 -ggdb -gdwarf-4 -gstrict-dwarf -ffreestanding -fmacro-prefix-map=/shim/= -fno-stack-protector -fno-strict-aliasing -fpic -fshort-wchar -nostdinc -m64 -mno-mmx -mno-sse -mno-red-zone -maccumulate-outgoing-args -Os -Wall -Wextra -Wno-missing-field-initializers -Wno-empty-body -Wno-implicit-fallthrough -Wno-old-style-declaration -Wno-unused-but-set-variable -Wno-unused-parameter -Werror -Wno-error=unused-but-set-variable -Wno-error=unused-parameter -I/shim/Cryptlib/OpenSSL -I/shim/Cryptlib -I/shim/Cryptlib/OpenSSL/Include/ -I/shim/Cryptlib/OpenSSL/crypto -I/shim/Cryptlib/Include -I/shim/gnu-efi/inc -I/shim/gnu-efi/inc/x86_64 -I/shim/gnu-efi/inc/protocol -I/shim/Cryptlib/OpenSSL/crypto/asn1 -I/shim/Cryptlib/OpenSSL/crypto/evp -I/shim/Cryptlib/OpenSSL/crypto/modes -I/shim/Cryptlib/OpenSSL/crypto/include -isystem /shim/include/system -isystem /usr/lib/gcc/x86_64-linux-gnu/14/include -DL_ENDIAN -D_CRT_SECURE_NO_DEPRECATE -D_CRT_NONSTDC_NO_DEPRECATE -DOPENSSL_SMALL_FOOTPRINT -DPEDANTIC -DMDE_CPU_X64   -c -o crypto/asn1/bio_asn1.o crypto/asn1/bio_asn1.c
#14 11.88 gcc -std=gnu11 -ggdb -gdwarf-4 -gstrict-dwarf -ffreestanding -fmacro-prefix-map=/shim/= -fno-stack-protector -fno-strict-aliasing -fpic -fshort-wchar -nostdinc -m64 -mno-mmx -mno-sse -mno-red-zone -maccumulate-outgoing-args -Os -Wall -Wextra -Wno-missing-field-initializers -Wno-empty-body -Wno-implicit-fallthrough -Wno-old-style-declaration -Wno-unused-but-set-variable -Wno-unused-parameter -Werror -Wno-error=unused-but-set-variable -Wno-error=unused-parameter -I/shim/Cryptlib/OpenSSL -I/shim/Cryptlib -I/shim/Cryptlib/OpenSSL/Include/ -I/shim/Cryptlib/OpenSSL/crypto -I/shim/Cryptlib/Include -I/shim/gnu-efi/inc -I/shim/gnu-efi/inc/x86_64 -I/shim/gnu-efi/inc/protocol -I/shim/Cryptlib/OpenSSL/crypto/asn1 -I/shim/Cryptlib/OpenSSL/crypto/evp -I/shim/Cryptlib/OpenSSL/crypto/modes -I/shim/Cryptlib/OpenSSL/crypto/include -isystem /shim/include/system -isystem /usr/lib/gcc/x86_64-linux-gnu/14/include -DL_ENDIAN -D_CRT_SECURE_NO_DEPRECATE -D_CRT_NONSTDC_NO_DEPRECATE -DOPENSSL_SMALL_FOOTPRINT -DPEDANTIC -DMDE_CPU_X64   -c -o crypto/asn1/bio_ndef.o crypto/asn1/bio_ndef.c
#14 11.91 gcc -std=gnu11 -ggdb -gdwarf-4 -gstrict-dwarf -ffreestanding -fmacro-prefix-map=/shim/= -fno-stack-protector -fno-strict-aliasing -fpic -fshort-wchar -nostdinc -m64 -mno-mmx -mno-sse -mno-red-zone -maccumulate-outgoing-args -Os -Wall -Wextra -Wno-missing-field-initializers -Wno-empty-body -Wno-implicit-fallthrough -Wno-old-style-declaration -Wno-unused-but-set-variable -Wno-unused-parameter -Werror -Wno-error=unused-but-set-variable -Wno-error=unused-parameter -I/shim/Cryptlib/OpenSSL -I/shim/Cryptlib -I/shim/Cryptlib/OpenSSL/Include/ -I/shim/Cryptlib/OpenSSL/crypto -I/shim/Cryptlib/Include -I/shim/gnu-efi/inc -I/shim/gnu-efi/inc/x86_64 -I/shim/gnu-efi/inc/protocol -I/shim/Cryptlib/OpenSSL/crypto/asn1 -I/shim/Cryptlib/OpenSSL/crypto/evp -I/shim/Cryptlib/OpenSSL/crypto/modes -I/shim/Cryptlib/OpenSSL/crypto/include -isystem /shim/include/system -isystem /usr/lib/gcc/x86_64-linux-gnu/14/include -DL_ENDIAN -D_CRT_SECURE_NO_DEPRECATE -D_CRT_NONSTDC_NO_DEPRECATE -DOPENSSL_SMALL_FOOTPRINT -DPEDANTIC -DMDE_CPU_X64   -c -o crypto/asn1/asn_mime.o crypto/asn1/asn_mime.c
#14 11.94 gcc -std=gnu11 -ggdb -gdwarf-4 -gstrict-dwarf -ffreestanding -fmacro-prefix-map=/shim/= -fno-stack-protector -fno-strict-aliasing -fpic -fshort-wchar -nostdinc -m64 -mno-mmx -mno-sse -mno-red-zone -maccumulate-outgoing-args -Os -Wall -Wextra -Wno-missing-field-initializers -Wno-empty-body -Wno-implicit-fallthrough -Wno-old-style-declaration -Wno-unused-but-set-variable -Wno-unused-parameter -Werror -Wno-error=unused-but-set-variable -Wno-error=unused-parameter -I/shim/Cryptlib/OpenSSL -I/shim/Cryptlib -I/shim/Cryptlib/OpenSSL/Include/ -I/shim/Cryptlib/OpenSSL/crypto -I/shim/Cryptlib/Include -I/shim/gnu-efi/inc -I/shim/gnu-efi/inc/x86_64 -I/shim/gnu-efi/inc/protocol -I/shim/Cryptlib/OpenSSL/crypto/asn1 -I/shim/Cryptlib/OpenSSL/crypto/evp -I/shim/Cryptlib/OpenSSL/crypto/modes -I/shim/Cryptlib/OpenSSL/crypto/include -isystem /shim/include/system -isystem /usr/lib/gcc/x86_64-linux-gnu/14/include -DL_ENDIAN -D_CRT_SECURE_NO_DEPRECATE -D_CRT_NONSTDC_NO_DEPRECATE -DOPENSSL_SMALL_FOOTPRINT -DPEDANTIC -DMDE_CPU_X64   -c -o crypto/asn1/asn1_gen.o crypto/asn1/asn1_gen.c
#14 11.95 gcc -std=gnu11 -ggdb -gdwarf-4 -gstrict-dwarf -ffreestanding -fmacro-prefix-map=/shim/= -fno-stack-protector -fno-strict-aliasing -fpic -fshort-wchar -nostdinc -m64 -mno-mmx -mno-sse -mno-red-zone -maccumulate-outgoing-args -Os -Wall -Wextra -Wno-missing-field-initializers -Wno-empty-body -Wno-implicit-fallthrough -Wno-old-style-declaration -Wno-unused-but-set-variable -Wno-unused-parameter -Werror -Wno-error=unused-but-set-variable -Wno-error=unused-parameter -I/shim/Cryptlib/OpenSSL -I/shim/Cryptlib -I/shim/Cryptlib/OpenSSL/Include/ -I/shim/Cryptlib/OpenSSL/crypto -I/shim/Cryptlib/Include -I/shim/gnu-efi/inc -I/shim/gnu-efi/inc/x86_64 -I/shim/gnu-efi/inc/protocol -I/shim/Cryptlib/OpenSSL/crypto/asn1 -I/shim/Cryptlib/OpenSSL/crypto/evp -I/shim/Cryptlib/OpenSSL/crypto/modes -I/shim/Cryptlib/OpenSSL/crypto/include -isystem /shim/include/system -isystem /usr/lib/gcc/x86_64-linux-gnu/14/include -DL_ENDIAN -D_CRT_SECURE_NO_DEPRECATE -D_CRT_NONSTDC_NO_DEPRECATE -DOPENSSL_SMALL_FOOTPRINT -DPEDANTIC -DMDE_CPU_X64   -c -o crypto/asn1/asn1_par.o crypto/asn1/asn1_par.c
#14 11.97 gcc -std=gnu11 -ggdb -gdwarf-4 -gstrict-dwarf -ffreestanding -fmacro-prefix-map=/shim/= -fno-stack-protector -fno-strict-aliasing -fpic -fshort-wchar -nostdinc -m64 -mno-mmx -mno-sse -mno-red-zone -maccumulate-outgoing-args -Os -Wall -Wextra -Wno-missing-field-initializers -Wno-empty-body -Wno-implicit-fallthrough -Wno-old-style-declaration -Wno-unused-but-set-variable -Wno-unused-parameter -Werror -Wno-error=unused-but-set-variable -Wno-error=unused-parameter -I/shim/Cryptlib/OpenSSL -I/shim/Cryptlib -I/shim/Cryptlib/OpenSSL/Include/ -I/shim/Cryptlib/OpenSSL/crypto -I/shim/Cryptlib/Include -I/shim/gnu-efi/inc -I/shim/gnu-efi/inc/x86_64 -I/shim/gnu-efi/inc/protocol -I/shim/Cryptlib/OpenSSL/crypto/asn1 -I/shim/Cryptlib/OpenSSL/crypto/evp -I/shim/Cryptlib/OpenSSL/crypto/modes -I/shim/Cryptlib/OpenSSL/crypto/include -isystem /shim/include/system -isystem /usr/lib/gcc/x86_64-linux-gnu/14/include -DL_ENDIAN -D_CRT_SECURE_NO_DEPRECATE -D_CRT_NONSTDC_NO_DEPRECATE -DOPENSSL_SMALL_FOOTPRINT -DPEDANTIC -DMDE_CPU_X64   -c -o crypto/asn1/asn1_lib.o crypto/asn1/asn1_lib.c
#14 12.09 gcc -std=gnu11 -ggdb -gdwarf-4 -gstrict-dwarf -ffreestanding -fmacro-prefix-map=/shim/= -fno-stack-protector -fno-strict-aliasing -fpic -fshort-wchar -nostdinc -m64 -mno-mmx -mno-sse -mno-red-zone -maccumulate-outgoing-args -Os -Wall -Wextra -Wno-missing-field-initializers -Wno-empty-body -Wno-implicit-fallthrough -Wno-old-style-declaration -Wno-unused-but-set-variable -Wno-unused-parameter -Werror -Wno-error=unused-but-set-variable -Wno-error=unused-parameter -I/shim/Cryptlib/OpenSSL -I/shim/Cryptlib -I/shim/Cryptlib/OpenSSL/Include/ -I/shim/Cryptlib/OpenSSL/crypto -I/shim/Cryptlib/Include -I/shim/gnu-efi/inc -I/shim/gnu-efi/inc/x86_64 -I/shim/gnu-efi/inc/protocol -I/shim/Cryptlib/OpenSSL/crypto/asn1 -I/shim/Cryptlib/OpenSSL/crypto/evp -I/shim/Cryptlib/OpenSSL/crypto/modes -I/shim/Cryptlib/OpenSSL/crypto/include -isystem /shim/include/system -isystem /usr/lib/gcc/x86_64-linux-gnu/14/include -DL_ENDIAN -D_CRT_SECURE_NO_DEPRECATE -D_CRT_NONSTDC_NO_DEPRECATE -DOPENSSL_SMALL_FOOTPRINT -DPEDANTIC -DMDE_CPU_X64   -c -o crypto/asn1/asn1_err.o crypto/asn1/asn1_err.c
#14 12.10 gcc -std=gnu11 -ggdb -gdwarf-4 -gstrict-dwarf -ffreestanding -fmacro-prefix-map=/shim/= -fno-stack-protector -fno-strict-aliasing -fpic -fshort-wchar -nostdinc -m64 -mno-mmx -mno-sse -mno-red-zone -maccumulate-outgoing-args -Os -Wall -Wextra -Wno-missing-field-initializers -Wno-empty-body -Wno-implicit-fallthrough -Wno-old-style-declaration -Wno-unused-but-set-variable -Wno-unused-parameter -Werror -Wno-error=unused-but-set-variable -Wno-error=unused-parameter -I/shim/Cryptlib/OpenSSL -I/shim/Cryptlib -I/shim/Cryptlib/OpenSSL/Include/ -I/shim/Cryptlib/OpenSSL/crypto -I/shim/Cryptlib/Include -I/shim/gnu-efi/inc -I/shim/gnu-efi/inc/x86_64 -I/shim/gnu-efi/inc/protocol -I/shim/Cryptlib/OpenSSL/crypto/asn1 -I/shim/Cryptlib/OpenSSL/crypto/evp -I/shim/Cryptlib/OpenSSL/crypto/modes -I/shim/Cryptlib/OpenSSL/crypto/include -isystem /shim/include/system -isystem /usr/lib/gcc/x86_64-linux-gnu/14/include -DL_ENDIAN -D_CRT_SECURE_NO_DEPRECATE -D_CRT_NONSTDC_NO_DEPRECATE -DOPENSSL_SMALL_FOOTPRINT -DPEDANTIC -DMDE_CPU_X64   -c -o crypto/asn1/a_bytes.o crypto/asn1/a_bytes.c
#14 12.10 gcc -std=gnu11 -ggdb -gdwarf-4 -gstrict-dwarf -ffreestanding -fmacro-prefix-map=/shim/= -fno-stack-protector -fno-strict-aliasing -fpic -fshort-wchar -nostdinc -m64 -mno-mmx -mno-sse -mno-red-zone -maccumulate-outgoing-args -Os -Wall -Wextra -Wno-missing-field-initializers -Wno-empty-body -Wno-implicit-fallthrough -Wno-old-style-declaration -Wno-unused-but-set-variable -Wno-unused-parameter -Werror -Wno-error=unused-but-set-variable -Wno-error=unused-parameter -I/shim/Cryptlib/OpenSSL -I/shim/Cryptlib -I/shim/Cryptlib/OpenSSL/Include/ -I/shim/Cryptlib/OpenSSL/crypto -I/shim/Cryptlib/Include -I/shim/gnu-efi/inc -I/shim/gnu-efi/inc/x86_64 -I/shim/gnu-efi/inc/protocol -I/shim/Cryptlib/OpenSSL/crypto/asn1 -I/shim/Cryptlib/OpenSSL/crypto/evp -I/shim/Cryptlib/OpenSSL/crypto/modes -I/shim/Cryptlib/OpenSSL/crypto/include -isystem /shim/include/system -isystem /usr/lib/gcc/x86_64-linux-gnu/14/include -DL_ENDIAN -D_CRT_SECURE_NO_DEPRECATE -D_CRT_NONSTDC_NO_DEPRECATE -DOPENSSL_SMALL_FOOTPRINT -DPEDANTIC -DMDE_CPU_X64   -c -o crypto/asn1/a_strnid.o crypto/asn1/a_strnid.c
#14 12.13 gcc -std=gnu11 -ggdb -gdwarf-4 -gstrict-dwarf -ffreestanding -fmacro-prefix-map=/shim/= -fno-stack-protector -fno-strict-aliasing -fpic -fshort-wchar -nostdinc -m64 -mno-mmx -mno-sse -mno-red-zone -maccumulate-outgoing-args -Os -Wall -Wextra -Wno-missing-field-initializers -Wno-empty-body -Wno-implicit-fallthrough -Wno-old-style-declaration -Wno-unused-but-set-variable -Wno-unused-parameter -Werror -Wno-error=unused-but-set-variable -Wno-error=unused-parameter -I/shim/Cryptlib/OpenSSL -I/shim/Cryptlib -I/shim/Cryptlib/OpenSSL/Include/ -I/shim/Cryptlib/OpenSSL/crypto -I/shim/Cryptlib/Include -I/shim/gnu-efi/inc -I/shim/gnu-efi/inc/x86_64 -I/shim/gnu-efi/inc/protocol -I/shim/Cryptlib/OpenSSL/crypto/asn1 -I/shim/Cryptlib/OpenSSL/crypto/evp -I/shim/Cryptlib/OpenSSL/crypto/modes -I/shim/Cryptlib/OpenSSL/crypto/include -isystem /shim/include/system -isystem /usr/lib/gcc/x86_64-linux-gnu/14/include -DL_ENDIAN -D_CRT_SECURE_NO_DEPRECATE -D_CRT_NONSTDC_NO_DEPRECATE -DOPENSSL_SMALL_FOOTPRINT -DPEDANTIC -DMDE_CPU_X64   -c -o crypto/asn1/evp_asn1.o crypto/asn1/evp_asn1.c
#14 12.17 gcc -std=gnu11 -ggdb -gdwarf-4 -gstrict-dwarf -ffreestanding -fmacro-prefix-map=/shim/= -fno-stack-protector -fno-strict-aliasing -fpic -fshort-wchar -nostdinc -m64 -mno-mmx -mno-sse -mno-red-zone -maccumulate-outgoing-args -Os -Wall -Wextra -Wno-missing-field-initializers -Wno-empty-body -Wno-implicit-fallthrough -Wno-old-style-declaration -Wno-unused-but-set-variable -Wno-unused-parameter -Werror -Wno-error=unused-but-set-variable -Wno-error=unused-parameter -I/shim/Cryptlib/OpenSSL -I/shim/Cryptlib -I/shim/Cryptlib/OpenSSL/Include/ -I/shim/Cryptlib/OpenSSL/crypto -I/shim/Cryptlib/Include -I/shim/gnu-efi/inc -I/shim/gnu-efi/inc/x86_64 -I/shim/gnu-efi/inc/protocol -I/shim/Cryptlib/OpenSSL/crypto/asn1 -I/shim/Cryptlib/OpenSSL/crypto/evp -I/shim/Cryptlib/OpenSSL/crypto/modes -I/shim/Cryptlib/OpenSSL/crypto/include -isystem /shim/include/system -isystem /usr/lib/gcc/x86_64-linux-gnu/14/include -DL_ENDIAN -D_CRT_SECURE_NO_DEPRECATE -D_CRT_NONSTDC_NO_DEPRECATE -DOPENSSL_SMALL_FOOTPRINT -DPEDANTIC -DMDE_CPU_X64   -c -o crypto/asn1/asn_pack.o crypto/asn1/asn_pack.c
#14 12.18 gcc -std=gnu11 -ggdb -gdwarf-4 -gstrict-dwarf -ffreestanding -fmacro-prefix-map=/shim/= -fno-stack-protector -fno-strict-aliasing -fpic -fshort-wchar -nostdinc -m64 -mno-mmx -mno-sse -mno-red-zone -maccumulate-outgoing-args -Os -Wall -Wextra -Wno-missing-field-initializers -Wno-empty-body -Wno-implicit-fallthrough -Wno-old-style-declaration -Wno-unused-but-set-variable -Wno-unused-parameter -Werror -Wno-error=unused-but-set-variable -Wno-error=unused-parameter -I/shim/Cryptlib/OpenSSL -I/shim/Cryptlib -I/shim/Cryptlib/OpenSSL/Include/ -I/shim/Cryptlib/OpenSSL/crypto -I/shim/Cryptlib/Include -I/shim/gnu-efi/inc -I/shim/gnu-efi/inc/x86_64 -I/shim/gnu-efi/inc/protocol -I/shim/Cryptlib/OpenSSL/crypto/asn1 -I/shim/Cryptlib/OpenSSL/crypto/evp -I/shim/Cryptlib/OpenSSL/crypto/modes -I/shim/Cryptlib/OpenSSL/crypto/include -isystem /shim/include/system -isystem /usr/lib/gcc/x86_64-linux-gnu/14/include -DL_ENDIAN -D_CRT_SECURE_NO_DEPRECATE -D_CRT_NONSTDC_NO_DEPRECATE -DOPENSSL_SMALL_FOOTPRINT -DPEDANTIC -DMDE_CPU_X64   -c -o crypto/asn1/p5_pbe.o crypto/asn1/p5_pbe.c
#14 12.22 gcc -std=gnu11 -ggdb -gdwarf-4 -gstrict-dwarf -ffreestanding -fmacro-prefix-map=/shim/= -fno-stack-protector -fno-strict-aliasing -fpic -fshort-wchar -nostdinc -m64 -mno-mmx -mno-sse -mno-red-zone -maccumulate-outgoing-args -Os -Wall -Wextra -Wno-missing-field-initializers -Wno-empty-body -Wno-implicit-fallthrough -Wno-old-style-declaration -Wno-unused-but-set-variable -Wno-unused-parameter -Werror -Wno-error=unused-but-set-variable -Wno-error=unused-parameter -I/shim/Cryptlib/OpenSSL -I/shim/Cryptlib -I/shim/Cryptlib/OpenSSL/Include/ -I/shim/Cryptlib/OpenSSL/crypto -I/shim/Cryptlib/Include -I/shim/gnu-efi/inc -I/shim/gnu-efi/inc/x86_64 -I/shim/gnu-efi/inc/protocol -I/shim/Cryptlib/OpenSSL/crypto/asn1 -I/shim/Cryptlib/OpenSSL/crypto/evp -I/shim/Cryptlib/OpenSSL/crypto/modes -I/shim/Cryptlib/OpenSSL/crypto/include -isystem /shim/include/system -isystem /usr/lib/gcc/x86_64-linux-gnu/14/include -DL_ENDIAN -D_CRT_SECURE_NO_DEPRECATE -D_CRT_NONSTDC_NO_DEPRECATE -DOPENSSL_SMALL_FOOTPRINT -DPEDANTIC -DMDE_CPU_X64   -c -o crypto/asn1/p5_pbev2.o crypto/asn1/p5_pbev2.c
#14 12.25 gcc -std=gnu11 -ggdb -gdwarf-4 -gstrict-dwarf -ffreestanding -fmacro-prefix-map=/shim/= -fno-stack-protector -fno-strict-aliasing -fpic -fshort-wchar -nostdinc -m64 -mno-mmx -mno-sse -mno-red-zone -maccumulate-outgoing-args -Os -Wall -Wextra -Wno-missing-field-initializers -Wno-empty-body -Wno-implicit-fallthrough -Wno-old-style-declaration -Wno-unused-but-set-variable -Wno-unused-parameter -Werror -Wno-error=unused-but-set-variable -Wno-error=unused-parameter -I/shim/Cryptlib/OpenSSL -I/shim/Cryptlib -I/shim/Cryptlib/OpenSSL/Include/ -I/shim/Cryptlib/OpenSSL/crypto -I/shim/Cryptlib/Include -I/shim/gnu-efi/inc -I/shim/gnu-efi/inc/x86_64 -I/shim/gnu-efi/inc/protocol -I/shim/Cryptlib/OpenSSL/crypto/asn1 -I/shim/Cryptlib/OpenSSL/crypto/evp -I/shim/Cryptlib/OpenSSL/crypto/modes -I/shim/Cryptlib/OpenSSL/crypto/include -isystem /shim/include/system -isystem /usr/lib/gcc/x86_64-linux-gnu/14/include -DL_ENDIAN -D_CRT_SECURE_NO_DEPRECATE -D_CRT_NONSTDC_NO_DEPRECATE -DOPENSSL_SMALL_FOOTPRINT -DPEDANTIC -DMDE_CPU_X64   -c -o crypto/asn1/p8_pkey.o crypto/asn1/p8_pkey.c
#14 12.26 gcc -std=gnu11 -ggdb -gdwarf-4 -gstrict-dwarf -ffreestanding -fmacro-prefix-map=/shim/= -fno-stack-protector -fno-strict-aliasing -fpic -fshort-wchar -nostdinc -m64 -mno-mmx -mno-sse -mno-red-zone -maccumulate-outgoing-args -Os -Wall -Wextra -Wno-missing-field-initializers -Wno-empty-body -Wno-implicit-fallthrough -Wno-old-style-declaration -Wno-unused-but-set-variable -Wno-unused-parameter -Werror -Wno-error=unused-but-set-variable -Wno-error=unused-parameter -I/shim/Cryptlib/OpenSSL -I/shim/Cryptlib -I/shim/Cryptlib/OpenSSL/Include/ -I/shim/Cryptlib/OpenSSL/crypto -I/shim/Cryptlib/Include -I/shim/gnu-efi/inc -I/shim/gnu-efi/inc/x86_64 -I/shim/gnu-efi/inc/protocol -I/shim/Cryptlib/OpenSSL/crypto/asn1 -I/shim/Cryptlib/OpenSSL/crypto/evp -I/shim/Cryptlib/OpenSSL/crypto/modes -I/shim/Cryptlib/OpenSSL/crypto/include -isystem /shim/include/system -isystem /usr/lib/gcc/x86_64-linux-gnu/14/include -DL_ENDIAN -D_CRT_SECURE_NO_DEPRECATE -D_CRT_NONSTDC_NO_DEPRECATE -DOPENSSL_SMALL_FOOTPRINT -DPEDANTIC -DMDE_CPU_X64   -c -o crypto/asn1/asn_moid.o crypto/asn1/asn_moid.c
#14 12.26 gcc -std=gnu11 -ggdb -gdwarf-4 -gstrict-dwarf -ffreestanding -fmacro-prefix-map=/shim/= -fno-stack-protector -fno-strict-aliasing -fpic -fshort-wchar -nostdinc -m64 -mno-mmx -mno-sse -mno-red-zone -maccumulate-outgoing-args -Os -Wall -Wextra -Wno-missing-field-initializers -Wno-empty-body -Wno-implicit-fallthrough -Wno-old-style-declaration -Wno-unused-but-set-variable -Wno-unused-parameter -Werror -Wno-error=unused-but-set-variable -Wno-error=unused-parameter -I/shim/Cryptlib/OpenSSL -I/shim/Cryptlib -I/shim/Cryptlib/OpenSSL/Include/ -I/shim/Cryptlib/OpenSSL/crypto -I/shim/Cryptlib/Include -I/shim/gnu-efi/inc -I/shim/gnu-efi/inc/x86_64 -I/shim/gnu-efi/inc/protocol -I/shim/Cryptlib/OpenSSL/crypto/asn1 -I/shim/Cryptlib/OpenSSL/crypto/evp -I/shim/Cryptlib/OpenSSL/crypto/modes -I/shim/Cryptlib/OpenSSL/crypto/include -isystem /shim/include/system -isystem /usr/lib/gcc/x86_64-linux-gnu/14/include -DL_ENDIAN -D_CRT_SECURE_NO_DEPRECATE -D_CRT_NONSTDC_NO_DEPRECATE -DOPENSSL_SMALL_FOOTPRINT -DPEDANTIC -DMDE_CPU_X64   -c -o crypto/pem/pem_sign.o crypto/pem/pem_sign.c
#14 12.33 gcc -std=gnu11 -ggdb -gdwarf-4 -gstrict-dwarf -ffreestanding -fmacro-prefix-map=/shim/= -fno-stack-protector -fno-strict-aliasing -fpic -fshort-wchar -nostdinc -m64 -mno-mmx -mno-sse -mno-red-zone -maccumulate-outgoing-args -Os -Wall -Wextra -Wno-missing-field-initializers -Wno-empty-body -Wno-implicit-fallthrough -Wno-old-style-declaration -Wno-unused-but-set-variable -Wno-unused-parameter -Werror -Wno-error=unused-but-set-variable -Wno-error=unused-parameter -I/shim/Cryptlib/OpenSSL -I/shim/Cryptlib -I/shim/Cryptlib/OpenSSL/Include/ -I/shim/Cryptlib/OpenSSL/crypto -I/shim/Cryptlib/Include -I/shim/gnu-efi/inc -I/shim/gnu-efi/inc/x86_64 -I/shim/gnu-efi/inc/protocol -I/shim/Cryptlib/OpenSSL/crypto/asn1 -I/shim/Cryptlib/OpenSSL/crypto/evp -I/shim/Cryptlib/OpenSSL/crypto/modes -I/shim/Cryptlib/OpenSSL/crypto/include -isystem /shim/include/system -isystem /usr/lib/gcc/x86_64-linux-gnu/14/include -DL_ENDIAN -D_CRT_SECURE_NO_DEPRECATE -D_CRT_NONSTDC_NO_DEPRECATE -DOPENSSL_SMALL_FOOTPRINT -DPEDANTIC -DMDE_CPU_X64   -c -o crypto/pem/pem_seal.o crypto/pem/pem_seal.c
#14 12.34 gcc -std=gnu11 -ggdb -gdwarf-4 -gstrict-dwarf -ffreestanding -fmacro-prefix-map=/shim/= -fno-stack-protector -fno-strict-aliasing -fpic -fshort-wchar -nostdinc -m64 -mno-mmx -mno-sse -mno-red-zone -maccumulate-outgoing-args -Os -Wall -Wextra -Wno-missing-field-initializers -Wno-empty-body -Wno-implicit-fallthrough -Wno-old-style-declaration -Wno-unused-but-set-variable -Wno-unused-parameter -Werror -Wno-error=unused-but-set-variable -Wno-error=unused-parameter -I/shim/Cryptlib/OpenSSL -I/shim/Cryptlib -I/shim/Cryptlib/OpenSSL/Include/ -I/shim/Cryptlib/OpenSSL/crypto -I/shim/Cryptlib/Include -I/shim/gnu-efi/inc -I/shim/gnu-efi/inc/x86_64 -I/shim/gnu-efi/inc/protocol -I/shim/Cryptlib/OpenSSL/crypto/asn1 -I/shim/Cryptlib/OpenSSL/crypto/evp -I/shim/Cryptlib/OpenSSL/crypto/modes -I/shim/Cryptlib/OpenSSL/crypto/include -isystem /shim/include/system -isystem /usr/lib/gcc/x86_64-linux-gnu/14/include -DL_ENDIAN -D_CRT_SECURE_NO_DEPRECATE -D_CRT_NONSTDC_NO_DEPRECATE -DOPENSSL_SMALL_FOOTPRINT -DPEDANTIC -DMDE_CPU_X64   -c -o crypto/pem/pem_info.o crypto/pem/pem_info.c
#14 12.34 gcc -std=gnu11 -ggdb -gdwarf-4 -gstrict-dwarf -ffreestanding -fmacro-prefix-map=/shim/= -fno-stack-protector -fno-strict-aliasing -fpic -fshort-wchar -nostdinc -m64 -mno-mmx -mno-sse -mno-red-zone -maccumulate-outgoing-args -Os -Wall -Wextra -Wno-missing-field-initializers -Wno-empty-body -Wno-implicit-fallthrough -Wno-old-style-declaration -Wno-unused-but-set-variable -Wno-unused-parameter -Werror -Wno-error=unused-but-set-variable -Wno-error=unused-parameter -I/shim/Cryptlib/OpenSSL -I/shim/Cryptlib -I/shim/Cryptlib/OpenSSL/Include/ -I/shim/Cryptlib/OpenSSL/crypto -I/shim/Cryptlib/Include -I/shim/gnu-efi/inc -I/shim/gnu-efi/inc/x86_64 -I/shim/gnu-efi/inc/protocol -I/shim/Cryptlib/OpenSSL/crypto/asn1 -I/shim/Cryptlib/OpenSSL/crypto/evp -I/shim/Cryptlib/OpenSSL/crypto/modes -I/shim/Cryptlib/OpenSSL/crypto/include -isystem /shim/include/system -isystem /usr/lib/gcc/x86_64-linux-gnu/14/include -DL_ENDIAN -D_CRT_SECURE_NO_DEPRECATE -D_CRT_NONSTDC_NO_DEPRECATE -DOPENSSL_SMALL_FOOTPRINT -DPEDANTIC -DMDE_CPU_X64   -c -o crypto/pem/pem_lib.o crypto/pem/pem_lib.c
#14 12.36 gcc -std=gnu11 -ggdb -gdwarf-4 -gstrict-dwarf -ffreestanding -fmacro-prefix-map=/shim/= -fno-stack-protector -fno-strict-aliasing -fpic -fshort-wchar -nostdinc -m64 -mno-mmx -mno-sse -mno-red-zone -maccumulate-outgoing-args -Os -Wall -Wextra -Wno-missing-field-initializers -Wno-empty-body -Wno-implicit-fallthrough -Wno-old-style-declaration -Wno-unused-but-set-variable -Wno-unused-parameter -Werror -Wno-error=unused-but-set-variable -Wno-error=unused-parameter -I/shim/Cryptlib/OpenSSL -I/shim/Cryptlib -I/shim/Cryptlib/OpenSSL/Include/ -I/shim/Cryptlib/OpenSSL/crypto -I/shim/Cryptlib/Include -I/shim/gnu-efi/inc -I/shim/gnu-efi/inc/x86_64 -I/shim/gnu-efi/inc/protocol -I/shim/Cryptlib/OpenSSL/crypto/asn1 -I/shim/Cryptlib/OpenSSL/crypto/evp -I/shim/Cryptlib/OpenSSL/crypto/modes -I/shim/Cryptlib/OpenSSL/crypto/include -isystem /shim/include/system -isystem /usr/lib/gcc/x86_64-linux-gnu/14/include -DL_ENDIAN -D_CRT_SECURE_NO_DEPRECATE -D_CRT_NONSTDC_NO_DEPRECATE -DOPENSSL_SMALL_FOOTPRINT -DPEDANTIC -DMDE_CPU_X64   -c -o crypto/pem/pem_all.o crypto/pem/pem_all.c
#14 12.44 gcc -std=gnu11 -ggdb -gdwarf-4 -gstrict-dwarf -ffreestanding -fmacro-prefix-map=/shim/= -fno-stack-protector -fno-strict-aliasing -fpic -fshort-wchar -nostdinc -m64 -mno-mmx -mno-sse -mno-red-zone -maccumulate-outgoing-args -Os -Wall -Wextra -Wno-missing-field-initializers -Wno-empty-body -Wno-implicit-fallthrough -Wno-old-style-declaration -Wno-unused-but-set-variable -Wno-unused-parameter -Werror -Wno-error=unused-but-set-variable -Wno-error=unused-parameter -I/shim/Cryptlib/OpenSSL -I/shim/Cryptlib -I/shim/Cryptlib/OpenSSL/Include/ -I/shim/Cryptlib/OpenSSL/crypto -I/shim/Cryptlib/Include -I/shim/gnu-efi/inc -I/shim/gnu-efi/inc/x86_64 -I/shim/gnu-efi/inc/protocol -I/shim/Cryptlib/OpenSSL/crypto/asn1 -I/shim/Cryptlib/OpenSSL/crypto/evp -I/shim/Cryptlib/OpenSSL/crypto/modes -I/shim/Cryptlib/OpenSSL/crypto/include -isystem /shim/include/system -isystem /usr/lib/gcc/x86_64-linux-gnu/14/include -DL_ENDIAN -D_CRT_SECURE_NO_DEPRECATE -D_CRT_NONSTDC_NO_DEPRECATE -DOPENSSL_SMALL_FOOTPRINT -DPEDANTIC -DMDE_CPU_X64   -c -o crypto/pem/pem_err.o crypto/pem/pem_err.c
#14 12.45 gcc -std=gnu11 -ggdb -gdwarf-4 -gstrict-dwarf -ffreestanding -fmacro-prefix-map=/shim/= -fno-stack-protector -fno-strict-aliasing -fpic -fshort-wchar -nostdinc -m64 -mno-mmx -mno-sse -mno-red-zone -maccumulate-outgoing-args -Os -Wall -Wextra -Wno-missing-field-initializers -Wno-empty-body -Wno-implicit-fallthrough -Wno-old-style-declaration -Wno-unused-but-set-variable -Wno-unused-parameter -Werror -Wno-error=unused-but-set-variable -Wno-error=unused-parameter -I/shim/Cryptlib/OpenSSL -I/shim/Cryptlib -I/shim/Cryptlib/OpenSSL/Include/ -I/shim/Cryptlib/OpenSSL/crypto -I/shim/Cryptlib/Include -I/shim/gnu-efi/inc -I/shim/gnu-efi/inc/x86_64 -I/shim/gnu-efi/inc/protocol -I/shim/Cryptlib/OpenSSL/crypto/asn1 -I/shim/Cryptlib/OpenSSL/crypto/evp -I/shim/Cryptlib/OpenSSL/crypto/modes -I/shim/Cryptlib/OpenSSL/crypto/include -isystem /shim/include/system -isystem /usr/lib/gcc/x86_64-linux-gnu/14/include -DL_ENDIAN -D_CRT_SECURE_NO_DEPRECATE -D_CRT_NONSTDC_NO_DEPRECATE -DOPENSSL_SMALL_FOOTPRINT -DPEDANTIC -DMDE_CPU_X64   -c -o crypto/pem/pem_x509.o crypto/pem/pem_x509.c
#14 12.45 gcc -std=gnu11 -ggdb -gdwarf-4 -gstrict-dwarf -ffreestanding -fmacro-prefix-map=/shim/= -fno-stack-protector -fno-strict-aliasing -fpic -fshort-wchar -nostdinc -m64 -mno-mmx -mno-sse -mno-red-zone -maccumulate-outgoing-args -Os -Wall -Wextra -Wno-missing-field-initializers -Wno-empty-body -Wno-implicit-fallthrough -Wno-old-style-declaration -Wno-unused-but-set-variable -Wno-unused-parameter -Werror -Wno-error=unused-but-set-variable -Wno-error=unused-parameter -I/shim/Cryptlib/OpenSSL -I/shim/Cryptlib -I/shim/Cryptlib/OpenSSL/Include/ -I/shim/Cryptlib/OpenSSL/crypto -I/shim/Cryptlib/Include -I/shim/gnu-efi/inc -I/shim/gnu-efi/inc/x86_64 -I/shim/gnu-efi/inc/protocol -I/shim/Cryptlib/OpenSSL/crypto/asn1 -I/shim/Cryptlib/OpenSSL/crypto/evp -I/shim/Cryptlib/OpenSSL/crypto/modes -I/shim/Cryptlib/OpenSSL/crypto/include -isystem /shim/include/system -isystem /usr/lib/gcc/x86_64-linux-gnu/14/include -DL_ENDIAN -D_CRT_SECURE_NO_DEPRECATE -D_CRT_NONSTDC_NO_DEPRECATE -DOPENSSL_SMALL_FOOTPRINT -DPEDANTIC -DMDE_CPU_X64   -c -o crypto/pem/pem_xaux.o crypto/pem/pem_xaux.c
#14 12.49 gcc -std=gnu11 -ggdb -gdwarf-4 -gstrict-dwarf -ffreestanding -fmacro-prefix-map=/shim/= -fno-stack-protector -fno-strict-aliasing -fpic -fshort-wchar -nostdinc -m64 -mno-mmx -mno-sse -mno-red-zone -maccumulate-outgoing-args -Os -Wall -Wextra -Wno-missing-field-initializers -Wno-empty-body -Wno-implicit-fallthrough -Wno-old-style-declaration -Wno-unused-but-set-variable -Wno-unused-parameter -Werror -Wno-error=unused-but-set-variable -Wno-error=unused-parameter -I/shim/Cryptlib/OpenSSL -I/shim/Cryptlib -I/shim/Cryptlib/OpenSSL/Include/ -I/shim/Cryptlib/OpenSSL/crypto -I/shim/Cryptlib/Include -I/shim/gnu-efi/inc -I/shim/gnu-efi/inc/x86_64 -I/shim/gnu-efi/inc/protocol -I/shim/Cryptlib/OpenSSL/crypto/asn1 -I/shim/Cryptlib/OpenSSL/crypto/evp -I/shim/Cryptlib/OpenSSL/crypto/modes -I/shim/Cryptlib/OpenSSL/crypto/include -isystem /shim/include/system -isystem /usr/lib/gcc/x86_64-linux-gnu/14/include -DL_ENDIAN -D_CRT_SECURE_NO_DEPRECATE -D_CRT_NONSTDC_NO_DEPRECATE -DOPENSSL_SMALL_FOOTPRINT -DPEDANTIC -DMDE_CPU_X64   -c -o crypto/pem/pem_oth.o crypto/pem/pem_oth.c
#14 12.50 gcc -std=gnu11 -ggdb -gdwarf-4 -gstrict-dwarf -ffreestanding -fmacro-prefix-map=/shim/= -fno-stack-protector -fno-strict-aliasing -fpic -fshort-wchar -nostdinc -m64 -mno-mmx -mno-sse -mno-red-zone -maccumulate-outgoing-args -Os -Wall -Wextra -Wno-missing-field-initializers -Wno-empty-body -Wno-implicit-fallthrough -Wno-old-style-declaration -Wno-unused-but-set-variable -Wno-unused-parameter -Werror -Wno-error=unused-but-set-variable -Wno-error=unused-parameter -I/shim/Cryptlib/OpenSSL -I/shim/Cryptlib -I/shim/Cryptlib/OpenSSL/Include/ -I/shim/Cryptlib/OpenSSL/crypto -I/shim/Cryptlib/Include -I/shim/gnu-efi/inc -I/shim/gnu-efi/inc/x86_64 -I/shim/gnu-efi/inc/protocol -I/shim/Cryptlib/OpenSSL/crypto/asn1 -I/shim/Cryptlib/OpenSSL/crypto/evp -I/shim/Cryptlib/OpenSSL/crypto/modes -I/shim/Cryptlib/OpenSSL/crypto/include -isystem /shim/include/system -isystem /usr/lib/gcc/x86_64-linux-gnu/14/include -DL_ENDIAN -D_CRT_SECURE_NO_DEPRECATE -D_CRT_NONSTDC_NO_DEPRECATE -DOPENSSL_SMALL_FOOTPRINT -DPEDANTIC -DMDE_CPU_X64   -c -o crypto/pem/pem_pk8.o crypto/pem/pem_pk8.c
#14 12.51 gcc -std=gnu11 -ggdb -gdwarf-4 -gstrict-dwarf -ffreestanding -fmacro-prefix-map=/shim/= -fno-stack-protector -fno-strict-aliasing -fpic -fshort-wchar -nostdinc -m64 -mno-mmx -mno-sse -mno-red-zone -maccumulate-outgoing-args -Os -Wall -Wextra -Wno-missing-field-initializers -Wno-empty-body -Wno-implicit-fallthrough -Wno-old-style-declaration -Wno-unused-but-set-variable -Wno-unused-parameter -Werror -Wno-error=unused-but-set-variable -Wno-error=unused-parameter -I/shim/Cryptlib/OpenSSL -I/shim/Cryptlib -I/shim/Cryptlib/OpenSSL/Include/ -I/shim/Cryptlib/OpenSSL/crypto -I/shim/Cryptlib/Include -I/shim/gnu-efi/inc -I/shim/gnu-efi/inc/x86_64 -I/shim/gnu-efi/inc/protocol -I/shim/Cryptlib/OpenSSL/crypto/asn1 -I/shim/Cryptlib/OpenSSL/crypto/evp -I/shim/Cryptlib/OpenSSL/crypto/modes -I/shim/Cryptlib/OpenSSL/crypto/include -isystem /shim/include/system -isystem /usr/lib/gcc/x86_64-linux-gnu/14/include -DL_ENDIAN -D_CRT_SECURE_NO_DEPRECATE -D_CRT_NONSTDC_NO_DEPRECATE -DOPENSSL_SMALL_FOOTPRINT -DPEDANTIC -DMDE_CPU_X64   -c -o crypto/pem/pem_pkey.o crypto/pem/pem_pkey.c
#14 12.54 gcc -std=gnu11 -ggdb -gdwarf-4 -gstrict-dwarf -ffreestanding -fmacro-prefix-map=/shim/= -fno-stack-protector -fno-strict-aliasing -fpic -fshort-wchar -nostdinc -m64 -mno-mmx -mno-sse -mno-red-zone -maccumulate-outgoing-args -Os -Wall -Wextra -Wno-missing-field-initializers -Wno-empty-body -Wno-implicit-fallthrough -Wno-old-style-declaration -Wno-unused-but-set-variable -Wno-unused-parameter -Werror -Wno-error=unused-but-set-variable -Wno-error=unused-parameter -I/shim/Cryptlib/OpenSSL -I/shim/Cryptlib -I/shim/Cryptlib/OpenSSL/Include/ -I/shim/Cryptlib/OpenSSL/crypto -I/shim/Cryptlib/Include -I/shim/gnu-efi/inc -I/shim/gnu-efi/inc/x86_64 -I/shim/gnu-efi/inc/protocol -I/shim/Cryptlib/OpenSSL/crypto/asn1 -I/shim/Cryptlib/OpenSSL/crypto/evp -I/shim/Cryptlib/OpenSSL/crypto/modes -I/shim/Cryptlib/OpenSSL/crypto/include -isystem /shim/include/system -isystem /usr/lib/gcc/x86_64-linux-gnu/14/include -DL_ENDIAN -D_CRT_SECURE_NO_DEPRECATE -D_CRT_NONSTDC_NO_DEPRECATE -DOPENSSL_SMALL_FOOTPRINT -DPEDANTIC -DMDE_CPU_X64   -c -o crypto/pem/pvkfmt.o crypto/pem/pvkfmt.c
#14 12.55 gcc -std=gnu11 -ggdb -gdwarf-4 -gstrict-dwarf -ffreestanding -fmacro-prefix-map=/shim/= -fno-stack-protector -fno-strict-aliasing -fpic -fshort-wchar -nostdinc -m64 -mno-mmx -mno-sse -mno-red-zone -maccumulate-outgoing-args -Os -Wall -Wextra -Wno-missing-field-initializers -Wno-empty-body -Wno-implicit-fallthrough -Wno-old-style-declaration -Wno-unused-but-set-variable -Wno-unused-parameter -Werror -Wno-error=unused-but-set-variable -Wno-error=unused-parameter -I/shim/Cryptlib/OpenSSL -I/shim/Cryptlib -I/shim/Cryptlib/OpenSSL/Include/ -I/shim/Cryptlib/OpenSSL/crypto -I/shim/Cryptlib/Include -I/shim/gnu-efi/inc -I/shim/gnu-efi/inc/x86_64 -I/shim/gnu-efi/inc/protocol -I/shim/Cryptlib/OpenSSL/crypto/asn1 -I/shim/Cryptlib/OpenSSL/crypto/evp -I/shim/Cryptlib/OpenSSL/crypto/modes -I/shim/Cryptlib/OpenSSL/crypto/include -isystem /shim/include/system -isystem /usr/lib/gcc/x86_64-linux-gnu/14/include -DL_ENDIAN -D_CRT_SECURE_NO_DEPRECATE -D_CRT_NONSTDC_NO_DEPRECATE -DOPENSSL_SMALL_FOOTPRINT -DPEDANTIC -DMDE_CPU_X64   -c -o crypto/x509/x509_def.o crypto/x509/x509_def.c
#14 12.58 gcc -std=gnu11 -ggdb -gdwarf-4 -gstrict-dwarf -ffreestanding -fmacro-prefix-map=/shim/= -fno-stack-protector -fno-strict-aliasing -fpic -fshort-wchar -nostdinc -m64 -mno-mmx -mno-sse -mno-red-zone -maccumulate-outgoing-args -Os -Wall -Wextra -Wno-missing-field-initializers -Wno-empty-body -Wno-implicit-fallthrough -Wno-old-style-declaration -Wno-unused-but-set-variable -Wno-unused-parameter -Werror -Wno-error=unused-but-set-variable -Wno-error=unused-parameter -I/shim/Cryptlib/OpenSSL -I/shim/Cryptlib -I/shim/Cryptlib/OpenSSL/Include/ -I/shim/Cryptlib/OpenSSL/crypto -I/shim/Cryptlib/Include -I/shim/gnu-efi/inc -I/shim/gnu-efi/inc/x86_64 -I/shim/gnu-efi/inc/protocol -I/shim/Cryptlib/OpenSSL/crypto/asn1 -I/shim/Cryptlib/OpenSSL/crypto/evp -I/shim/Cryptlib/OpenSSL/crypto/modes -I/shim/Cryptlib/OpenSSL/crypto/include -isystem /shim/include/system -isystem /usr/lib/gcc/x86_64-linux-gnu/14/include -DL_ENDIAN -D_CRT_SECURE_NO_DEPRECATE -D_CRT_NONSTDC_NO_DEPRECATE -DOPENSSL_SMALL_FOOTPRINT -DPEDANTIC -DMDE_CPU_X64   -c -o crypto/x509/x509_d2.o crypto/x509/x509_d2.c
#14 12.59 gcc -std=gnu11 -ggdb -gdwarf-4 -gstrict-dwarf -ffreestanding -fmacro-prefix-map=/shim/= -fno-stack-protector -fno-strict-aliasing -fpic -fshort-wchar -nostdinc -m64 -mno-mmx -mno-sse -mno-red-zone -maccumulate-outgoing-args -Os -Wall -Wextra -Wno-missing-field-initializers -Wno-empty-body -Wno-implicit-fallthrough -Wno-old-style-declaration -Wno-unused-but-set-variable -Wno-unused-parameter -Werror -Wno-error=unused-but-set-variable -Wno-error=unused-parameter -I/shim/Cryptlib/OpenSSL -I/shim/Cryptlib -I/shim/Cryptlib/OpenSSL/Include/ -I/shim/Cryptlib/OpenSSL/crypto -I/shim/Cryptlib/Include -I/shim/gnu-efi/inc -I/shim/gnu-efi/inc/x86_64 -I/shim/gnu-efi/inc/protocol -I/shim/Cryptlib/OpenSSL/crypto/asn1 -I/shim/Cryptlib/OpenSSL/crypto/evp -I/shim/Cryptlib/OpenSSL/crypto/modes -I/shim/Cryptlib/OpenSSL/crypto/include -isystem /shim/include/system -isystem /usr/lib/gcc/x86_64-linux-gnu/14/include -DL_ENDIAN -D_CRT_SECURE_NO_DEPRECATE -D_CRT_NONSTDC_NO_DEPRECATE -DOPENSSL_SMALL_FOOTPRINT -DPEDANTIC -DMDE_CPU_X64   -c -o crypto/x509/x509_r2x.o crypto/x509/x509_r2x.c
#14 12.61 gcc -std=gnu11 -ggdb -gdwarf-4 -gstrict-dwarf -ffreestanding -fmacro-prefix-map=/shim/= -fno-stack-protector -fno-strict-aliasing -fpic -fshort-wchar -nostdinc -m64 -mno-mmx -mno-sse -mno-red-zone -maccumulate-outgoing-args -Os -Wall -Wextra -Wno-missing-field-initializers -Wno-empty-body -Wno-implicit-fallthrough -Wno-old-style-declaration -Wno-unused-but-set-variable -Wno-unused-parameter -Werror -Wno-error=unused-but-set-variable -Wno-error=unused-parameter -I/shim/Cryptlib/OpenSSL -I/shim/Cryptlib -I/shim/Cryptlib/OpenSSL/Include/ -I/shim/Cryptlib/OpenSSL/crypto -I/shim/Cryptlib/Include -I/shim/gnu-efi/inc -I/shim/gnu-efi/inc/x86_64 -I/shim/gnu-efi/inc/protocol -I/shim/Cryptlib/OpenSSL/crypto/asn1 -I/shim/Cryptlib/OpenSSL/crypto/evp -I/shim/Cryptlib/OpenSSL/crypto/modes -I/shim/Cryptlib/OpenSSL/crypto/include -isystem /shim/include/system -isystem /usr/lib/gcc/x86_64-linux-gnu/14/include -DL_ENDIAN -D_CRT_SECURE_NO_DEPRECATE -D_CRT_NONSTDC_NO_DEPRECATE -DOPENSSL_SMALL_FOOTPRINT -DPEDANTIC -DMDE_CPU_X64   -c -o crypto/x509/x509_cmp.o crypto/x509/x509_cmp.c
#14 12.63 gcc -std=gnu11 -ggdb -gdwarf-4 -gstrict-dwarf -ffreestanding -fmacro-prefix-map=/shim/= -fno-stack-protector -fno-strict-aliasing -fpic -fshort-wchar -nostdinc -m64 -mno-mmx -mno-sse -mno-red-zone -maccumulate-outgoing-args -Os -Wall -Wextra -Wno-missing-field-initializers -Wno-empty-body -Wno-implicit-fallthrough -Wno-old-style-declaration -Wno-unused-but-set-variable -Wno-unused-parameter -Werror -Wno-error=unused-but-set-variable -Wno-error=unused-parameter -I/shim/Cryptlib/OpenSSL -I/shim/Cryptlib -I/shim/Cryptlib/OpenSSL/Include/ -I/shim/Cryptlib/OpenSSL/crypto -I/shim/Cryptlib/Include -I/shim/gnu-efi/inc -I/shim/gnu-efi/inc/x86_64 -I/shim/gnu-efi/inc/protocol -I/shim/Cryptlib/OpenSSL/crypto/asn1 -I/shim/Cryptlib/OpenSSL/crypto/evp -I/shim/Cryptlib/OpenSSL/crypto/modes -I/shim/Cryptlib/OpenSSL/crypto/include -isystem /shim/include/system -isystem /usr/lib/gcc/x86_64-linux-gnu/14/include -DL_ENDIAN -D_CRT_SECURE_NO_DEPRECATE -D_CRT_NONSTDC_NO_DEPRECATE -DOPENSSL_SMALL_FOOTPRINT -DPEDANTIC -DMDE_CPU_X64   -c -o crypto/x509/x509_obj.o crypto/x509/x509_obj.c
#14 12.65 gcc -std=gnu11 -ggdb -gdwarf-4 -gstrict-dwarf -ffreestanding -fmacro-prefix-map=/shim/= -fno-stack-protector -fno-strict-aliasing -fpic -fshort-wchar -nostdinc -m64 -mno-mmx -mno-sse -mno-red-zone -maccumulate-outgoing-args -Os -Wall -Wextra -Wno-missing-field-initializers -Wno-empty-body -Wno-implicit-fallthrough -Wno-old-style-declaration -Wno-unused-but-set-variable -Wno-unused-parameter -Werror -Wno-error=unused-but-set-variable -Wno-error=unused-parameter -I/shim/Cryptlib/OpenSSL -I/shim/Cryptlib -I/shim/Cryptlib/OpenSSL/Include/ -I/shim/Cryptlib/OpenSSL/crypto -I/shim/Cryptlib/Include -I/shim/gnu-efi/inc -I/shim/gnu-efi/inc/x86_64 -I/shim/gnu-efi/inc/protocol -I/shim/Cryptlib/OpenSSL/crypto/asn1 -I/shim/Cryptlib/OpenSSL/crypto/evp -I/shim/Cryptlib/OpenSSL/crypto/modes -I/shim/Cryptlib/OpenSSL/crypto/include -isystem /shim/include/system -isystem /usr/lib/gcc/x86_64-linux-gnu/14/include -DL_ENDIAN -D_CRT_SECURE_NO_DEPRECATE -D_CRT_NONSTDC_NO_DEPRECATE -DOPENSSL_SMALL_FOOTPRINT -DPEDANTIC -DMDE_CPU_X64   -c -o crypto/x509/x509_req.o crypto/x509/x509_req.c
#14 12.66 gcc -std=gnu11 -ggdb -gdwarf-4 -gstrict-dwarf -ffreestanding -fmacro-prefix-map=/shim/= -fno-stack-protector -fno-strict-aliasing -fpic -fshort-wchar -nostdinc -m64 -mno-mmx -mno-sse -mno-red-zone -maccumulate-outgoing-args -Os -Wall -Wextra -Wno-missing-field-initializers -Wno-empty-body -Wno-implicit-fallthrough -Wno-old-style-declaration -Wno-unused-but-set-variable -Wno-unused-parameter -Werror -Wno-error=unused-but-set-variable -Wno-error=unused-parameter -I/shim/Cryptlib/OpenSSL -I/shim/Cryptlib -I/shim/Cryptlib/OpenSSL/Include/ -I/shim/Cryptlib/OpenSSL/crypto -I/shim/Cryptlib/Include -I/shim/gnu-efi/inc -I/shim/gnu-efi/inc/x86_64 -I/shim/gnu-efi/inc/protocol -I/shim/Cryptlib/OpenSSL/crypto/asn1 -I/shim/Cryptlib/OpenSSL/crypto/evp -I/shim/Cryptlib/OpenSSL/crypto/modes -I/shim/Cryptlib/OpenSSL/crypto/include -isystem /shim/include/system -isystem /usr/lib/gcc/x86_64-linux-gnu/14/include -DL_ENDIAN -D_CRT_SECURE_NO_DEPRECATE -D_CRT_NONSTDC_NO_DEPRECATE -DOPENSSL_SMALL_FOOTPRINT -DPEDANTIC -DMDE_CPU_X64   -c -o crypto/x509/x509spki.o crypto/x509/x509spki.c
#14 12.71 gcc -std=gnu11 -ggdb -gdwarf-4 -gstrict-dwarf -ffreestanding -fmacro-prefix-map=/shim/= -fno-stack-protector -fno-strict-aliasing -fpic -fshort-wchar -nostdinc -m64 -mno-mmx -mno-sse -mno-red-zone -maccumulate-outgoing-args -Os -Wall -Wextra -Wno-missing-field-initializers -Wno-empty-body -Wno-implicit-fallthrough -Wno-old-style-declaration -Wno-unused-but-set-variable -Wno-unused-parameter -Werror -Wno-error=unused-but-set-variable -Wno-error=unused-parameter -I/shim/Cryptlib/OpenSSL -I/shim/Cryptlib -I/shim/Cryptlib/OpenSSL/Include/ -I/shim/Cryptlib/OpenSSL/crypto -I/shim/Cryptlib/Include -I/shim/gnu-efi/inc -I/shim/gnu-efi/inc/x86_64 -I/shim/gnu-efi/inc/protocol -I/shim/Cryptlib/OpenSSL/crypto/asn1 -I/shim/Cryptlib/OpenSSL/crypto/evp -I/shim/Cryptlib/OpenSSL/crypto/modes -I/shim/Cryptlib/OpenSSL/crypto/include -isystem /shim/include/system -isystem /usr/lib/gcc/x86_64-linux-gnu/14/include -DL_ENDIAN -D_CRT_SECURE_NO_DEPRECATE -D_CRT_NONSTDC_NO_DEPRECATE -DOPENSSL_SMALL_FOOTPRINT -DPEDANTIC -DMDE_CPU_X64   -c -o crypto/x509/x509_vfy.o crypto/x509/x509_vfy.c
#14 12.74 gcc -std=gnu11 -ggdb -gdwarf-4 -gstrict-dwarf -ffreestanding -fmacro-prefix-map=/shim/= -fno-stack-protector -fno-strict-aliasing -fpic -fshort-wchar -nostdinc -m64 -mno-mmx -mno-sse -mno-red-zone -maccumulate-outgoing-args -Os -Wall -Wextra -Wno-missing-field-initializers -Wno-empty-body -Wno-implicit-fallthrough -Wno-old-style-declaration -Wno-unused-but-set-variable -Wno-unused-parameter -Werror -Wno-error=unused-but-set-variable -Wno-error=unused-parameter -I/shim/Cryptlib/OpenSSL -I/shim/Cryptlib -I/shim/Cryptlib/OpenSSL/Include/ -I/shim/Cryptlib/OpenSSL/crypto -I/shim/Cryptlib/Include -I/shim/gnu-efi/inc -I/shim/gnu-efi/inc/x86_64 -I/shim/gnu-efi/inc/protocol -I/shim/Cryptlib/OpenSSL/crypto/asn1 -I/shim/Cryptlib/OpenSSL/crypto/evp -I/shim/Cryptlib/OpenSSL/crypto/modes -I/shim/Cryptlib/OpenSSL/crypto/include -isystem /shim/include/system -isystem /usr/lib/gcc/x86_64-linux-gnu/14/include -DL_ENDIAN -D_CRT_SECURE_NO_DEPRECATE -D_CRT_NONSTDC_NO_DEPRECATE -DOPENSSL_SMALL_FOOTPRINT -DPEDANTIC -DMDE_CPU_X64   -c -o crypto/x509/x509_set.o crypto/x509/x509_set.c
#14 12.74 gcc -std=gnu11 -ggdb -gdwarf-4 -gstrict-dwarf -ffreestanding -fmacro-prefix-map=/shim/= -fno-stack-protector -fno-strict-aliasing -fpic -fshort-wchar -nostdinc -m64 -mno-mmx -mno-sse -mno-red-zone -maccumulate-outgoing-args -Os -Wall -Wextra -Wno-missing-field-initializers -Wno-empty-body -Wno-implicit-fallthrough -Wno-old-style-declaration -Wno-unused-but-set-variable -Wno-unused-parameter -Werror -Wno-error=unused-but-set-variable -Wno-error=unused-parameter -I/shim/Cryptlib/OpenSSL -I/shim/Cryptlib -I/shim/Cryptlib/OpenSSL/Include/ -I/shim/Cryptlib/OpenSSL/crypto -I/shim/Cryptlib/Include -I/shim/gnu-efi/inc -I/shim/gnu-efi/inc/x86_64 -I/shim/gnu-efi/inc/protocol -I/shim/Cryptlib/OpenSSL/crypto/asn1 -I/shim/Cryptlib/OpenSSL/crypto/evp -I/shim/Cryptlib/OpenSSL/crypto/modes -I/shim/Cryptlib/OpenSSL/crypto/include -isystem /shim/include/system -isystem /usr/lib/gcc/x86_64-linux-gnu/14/include -DL_ENDIAN -D_CRT_SECURE_NO_DEPRECATE -D_CRT_NONSTDC_NO_DEPRECATE -DOPENSSL_SMALL_FOOTPRINT -DPEDANTIC -DMDE_CPU_X64   -c -o crypto/x509/x509cset.o crypto/x509/x509cset.c
#14 12.78 gcc -std=gnu11 -ggdb -gdwarf-4 -gstrict-dwarf -ffreestanding -fmacro-prefix-map=/shim/= -fno-stack-protector -fno-strict-aliasing -fpic -fshort-wchar -nostdinc -m64 -mno-mmx -mno-sse -mno-red-zone -maccumulate-outgoing-args -Os -Wall -Wextra -Wno-missing-field-initializers -Wno-empty-body -Wno-implicit-fallthrough -Wno-old-style-declaration -Wno-unused-but-set-variable -Wno-unused-parameter -Werror -Wno-error=unused-but-set-variable -Wno-error=unused-parameter -I/shim/Cryptlib/OpenSSL -I/shim/Cryptlib -I/shim/Cryptlib/OpenSSL/Include/ -I/shim/Cryptlib/OpenSSL/crypto -I/shim/Cryptlib/Include -I/shim/gnu-efi/inc -I/shim/gnu-efi/inc/x86_64 -I/shim/gnu-efi/inc/protocol -I/shim/Cryptlib/OpenSSL/crypto/asn1 -I/shim/Cryptlib/OpenSSL/crypto/evp -I/shim/Cryptlib/OpenSSL/crypto/modes -I/shim/Cryptlib/OpenSSL/crypto/include -isystem /shim/include/system -isystem /usr/lib/gcc/x86_64-linux-gnu/14/include -DL_ENDIAN -D_CRT_SECURE_NO_DEPRECATE -D_CRT_NONSTDC_NO_DEPRECATE -DOPENSSL_SMALL_FOOTPRINT -DPEDANTIC -DMDE_CPU_X64   -c -o crypto/x509/x509rset.o crypto/x509/x509rset.c
#14 12.83 gcc -std=gnu11 -ggdb -gdwarf-4 -gstrict-dwarf -ffreestanding -fmacro-prefix-map=/shim/= -fno-stack-protector -fno-strict-aliasing -fpic -fshort-wchar -nostdinc -m64 -mno-mmx -mno-sse -mno-red-zone -maccumulate-outgoing-args -Os -Wall -Wextra -Wno-missing-field-initializers -Wno-empty-body -Wno-implicit-fallthrough -Wno-old-style-declaration -Wno-unused-but-set-variable -Wno-unused-parameter -Werror -Wno-error=unused-but-set-variable -Wno-error=unused-parameter -I/shim/Cryptlib/OpenSSL -I/shim/Cryptlib -I/shim/Cryptlib/OpenSSL/Include/ -I/shim/Cryptlib/OpenSSL/crypto -I/shim/Cryptlib/Include -I/shim/gnu-efi/inc -I/shim/gnu-efi/inc/x86_64 -I/shim/gnu-efi/inc/protocol -I/shim/Cryptlib/OpenSSL/crypto/asn1 -I/shim/Cryptlib/OpenSSL/crypto/evp -I/shim/Cryptlib/OpenSSL/crypto/modes -I/shim/Cryptlib/OpenSSL/crypto/include -isystem /shim/include/system -isystem /usr/lib/gcc/x86_64-linux-gnu/14/include -DL_ENDIAN -D_CRT_SECURE_NO_DEPRECATE -D_CRT_NONSTDC_NO_DEPRECATE -DOPENSSL_SMALL_FOOTPRINT -DPEDANTIC -DMDE_CPU_X64   -c -o crypto/x509/x509_err.o crypto/x509/x509_err.c
#14 12.84 gcc -std=gnu11 -ggdb -gdwarf-4 -gstrict-dwarf -ffreestanding -fmacro-prefix-map=/shim/= -fno-stack-protector -fno-strict-aliasing -fpic -fshort-wchar -nostdinc -m64 -mno-mmx -mno-sse -mno-red-zone -maccumulate-outgoing-args -Os -Wall -Wextra -Wno-missing-field-initializers -Wno-empty-body -Wno-implicit-fallthrough -Wno-old-style-declaration -Wno-unused-but-set-variable -Wno-unused-parameter -Werror -Wno-error=unused-but-set-variable -Wno-error=unused-parameter -I/shim/Cryptlib/OpenSSL -I/shim/Cryptlib -I/shim/Cryptlib/OpenSSL/Include/ -I/shim/Cryptlib/OpenSSL/crypto -I/shim/Cryptlib/Include -I/shim/gnu-efi/inc -I/shim/gnu-efi/inc/x86_64 -I/shim/gnu-efi/inc/protocol -I/shim/Cryptlib/OpenSSL/crypto/asn1 -I/shim/Cryptlib/OpenSSL/crypto/evp -I/shim/Cryptlib/OpenSSL/crypto/modes -I/shim/Cryptlib/OpenSSL/crypto/include -isystem /shim/include/system -isystem /usr/lib/gcc/x86_64-linux-gnu/14/include -DL_ENDIAN -D_CRT_SECURE_NO_DEPRECATE -D_CRT_NONSTDC_NO_DEPRECATE -DOPENSSL_SMALL_FOOTPRINT -DPEDANTIC -DMDE_CPU_X64   -c -o crypto/x509/x509name.o crypto/x509/x509name.c
#14 12.86 gcc -std=gnu11 -ggdb -gdwarf-4 -gstrict-dwarf -ffreestanding -fmacro-prefix-map=/shim/= -fno-stack-protector -fno-strict-aliasing -fpic -fshort-wchar -nostdinc -m64 -mno-mmx -mno-sse -mno-red-zone -maccumulate-outgoing-args -Os -Wall -Wextra -Wno-missing-field-initializers -Wno-empty-body -Wno-implicit-fallthrough -Wno-old-style-declaration -Wno-unused-but-set-variable -Wno-unused-parameter -Werror -Wno-error=unused-but-set-variable -Wno-error=unused-parameter -I/shim/Cryptlib/OpenSSL -I/shim/Cryptlib -I/shim/Cryptlib/OpenSSL/Include/ -I/shim/Cryptlib/OpenSSL/crypto -I/shim/Cryptlib/Include -I/shim/gnu-efi/inc -I/shim/gnu-efi/inc/x86_64 -I/shim/gnu-efi/inc/protocol -I/shim/Cryptlib/OpenSSL/crypto/asn1 -I/shim/Cryptlib/OpenSSL/crypto/evp -I/shim/Cryptlib/OpenSSL/crypto/modes -I/shim/Cryptlib/OpenSSL/crypto/include -isystem /shim/include/system -isystem /usr/lib/gcc/x86_64-linux-gnu/14/include -DL_ENDIAN -D_CRT_SECURE_NO_DEPRECATE -D_CRT_NONSTDC_NO_DEPRECATE -DOPENSSL_SMALL_FOOTPRINT -DPEDANTIC -DMDE_CPU_X64   -c -o crypto/x509/x509_v3.o crypto/x509/x509_v3.c
#14 12.91 gcc -std=gnu11 -ggdb -gdwarf-4 -gstrict-dwarf -ffreestanding -fmacro-prefix-map=/shim/= -fno-stack-protector -fno-strict-aliasing -fpic -fshort-wchar -nostdinc -m64 -mno-mmx -mno-sse -mno-red-zone -maccumulate-outgoing-args -Os -Wall -Wextra -Wno-missing-field-initializers -Wno-empty-body -Wno-implicit-fallthrough -Wno-old-style-declaration -Wno-unused-but-set-variable -Wno-unused-parameter -Werror -Wno-error=unused-but-set-variable -Wno-error=unused-parameter -I/shim/Cryptlib/OpenSSL -I/shim/Cryptlib -I/shim/Cryptlib/OpenSSL/Include/ -I/shim/Cryptlib/OpenSSL/crypto -I/shim/Cryptlib/Include -I/shim/gnu-efi/inc -I/shim/gnu-efi/inc/x86_64 -I/shim/gnu-efi/inc/protocol -I/shim/Cryptlib/OpenSSL/crypto/asn1 -I/shim/Cryptlib/OpenSSL/crypto/evp -I/shim/Cryptlib/OpenSSL/crypto/modes -I/shim/Cryptlib/OpenSSL/crypto/include -isystem /shim/include/system -isystem /usr/lib/gcc/x86_64-linux-gnu/14/include -DL_ENDIAN -D_CRT_SECURE_NO_DEPRECATE -D_CRT_NONSTDC_NO_DEPRECATE -DOPENSSL_SMALL_FOOTPRINT -DPEDANTIC -DMDE_CPU_X64   -c -o crypto/x509/x509_ext.o crypto/x509/x509_ext.c
#14 12.97 gcc -std=gnu11 -ggdb -gdwarf-4 -gstrict-dwarf -ffreestanding -fmacro-prefix-map=/shim/= -fno-stack-protector -fno-strict-aliasing -fpic -fshort-wchar -nostdinc -m64 -mno-mmx -mno-sse -mno-red-zone -maccumulate-outgoing-args -Os -Wall -Wextra -Wno-missing-field-initializers -Wno-empty-body -Wno-implicit-fallthrough -Wno-old-style-declaration -Wno-unused-but-set-variable -Wno-unused-parameter -Werror -Wno-error=unused-but-set-variable -Wno-error=unused-parameter -I/shim/Cryptlib/OpenSSL -I/shim/Cryptlib -I/shim/Cryptlib/OpenSSL/Include/ -I/shim/Cryptlib/OpenSSL/crypto -I/shim/Cryptlib/Include -I/shim/gnu-efi/inc -I/shim/gnu-efi/inc/x86_64 -I/shim/gnu-efi/inc/protocol -I/shim/Cryptlib/OpenSSL/crypto/asn1 -I/shim/Cryptlib/OpenSSL/crypto/evp -I/shim/Cryptlib/OpenSSL/crypto/modes -I/shim/Cryptlib/OpenSSL/crypto/include -isystem /shim/include/system -isystem /usr/lib/gcc/x86_64-linux-gnu/14/include -DL_ENDIAN -D_CRT_SECURE_NO_DEPRECATE -D_CRT_NONSTDC_NO_DEPRECATE -DOPENSSL_SMALL_FOOTPRINT -DPEDANTIC -DMDE_CPU_X64   -c -o crypto/x509/x509_att.o crypto/x509/x509_att.c
#14 12.98 gcc -std=gnu11 -ggdb -gdwarf-4 -gstrict-dwarf -ffreestanding -fmacro-prefix-map=/shim/= -fno-stack-protector -fno-strict-aliasing -fpic -fshort-wchar -nostdinc -m64 -mno-mmx -mno-sse -mno-red-zone -maccumulate-outgoing-args -Os -Wall -Wextra -Wno-missing-field-initializers -Wno-empty-body -Wno-implicit-fallthrough -Wno-old-style-declaration -Wno-unused-but-set-variable -Wno-unused-parameter -Werror -Wno-error=unused-but-set-variable -Wno-error=unused-parameter -I/shim/Cryptlib/OpenSSL -I/shim/Cryptlib -I/shim/Cryptlib/OpenSSL/Include/ -I/shim/Cryptlib/OpenSSL/crypto -I/shim/Cryptlib/Include -I/shim/gnu-efi/inc -I/shim/gnu-efi/inc/x86_64 -I/shim/gnu-efi/inc/protocol -I/shim/Cryptlib/OpenSSL/crypto/asn1 -I/shim/Cryptlib/OpenSSL/crypto/evp -I/shim/Cryptlib/OpenSSL/crypto/modes -I/shim/Cryptlib/OpenSSL/crypto/include -isystem /shim/include/system -isystem /usr/lib/gcc/x86_64-linux-gnu/14/include -DL_ENDIAN -D_CRT_SECURE_NO_DEPRECATE -D_CRT_NONSTDC_NO_DEPRECATE -DOPENSSL_SMALL_FOOTPRINT -DPEDANTIC -DMDE_CPU_X64   -c -o crypto/x509/x509type.o crypto/x509/x509type.c
#14 13.02 gcc -std=gnu11 -ggdb -gdwarf-4 -gstrict-dwarf -ffreestanding -fmacro-prefix-map=/shim/= -fno-stack-protector -fno-strict-aliasing -fpic -fshort-wchar -nostdinc -m64 -mno-mmx -mno-sse -mno-red-zone -maccumulate-outgoing-args -Os -Wall -Wextra -Wno-missing-field-initializers -Wno-empty-body -Wno-implicit-fallthrough -Wno-old-style-declaration -Wno-unused-but-set-variable -Wno-unused-parameter -Werror -Wno-error=unused-but-set-variable -Wno-error=unused-parameter -I/shim/Cryptlib/OpenSSL -I/shim/Cryptlib -I/shim/Cryptlib/OpenSSL/Include/ -I/shim/Cryptlib/OpenSSL/crypto -I/shim/Cryptlib/Include -I/shim/gnu-efi/inc -I/shim/gnu-efi/inc/x86_64 -I/shim/gnu-efi/inc/protocol -I/shim/Cryptlib/OpenSSL/crypto/asn1 -I/shim/Cryptlib/OpenSSL/crypto/evp -I/shim/Cryptlib/OpenSSL/crypto/modes -I/shim/Cryptlib/OpenSSL/crypto/include -isystem /shim/include/system -isystem /usr/lib/gcc/x86_64-linux-gnu/14/include -DL_ENDIAN -D_CRT_SECURE_NO_DEPRECATE -D_CRT_NONSTDC_NO_DEPRECATE -DOPENSSL_SMALL_FOOTPRINT -DPEDANTIC -DMDE_CPU_X64   -c -o crypto/x509/x509_lu.o crypto/x509/x509_lu.c
#14 13.06 gcc -std=gnu11 -ggdb -gdwarf-4 -gstrict-dwarf -ffreestanding -fmacro-prefix-map=/shim/= -fno-stack-protector -fno-strict-aliasing -fpic -fshort-wchar -nostdinc -m64 -mno-mmx -mno-sse -mno-red-zone -maccumulate-outgoing-args -Os -Wall -Wextra -Wno-missing-field-initializers -Wno-empty-body -Wno-implicit-fallthrough -Wno-old-style-declaration -Wno-unused-but-set-variable -Wno-unused-parameter -Werror -Wno-error=unused-but-set-variable -Wno-error=unused-parameter -I/shim/Cryptlib/OpenSSL -I/shim/Cryptlib -I/shim/Cryptlib/OpenSSL/Include/ -I/shim/Cryptlib/OpenSSL/crypto -I/shim/Cryptlib/Include -I/shim/gnu-efi/inc -I/shim/gnu-efi/inc/x86_64 -I/shim/gnu-efi/inc/protocol -I/shim/Cryptlib/OpenSSL/crypto/asn1 -I/shim/Cryptlib/OpenSSL/crypto/evp -I/shim/Cryptlib/OpenSSL/crypto/modes -I/shim/Cryptlib/OpenSSL/crypto/include -isystem /shim/include/system -isystem /usr/lib/gcc/x86_64-linux-gnu/14/include -DL_ENDIAN -D_CRT_SECURE_NO_DEPRECATE -D_CRT_NONSTDC_NO_DEPRECATE -DOPENSSL_SMALL_FOOTPRINT -DPEDANTIC -DMDE_CPU_X64   -c -o crypto/x509/x_all.o crypto/x509/x_all.c
#14 13.10 gcc -std=gnu11 -ggdb -gdwarf-4 -gstrict-dwarf -ffreestanding -fmacro-prefix-map=/shim/= -fno-stack-protector -fno-strict-aliasing -fpic -fshort-wchar -nostdinc -m64 -mno-mmx -mno-sse -mno-red-zone -maccumulate-outgoing-args -Os -Wall -Wextra -Wno-missing-field-initializers -Wno-empty-body -Wno-implicit-fallthrough -Wno-old-style-declaration -Wno-unused-but-set-variable -Wno-unused-parameter -Werror -Wno-error=unused-but-set-variable -Wno-error=unused-parameter -I/shim/Cryptlib/OpenSSL -I/shim/Cryptlib -I/shim/Cryptlib/OpenSSL/Include/ -I/shim/Cryptlib/OpenSSL/crypto -I/shim/Cryptlib/Include -I/shim/gnu-efi/inc -I/shim/gnu-efi/inc/x86_64 -I/shim/gnu-efi/inc/protocol -I/shim/Cryptlib/OpenSSL/crypto/asn1 -I/shim/Cryptlib/OpenSSL/crypto/evp -I/shim/Cryptlib/OpenSSL/crypto/modes -I/shim/Cryptlib/OpenSSL/crypto/include -isystem /shim/include/system -isystem /usr/lib/gcc/x86_64-linux-gnu/14/include -DL_ENDIAN -D_CRT_SECURE_NO_DEPRECATE -D_CRT_NONSTDC_NO_DEPRECATE -DOPENSSL_SMALL_FOOTPRINT -DPEDANTIC -DMDE_CPU_X64   -c -o crypto/x509/x509_txt.o crypto/x509/x509_txt.c
#14 13.16 gcc -std=gnu11 -ggdb -gdwarf-4 -gstrict-dwarf -ffreestanding -fmacro-prefix-map=/shim/= -fno-stack-protector -fno-strict-aliasing -fpic -fshort-wchar -nostdinc -m64 -mno-mmx -mno-sse -mno-red-zone -maccumulate-outgoing-args -Os -Wall -Wextra -Wno-missing-field-initializers -Wno-empty-body -Wno-implicit-fallthrough -Wno-old-style-declaration -Wno-unused-but-set-variable -Wno-unused-parameter -Werror -Wno-error=unused-but-set-variable -Wno-error=unused-parameter -I/shim/Cryptlib/OpenSSL -I/shim/Cryptlib -I/shim/Cryptlib/OpenSSL/Include/ -I/shim/Cryptlib/OpenSSL/crypto -I/shim/Cryptlib/Include -I/shim/gnu-efi/inc -I/shim/gnu-efi/inc/x86_64 -I/shim/gnu-efi/inc/protocol -I/shim/Cryptlib/OpenSSL/crypto/asn1 -I/shim/Cryptlib/OpenSSL/crypto/evp -I/shim/Cryptlib/OpenSSL/crypto/modes -I/shim/Cryptlib/OpenSSL/crypto/include -isystem /shim/include/system -isystem /usr/lib/gcc/x86_64-linux-gnu/14/include -DL_ENDIAN -D_CRT_SECURE_NO_DEPRECATE -D_CRT_NONSTDC_NO_DEPRECATE -DOPENSSL_SMALL_FOOTPRINT -DPEDANTIC -DMDE_CPU_X64   -c -o crypto/x509/x509_trs.o crypto/x509/x509_trs.c
#14 13.17 gcc -std=gnu11 -ggdb -gdwarf-4 -gstrict-dwarf -ffreestanding -fmacro-prefix-map=/shim/= -fno-stack-protector -fno-strict-aliasing -fpic -fshort-wchar -nostdinc -m64 -mno-mmx -mno-sse -mno-red-zone -maccumulate-outgoing-args -Os -Wall -Wextra -Wno-missing-field-initializers -Wno-empty-body -Wno-implicit-fallthrough -Wno-old-style-declaration -Wno-unused-but-set-variable -Wno-unused-parameter -Werror -Wno-error=unused-but-set-variable -Wno-error=unused-parameter -I/shim/Cryptlib/OpenSSL -I/shim/Cryptlib -I/shim/Cryptlib/OpenSSL/Include/ -I/shim/Cryptlib/OpenSSL/crypto -I/shim/Cryptlib/Include -I/shim/gnu-efi/inc -I/shim/gnu-efi/inc/x86_64 -I/shim/gnu-efi/inc/protocol -I/shim/Cryptlib/OpenSSL/crypto/asn1 -I/shim/Cryptlib/OpenSSL/crypto/evp -I/shim/Cryptlib/OpenSSL/crypto/modes -I/shim/Cryptlib/OpenSSL/crypto/include -isystem /shim/include/system -isystem /usr/lib/gcc/x86_64-linux-gnu/14/include -DL_ENDIAN -D_CRT_SECURE_NO_DEPRECATE -D_CRT_NONSTDC_NO_DEPRECATE -DOPENSSL_SMALL_FOOTPRINT -DPEDANTIC -DMDE_CPU_X64   -c -o crypto/x509/x509_vpm.o crypto/x509/x509_vpm.c
#14 13.20 gcc -std=gnu11 -ggdb -gdwarf-4 -gstrict-dwarf -ffreestanding -fmacro-prefix-map=/shim/= -fno-stack-protector -fno-strict-aliasing -fpic -fshort-wchar -nostdinc -m64 -mno-mmx -mno-sse -mno-red-zone -maccumulate-outgoing-args -Os -Wall -Wextra -Wno-missing-field-initializers -Wno-empty-body -Wno-implicit-fallthrough -Wno-old-style-declaration -Wno-unused-but-set-variable -Wno-unused-parameter -Werror -Wno-error=unused-but-set-variable -Wno-error=unused-parameter -I/shim/Cryptlib/OpenSSL -I/shim/Cryptlib -I/shim/Cryptlib/OpenSSL/Include/ -I/shim/Cryptlib/OpenSSL/crypto -I/shim/Cryptlib/Include -I/shim/gnu-efi/inc -I/shim/gnu-efi/inc/x86_64 -I/shim/gnu-efi/inc/protocol -I/shim/Cryptlib/OpenSSL/crypto/asn1 -I/shim/Cryptlib/OpenSSL/crypto/evp -I/shim/Cryptlib/OpenSSL/crypto/modes -I/shim/Cryptlib/OpenSSL/crypto/include -isystem /shim/include/system -isystem /usr/lib/gcc/x86_64-linux-gnu/14/include -DL_ENDIAN -D_CRT_SECURE_NO_DEPRECATE -D_CRT_NONSTDC_NO_DEPRECATE -DOPENSSL_SMALL_FOOTPRINT -DPEDANTIC -DMDE_CPU_X64   -c -o crypto/x509v3/v3_bcons.o crypto/x509v3/v3_bcons.c
#14 13.26 gcc -std=gnu11 -ggdb -gdwarf-4 -gstrict-dwarf -ffreestanding -fmacro-prefix-map=/shim/= -fno-stack-protector -fno-strict-aliasing -fpic -fshort-wchar -nostdinc -m64 -mno-mmx -mno-sse -mno-red-zone -maccumulate-outgoing-args -Os -Wall -Wextra -Wno-missing-field-initializers -Wno-empty-body -Wno-implicit-fallthrough -Wno-old-style-declaration -Wno-unused-but-set-variable -Wno-unused-parameter -Werror -Wno-error=unused-but-set-variable -Wno-error=unused-parameter -I/shim/Cryptlib/OpenSSL -I/shim/Cryptlib -I/shim/Cryptlib/OpenSSL/Include/ -I/shim/Cryptlib/OpenSSL/crypto -I/shim/Cryptlib/Include -I/shim/gnu-efi/inc -I/shim/gnu-efi/inc/x86_64 -I/shim/gnu-efi/inc/protocol -I/shim/Cryptlib/OpenSSL/crypto/asn1 -I/shim/Cryptlib/OpenSSL/crypto/evp -I/shim/Cryptlib/OpenSSL/crypto/modes -I/shim/Cryptlib/OpenSSL/crypto/include -isystem /shim/include/system -isystem /usr/lib/gcc/x86_64-linux-gnu/14/include -DL_ENDIAN -D_CRT_SECURE_NO_DEPRECATE -D_CRT_NONSTDC_NO_DEPRECATE -DOPENSSL_SMALL_FOOTPRINT -DPEDANTIC -DMDE_CPU_X64   -c -o crypto/x509v3/v3_bitst.o crypto/x509v3/v3_bitst.c
#14 13.27 gcc -std=gnu11 -ggdb -gdwarf-4 -gstrict-dwarf -ffreestanding -fmacro-prefix-map=/shim/= -fno-stack-protector -fno-strict-aliasing -fpic -fshort-wchar -nostdinc -m64 -mno-mmx -mno-sse -mno-red-zone -maccumulate-outgoing-args -Os -Wall -Wextra -Wno-missing-field-initializers -Wno-empty-body -Wno-implicit-fallthrough -Wno-old-style-declaration -Wno-unused-but-set-variable -Wno-unused-parameter -Werror -Wno-error=unused-but-set-variable -Wno-error=unused-parameter -I/shim/Cryptlib/OpenSSL -I/shim/Cryptlib -I/shim/Cryptlib/OpenSSL/Include/ -I/shim/Cryptlib/OpenSSL/crypto -I/shim/Cryptlib/Include -I/shim/gnu-efi/inc -I/shim/gnu-efi/inc/x86_64 -I/shim/gnu-efi/inc/protocol -I/shim/Cryptlib/OpenSSL/crypto/asn1 -I/shim/Cryptlib/OpenSSL/crypto/evp -I/shim/Cryptlib/OpenSSL/crypto/modes -I/shim/Cryptlib/OpenSSL/crypto/include -isystem /shim/include/system -isystem /usr/lib/gcc/x86_64-linux-gnu/14/include -DL_ENDIAN -D_CRT_SECURE_NO_DEPRECATE -D_CRT_NONSTDC_NO_DEPRECATE -DOPENSSL_SMALL_FOOTPRINT -DPEDANTIC -DMDE_CPU_X64   -c -o crypto/x509v3/v3_conf.o crypto/x509v3/v3_conf.c
#14 13.28 gcc -std=gnu11 -ggdb -gdwarf-4 -gstrict-dwarf -ffreestanding -fmacro-prefix-map=/shim/= -fno-stack-protector -fno-strict-aliasing -fpic -fshort-wchar -nostdinc -m64 -mno-mmx -mno-sse -mno-red-zone -maccumulate-outgoing-args -Os -Wall -Wextra -Wno-missing-field-initializers -Wno-empty-body -Wno-implicit-fallthrough -Wno-old-style-declaration -Wno-unused-but-set-variable -Wno-unused-parameter -Werror -Wno-error=unused-but-set-variable -Wno-error=unused-parameter -I/shim/Cryptlib/OpenSSL -I/shim/Cryptlib -I/shim/Cryptlib/OpenSSL/Include/ -I/shim/Cryptlib/OpenSSL/crypto -I/shim/Cryptlib/Include -I/shim/gnu-efi/inc -I/shim/gnu-efi/inc/x86_64 -I/shim/gnu-efi/inc/protocol -I/shim/Cryptlib/OpenSSL/crypto/asn1 -I/shim/Cryptlib/OpenSSL/crypto/evp -I/shim/Cryptlib/OpenSSL/crypto/modes -I/shim/Cryptlib/OpenSSL/crypto/include -isystem /shim/include/system -isystem /usr/lib/gcc/x86_64-linux-gnu/14/include -DL_ENDIAN -D_CRT_SECURE_NO_DEPRECATE -D_CRT_NONSTDC_NO_DEPRECATE -DOPENSSL_SMALL_FOOTPRINT -DPEDANTIC -DMDE_CPU_X64   -c -o crypto/x509v3/v3_extku.o crypto/x509v3/v3_extku.c
#14 13.35 gcc -std=gnu11 -ggdb -gdwarf-4 -gstrict-dwarf -ffreestanding -fmacro-prefix-map=/shim/= -fno-stack-protector -fno-strict-aliasing -fpic -fshort-wchar -nostdinc -m64 -mno-mmx -mno-sse -mno-red-zone -maccumulate-outgoing-args -Os -Wall -Wextra -Wno-missing-field-initializers -Wno-empty-body -Wno-implicit-fallthrough -Wno-old-style-declaration -Wno-unused-but-set-variable -Wno-unused-parameter -Werror -Wno-error=unused-but-set-variable -Wno-error=unused-parameter -I/shim/Cryptlib/OpenSSL -I/shim/Cryptlib -I/shim/Cryptlib/OpenSSL/Include/ -I/shim/Cryptlib/OpenSSL/crypto -I/shim/Cryptlib/Include -I/shim/gnu-efi/inc -I/shim/gnu-efi/inc/x86_64 -I/shim/gnu-efi/inc/protocol -I/shim/Cryptlib/OpenSSL/crypto/asn1 -I/shim/Cryptlib/OpenSSL/crypto/evp -I/shim/Cryptlib/OpenSSL/crypto/modes -I/shim/Cryptlib/OpenSSL/crypto/include -isystem /shim/include/system -isystem /usr/lib/gcc/x86_64-linux-gnu/14/include -DL_ENDIAN -D_CRT_SECURE_NO_DEPRECATE -D_CRT_NONSTDC_NO_DEPRECATE -DOPENSSL_SMALL_FOOTPRINT -DPEDANTIC -DMDE_CPU_X64   -c -o crypto/x509v3/v3_ia5.o crypto/x509v3/v3_ia5.c
#14 13.36 gcc -std=gnu11 -ggdb -gdwarf-4 -gstrict-dwarf -ffreestanding -fmacro-prefix-map=/shim/= -fno-stack-protector -fno-strict-aliasing -fpic -fshort-wchar -nostdinc -m64 -mno-mmx -mno-sse -mno-red-zone -maccumulate-outgoing-args -Os -Wall -Wextra -Wno-missing-field-initializers -Wno-empty-body -Wno-implicit-fallthrough -Wno-old-style-declaration -Wno-unused-but-set-variable -Wno-unused-parameter -Werror -Wno-error=unused-but-set-variable -Wno-error=unused-parameter -I/shim/Cryptlib/OpenSSL -I/shim/Cryptlib -I/shim/Cryptlib/OpenSSL/Include/ -I/shim/Cryptlib/OpenSSL/crypto -I/shim/Cryptlib/Include -I/shim/gnu-efi/inc -I/shim/gnu-efi/inc/x86_64 -I/shim/gnu-efi/inc/protocol -I/shim/Cryptlib/OpenSSL/crypto/asn1 -I/shim/Cryptlib/OpenSSL/crypto/evp -I/shim/Cryptlib/OpenSSL/crypto/modes -I/shim/Cryptlib/OpenSSL/crypto/include -isystem /shim/include/system -isystem /usr/lib/gcc/x86_64-linux-gnu/14/include -DL_ENDIAN -D_CRT_SECURE_NO_DEPRECATE -D_CRT_NONSTDC_NO_DEPRECATE -DOPENSSL_SMALL_FOOTPRINT -DPEDANTIC -DMDE_CPU_X64   -c -o crypto/x509v3/v3_lib.o crypto/x509v3/v3_lib.c
#14 13.37 gcc -std=gnu11 -ggdb -gdwarf-4 -gstrict-dwarf -ffreestanding -fmacro-prefix-map=/shim/= -fno-stack-protector -fno-strict-aliasing -fpic -fshort-wchar -nostdinc -m64 -mno-mmx -mno-sse -mno-red-zone -maccumulate-outgoing-args -Os -Wall -Wextra -Wno-missing-field-initializers -Wno-empty-body -Wno-implicit-fallthrough -Wno-old-style-declaration -Wno-unused-but-set-variable -Wno-unused-parameter -Werror -Wno-error=unused-but-set-variable -Wno-error=unused-parameter -I/shim/Cryptlib/OpenSSL -I/shim/Cryptlib -I/shim/Cryptlib/OpenSSL/Include/ -I/shim/Cryptlib/OpenSSL/crypto -I/shim/Cryptlib/Include -I/shim/gnu-efi/inc -I/shim/gnu-efi/inc/x86_64 -I/shim/gnu-efi/inc/protocol -I/shim/Cryptlib/OpenSSL/crypto/asn1 -I/shim/Cryptlib/OpenSSL/crypto/evp -I/shim/Cryptlib/OpenSSL/crypto/modes -I/shim/Cryptlib/OpenSSL/crypto/include -isystem /shim/include/system -isystem /usr/lib/gcc/x86_64-linux-gnu/14/include -DL_ENDIAN -D_CRT_SECURE_NO_DEPRECATE -D_CRT_NONSTDC_NO_DEPRECATE -DOPENSSL_SMALL_FOOTPRINT -DPEDANTIC -DMDE_CPU_X64   -c -o crypto/x509v3/v3_prn.o crypto/x509v3/v3_prn.c
#14 13.41 gcc -std=gnu11 -ggdb -gdwarf-4 -gstrict-dwarf -ffreestanding -fmacro-prefix-map=/shim/= -fno-stack-protector -fno-strict-aliasing -fpic -fshort-wchar -nostdinc -m64 -mno-mmx -mno-sse -mno-red-zone -maccumulate-outgoing-args -Os -Wall -Wextra -Wno-missing-field-initializers -Wno-empty-body -Wno-implicit-fallthrough -Wno-old-style-declaration -Wno-unused-but-set-variable -Wno-unused-parameter -Werror -Wno-error=unused-but-set-variable -Wno-error=unused-parameter -I/shim/Cryptlib/OpenSSL -I/shim/Cryptlib -I/shim/Cryptlib/OpenSSL/Include/ -I/shim/Cryptlib/OpenSSL/crypto -I/shim/Cryptlib/Include -I/shim/gnu-efi/inc -I/shim/gnu-efi/inc/x86_64 -I/shim/gnu-efi/inc/protocol -I/shim/Cryptlib/OpenSSL/crypto/asn1 -I/shim/Cryptlib/OpenSSL/crypto/evp -I/shim/Cryptlib/OpenSSL/crypto/modes -I/shim/Cryptlib/OpenSSL/crypto/include -isystem /shim/include/system -isystem /usr/lib/gcc/x86_64-linux-gnu/14/include -DL_ENDIAN -D_CRT_SECURE_NO_DEPRECATE -D_CRT_NONSTDC_NO_DEPRECATE -DOPENSSL_SMALL_FOOTPRINT -DPEDANTIC -DMDE_CPU_X64   -c -o crypto/x509v3/v3_utl.o crypto/x509v3/v3_utl.c
#14 13.48 gcc -std=gnu11 -ggdb -gdwarf-4 -gstrict-dwarf -ffreestanding -fmacro-prefix-map=/shim/= -fno-stack-protector -fno-strict-aliasing -fpic -fshort-wchar -nostdinc -m64 -mno-mmx -mno-sse -mno-red-zone -maccumulate-outgoing-args -Os -Wall -Wextra -Wno-missing-field-initializers -Wno-empty-body -Wno-implicit-fallthrough -Wno-old-style-declaration -Wno-unused-but-set-variable -Wno-unused-parameter -Werror -Wno-error=unused-but-set-variable -Wno-error=unused-parameter -I/shim/Cryptlib/OpenSSL -I/shim/Cryptlib -I/shim/Cryptlib/OpenSSL/Include/ -I/shim/Cryptlib/OpenSSL/crypto -I/shim/Cryptlib/Include -I/shim/gnu-efi/inc -I/shim/gnu-efi/inc/x86_64 -I/shim/gnu-efi/inc/protocol -I/shim/Cryptlib/OpenSSL/crypto/asn1 -I/shim/Cryptlib/OpenSSL/crypto/evp -I/shim/Cryptlib/OpenSSL/crypto/modes -I/shim/Cryptlib/OpenSSL/crypto/include -isystem /shim/include/system -isystem /usr/lib/gcc/x86_64-linux-gnu/14/include -DL_ENDIAN -D_CRT_SECURE_NO_DEPRECATE -D_CRT_NONSTDC_NO_DEPRECATE -DOPENSSL_SMALL_FOOTPRINT -DPEDANTIC -DMDE_CPU_X64   -c -o crypto/x509v3/v3err.o crypto/x509v3/v3err.c
#14 13.48 gcc -std=gnu11 -ggdb -gdwarf-4 -gstrict-dwarf -ffreestanding -fmacro-prefix-map=/shim/= -fno-stack-protector -fno-strict-aliasing -fpic -fshort-wchar -nostdinc -m64 -mno-mmx -mno-sse -mno-red-zone -maccumulate-outgoing-args -Os -Wall -Wextra -Wno-missing-field-initializers -Wno-empty-body -Wno-implicit-fallthrough -Wno-old-style-declaration -Wno-unused-but-set-variable -Wno-unused-parameter -Werror -Wno-error=unused-but-set-variable -Wno-error=unused-parameter -I/shim/Cryptlib/OpenSSL -I/shim/Cryptlib -I/shim/Cryptlib/OpenSSL/Include/ -I/shim/Cryptlib/OpenSSL/crypto -I/shim/Cryptlib/Include -I/shim/gnu-efi/inc -I/shim/gnu-efi/inc/x86_64 -I/shim/gnu-efi/inc/protocol -I/shim/Cryptlib/OpenSSL/crypto/asn1 -I/shim/Cryptlib/OpenSSL/crypto/evp -I/shim/Cryptlib/OpenSSL/crypto/modes -I/shim/Cryptlib/OpenSSL/crypto/include -isystem /shim/include/system -isystem /usr/lib/gcc/x86_64-linux-gnu/14/include -DL_ENDIAN -D_CRT_SECURE_NO_DEPRECATE -D_CRT_NONSTDC_NO_DEPRECATE -DOPENSSL_SMALL_FOOTPRINT -DPEDANTIC -DMDE_CPU_X64   -c -o crypto/x509v3/v3_genn.o crypto/x509v3/v3_genn.c
#14 13.49 gcc -std=gnu11 -ggdb -gdwarf-4 -gstrict-dwarf -ffreestanding -fmacro-prefix-map=/shim/= -fno-stack-protector -fno-strict-aliasing -fpic -fshort-wchar -nostdinc -m64 -mno-mmx -mno-sse -mno-red-zone -maccumulate-outgoing-args -Os -Wall -Wextra -Wno-missing-field-initializers -Wno-empty-body -Wno-implicit-fallthrough -Wno-old-style-declaration -Wno-unused-but-set-variable -Wno-unused-parameter -Werror -Wno-error=unused-but-set-variable -Wno-error=unused-parameter -I/shim/Cryptlib/OpenSSL -I/shim/Cryptlib -I/shim/Cryptlib/OpenSSL/Include/ -I/shim/Cryptlib/OpenSSL/crypto -I/shim/Cryptlib/Include -I/shim/gnu-efi/inc -I/shim/gnu-efi/inc/x86_64 -I/shim/gnu-efi/inc/protocol -I/shim/Cryptlib/OpenSSL/crypto/asn1 -I/shim/Cryptlib/OpenSSL/crypto/evp -I/shim/Cryptlib/OpenSSL/crypto/modes -I/shim/Cryptlib/OpenSSL/crypto/include -isystem /shim/include/system -isystem /usr/lib/gcc/x86_64-linux-gnu/14/include -DL_ENDIAN -D_CRT_SECURE_NO_DEPRECATE -D_CRT_NONSTDC_NO_DEPRECATE -DOPENSSL_SMALL_FOOTPRINT -DPEDANTIC -DMDE_CPU_X64   -c -o crypto/x509v3/v3_alt.o crypto/x509v3/v3_alt.c
#14 13.55 gcc -std=gnu11 -ggdb -gdwarf-4 -gstrict-dwarf -ffreestanding -fmacro-prefix-map=/shim/= -fno-stack-protector -fno-strict-aliasing -fpic -fshort-wchar -nostdinc -m64 -mno-mmx -mno-sse -mno-red-zone -maccumulate-outgoing-args -Os -Wall -Wextra -Wno-missing-field-initializers -Wno-empty-body -Wno-implicit-fallthrough -Wno-old-style-declaration -Wno-unused-but-set-variable -Wno-unused-parameter -Werror -Wno-error=unused-but-set-variable -Wno-error=unused-parameter -I/shim/Cryptlib/OpenSSL -I/shim/Cryptlib -I/shim/Cryptlib/OpenSSL/Include/ -I/shim/Cryptlib/OpenSSL/crypto -I/shim/Cryptlib/Include -I/shim/gnu-efi/inc -I/shim/gnu-efi/inc/x86_64 -I/shim/gnu-efi/inc/protocol -I/shim/Cryptlib/OpenSSL/crypto/asn1 -I/shim/Cryptlib/OpenSSL/crypto/evp -I/shim/Cryptlib/OpenSSL/crypto/modes -I/shim/Cryptlib/OpenSSL/crypto/include -isystem /shim/include/system -isystem /usr/lib/gcc/x86_64-linux-gnu/14/include -DL_ENDIAN -D_CRT_SECURE_NO_DEPRECATE -D_CRT_NONSTDC_NO_DEPRECATE -DOPENSSL_SMALL_FOOTPRINT -DPEDANTIC -DMDE_CPU_X64   -c -o crypto/x509v3/v3_skey.o crypto/x509v3/v3_skey.c
#14 13.62 gcc -std=gnu11 -ggdb -gdwarf-4 -gstrict-dwarf -ffreestanding -fmacro-prefix-map=/shim/= -fno-stack-protector -fno-strict-aliasing -fpic -fshort-wchar -nostdinc -m64 -mno-mmx -mno-sse -mno-red-zone -maccumulate-outgoing-args -Os -Wall -Wextra -Wno-missing-field-initializers -Wno-empty-body -Wno-implicit-fallthrough -Wno-old-style-declaration -Wno-unused-but-set-variable -Wno-unused-parameter -Werror -Wno-error=unused-but-set-variable -Wno-error=unused-parameter -I/shim/Cryptlib/OpenSSL -I/shim/Cryptlib -I/shim/Cryptlib/OpenSSL/Include/ -I/shim/Cryptlib/OpenSSL/crypto -I/shim/Cryptlib/Include -I/shim/gnu-efi/inc -I/shim/gnu-efi/inc/x86_64 -I/shim/gnu-efi/inc/protocol -I/shim/Cryptlib/OpenSSL/crypto/asn1 -I/shim/Cryptlib/OpenSSL/crypto/evp -I/shim/Cryptlib/OpenSSL/crypto/modes -I/shim/Cryptlib/OpenSSL/crypto/include -isystem /shim/include/system -isystem /usr/lib/gcc/x86_64-linux-gnu/14/include -DL_ENDIAN -D_CRT_SECURE_NO_DEPRECATE -D_CRT_NONSTDC_NO_DEPRECATE -DOPENSSL_SMALL_FOOTPRINT -DPEDANTIC -DMDE_CPU_X64   -c -o crypto/x509v3/v3_akey.o crypto/x509v3/v3_akey.c
#14 13.64 gcc -std=gnu11 -ggdb -gdwarf-4 -gstrict-dwarf -ffreestanding -fmacro-prefix-map=/shim/= -fno-stack-protector -fno-strict-aliasing -fpic -fshort-wchar -nostdinc -m64 -mno-mmx -mno-sse -mno-red-zone -maccumulate-outgoing-args -Os -Wall -Wextra -Wno-missing-field-initializers -Wno-empty-body -Wno-implicit-fallthrough -Wno-old-style-declaration -Wno-unused-but-set-variable -Wno-unused-parameter -Werror -Wno-error=unused-but-set-variable -Wno-error=unused-parameter -I/shim/Cryptlib/OpenSSL -I/shim/Cryptlib -I/shim/Cryptlib/OpenSSL/Include/ -I/shim/Cryptlib/OpenSSL/crypto -I/shim/Cryptlib/Include -I/shim/gnu-efi/inc -I/shim/gnu-efi/inc/x86_64 -I/shim/gnu-efi/inc/protocol -I/shim/Cryptlib/OpenSSL/crypto/asn1 -I/shim/Cryptlib/OpenSSL/crypto/evp -I/shim/Cryptlib/OpenSSL/crypto/modes -I/shim/Cryptlib/OpenSSL/crypto/include -isystem /shim/include/system -isystem /usr/lib/gcc/x86_64-linux-gnu/14/include -DL_ENDIAN -D_CRT_SECURE_NO_DEPRECATE -D_CRT_NONSTDC_NO_DEPRECATE -DOPENSSL_SMALL_FOOTPRINT -DPEDANTIC -DMDE_CPU_X64   -c -o crypto/x509v3/v3_pku.o crypto/x509v3/v3_pku.c
#14 13.71 gcc -std=gnu11 -ggdb -gdwarf-4 -gstrict-dwarf -ffreestanding -fmacro-prefix-map=/shim/= -fno-stack-protector -fno-strict-aliasing -fpic -fshort-wchar -nostdinc -m64 -mno-mmx -mno-sse -mno-red-zone -maccumulate-outgoing-args -Os -Wall -Wextra -Wno-missing-field-initializers -Wno-empty-body -Wno-implicit-fallthrough -Wno-old-style-declaration -Wno-unused-but-set-variable -Wno-unused-parameter -Werror -Wno-error=unused-but-set-variable -Wno-error=unused-parameter -I/shim/Cryptlib/OpenSSL -I/shim/Cryptlib -I/shim/Cryptlib/OpenSSL/Include/ -I/shim/Cryptlib/OpenSSL/crypto -I/shim/Cryptlib/Include -I/shim/gnu-efi/inc -I/shim/gnu-efi/inc/x86_64 -I/shim/gnu-efi/inc/protocol -I/shim/Cryptlib/OpenSSL/crypto/asn1 -I/shim/Cryptlib/OpenSSL/crypto/evp -I/shim/Cryptlib/OpenSSL/crypto/modes -I/shim/Cryptlib/OpenSSL/crypto/include -isystem /shim/include/system -isystem /usr/lib/gcc/x86_64-linux-gnu/14/include -DL_ENDIAN -D_CRT_SECURE_NO_DEPRECATE -D_CRT_NONSTDC_NO_DEPRECATE -DOPENSSL_SMALL_FOOTPRINT -DPEDANTIC -DMDE_CPU_X64   -c -o crypto/x509v3/v3_int.o crypto/x509v3/v3_int.c
#14 13.73 gcc -std=gnu11 -ggdb -gdwarf-4 -gstrict-dwarf -ffreestanding -fmacro-prefix-map=/shim/= -fno-stack-protector -fno-strict-aliasing -fpic -fshort-wchar -nostdinc -m64 -mno-mmx -mno-sse -mno-red-zone -maccumulate-outgoing-args -Os -Wall -Wextra -Wno-missing-field-initializers -Wno-empty-body -Wno-implicit-fallthrough -Wno-old-style-declaration -Wno-unused-but-set-variable -Wno-unused-parameter -Werror -Wno-error=unused-but-set-variable -Wno-error=unused-parameter -I/shim/Cryptlib/OpenSSL -I/shim/Cryptlib -I/shim/Cryptlib/OpenSSL/Include/ -I/shim/Cryptlib/OpenSSL/crypto -I/shim/Cryptlib/Include -I/shim/gnu-efi/inc -I/shim/gnu-efi/inc/x86_64 -I/shim/gnu-efi/inc/protocol -I/shim/Cryptlib/OpenSSL/crypto/asn1 -I/shim/Cryptlib/OpenSSL/crypto/evp -I/shim/Cryptlib/OpenSSL/crypto/modes -I/shim/Cryptlib/OpenSSL/crypto/include -isystem /shim/include/system -isystem /usr/lib/gcc/x86_64-linux-gnu/14/include -DL_ENDIAN -D_CRT_SECURE_NO_DEPRECATE -D_CRT_NONSTDC_NO_DEPRECATE -DOPENSSL_SMALL_FOOTPRINT -DPEDANTIC -DMDE_CPU_X64   -c -o crypto/x509v3/v3_enum.o crypto/x509v3/v3_enum.c
#14 13.77 gcc -std=gnu11 -ggdb -gdwarf-4 -gstrict-dwarf -ffreestanding -fmacro-prefix-map=/shim/= -fno-stack-protector -fno-strict-aliasing -fpic -fshort-wchar -nostdinc -m64 -mno-mmx -mno-sse -mno-red-zone -maccumulate-outgoing-args -Os -Wall -Wextra -Wno-missing-field-initializers -Wno-empty-body -Wno-implicit-fallthrough -Wno-old-style-declaration -Wno-unused-but-set-variable -Wno-unused-parameter -Werror -Wno-error=unused-but-set-variable -Wno-error=unused-parameter -I/shim/Cryptlib/OpenSSL -I/shim/Cryptlib -I/shim/Cryptlib/OpenSSL/Include/ -I/shim/Cryptlib/OpenSSL/crypto -I/shim/Cryptlib/Include -I/shim/gnu-efi/inc -I/shim/gnu-efi/inc/x86_64 -I/shim/gnu-efi/inc/protocol -I/shim/Cryptlib/OpenSSL/crypto/asn1 -I/shim/Cryptlib/OpenSSL/crypto/evp -I/shim/Cryptlib/OpenSSL/crypto/modes -I/shim/Cryptlib/OpenSSL/crypto/include -isystem /shim/include/system -isystem /usr/lib/gcc/x86_64-linux-gnu/14/include -DL_ENDIAN -D_CRT_SECURE_NO_DEPRECATE -D_CRT_NONSTDC_NO_DEPRECATE -DOPENSSL_SMALL_FOOTPRINT -DPEDANTIC -DMDE_CPU_X64   -c -o crypto/x509v3/v3_sxnet.o crypto/x509v3/v3_sxnet.c
#14 13.77 gcc -std=gnu11 -ggdb -gdwarf-4 -gstrict-dwarf -ffreestanding -fmacro-prefix-map=/shim/= -fno-stack-protector -fno-strict-aliasing -fpic -fshort-wchar -nostdinc -m64 -mno-mmx -mno-sse -mno-red-zone -maccumulate-outgoing-args -Os -Wall -Wextra -Wno-missing-field-initializers -Wno-empty-body -Wno-implicit-fallthrough -Wno-old-style-declaration -Wno-unused-but-set-variable -Wno-unused-parameter -Werror -Wno-error=unused-but-set-variable -Wno-error=unused-parameter -I/shim/Cryptlib/OpenSSL -I/shim/Cryptlib -I/shim/Cryptlib/OpenSSL/Include/ -I/shim/Cryptlib/OpenSSL/crypto -I/shim/Cryptlib/Include -I/shim/gnu-efi/inc -I/shim/gnu-efi/inc/x86_64 -I/shim/gnu-efi/inc/protocol -I/shim/Cryptlib/OpenSSL/crypto/asn1 -I/shim/Cryptlib/OpenSSL/crypto/evp -I/shim/Cryptlib/OpenSSL/crypto/modes -I/shim/Cryptlib/OpenSSL/crypto/include -isystem /shim/include/system -isystem /usr/lib/gcc/x86_64-linux-gnu/14/include -DL_ENDIAN -D_CRT_SECURE_NO_DEPRECATE -D_CRT_NONSTDC_NO_DEPRECATE -DOPENSSL_SMALL_FOOTPRINT -DPEDANTIC -DMDE_CPU_X64   -c -o crypto/x509v3/v3_cpols.o crypto/x509v3/v3_cpols.c
#14 13.82 gcc -std=gnu11 -ggdb -gdwarf-4 -gstrict-dwarf -ffreestanding -fmacro-prefix-map=/shim/= -fno-stack-protector -fno-strict-aliasing -fpic -fshort-wchar -nostdinc -m64 -mno-mmx -mno-sse -mno-red-zone -maccumulate-outgoing-args -Os -Wall -Wextra -Wno-missing-field-initializers -Wno-empty-body -Wno-implicit-fallthrough -Wno-old-style-declaration -Wno-unused-but-set-variable -Wno-unused-parameter -Werror -Wno-error=unused-but-set-variable -Wno-error=unused-parameter -I/shim/Cryptlib/OpenSSL -I/shim/Cryptlib -I/shim/Cryptlib/OpenSSL/Include/ -I/shim/Cryptlib/OpenSSL/crypto -I/shim/Cryptlib/Include -I/shim/gnu-efi/inc -I/shim/gnu-efi/inc/x86_64 -I/shim/gnu-efi/inc/protocol -I/shim/Cryptlib/OpenSSL/crypto/asn1 -I/shim/Cryptlib/OpenSSL/crypto/evp -I/shim/Cryptlib/OpenSSL/crypto/modes -I/shim/Cryptlib/OpenSSL/crypto/include -isystem /shim/include/system -isystem /usr/lib/gcc/x86_64-linux-gnu/14/include -DL_ENDIAN -D_CRT_SECURE_NO_DEPRECATE -D_CRT_NONSTDC_NO_DEPRECATE -DOPENSSL_SMALL_FOOTPRINT -DPEDANTIC -DMDE_CPU_X64   -c -o crypto/x509v3/v3_crld.o crypto/x509v3/v3_crld.c
#14 13.89 gcc -std=gnu11 -ggdb -gdwarf-4 -gstrict-dwarf -ffreestanding -fmacro-prefix-map=/shim/= -fno-stack-protector -fno-strict-aliasing -fpic -fshort-wchar -nostdinc -m64 -mno-mmx -mno-sse -mno-red-zone -maccumulate-outgoing-args -Os -Wall -Wextra -Wno-missing-field-initializers -Wno-empty-body -Wno-implicit-fallthrough -Wno-old-style-declaration -Wno-unused-but-set-variable -Wno-unused-parameter -Werror -Wno-error=unused-but-set-variable -Wno-error=unused-parameter -I/shim/Cryptlib/OpenSSL -I/shim/Cryptlib -I/shim/Cryptlib/OpenSSL/Include/ -I/shim/Cryptlib/OpenSSL/crypto -I/shim/Cryptlib/Include -I/shim/gnu-efi/inc -I/shim/gnu-efi/inc/x86_64 -I/shim/gnu-efi/inc/protocol -I/shim/Cryptlib/OpenSSL/crypto/asn1 -I/shim/Cryptlib/OpenSSL/crypto/evp -I/shim/Cryptlib/OpenSSL/crypto/modes -I/shim/Cryptlib/OpenSSL/crypto/include -isystem /shim/include/system -isystem /usr/lib/gcc/x86_64-linux-gnu/14/include -DL_ENDIAN -D_CRT_SECURE_NO_DEPRECATE -D_CRT_NONSTDC_NO_DEPRECATE -DOPENSSL_SMALL_FOOTPRINT -DPEDANTIC -DMDE_CPU_X64   -c -o crypto/x509v3/v3_purp.o crypto/x509v3/v3_purp.c
#14 13.90 gcc -std=gnu11 -ggdb -gdwarf-4 -gstrict-dwarf -ffreestanding -fmacro-prefix-map=/shim/= -fno-stack-protector -fno-strict-aliasing -fpic -fshort-wchar -nostdinc -m64 -mno-mmx -mno-sse -mno-red-zone -maccumulate-outgoing-args -Os -Wall -Wextra -Wno-missing-field-initializers -Wno-empty-body -Wno-implicit-fallthrough -Wno-old-style-declaration -Wno-unused-but-set-variable -Wno-unused-parameter -Werror -Wno-error=unused-but-set-variable -Wno-error=unused-parameter -I/shim/Cryptlib/OpenSSL -I/shim/Cryptlib -I/shim/Cryptlib/OpenSSL/Include/ -I/shim/Cryptlib/OpenSSL/crypto -I/shim/Cryptlib/Include -I/shim/gnu-efi/inc -I/shim/gnu-efi/inc/x86_64 -I/shim/gnu-efi/inc/protocol -I/shim/Cryptlib/OpenSSL/crypto/asn1 -I/shim/Cryptlib/OpenSSL/crypto/evp -I/shim/Cryptlib/OpenSSL/crypto/modes -I/shim/Cryptlib/OpenSSL/crypto/include -isystem /shim/include/system -isystem /usr/lib/gcc/x86_64-linux-gnu/14/include -DL_ENDIAN -D_CRT_SECURE_NO_DEPRECATE -D_CRT_NONSTDC_NO_DEPRECATE -DOPENSSL_SMALL_FOOTPRINT -DPEDANTIC -DMDE_CPU_X64   -c -o crypto/x509v3/v3_info.o crypto/x509v3/v3_info.c
#14 13.97 gcc -std=gnu11 -ggdb -gdwarf-4 -gstrict-dwarf -ffreestanding -fmacro-prefix-map=/shim/= -fno-stack-protector -fno-strict-aliasing -fpic -fshort-wchar -nostdinc -m64 -mno-mmx -mno-sse -mno-red-zone -maccumulate-outgoing-args -Os -Wall -Wextra -Wno-missing-field-initializers -Wno-empty-body -Wno-implicit-fallthrough -Wno-old-style-declaration -Wno-unused-but-set-variable -Wno-unused-parameter -Werror -Wno-error=unused-but-set-variable -Wno-error=unused-parameter -I/shim/Cryptlib/OpenSSL -I/shim/Cryptlib -I/shim/Cryptlib/OpenSSL/Include/ -I/shim/Cryptlib/OpenSSL/crypto -I/shim/Cryptlib/Include -I/shim/gnu-efi/inc -I/shim/gnu-efi/inc/x86_64 -I/shim/gnu-efi/inc/protocol -I/shim/Cryptlib/OpenSSL/crypto/asn1 -I/shim/Cryptlib/OpenSSL/crypto/evp -I/shim/Cryptlib/OpenSSL/crypto/modes -I/shim/Cryptlib/OpenSSL/crypto/include -isystem /shim/include/system -isystem /usr/lib/gcc/x86_64-linux-gnu/14/include -DL_ENDIAN -D_CRT_SECURE_NO_DEPRECATE -D_CRT_NONSTDC_NO_DEPRECATE -DOPENSSL_SMALL_FOOTPRINT -DPEDANTIC -DMDE_CPU_X64   -c -o crypto/x509v3/v3_ocsp.o crypto/x509v3/v3_ocsp.c
#14 13.99 gcc -std=gnu11 -ggdb -gdwarf-4 -gstrict-dwarf -ffreestanding -fmacro-prefix-map=/shim/= -fno-stack-protector -fno-strict-aliasing -fpic -fshort-wchar -nostdinc -m64 -mno-mmx -mno-sse -mno-red-zone -maccumulate-outgoing-args -Os -Wall -Wextra -Wno-missing-field-initializers -Wno-empty-body -Wno-implicit-fallthrough -Wno-old-style-declaration -Wno-unused-but-set-variable -Wno-unused-parameter -Werror -Wno-error=unused-but-set-variable -Wno-error=unused-parameter -I/shim/Cryptlib/OpenSSL -I/shim/Cryptlib -I/shim/Cryptlib/OpenSSL/Include/ -I/shim/Cryptlib/OpenSSL/crypto -I/shim/Cryptlib/Include -I/shim/gnu-efi/inc -I/shim/gnu-efi/inc/x86_64 -I/shim/gnu-efi/inc/protocol -I/shim/Cryptlib/OpenSSL/crypto/asn1 -I/shim/Cryptlib/OpenSSL/crypto/evp -I/shim/Cryptlib/OpenSSL/crypto/modes -I/shim/Cryptlib/OpenSSL/crypto/include -isystem /shim/include/system -isystem /usr/lib/gcc/x86_64-linux-gnu/14/include -DL_ENDIAN -D_CRT_SECURE_NO_DEPRECATE -D_CRT_NONSTDC_NO_DEPRECATE -DOPENSSL_SMALL_FOOTPRINT -DPEDANTIC -DMDE_CPU_X64   -c -o crypto/x509v3/v3_akeya.o crypto/x509v3/v3_akeya.c
#14 14.05 gcc -std=gnu11 -ggdb -gdwarf-4 -gstrict-dwarf -ffreestanding -fmacro-prefix-map=/shim/= -fno-stack-protector -fno-strict-aliasing -fpic -fshort-wchar -nostdinc -m64 -mno-mmx -mno-sse -mno-red-zone -maccumulate-outgoing-args -Os -Wall -Wextra -Wno-missing-field-initializers -Wno-empty-body -Wno-implicit-fallthrough -Wno-old-style-declaration -Wno-unused-but-set-variable -Wno-unused-parameter -Werror -Wno-error=unused-but-set-variable -Wno-error=unused-parameter -I/shim/Cryptlib/OpenSSL -I/shim/Cryptlib -I/shim/Cryptlib/OpenSSL/Include/ -I/shim/Cryptlib/OpenSSL/crypto -I/shim/Cryptlib/Include -I/shim/gnu-efi/inc -I/shim/gnu-efi/inc/x86_64 -I/shim/gnu-efi/inc/protocol -I/shim/Cryptlib/OpenSSL/crypto/asn1 -I/shim/Cryptlib/OpenSSL/crypto/evp -I/shim/Cryptlib/OpenSSL/crypto/modes -I/shim/Cryptlib/OpenSSL/crypto/include -isystem /shim/include/system -isystem /usr/lib/gcc/x86_64-linux-gnu/14/include -DL_ENDIAN -D_CRT_SECURE_NO_DEPRECATE -D_CRT_NONSTDC_NO_DEPRECATE -DOPENSSL_SMALL_FOOTPRINT -DPEDANTIC -DMDE_CPU_X64   -c -o crypto/x509v3/v3_pmaps.o crypto/x509v3/v3_pmaps.c
#14 14.07 gcc -std=gnu11 -ggdb -gdwarf-4 -gstrict-dwarf -ffreestanding -fmacro-prefix-map=/shim/= -fno-stack-protector -fno-strict-aliasing -fpic -fshort-wchar -nostdinc -m64 -mno-mmx -mno-sse -mno-red-zone -maccumulate-outgoing-args -Os -Wall -Wextra -Wno-missing-field-initializers -Wno-empty-body -Wno-implicit-fallthrough -Wno-old-style-declaration -Wno-unused-but-set-variable -Wno-unused-parameter -Werror -Wno-error=unused-but-set-variable -Wno-error=unused-parameter -I/shim/Cryptlib/OpenSSL -I/shim/Cryptlib -I/shim/Cryptlib/OpenSSL/Include/ -I/shim/Cryptlib/OpenSSL/crypto -I/shim/Cryptlib/Include -I/shim/gnu-efi/inc -I/shim/gnu-efi/inc/x86_64 -I/shim/gnu-efi/inc/protocol -I/shim/Cryptlib/OpenSSL/crypto/asn1 -I/shim/Cryptlib/OpenSSL/crypto/evp -I/shim/Cryptlib/OpenSSL/crypto/modes -I/shim/Cryptlib/OpenSSL/crypto/include -isystem /shim/include/system -isystem /usr/lib/gcc/x86_64-linux-gnu/14/include -DL_ENDIAN -D_CRT_SECURE_NO_DEPRECATE -D_CRT_NONSTDC_NO_DEPRECATE -DOPENSSL_SMALL_FOOTPRINT -DPEDANTIC -DMDE_CPU_X64   -c -o crypto/x509v3/v3_pcons.o crypto/x509v3/v3_pcons.c
#14 14.09 gcc -std=gnu11 -ggdb -gdwarf-4 -gstrict-dwarf -ffreestanding -fmacro-prefix-map=/shim/= -fno-stack-protector -fno-strict-aliasing -fpic -fshort-wchar -nostdinc -m64 -mno-mmx -mno-sse -mno-red-zone -maccumulate-outgoing-args -Os -Wall -Wextra -Wno-missing-field-initializers -Wno-empty-body -Wno-implicit-fallthrough -Wno-old-style-declaration -Wno-unused-but-set-variable -Wno-unused-parameter -Werror -Wno-error=unused-but-set-variable -Wno-error=unused-parameter -I/shim/Cryptlib/OpenSSL -I/shim/Cryptlib -I/shim/Cryptlib/OpenSSL/Include/ -I/shim/Cryptlib/OpenSSL/crypto -I/shim/Cryptlib/Include -I/shim/gnu-efi/inc -I/shim/gnu-efi/inc/x86_64 -I/shim/gnu-efi/inc/protocol -I/shim/Cryptlib/OpenSSL/crypto/asn1 -I/shim/Cryptlib/OpenSSL/crypto/evp -I/shim/Cryptlib/OpenSSL/crypto/modes -I/shim/Cryptlib/OpenSSL/crypto/include -isystem /shim/include/system -isystem /usr/lib/gcc/x86_64-linux-gnu/14/include -DL_ENDIAN -D_CRT_SECURE_NO_DEPRECATE -D_CRT_NONSTDC_NO_DEPRECATE -DOPENSSL_SMALL_FOOTPRINT -DPEDANTIC -DMDE_CPU_X64   -c -o crypto/x509v3/v3_ncons.o crypto/x509v3/v3_ncons.c
#14 14.12 gcc -std=gnu11 -ggdb -gdwarf-4 -gstrict-dwarf -ffreestanding -fmacro-prefix-map=/shim/= -fno-stack-protector -fno-strict-aliasing -fpic -fshort-wchar -nostdinc -m64 -mno-mmx -mno-sse -mno-red-zone -maccumulate-outgoing-args -Os -Wall -Wextra -Wno-missing-field-initializers -Wno-empty-body -Wno-implicit-fallthrough -Wno-old-style-declaration -Wno-unused-but-set-variable -Wno-unused-parameter -Werror -Wno-error=unused-but-set-variable -Wno-error=unused-parameter -I/shim/Cryptlib/OpenSSL -I/shim/Cryptlib -I/shim/Cryptlib/OpenSSL/Include/ -I/shim/Cryptlib/OpenSSL/crypto -I/shim/Cryptlib/Include -I/shim/gnu-efi/inc -I/shim/gnu-efi/inc/x86_64 -I/shim/gnu-efi/inc/protocol -I/shim/Cryptlib/OpenSSL/crypto/asn1 -I/shim/Cryptlib/OpenSSL/crypto/evp -I/shim/Cryptlib/OpenSSL/crypto/modes -I/shim/Cryptlib/OpenSSL/crypto/include -isystem /shim/include/system -isystem /usr/lib/gcc/x86_64-linux-gnu/14/include -DL_ENDIAN -D_CRT_SECURE_NO_DEPRECATE -D_CRT_NONSTDC_NO_DEPRECATE -DOPENSSL_SMALL_FOOTPRINT -DPEDANTIC -DMDE_CPU_X64   -c -o crypto/x509v3/v3_pcia.o crypto/x509v3/v3_pcia.c
#14 14.14 gcc -std=gnu11 -ggdb -gdwarf-4 -gstrict-dwarf -ffreestanding -fmacro-prefix-map=/shim/= -fno-stack-protector -fno-strict-aliasing -fpic -fshort-wchar -nostdinc -m64 -mno-mmx -mno-sse -mno-red-zone -maccumulate-outgoing-args -Os -Wall -Wextra -Wno-missing-field-initializers -Wno-empty-body -Wno-implicit-fallthrough -Wno-old-style-declaration -Wno-unused-but-set-variable -Wno-unused-parameter -Werror -Wno-error=unused-but-set-variable -Wno-error=unused-parameter -I/shim/Cryptlib/OpenSSL -I/shim/Cryptlib -I/shim/Cryptlib/OpenSSL/Include/ -I/shim/Cryptlib/OpenSSL/crypto -I/shim/Cryptlib/Include -I/shim/gnu-efi/inc -I/shim/gnu-efi/inc/x86_64 -I/shim/gnu-efi/inc/protocol -I/shim/Cryptlib/OpenSSL/crypto/asn1 -I/shim/Cryptlib/OpenSSL/crypto/evp -I/shim/Cryptlib/OpenSSL/crypto/modes -I/shim/Cryptlib/OpenSSL/crypto/include -isystem /shim/include/system -isystem /usr/lib/gcc/x86_64-linux-gnu/14/include -DL_ENDIAN -D_CRT_SECURE_NO_DEPRECATE -D_CRT_NONSTDC_NO_DEPRECATE -DOPENSSL_SMALL_FOOTPRINT -DPEDANTIC -DMDE_CPU_X64   -c -o crypto/x509v3/v3_pci.o crypto/x509v3/v3_pci.c
#14 14.14 gcc -std=gnu11 -ggdb -gdwarf-4 -gstrict-dwarf -ffreestanding -fmacro-prefix-map=/shim/= -fno-stack-protector -fno-strict-aliasing -fpic -fshort-wchar -nostdinc -m64 -mno-mmx -mno-sse -mno-red-zone -maccumulate-outgoing-args -Os -Wall -Wextra -Wno-missing-field-initializers -Wno-empty-body -Wno-implicit-fallthrough -Wno-old-style-declaration -Wno-unused-but-set-variable -Wno-unused-parameter -Werror -Wno-error=unused-but-set-variable -Wno-error=unused-parameter -I/shim/Cryptlib/OpenSSL -I/shim/Cryptlib -I/shim/Cryptlib/OpenSSL/Include/ -I/shim/Cryptlib/OpenSSL/crypto -I/shim/Cryptlib/Include -I/shim/gnu-efi/inc -I/shim/gnu-efi/inc/x86_64 -I/shim/gnu-efi/inc/protocol -I/shim/Cryptlib/OpenSSL/crypto/asn1 -I/shim/Cryptlib/OpenSSL/crypto/evp -I/shim/Cryptlib/OpenSSL/crypto/modes -I/shim/Cryptlib/OpenSSL/crypto/include -isystem /shim/include/system -isystem /usr/lib/gcc/x86_64-linux-gnu/14/include -DL_ENDIAN -D_CRT_SECURE_NO_DEPRECATE -D_CRT_NONSTDC_NO_DEPRECATE -DOPENSSL_SMALL_FOOTPRINT -DPEDANTIC -DMDE_CPU_X64   -c -o crypto/x509v3/pcy_cache.o crypto/x509v3/pcy_cache.c
#14 14.19 gcc -std=gnu11 -ggdb -gdwarf-4 -gstrict-dwarf -ffreestanding -fmacro-prefix-map=/shim/= -fno-stack-protector -fno-strict-aliasing -fpic -fshort-wchar -nostdinc -m64 -mno-mmx -mno-sse -mno-red-zone -maccumulate-outgoing-args -Os -Wall -Wextra -Wno-missing-field-initializers -Wno-empty-body -Wno-implicit-fallthrough -Wno-old-style-declaration -Wno-unused-but-set-variable -Wno-unused-parameter -Werror -Wno-error=unused-but-set-variable -Wno-error=unused-parameter -I/shim/Cryptlib/OpenSSL -I/shim/Cryptlib -I/shim/Cryptlib/OpenSSL/Include/ -I/shim/Cryptlib/OpenSSL/crypto -I/shim/Cryptlib/Include -I/shim/gnu-efi/inc -I/shim/gnu-efi/inc/x86_64 -I/shim/gnu-efi/inc/protocol -I/shim/Cryptlib/OpenSSL/crypto/asn1 -I/shim/Cryptlib/OpenSSL/crypto/evp -I/shim/Cryptlib/OpenSSL/crypto/modes -I/shim/Cryptlib/OpenSSL/crypto/include -isystem /shim/include/system -isystem /usr/lib/gcc/x86_64-linux-gnu/14/include -DL_ENDIAN -D_CRT_SECURE_NO_DEPRECATE -D_CRT_NONSTDC_NO_DEPRECATE -DOPENSSL_SMALL_FOOTPRINT -DPEDANTIC -DMDE_CPU_X64   -c -o crypto/x509v3/pcy_node.o crypto/x509v3/pcy_node.c
#14 14.24 gcc -std=gnu11 -ggdb -gdwarf-4 -gstrict-dwarf -ffreestanding -fmacro-prefix-map=/shim/= -fno-stack-protector -fno-strict-aliasing -fpic -fshort-wchar -nostdinc -m64 -mno-mmx -mno-sse -mno-red-zone -maccumulate-outgoing-args -Os -Wall -Wextra -Wno-missing-field-initializers -Wno-empty-body -Wno-implicit-fallthrough -Wno-old-style-declaration -Wno-unused-but-set-variable -Wno-unused-parameter -Werror -Wno-error=unused-but-set-variable -Wno-error=unused-parameter -I/shim/Cryptlib/OpenSSL -I/shim/Cryptlib -I/shim/Cryptlib/OpenSSL/Include/ -I/shim/Cryptlib/OpenSSL/crypto -I/shim/Cryptlib/Include -I/shim/gnu-efi/inc -I/shim/gnu-efi/inc/x86_64 -I/shim/gnu-efi/inc/protocol -I/shim/Cryptlib/OpenSSL/crypto/asn1 -I/shim/Cryptlib/OpenSSL/crypto/evp -I/shim/Cryptlib/OpenSSL/crypto/modes -I/shim/Cryptlib/OpenSSL/crypto/include -isystem /shim/include/system -isystem /usr/lib/gcc/x86_64-linux-gnu/14/include -DL_ENDIAN -D_CRT_SECURE_NO_DEPRECATE -D_CRT_NONSTDC_NO_DEPRECATE -DOPENSSL_SMALL_FOOTPRINT -DPEDANTIC -DMDE_CPU_X64   -c -o crypto/x509v3/pcy_data.o crypto/x509v3/pcy_data.c
#14 14.27 gcc -std=gnu11 -ggdb -gdwarf-4 -gstrict-dwarf -ffreestanding -fmacro-prefix-map=/shim/= -fno-stack-protector -fno-strict-aliasing -fpic -fshort-wchar -nostdinc -m64 -mno-mmx -mno-sse -mno-red-zone -maccumulate-outgoing-args -Os -Wall -Wextra -Wno-missing-field-initializers -Wno-empty-body -Wno-implicit-fallthrough -Wno-old-style-declaration -Wno-unused-but-set-variable -Wno-unused-parameter -Werror -Wno-error=unused-but-set-variable -Wno-error=unused-parameter -I/shim/Cryptlib/OpenSSL -I/shim/Cryptlib -I/shim/Cryptlib/OpenSSL/Include/ -I/shim/Cryptlib/OpenSSL/crypto -I/shim/Cryptlib/Include -I/shim/gnu-efi/inc -I/shim/gnu-efi/inc/x86_64 -I/shim/gnu-efi/inc/protocol -I/shim/Cryptlib/OpenSSL/crypto/asn1 -I/shim/Cryptlib/OpenSSL/crypto/evp -I/shim/Cryptlib/OpenSSL/crypto/modes -I/shim/Cryptlib/OpenSSL/crypto/include -isystem /shim/include/system -isystem /usr/lib/gcc/x86_64-linux-gnu/14/include -DL_ENDIAN -D_CRT_SECURE_NO_DEPRECATE -D_CRT_NONSTDC_NO_DEPRECATE -DOPENSSL_SMALL_FOOTPRINT -DPEDANTIC -DMDE_CPU_X64   -c -o crypto/x509v3/pcy_map.o crypto/x509v3/pcy_map.c
#14 14.31 gcc -std=gnu11 -ggdb -gdwarf-4 -gstrict-dwarf -ffreestanding -fmacro-prefix-map=/shim/= -fno-stack-protector -fno-strict-aliasing -fpic -fshort-wchar -nostdinc -m64 -mno-mmx -mno-sse -mno-red-zone -maccumulate-outgoing-args -Os -Wall -Wextra -Wno-missing-field-initializers -Wno-empty-body -Wno-implicit-fallthrough -Wno-old-style-declaration -Wno-unused-but-set-variable -Wno-unused-parameter -Werror -Wno-error=unused-but-set-variable -Wno-error=unused-parameter -I/shim/Cryptlib/OpenSSL -I/shim/Cryptlib -I/shim/Cryptlib/OpenSSL/Include/ -I/shim/Cryptlib/OpenSSL/crypto -I/shim/Cryptlib/Include -I/shim/gnu-efi/inc -I/shim/gnu-efi/inc/x86_64 -I/shim/gnu-efi/inc/protocol -I/shim/Cryptlib/OpenSSL/crypto/asn1 -I/shim/Cryptlib/OpenSSL/crypto/evp -I/shim/Cryptlib/OpenSSL/crypto/modes -I/shim/Cryptlib/OpenSSL/crypto/include -isystem /shim/include/system -isystem /usr/lib/gcc/x86_64-linux-gnu/14/include -DL_ENDIAN -D_CRT_SECURE_NO_DEPRECATE -D_CRT_NONSTDC_NO_DEPRECATE -DOPENSSL_SMALL_FOOTPRINT -DPEDANTIC -DMDE_CPU_X64   -c -o crypto/x509v3/pcy_tree.o crypto/x509v3/pcy_tree.c
#14 14.32 gcc -std=gnu11 -ggdb -gdwarf-4 -gstrict-dwarf -ffreestanding -fmacro-prefix-map=/shim/= -fno-stack-protector -fno-strict-aliasing -fpic -fshort-wchar -nostdinc -m64 -mno-mmx -mno-sse -mno-red-zone -maccumulate-outgoing-args -Os -Wall -Wextra -Wno-missing-field-initializers -Wno-empty-body -Wno-implicit-fallthrough -Wno-old-style-declaration -Wno-unused-but-set-variable -Wno-unused-parameter -Werror -Wno-error=unused-but-set-variable -Wno-error=unused-parameter -I/shim/Cryptlib/OpenSSL -I/shim/Cryptlib -I/shim/Cryptlib/OpenSSL/Include/ -I/shim/Cryptlib/OpenSSL/crypto -I/shim/Cryptlib/Include -I/shim/gnu-efi/inc -I/shim/gnu-efi/inc/x86_64 -I/shim/gnu-efi/inc/protocol -I/shim/Cryptlib/OpenSSL/crypto/asn1 -I/shim/Cryptlib/OpenSSL/crypto/evp -I/shim/Cryptlib/OpenSSL/crypto/modes -I/shim/Cryptlib/OpenSSL/crypto/include -isystem /shim/include/system -isystem /usr/lib/gcc/x86_64-linux-gnu/14/include -DL_ENDIAN -D_CRT_SECURE_NO_DEPRECATE -D_CRT_NONSTDC_NO_DEPRECATE -DOPENSSL_SMALL_FOOTPRINT -DPEDANTIC -DMDE_CPU_X64   -c -o crypto/x509v3/pcy_lib.o crypto/x509v3/pcy_lib.c
#14 14.33 gcc -std=gnu11 -ggdb -gdwarf-4 -gstrict-dwarf -ffreestanding -fmacro-prefix-map=/shim/= -fno-stack-protector -fno-strict-aliasing -fpic -fshort-wchar -nostdinc -m64 -mno-mmx -mno-sse -mno-red-zone -maccumulate-outgoing-args -Os -Wall -Wextra -Wno-missing-field-initializers -Wno-empty-body -Wno-implicit-fallthrough -Wno-old-style-declaration -Wno-unused-but-set-variable -Wno-unused-parameter -Werror -Wno-error=unused-but-set-variable -Wno-error=unused-parameter -I/shim/Cryptlib/OpenSSL -I/shim/Cryptlib -I/shim/Cryptlib/OpenSSL/Include/ -I/shim/Cryptlib/OpenSSL/crypto -I/shim/Cryptlib/Include -I/shim/gnu-efi/inc -I/shim/gnu-efi/inc/x86_64 -I/shim/gnu-efi/inc/protocol -I/shim/Cryptlib/OpenSSL/crypto/asn1 -I/shim/Cryptlib/OpenSSL/crypto/evp -I/shim/Cryptlib/OpenSSL/crypto/modes -I/shim/Cryptlib/OpenSSL/crypto/include -isystem /shim/include/system -isystem /usr/lib/gcc/x86_64-linux-gnu/14/include -DL_ENDIAN -D_CRT_SECURE_NO_DEPRECATE -D_CRT_NONSTDC_NO_DEPRECATE -DOPENSSL_SMALL_FOOTPRINT -DPEDANTIC -DMDE_CPU_X64   -c -o crypto/x509v3/v3_asid.o crypto/x509v3/v3_asid.c
#14 14.35 gcc -std=gnu11 -ggdb -gdwarf-4 -gstrict-dwarf -ffreestanding -fmacro-prefix-map=/shim/= -fno-stack-protector -fno-strict-aliasing -fpic -fshort-wchar -nostdinc -m64 -mno-mmx -mno-sse -mno-red-zone -maccumulate-outgoing-args -Os -Wall -Wextra -Wno-missing-field-initializers -Wno-empty-body -Wno-implicit-fallthrough -Wno-old-style-declaration -Wno-unused-but-set-variable -Wno-unused-parameter -Werror -Wno-error=unused-but-set-variable -Wno-error=unused-parameter -I/shim/Cryptlib/OpenSSL -I/shim/Cryptlib -I/shim/Cryptlib/OpenSSL/Include/ -I/shim/Cryptlib/OpenSSL/crypto -I/shim/Cryptlib/Include -I/shim/gnu-efi/inc -I/shim/gnu-efi/inc/x86_64 -I/shim/gnu-efi/inc/protocol -I/shim/Cryptlib/OpenSSL/crypto/asn1 -I/shim/Cryptlib/OpenSSL/crypto/evp -I/shim/Cryptlib/OpenSSL/crypto/modes -I/shim/Cryptlib/OpenSSL/crypto/include -isystem /shim/include/system -isystem /usr/lib/gcc/x86_64-linux-gnu/14/include -DL_ENDIAN -D_CRT_SECURE_NO_DEPRECATE -D_CRT_NONSTDC_NO_DEPRECATE -DOPENSSL_SMALL_FOOTPRINT -DPEDANTIC -DMDE_CPU_X64   -c -o crypto/x509v3/v3_addr.o crypto/x509v3/v3_addr.c
#14 14.42 gcc -std=gnu11 -ggdb -gdwarf-4 -gstrict-dwarf -ffreestanding -fmacro-prefix-map=/shim/= -fno-stack-protector -fno-strict-aliasing -fpic -fshort-wchar -nostdinc -m64 -mno-mmx -mno-sse -mno-red-zone -maccumulate-outgoing-args -Os -Wall -Wextra -Wno-missing-field-initializers -Wno-empty-body -Wno-implicit-fallthrough -Wno-old-style-declaration -Wno-unused-but-set-variable -Wno-unused-parameter -Werror -Wno-error=unused-but-set-variable -Wno-error=unused-parameter -I/shim/Cryptlib/OpenSSL -I/shim/Cryptlib -I/shim/Cryptlib/OpenSSL/Include/ -I/shim/Cryptlib/OpenSSL/crypto -I/shim/Cryptlib/Include -I/shim/gnu-efi/inc -I/shim/gnu-efi/inc/x86_64 -I/shim/gnu-efi/inc/protocol -I/shim/Cryptlib/OpenSSL/crypto/asn1 -I/shim/Cryptlib/OpenSSL/crypto/evp -I/shim/Cryptlib/OpenSSL/crypto/modes -I/shim/Cryptlib/OpenSSL/crypto/include -isystem /shim/include/system -isystem /usr/lib/gcc/x86_64-linux-gnu/14/include -DL_ENDIAN -D_CRT_SECURE_NO_DEPRECATE -D_CRT_NONSTDC_NO_DEPRECATE -DOPENSSL_SMALL_FOOTPRINT -DPEDANTIC -DMDE_CPU_X64   -c -o crypto/conf/conf_err.o crypto/conf/conf_err.c
#14 14.43 gcc -std=gnu11 -ggdb -gdwarf-4 -gstrict-dwarf -ffreestanding -fmacro-prefix-map=/shim/= -fno-stack-protector -fno-strict-aliasing -fpic -fshort-wchar -nostdinc -m64 -mno-mmx -mno-sse -mno-red-zone -maccumulate-outgoing-args -Os -Wall -Wextra -Wno-missing-field-initializers -Wno-empty-body -Wno-implicit-fallthrough -Wno-old-style-declaration -Wno-unused-but-set-variable -Wno-unused-parameter -Werror -Wno-error=unused-but-set-variable -Wno-error=unused-parameter -I/shim/Cryptlib/OpenSSL -I/shim/Cryptlib -I/shim/Cryptlib/OpenSSL/Include/ -I/shim/Cryptlib/OpenSSL/crypto -I/shim/Cryptlib/Include -I/shim/gnu-efi/inc -I/shim/gnu-efi/inc/x86_64 -I/shim/gnu-efi/inc/protocol -I/shim/Cryptlib/OpenSSL/crypto/asn1 -I/shim/Cryptlib/OpenSSL/crypto/evp -I/shim/Cryptlib/OpenSSL/crypto/modes -I/shim/Cryptlib/OpenSSL/crypto/include -isystem /shim/include/system -isystem /usr/lib/gcc/x86_64-linux-gnu/14/include -DL_ENDIAN -D_CRT_SECURE_NO_DEPRECATE -D_CRT_NONSTDC_NO_DEPRECATE -DOPENSSL_SMALL_FOOTPRINT -DPEDANTIC -DMDE_CPU_X64   -c -o crypto/conf/conf_lib.o crypto/conf/conf_lib.c
#14 14.44 gcc -std=gnu11 -ggdb -gdwarf-4 -gstrict-dwarf -ffreestanding -fmacro-prefix-map=/shim/= -fno-stack-protector -fno-strict-aliasing -fpic -fshort-wchar -nostdinc -m64 -mno-mmx -mno-sse -mno-red-zone -maccumulate-outgoing-args -Os -Wall -Wextra -Wno-missing-field-initializers -Wno-empty-body -Wno-implicit-fallthrough -Wno-old-style-declaration -Wno-unused-but-set-variable -Wno-unused-parameter -Werror -Wno-error=unused-but-set-variable -Wno-error=unused-parameter -I/shim/Cryptlib/OpenSSL -I/shim/Cryptlib -I/shim/Cryptlib/OpenSSL/Include/ -I/shim/Cryptlib/OpenSSL/crypto -I/shim/Cryptlib/Include -I/shim/gnu-efi/inc -I/shim/gnu-efi/inc/x86_64 -I/shim/gnu-efi/inc/protocol -I/shim/Cryptlib/OpenSSL/crypto/asn1 -I/shim/Cryptlib/OpenSSL/crypto/evp -I/shim/Cryptlib/OpenSSL/crypto/modes -I/shim/Cryptlib/OpenSSL/crypto/include -isystem /shim/include/system -isystem /usr/lib/gcc/x86_64-linux-gnu/14/include -DL_ENDIAN -D_CRT_SECURE_NO_DEPRECATE -D_CRT_NONSTDC_NO_DEPRECATE -DOPENSSL_SMALL_FOOTPRINT -DPEDANTIC -DMDE_CPU_X64   -c -o crypto/conf/conf_api.o crypto/conf/conf_api.c
#14 14.46 gcc -std=gnu11 -ggdb -gdwarf-4 -gstrict-dwarf -ffreestanding -fmacro-prefix-map=/shim/= -fno-stack-protector -fno-strict-aliasing -fpic -fshort-wchar -nostdinc -m64 -mno-mmx -mno-sse -mno-red-zone -maccumulate-outgoing-args -Os -Wall -Wextra -Wno-missing-field-initializers -Wno-empty-body -Wno-implicit-fallthrough -Wno-old-style-declaration -Wno-unused-but-set-variable -Wno-unused-parameter -Werror -Wno-error=unused-but-set-variable -Wno-error=unused-parameter -I/shim/Cryptlib/OpenSSL -I/shim/Cryptlib -I/shim/Cryptlib/OpenSSL/Include/ -I/shim/Cryptlib/OpenSSL/crypto -I/shim/Cryptlib/Include -I/shim/gnu-efi/inc -I/shim/gnu-efi/inc/x86_64 -I/shim/gnu-efi/inc/protocol -I/shim/Cryptlib/OpenSSL/crypto/asn1 -I/shim/Cryptlib/OpenSSL/crypto/evp -I/shim/Cryptlib/OpenSSL/crypto/modes -I/shim/Cryptlib/OpenSSL/crypto/include -isystem /shim/include/system -isystem /usr/lib/gcc/x86_64-linux-gnu/14/include -DL_ENDIAN -D_CRT_SECURE_NO_DEPRECATE -D_CRT_NONSTDC_NO_DEPRECATE -DOPENSSL_SMALL_FOOTPRINT -DPEDANTIC -DMDE_CPU_X64   -c -o crypto/conf/conf_def.o crypto/conf/conf_def.c
#14 14.49 gcc -std=gnu11 -ggdb -gdwarf-4 -gstrict-dwarf -ffreestanding -fmacro-prefix-map=/shim/= -fno-stack-protector -fno-strict-aliasing -fpic -fshort-wchar -nostdinc -m64 -mno-mmx -mno-sse -mno-red-zone -maccumulate-outgoing-args -Os -Wall -Wextra -Wno-missing-field-initializers -Wno-empty-body -Wno-implicit-fallthrough -Wno-old-style-declaration -Wno-unused-but-set-variable -Wno-unused-parameter -Werror -Wno-error=unused-but-set-variable -Wno-error=unused-parameter -I/shim/Cryptlib/OpenSSL -I/shim/Cryptlib -I/shim/Cryptlib/OpenSSL/Include/ -I/shim/Cryptlib/OpenSSL/crypto -I/shim/Cryptlib/Include -I/shim/gnu-efi/inc -I/shim/gnu-efi/inc/x86_64 -I/shim/gnu-efi/inc/protocol -I/shim/Cryptlib/OpenSSL/crypto/asn1 -I/shim/Cryptlib/OpenSSL/crypto/evp -I/shim/Cryptlib/OpenSSL/crypto/modes -I/shim/Cryptlib/OpenSSL/crypto/include -isystem /shim/include/system -isystem /usr/lib/gcc/x86_64-linux-gnu/14/include -DL_ENDIAN -D_CRT_SECURE_NO_DEPRECATE -D_CRT_NONSTDC_NO_DEPRECATE -DOPENSSL_SMALL_FOOTPRINT -DPEDANTIC -DMDE_CPU_X64   -c -o crypto/conf/conf_mod.o crypto/conf/conf_mod.c
#14 14.52 gcc -std=gnu11 -ggdb -gdwarf-4 -gstrict-dwarf -ffreestanding -fmacro-prefix-map=/shim/= -fno-stack-protector -fno-strict-aliasing -fpic -fshort-wchar -nostdinc -m64 -mno-mmx -mno-sse -mno-red-zone -maccumulate-outgoing-args -Os -Wall -Wextra -Wno-missing-field-initializers -Wno-empty-body -Wno-implicit-fallthrough -Wno-old-style-declaration -Wno-unused-but-set-variable -Wno-unused-parameter -Werror -Wno-error=unused-but-set-variable -Wno-error=unused-parameter -I/shim/Cryptlib/OpenSSL -I/shim/Cryptlib -I/shim/Cryptlib/OpenSSL/Include/ -I/shim/Cryptlib/OpenSSL/crypto -I/shim/Cryptlib/Include -I/shim/gnu-efi/inc -I/shim/gnu-efi/inc/x86_64 -I/shim/gnu-efi/inc/protocol -I/shim/Cryptlib/OpenSSL/crypto/asn1 -I/shim/Cryptlib/OpenSSL/crypto/evp -I/shim/Cryptlib/OpenSSL/crypto/modes -I/shim/Cryptlib/OpenSSL/crypto/include -isystem /shim/include/system -isystem /usr/lib/gcc/x86_64-linux-gnu/14/include -DL_ENDIAN -D_CRT_SECURE_NO_DEPRECATE -D_CRT_NONSTDC_NO_DEPRECATE -DOPENSSL_SMALL_FOOTPRINT -DPEDANTIC -DMDE_CPU_X64   -c -o crypto/conf/conf_mall.o crypto/conf/conf_mall.c
#14 14.58 gcc -std=gnu11 -ggdb -gdwarf-4 -gstrict-dwarf -ffreestanding -fmacro-prefix-map=/shim/= -fno-stack-protector -fno-strict-aliasing -fpic -fshort-wchar -nostdinc -m64 -mno-mmx -mno-sse -mno-red-zone -maccumulate-outgoing-args -Os -Wall -Wextra -Wno-missing-field-initializers -Wno-empty-body -Wno-implicit-fallthrough -Wno-old-style-declaration -Wno-unused-but-set-variable -Wno-unused-parameter -Werror -Wno-error=unused-but-set-variable -Wno-error=unused-parameter -I/shim/Cryptlib/OpenSSL -I/shim/Cryptlib -I/shim/Cryptlib/OpenSSL/Include/ -I/shim/Cryptlib/OpenSSL/crypto -I/shim/Cryptlib/Include -I/shim/gnu-efi/inc -I/shim/gnu-efi/inc/x86_64 -I/shim/gnu-efi/inc/protocol -I/shim/Cryptlib/OpenSSL/crypto/asn1 -I/shim/Cryptlib/OpenSSL/crypto/evp -I/shim/Cryptlib/OpenSSL/crypto/modes -I/shim/Cryptlib/OpenSSL/crypto/include -isystem /shim/include/system -isystem /usr/lib/gcc/x86_64-linux-gnu/14/include -DL_ENDIAN -D_CRT_SECURE_NO_DEPRECATE -D_CRT_NONSTDC_NO_DEPRECATE -DOPENSSL_SMALL_FOOTPRINT -DPEDANTIC -DMDE_CPU_X64   -c -o crypto/conf/conf_sap.o crypto/conf/conf_sap.c
#14 14.63 gcc -std=gnu11 -ggdb -gdwarf-4 -gstrict-dwarf -ffreestanding -fmacro-prefix-map=/shim/= -fno-stack-protector -fno-strict-aliasing -fpic -fshort-wchar -nostdinc -m64 -mno-mmx -mno-sse -mno-red-zone -maccumulate-outgoing-args -Os -Wall -Wextra -Wno-missing-field-initializers -Wno-empty-body -Wno-implicit-fallthrough -Wno-old-style-declaration -Wno-unused-but-set-variable -Wno-unused-parameter -Werror -Wno-error=unused-but-set-variable -Wno-error=unused-parameter -I/shim/Cryptlib/OpenSSL -I/shim/Cryptlib -I/shim/Cryptlib/OpenSSL/Include/ -I/shim/Cryptlib/OpenSSL/crypto -I/shim/Cryptlib/Include -I/shim/gnu-efi/inc -I/shim/gnu-efi/inc/x86_64 -I/shim/gnu-efi/inc/protocol -I/shim/Cryptlib/OpenSSL/crypto/asn1 -I/shim/Cryptlib/OpenSSL/crypto/evp -I/shim/Cryptlib/OpenSSL/crypto/modes -I/shim/Cryptlib/OpenSSL/crypto/include -isystem /shim/include/system -isystem /usr/lib/gcc/x86_64-linux-gnu/14/include -DL_ENDIAN -D_CRT_SECURE_NO_DEPRECATE -D_CRT_NONSTDC_NO_DEPRECATE -DOPENSSL_SMALL_FOOTPRINT -DPEDANTIC -DMDE_CPU_X64   -c -o crypto/txt_db/txt_db.o crypto/txt_db/txt_db.c
#14 14.66 gcc -std=gnu11 -ggdb -gdwarf-4 -gstrict-dwarf -ffreestanding -fmacro-prefix-map=/shim/= -fno-stack-protector -fno-strict-aliasing -fpic -fshort-wchar -nostdinc -m64 -mno-mmx -mno-sse -mno-red-zone -maccumulate-outgoing-args -Os -Wall -Wextra -Wno-missing-field-initializers -Wno-empty-body -Wno-implicit-fallthrough -Wno-old-style-declaration -Wno-unused-but-set-variable -Wno-unused-parameter -Werror -Wno-error=unused-but-set-variable -Wno-error=unused-parameter -I/shim/Cryptlib/OpenSSL -I/shim/Cryptlib -I/shim/Cryptlib/OpenSSL/Include/ -I/shim/Cryptlib/OpenSSL/crypto -I/shim/Cryptlib/Include -I/shim/gnu-efi/inc -I/shim/gnu-efi/inc/x86_64 -I/shim/gnu-efi/inc/protocol -I/shim/Cryptlib/OpenSSL/crypto/asn1 -I/shim/Cryptlib/OpenSSL/crypto/evp -I/shim/Cryptlib/OpenSSL/crypto/modes -I/shim/Cryptlib/OpenSSL/crypto/include -isystem /shim/include/system -isystem /usr/lib/gcc/x86_64-linux-gnu/14/include -DL_ENDIAN -D_CRT_SECURE_NO_DEPRECATE -D_CRT_NONSTDC_NO_DEPRECATE -DOPENSSL_SMALL_FOOTPRINT -DPEDANTIC -DMDE_CPU_X64   -c -o crypto/pkcs7/pk7_asn1.o crypto/pkcs7/pk7_asn1.c
#14 14.68 gcc -std=gnu11 -ggdb -gdwarf-4 -gstrict-dwarf -ffreestanding -fmacro-prefix-map=/shim/= -fno-stack-protector -fno-strict-aliasing -fpic -fshort-wchar -nostdinc -m64 -mno-mmx -mno-sse -mno-red-zone -maccumulate-outgoing-args -Os -Wall -Wextra -Wno-missing-field-initializers -Wno-empty-body -Wno-implicit-fallthrough -Wno-old-style-declaration -Wno-unused-but-set-variable -Wno-unused-parameter -Werror -Wno-error=unused-but-set-variable -Wno-error=unused-parameter -I/shim/Cryptlib/OpenSSL -I/shim/Cryptlib -I/shim/Cryptlib/OpenSSL/Include/ -I/shim/Cryptlib/OpenSSL/crypto -I/shim/Cryptlib/Include -I/shim/gnu-efi/inc -I/shim/gnu-efi/inc/x86_64 -I/shim/gnu-efi/inc/protocol -I/shim/Cryptlib/OpenSSL/crypto/asn1 -I/shim/Cryptlib/OpenSSL/crypto/evp -I/shim/Cryptlib/OpenSSL/crypto/modes -I/shim/Cryptlib/OpenSSL/crypto/include -isystem /shim/include/system -isystem /usr/lib/gcc/x86_64-linux-gnu/14/include -DL_ENDIAN -D_CRT_SECURE_NO_DEPRECATE -D_CRT_NONSTDC_NO_DEPRECATE -DOPENSSL_SMALL_FOOTPRINT -DPEDANTIC -DMDE_CPU_X64   -c -o crypto/pkcs7/pk7_lib.o crypto/pkcs7/pk7_lib.c
#14 14.74 gcc -std=gnu11 -ggdb -gdwarf-4 -gstrict-dwarf -ffreestanding -fmacro-prefix-map=/shim/= -fno-stack-protector -fno-strict-aliasing -fpic -fshort-wchar -nostdinc -m64 -mno-mmx -mno-sse -mno-red-zone -maccumulate-outgoing-args -Os -Wall -Wextra -Wno-missing-field-initializers -Wno-empty-body -Wno-implicit-fallthrough -Wno-old-style-declaration -Wno-unused-but-set-variable -Wno-unused-parameter -Werror -Wno-error=unused-but-set-variable -Wno-error=unused-parameter -I/shim/Cryptlib/OpenSSL -I/shim/Cryptlib -I/shim/Cryptlib/OpenSSL/Include/ -I/shim/Cryptlib/OpenSSL/crypto -I/shim/Cryptlib/Include -I/shim/gnu-efi/inc -I/shim/gnu-efi/inc/x86_64 -I/shim/gnu-efi/inc/protocol -I/shim/Cryptlib/OpenSSL/crypto/asn1 -I/shim/Cryptlib/OpenSSL/crypto/evp -I/shim/Cryptlib/OpenSSL/crypto/modes -I/shim/Cryptlib/OpenSSL/crypto/include -isystem /shim/include/system -isystem /usr/lib/gcc/x86_64-linux-gnu/14/include -DL_ENDIAN -D_CRT_SECURE_NO_DEPRECATE -D_CRT_NONSTDC_NO_DEPRECATE -DOPENSSL_SMALL_FOOTPRINT -DPEDANTIC -DMDE_CPU_X64   -c -o crypto/pkcs7/pkcs7err.o crypto/pkcs7/pkcs7err.c
#14 14.76 gcc -std=gnu11 -ggdb -gdwarf-4 -gstrict-dwarf -ffreestanding -fmacro-prefix-map=/shim/= -fno-stack-protector -fno-strict-aliasing -fpic -fshort-wchar -nostdinc -m64 -mno-mmx -mno-sse -mno-red-zone -maccumulate-outgoing-args -Os -Wall -Wextra -Wno-missing-field-initializers -Wno-empty-body -Wno-implicit-fallthrough -Wno-old-style-declaration -Wno-unused-but-set-variable -Wno-unused-parameter -Werror -Wno-error=unused-but-set-variable -Wno-error=unused-parameter -I/shim/Cryptlib/OpenSSL -I/shim/Cryptlib -I/shim/Cryptlib/OpenSSL/Include/ -I/shim/Cryptlib/OpenSSL/crypto -I/shim/Cryptlib/Include -I/shim/gnu-efi/inc -I/shim/gnu-efi/inc/x86_64 -I/shim/gnu-efi/inc/protocol -I/shim/Cryptlib/OpenSSL/crypto/asn1 -I/shim/Cryptlib/OpenSSL/crypto/evp -I/shim/Cryptlib/OpenSSL/crypto/modes -I/shim/Cryptlib/OpenSSL/crypto/include -isystem /shim/include/system -isystem /usr/lib/gcc/x86_64-linux-gnu/14/include -DL_ENDIAN -D_CRT_SECURE_NO_DEPRECATE -D_CRT_NONSTDC_NO_DEPRECATE -DOPENSSL_SMALL_FOOTPRINT -DPEDANTIC -DMDE_CPU_X64   -c -o crypto/pkcs7/pk7_doit.o crypto/pkcs7/pk7_doit.c
#14 14.76 gcc -std=gnu11 -ggdb -gdwarf-4 -gstrict-dwarf -ffreestanding -fmacro-prefix-map=/shim/= -fno-stack-protector -fno-strict-aliasing -fpic -fshort-wchar -nostdinc -m64 -mno-mmx -mno-sse -mno-red-zone -maccumulate-outgoing-args -Os -Wall -Wextra -Wno-missing-field-initializers -Wno-empty-body -Wno-implicit-fallthrough -Wno-old-style-declaration -Wno-unused-but-set-variable -Wno-unused-parameter -Werror -Wno-error=unused-but-set-variable -Wno-error=unused-parameter -I/shim/Cryptlib/OpenSSL -I/shim/Cryptlib -I/shim/Cryptlib/OpenSSL/Include/ -I/shim/Cryptlib/OpenSSL/crypto -I/shim/Cryptlib/Include -I/shim/gnu-efi/inc -I/shim/gnu-efi/inc/x86_64 -I/shim/gnu-efi/inc/protocol -I/shim/Cryptlib/OpenSSL/crypto/asn1 -I/shim/Cryptlib/OpenSSL/crypto/evp -I/shim/Cryptlib/OpenSSL/crypto/modes -I/shim/Cryptlib/OpenSSL/crypto/include -isystem /shim/include/system -isystem /usr/lib/gcc/x86_64-linux-gnu/14/include -DL_ENDIAN -D_CRT_SECURE_NO_DEPRECATE -D_CRT_NONSTDC_NO_DEPRECATE -DOPENSSL_SMALL_FOOTPRINT -DPEDANTIC -DMDE_CPU_X64   -c -o crypto/pkcs7/pk7_smime.o crypto/pkcs7/pk7_smime.c
#14 14.78 gcc -std=gnu11 -ggdb -gdwarf-4 -gstrict-dwarf -ffreestanding -fmacro-prefix-map=/shim/= -fno-stack-protector -fno-strict-aliasing -fpic -fshort-wchar -nostdinc -m64 -mno-mmx -mno-sse -mno-red-zone -maccumulate-outgoing-args -Os -Wall -Wextra -Wno-missing-field-initializers -Wno-empty-body -Wno-implicit-fallthrough -Wno-old-style-declaration -Wno-unused-but-set-variable -Wno-unused-parameter -Werror -Wno-error=unused-but-set-variable -Wno-error=unused-parameter -I/shim/Cryptlib/OpenSSL -I/shim/Cryptlib -I/shim/Cryptlib/OpenSSL/Include/ -I/shim/Cryptlib/OpenSSL/crypto -I/shim/Cryptlib/Include -I/shim/gnu-efi/inc -I/shim/gnu-efi/inc/x86_64 -I/shim/gnu-efi/inc/protocol -I/shim/Cryptlib/OpenSSL/crypto/asn1 -I/shim/Cryptlib/OpenSSL/crypto/evp -I/shim/Cryptlib/OpenSSL/crypto/modes -I/shim/Cryptlib/OpenSSL/crypto/include -isystem /shim/include/system -isystem /usr/lib/gcc/x86_64-linux-gnu/14/include -DL_ENDIAN -D_CRT_SECURE_NO_DEPRECATE -D_CRT_NONSTDC_NO_DEPRECATE -DOPENSSL_SMALL_FOOTPRINT -DPEDANTIC -DMDE_CPU_X64   -c -o crypto/pkcs7/pk7_attr.o crypto/pkcs7/pk7_attr.c
#14 14.85 gcc -std=gnu11 -ggdb -gdwarf-4 -gstrict-dwarf -ffreestanding -fmacro-prefix-map=/shim/= -fno-stack-protector -fno-strict-aliasing -fpic -fshort-wchar -nostdinc -m64 -mno-mmx -mno-sse -mno-red-zone -maccumulate-outgoing-args -Os -Wall -Wextra -Wno-missing-field-initializers -Wno-empty-body -Wno-implicit-fallthrough -Wno-old-style-declaration -Wno-unused-but-set-variable -Wno-unused-parameter -Werror -Wno-error=unused-but-set-variable -Wno-error=unused-parameter -I/shim/Cryptlib/OpenSSL -I/shim/Cryptlib -I/shim/Cryptlib/OpenSSL/Include/ -I/shim/Cryptlib/OpenSSL/crypto -I/shim/Cryptlib/Include -I/shim/gnu-efi/inc -I/shim/gnu-efi/inc/x86_64 -I/shim/gnu-efi/inc/protocol -I/shim/Cryptlib/OpenSSL/crypto/asn1 -I/shim/Cryptlib/OpenSSL/crypto/evp -I/shim/Cryptlib/OpenSSL/crypto/modes -I/shim/Cryptlib/OpenSSL/crypto/include -isystem /shim/include/system -isystem /usr/lib/gcc/x86_64-linux-gnu/14/include -DL_ENDIAN -D_CRT_SECURE_NO_DEPRECATE -D_CRT_NONSTDC_NO_DEPRECATE -DOPENSSL_SMALL_FOOTPRINT -DPEDANTIC -DMDE_CPU_X64   -c -o crypto/pkcs7/pk7_mime.o crypto/pkcs7/pk7_mime.c
#14 14.86 gcc -std=gnu11 -ggdb -gdwarf-4 -gstrict-dwarf -ffreestanding -fmacro-prefix-map=/shim/= -fno-stack-protector -fno-strict-aliasing -fpic -fshort-wchar -nostdinc -m64 -mno-mmx -mno-sse -mno-red-zone -maccumulate-outgoing-args -Os -Wall -Wextra -Wno-missing-field-initializers -Wno-empty-body -Wno-implicit-fallthrough -Wno-old-style-declaration -Wno-unused-but-set-variable -Wno-unused-parameter -Werror -Wno-error=unused-but-set-variable -Wno-error=unused-parameter -I/shim/Cryptlib/OpenSSL -I/shim/Cryptlib -I/shim/Cryptlib/OpenSSL/Include/ -I/shim/Cryptlib/OpenSSL/crypto -I/shim/Cryptlib/Include -I/shim/gnu-efi/inc -I/shim/gnu-efi/inc/x86_64 -I/shim/gnu-efi/inc/protocol -I/shim/Cryptlib/OpenSSL/crypto/asn1 -I/shim/Cryptlib/OpenSSL/crypto/evp -I/shim/Cryptlib/OpenSSL/crypto/modes -I/shim/Cryptlib/OpenSSL/crypto/include -isystem /shim/include/system -isystem /usr/lib/gcc/x86_64-linux-gnu/14/include -DL_ENDIAN -D_CRT_SECURE_NO_DEPRECATE -D_CRT_NONSTDC_NO_DEPRECATE -DOPENSSL_SMALL_FOOTPRINT -DPEDANTIC -DMDE_CPU_X64   -c -o crypto/pkcs7/bio_pk7.o crypto/pkcs7/bio_pk7.c
#14 14.90 gcc -std=gnu11 -ggdb -gdwarf-4 -gstrict-dwarf -ffreestanding -fmacro-prefix-map=/shim/= -fno-stack-protector -fno-strict-aliasing -fpic -fshort-wchar -nostdinc -m64 -mno-mmx -mno-sse -mno-red-zone -maccumulate-outgoing-args -Os -Wall -Wextra -Wno-missing-field-initializers -Wno-empty-body -Wno-implicit-fallthrough -Wno-old-style-declaration -Wno-unused-but-set-variable -Wno-unused-parameter -Werror -Wno-error=unused-but-set-variable -Wno-error=unused-parameter -I/shim/Cryptlib/OpenSSL -I/shim/Cryptlib -I/shim/Cryptlib/OpenSSL/Include/ -I/shim/Cryptlib/OpenSSL/crypto -I/shim/Cryptlib/Include -I/shim/gnu-efi/inc -I/shim/gnu-efi/inc/x86_64 -I/shim/gnu-efi/inc/protocol -I/shim/Cryptlib/OpenSSL/crypto/asn1 -I/shim/Cryptlib/OpenSSL/crypto/evp -I/shim/Cryptlib/OpenSSL/crypto/modes -I/shim/Cryptlib/OpenSSL/crypto/include -isystem /shim/include/system -isystem /usr/lib/gcc/x86_64-linux-gnu/14/include -DL_ENDIAN -D_CRT_SECURE_NO_DEPRECATE -D_CRT_NONSTDC_NO_DEPRECATE -DOPENSSL_SMALL_FOOTPRINT -DPEDANTIC -DMDE_CPU_X64   -c -o crypto/pkcs12/p12_add.o crypto/pkcs12/p12_add.c
#14 14.91 gcc -std=gnu11 -ggdb -gdwarf-4 -gstrict-dwarf -ffreestanding -fmacro-prefix-map=/shim/= -fno-stack-protector -fno-strict-aliasing -fpic -fshort-wchar -nostdinc -m64 -mno-mmx -mno-sse -mno-red-zone -maccumulate-outgoing-args -Os -Wall -Wextra -Wno-missing-field-initializers -Wno-empty-body -Wno-implicit-fallthrough -Wno-old-style-declaration -Wno-unused-but-set-variable -Wno-unused-parameter -Werror -Wno-error=unused-but-set-variable -Wno-error=unused-parameter -I/shim/Cryptlib/OpenSSL -I/shim/Cryptlib -I/shim/Cryptlib/OpenSSL/Include/ -I/shim/Cryptlib/OpenSSL/crypto -I/shim/Cryptlib/Include -I/shim/gnu-efi/inc -I/shim/gnu-efi/inc/x86_64 -I/shim/gnu-efi/inc/protocol -I/shim/Cryptlib/OpenSSL/crypto/asn1 -I/shim/Cryptlib/OpenSSL/crypto/evp -I/shim/Cryptlib/OpenSSL/crypto/modes -I/shim/Cryptlib/OpenSSL/crypto/include -isystem /shim/include/system -isystem /usr/lib/gcc/x86_64-linux-gnu/14/include -DL_ENDIAN -D_CRT_SECURE_NO_DEPRECATE -D_CRT_NONSTDC_NO_DEPRECATE -DOPENSSL_SMALL_FOOTPRINT -DPEDANTIC -DMDE_CPU_X64   -c -o crypto/pkcs12/p12_asn.o crypto/pkcs12/p12_asn.c
#14 14.92 gcc -std=gnu11 -ggdb -gdwarf-4 -gstrict-dwarf -ffreestanding -fmacro-prefix-map=/shim/= -fno-stack-protector -fno-strict-aliasing -fpic -fshort-wchar -nostdinc -m64 -mno-mmx -mno-sse -mno-red-zone -maccumulate-outgoing-args -Os -Wall -Wextra -Wno-missing-field-initializers -Wno-empty-body -Wno-implicit-fallthrough -Wno-old-style-declaration -Wno-unused-but-set-variable -Wno-unused-parameter -Werror -Wno-error=unused-but-set-variable -Wno-error=unused-parameter -I/shim/Cryptlib/OpenSSL -I/shim/Cryptlib -I/shim/Cryptlib/OpenSSL/Include/ -I/shim/Cryptlib/OpenSSL/crypto -I/shim/Cryptlib/Include -I/shim/gnu-efi/inc -I/shim/gnu-efi/inc/x86_64 -I/shim/gnu-efi/inc/protocol -I/shim/Cryptlib/OpenSSL/crypto/asn1 -I/shim/Cryptlib/OpenSSL/crypto/evp -I/shim/Cryptlib/OpenSSL/crypto/modes -I/shim/Cryptlib/OpenSSL/crypto/include -isystem /shim/include/system -isystem /usr/lib/gcc/x86_64-linux-gnu/14/include -DL_ENDIAN -D_CRT_SECURE_NO_DEPRECATE -D_CRT_NONSTDC_NO_DEPRECATE -DOPENSSL_SMALL_FOOTPRINT -DPEDANTIC -DMDE_CPU_X64   -c -o crypto/pkcs12/p12_attr.o crypto/pkcs12/p12_attr.c
#14 14.98 gcc -std=gnu11 -ggdb -gdwarf-4 -gstrict-dwarf -ffreestanding -fmacro-prefix-map=/shim/= -fno-stack-protector -fno-strict-aliasing -fpic -fshort-wchar -nostdinc -m64 -mno-mmx -mno-sse -mno-red-zone -maccumulate-outgoing-args -Os -Wall -Wextra -Wno-missing-field-initializers -Wno-empty-body -Wno-implicit-fallthrough -Wno-old-style-declaration -Wno-unused-but-set-variable -Wno-unused-parameter -Werror -Wno-error=unused-but-set-variable -Wno-error=unused-parameter -I/shim/Cryptlib/OpenSSL -I/shim/Cryptlib -I/shim/Cryptlib/OpenSSL/Include/ -I/shim/Cryptlib/OpenSSL/crypto -I/shim/Cryptlib/Include -I/shim/gnu-efi/inc -I/shim/gnu-efi/inc/x86_64 -I/shim/gnu-efi/inc/protocol -I/shim/Cryptlib/OpenSSL/crypto/asn1 -I/shim/Cryptlib/OpenSSL/crypto/evp -I/shim/Cryptlib/OpenSSL/crypto/modes -I/shim/Cryptlib/OpenSSL/crypto/include -isystem /shim/include/system -isystem /usr/lib/gcc/x86_64-linux-gnu/14/include -DL_ENDIAN -D_CRT_SECURE_NO_DEPRECATE -D_CRT_NONSTDC_NO_DEPRECATE -DOPENSSL_SMALL_FOOTPRINT -DPEDANTIC -DMDE_CPU_X64   -c -o crypto/pkcs12/p12_crpt.o crypto/pkcs12/p12_crpt.c
#14 14.98 gcc -std=gnu11 -ggdb -gdwarf-4 -gstrict-dwarf -ffreestanding -fmacro-prefix-map=/shim/= -fno-stack-protector -fno-strict-aliasing -fpic -fshort-wchar -nostdinc -m64 -mno-mmx -mno-sse -mno-red-zone -maccumulate-outgoing-args -Os -Wall -Wextra -Wno-missing-field-initializers -Wno-empty-body -Wno-implicit-fallthrough -Wno-old-style-declaration -Wno-unused-but-set-variable -Wno-unused-parameter -Werror -Wno-error=unused-but-set-variable -Wno-error=unused-parameter -I/shim/Cryptlib/OpenSSL -I/shim/Cryptlib -I/shim/Cryptlib/OpenSSL/Include/ -I/shim/Cryptlib/OpenSSL/crypto -I/shim/Cryptlib/Include -I/shim/gnu-efi/inc -I/shim/gnu-efi/inc/x86_64 -I/shim/gnu-efi/inc/protocol -I/shim/Cryptlib/OpenSSL/crypto/asn1 -I/shim/Cryptlib/OpenSSL/crypto/evp -I/shim/Cryptlib/OpenSSL/crypto/modes -I/shim/Cryptlib/OpenSSL/crypto/include -isystem /shim/include/system -isystem /usr/lib/gcc/x86_64-linux-gnu/14/include -DL_ENDIAN -D_CRT_SECURE_NO_DEPRECATE -D_CRT_NONSTDC_NO_DEPRECATE -DOPENSSL_SMALL_FOOTPRINT -DPEDANTIC -DMDE_CPU_X64   -c -o crypto/pkcs12/p12_crt.o crypto/pkcs12/p12_crt.c
#14 14.99 gcc -std=gnu11 -ggdb -gdwarf-4 -gstrict-dwarf -ffreestanding -fmacro-prefix-map=/shim/= -fno-stack-protector -fno-strict-aliasing -fpic -fshort-wchar -nostdinc -m64 -mno-mmx -mno-sse -mno-red-zone -maccumulate-outgoing-args -Os -Wall -Wextra -Wno-missing-field-initializers -Wno-empty-body -Wno-implicit-fallthrough -Wno-old-style-declaration -Wno-unused-but-set-variable -Wno-unused-parameter -Werror -Wno-error=unused-but-set-variable -Wno-error=unused-parameter -I/shim/Cryptlib/OpenSSL -I/shim/Cryptlib -I/shim/Cryptlib/OpenSSL/Include/ -I/shim/Cryptlib/OpenSSL/crypto -I/shim/Cryptlib/Include -I/shim/gnu-efi/inc -I/shim/gnu-efi/inc/x86_64 -I/shim/gnu-efi/inc/protocol -I/shim/Cryptlib/OpenSSL/crypto/asn1 -I/shim/Cryptlib/OpenSSL/crypto/evp -I/shim/Cryptlib/OpenSSL/crypto/modes -I/shim/Cryptlib/OpenSSL/crypto/include -isystem /shim/include/system -isystem /usr/lib/gcc/x86_64-linux-gnu/14/include -DL_ENDIAN -D_CRT_SECURE_NO_DEPRECATE -D_CRT_NONSTDC_NO_DEPRECATE -DOPENSSL_SMALL_FOOTPRINT -DPEDANTIC -DMDE_CPU_X64   -c -o crypto/pkcs12/p12_decr.o crypto/pkcs12/p12_decr.c
#14 15.05 gcc -std=gnu11 -ggdb -gdwarf-4 -gstrict-dwarf -ffreestanding -fmacro-prefix-map=/shim/= -fno-stack-protector -fno-strict-aliasing -fpic -fshort-wchar -nostdinc -m64 -mno-mmx -mno-sse -mno-red-zone -maccumulate-outgoing-args -Os -Wall -Wextra -Wno-missing-field-initializers -Wno-empty-body -Wno-implicit-fallthrough -Wno-old-style-declaration -Wno-unused-but-set-variable -Wno-unused-parameter -Werror -Wno-error=unused-but-set-variable -Wno-error=unused-parameter -I/shim/Cryptlib/OpenSSL -I/shim/Cryptlib -I/shim/Cryptlib/OpenSSL/Include/ -I/shim/Cryptlib/OpenSSL/crypto -I/shim/Cryptlib/Include -I/shim/gnu-efi/inc -I/shim/gnu-efi/inc/x86_64 -I/shim/gnu-efi/inc/protocol -I/shim/Cryptlib/OpenSSL/crypto/asn1 -I/shim/Cryptlib/OpenSSL/crypto/evp -I/shim/Cryptlib/OpenSSL/crypto/modes -I/shim/Cryptlib/OpenSSL/crypto/include -isystem /shim/include/system -isystem /usr/lib/gcc/x86_64-linux-gnu/14/include -DL_ENDIAN -D_CRT_SECURE_NO_DEPRECATE -D_CRT_NONSTDC_NO_DEPRECATE -DOPENSSL_SMALL_FOOTPRINT -DPEDANTIC -DMDE_CPU_X64   -c -o crypto/pkcs12/p12_init.o crypto/pkcs12/p12_init.c
#14 15.07 gcc -std=gnu11 -ggdb -gdwarf-4 -gstrict-dwarf -ffreestanding -fmacro-prefix-map=/shim/= -fno-stack-protector -fno-strict-aliasing -fpic -fshort-wchar -nostdinc -m64 -mno-mmx -mno-sse -mno-red-zone -maccumulate-outgoing-args -Os -Wall -Wextra -Wno-missing-field-initializers -Wno-empty-body -Wno-implicit-fallthrough -Wno-old-style-declaration -Wno-unused-but-set-variable -Wno-unused-parameter -Werror -Wno-error=unused-but-set-variable -Wno-error=unused-parameter -I/shim/Cryptlib/OpenSSL -I/shim/Cryptlib -I/shim/Cryptlib/OpenSSL/Include/ -I/shim/Cryptlib/OpenSSL/crypto -I/shim/Cryptlib/Include -I/shim/gnu-efi/inc -I/shim/gnu-efi/inc/x86_64 -I/shim/gnu-efi/inc/protocol -I/shim/Cryptlib/OpenSSL/crypto/asn1 -I/shim/Cryptlib/OpenSSL/crypto/evp -I/shim/Cryptlib/OpenSSL/crypto/modes -I/shim/Cryptlib/OpenSSL/crypto/include -isystem /shim/include/system -isystem /usr/lib/gcc/x86_64-linux-gnu/14/include -DL_ENDIAN -D_CRT_SECURE_NO_DEPRECATE -D_CRT_NONSTDC_NO_DEPRECATE -DOPENSSL_SMALL_FOOTPRINT -DPEDANTIC -DMDE_CPU_X64   -c -o crypto/pkcs12/p12_key.o crypto/pkcs12/p12_key.c
#14 15.08 gcc -std=gnu11 -ggdb -gdwarf-4 -gstrict-dwarf -ffreestanding -fmacro-prefix-map=/shim/= -fno-stack-protector -fno-strict-aliasing -fpic -fshort-wchar -nostdinc -m64 -mno-mmx -mno-sse -mno-red-zone -maccumulate-outgoing-args -Os -Wall -Wextra -Wno-missing-field-initializers -Wno-empty-body -Wno-implicit-fallthrough -Wno-old-style-declaration -Wno-unused-but-set-variable -Wno-unused-parameter -Werror -Wno-error=unused-but-set-variable -Wno-error=unused-parameter -I/shim/Cryptlib/OpenSSL -I/shim/Cryptlib -I/shim/Cryptlib/OpenSSL/Include/ -I/shim/Cryptlib/OpenSSL/crypto -I/shim/Cryptlib/Include -I/shim/gnu-efi/inc -I/shim/gnu-efi/inc/x86_64 -I/shim/gnu-efi/inc/protocol -I/shim/Cryptlib/OpenSSL/crypto/asn1 -I/shim/Cryptlib/OpenSSL/crypto/evp -I/shim/Cryptlib/OpenSSL/crypto/modes -I/shim/Cryptlib/OpenSSL/crypto/include -isystem /shim/include/system -isystem /usr/lib/gcc/x86_64-linux-gnu/14/include -DL_ENDIAN -D_CRT_SECURE_NO_DEPRECATE -D_CRT_NONSTDC_NO_DEPRECATE -DOPENSSL_SMALL_FOOTPRINT -DPEDANTIC -DMDE_CPU_X64   -c -o crypto/pkcs12/p12_kiss.o crypto/pkcs12/p12_kiss.c
#14 15.11 gcc -std=gnu11 -ggdb -gdwarf-4 -gstrict-dwarf -ffreestanding -fmacro-prefix-map=/shim/= -fno-stack-protector -fno-strict-aliasing -fpic -fshort-wchar -nostdinc -m64 -mno-mmx -mno-sse -mno-red-zone -maccumulate-outgoing-args -Os -Wall -Wextra -Wno-missing-field-initializers -Wno-empty-body -Wno-implicit-fallthrough -Wno-old-style-declaration -Wno-unused-but-set-variable -Wno-unused-parameter -Werror -Wno-error=unused-but-set-variable -Wno-error=unused-parameter -I/shim/Cryptlib/OpenSSL -I/shim/Cryptlib -I/shim/Cryptlib/OpenSSL/Include/ -I/shim/Cryptlib/OpenSSL/crypto -I/shim/Cryptlib/Include -I/shim/gnu-efi/inc -I/shim/gnu-efi/inc/x86_64 -I/shim/gnu-efi/inc/protocol -I/shim/Cryptlib/OpenSSL/crypto/asn1 -I/shim/Cryptlib/OpenSSL/crypto/evp -I/shim/Cryptlib/OpenSSL/crypto/modes -I/shim/Cryptlib/OpenSSL/crypto/include -isystem /shim/include/system -isystem /usr/lib/gcc/x86_64-linux-gnu/14/include -DL_ENDIAN -D_CRT_SECURE_NO_DEPRECATE -D_CRT_NONSTDC_NO_DEPRECATE -DOPENSSL_SMALL_FOOTPRINT -DPEDANTIC -DMDE_CPU_X64   -c -o crypto/pkcs12/p12_mutl.o crypto/pkcs12/p12_mutl.c
#14 15.13 gcc -std=gnu11 -ggdb -gdwarf-4 -gstrict-dwarf -ffreestanding -fmacro-prefix-map=/shim/= -fno-stack-protector -fno-strict-aliasing -fpic -fshort-wchar -nostdinc -m64 -mno-mmx -mno-sse -mno-red-zone -maccumulate-outgoing-args -Os -Wall -Wextra -Wno-missing-field-initializers -Wno-empty-body -Wno-implicit-fallthrough -Wno-old-style-declaration -Wno-unused-but-set-variable -Wno-unused-parameter -Werror -Wno-error=unused-but-set-variable -Wno-error=unused-parameter -I/shim/Cryptlib/OpenSSL -I/shim/Cryptlib -I/shim/Cryptlib/OpenSSL/Include/ -I/shim/Cryptlib/OpenSSL/crypto -I/shim/Cryptlib/Include -I/shim/gnu-efi/inc -I/shim/gnu-efi/inc/x86_64 -I/shim/gnu-efi/inc/protocol -I/shim/Cryptlib/OpenSSL/crypto/asn1 -I/shim/Cryptlib/OpenSSL/crypto/evp -I/shim/Cryptlib/OpenSSL/crypto/modes -I/shim/Cryptlib/OpenSSL/crypto/include -isystem /shim/include/system -isystem /usr/lib/gcc/x86_64-linux-gnu/14/include -DL_ENDIAN -D_CRT_SECURE_NO_DEPRECATE -D_CRT_NONSTDC_NO_DEPRECATE -DOPENSSL_SMALL_FOOTPRINT -DPEDANTIC -DMDE_CPU_X64   -c -o crypto/pkcs12/p12_utl.o crypto/pkcs12/p12_utl.c
#14 15.17 gcc -std=gnu11 -ggdb -gdwarf-4 -gstrict-dwarf -ffreestanding -fmacro-prefix-map=/shim/= -fno-stack-protector -fno-strict-aliasing -fpic -fshort-wchar -nostdinc -m64 -mno-mmx -mno-sse -mno-red-zone -maccumulate-outgoing-args -Os -Wall -Wextra -Wno-missing-field-initializers -Wno-empty-body -Wno-implicit-fallthrough -Wno-old-style-declaration -Wno-unused-but-set-variable -Wno-unused-parameter -Werror -Wno-error=unused-but-set-variable -Wno-error=unused-parameter -I/shim/Cryptlib/OpenSSL -I/shim/Cryptlib -I/shim/Cryptlib/OpenSSL/Include/ -I/shim/Cryptlib/OpenSSL/crypto -I/shim/Cryptlib/Include -I/shim/gnu-efi/inc -I/shim/gnu-efi/inc/x86_64 -I/shim/gnu-efi/inc/protocol -I/shim/Cryptlib/OpenSSL/crypto/asn1 -I/shim/Cryptlib/OpenSSL/crypto/evp -I/shim/Cryptlib/OpenSSL/crypto/modes -I/shim/Cryptlib/OpenSSL/crypto/include -isystem /shim/include/system -isystem /usr/lib/gcc/x86_64-linux-gnu/14/include -DL_ENDIAN -D_CRT_SECURE_NO_DEPRECATE -D_CRT_NONSTDC_NO_DEPRECATE -DOPENSSL_SMALL_FOOTPRINT -DPEDANTIC -DMDE_CPU_X64   -c -o crypto/pkcs12/p12_npas.o crypto/pkcs12/p12_npas.c
#14 15.18 gcc -std=gnu11 -ggdb -gdwarf-4 -gstrict-dwarf -ffreestanding -fmacro-prefix-map=/shim/= -fno-stack-protector -fno-strict-aliasing -fpic -fshort-wchar -nostdinc -m64 -mno-mmx -mno-sse -mno-red-zone -maccumulate-outgoing-args -Os -Wall -Wextra -Wno-missing-field-initializers -Wno-empty-body -Wno-implicit-fallthrough -Wno-old-style-declaration -Wno-unused-but-set-variable -Wno-unused-parameter -Werror -Wno-error=unused-but-set-variable -Wno-error=unused-parameter -I/shim/Cryptlib/OpenSSL -I/shim/Cryptlib -I/shim/Cryptlib/OpenSSL/Include/ -I/shim/Cryptlib/OpenSSL/crypto -I/shim/Cryptlib/Include -I/shim/gnu-efi/inc -I/shim/gnu-efi/inc/x86_64 -I/shim/gnu-efi/inc/protocol -I/shim/Cryptlib/OpenSSL/crypto/asn1 -I/shim/Cryptlib/OpenSSL/crypto/evp -I/shim/Cryptlib/OpenSSL/crypto/modes -I/shim/Cryptlib/OpenSSL/crypto/include -isystem /shim/include/system -isystem /usr/lib/gcc/x86_64-linux-gnu/14/include -DL_ENDIAN -D_CRT_SECURE_NO_DEPRECATE -D_CRT_NONSTDC_NO_DEPRECATE -DOPENSSL_SMALL_FOOTPRINT -DPEDANTIC -DMDE_CPU_X64   -c -o crypto/pkcs12/pk12err.o crypto/pkcs12/pk12err.c
#14 15.20 gcc -std=gnu11 -ggdb -gdwarf-4 -gstrict-dwarf -ffreestanding -fmacro-prefix-map=/shim/= -fno-stack-protector -fno-strict-aliasing -fpic -fshort-wchar -nostdinc -m64 -mno-mmx -mno-sse -mno-red-zone -maccumulate-outgoing-args -Os -Wall -Wextra -Wno-missing-field-initializers -Wno-empty-body -Wno-implicit-fallthrough -Wno-old-style-declaration -Wno-unused-but-set-variable -Wno-unused-parameter -Werror -Wno-error=unused-but-set-variable -Wno-error=unused-parameter -I/shim/Cryptlib/OpenSSL -I/shim/Cryptlib -I/shim/Cryptlib/OpenSSL/Include/ -I/shim/Cryptlib/OpenSSL/crypto -I/shim/Cryptlib/Include -I/shim/gnu-efi/inc -I/shim/gnu-efi/inc/x86_64 -I/shim/gnu-efi/inc/protocol -I/shim/Cryptlib/OpenSSL/crypto/asn1 -I/shim/Cryptlib/OpenSSL/crypto/evp -I/shim/Cryptlib/OpenSSL/crypto/modes -I/shim/Cryptlib/OpenSSL/crypto/include -isystem /shim/include/system -isystem /usr/lib/gcc/x86_64-linux-gnu/14/include -DL_ENDIAN -D_CRT_SECURE_NO_DEPRECATE -D_CRT_NONSTDC_NO_DEPRECATE -DOPENSSL_SMALL_FOOTPRINT -DPEDANTIC -DMDE_CPU_X64   -c -o crypto/pkcs12/p12_p8d.o crypto/pkcs12/p12_p8d.c
#14 15.21 gcc -std=gnu11 -ggdb -gdwarf-4 -gstrict-dwarf -ffreestanding -fmacro-prefix-map=/shim/= -fno-stack-protector -fno-strict-aliasing -fpic -fshort-wchar -nostdinc -m64 -mno-mmx -mno-sse -mno-red-zone -maccumulate-outgoing-args -Os -Wall -Wextra -Wno-missing-field-initializers -Wno-empty-body -Wno-implicit-fallthrough -Wno-old-style-declaration -Wno-unused-but-set-variable -Wno-unused-parameter -Werror -Wno-error=unused-but-set-variable -Wno-error=unused-parameter -I/shim/Cryptlib/OpenSSL -I/shim/Cryptlib -I/shim/Cryptlib/OpenSSL/Include/ -I/shim/Cryptlib/OpenSSL/crypto -I/shim/Cryptlib/Include -I/shim/gnu-efi/inc -I/shim/gnu-efi/inc/x86_64 -I/shim/gnu-efi/inc/protocol -I/shim/Cryptlib/OpenSSL/crypto/asn1 -I/shim/Cryptlib/OpenSSL/crypto/evp -I/shim/Cryptlib/OpenSSL/crypto/modes -I/shim/Cryptlib/OpenSSL/crypto/include -isystem /shim/include/system -isystem /usr/lib/gcc/x86_64-linux-gnu/14/include -DL_ENDIAN -D_CRT_SECURE_NO_DEPRECATE -D_CRT_NONSTDC_NO_DEPRECATE -DOPENSSL_SMALL_FOOTPRINT -DPEDANTIC -DMDE_CPU_X64   -c -o crypto/pkcs12/p12_p8e.o crypto/pkcs12/p12_p8e.c
#14 15.26 gcc -std=gnu11 -ggdb -gdwarf-4 -gstrict-dwarf -ffreestanding -fmacro-prefix-map=/shim/= -fno-stack-protector -fno-strict-aliasing -fpic -fshort-wchar -nostdinc -m64 -mno-mmx -mno-sse -mno-red-zone -maccumulate-outgoing-args -Os -Wall -Wextra -Wno-missing-field-initializers -Wno-empty-body -Wno-implicit-fallthrough -Wno-old-style-declaration -Wno-unused-but-set-variable -Wno-unused-parameter -Werror -Wno-error=unused-but-set-variable -Wno-error=unused-parameter -I/shim/Cryptlib/OpenSSL -I/shim/Cryptlib -I/shim/Cryptlib/OpenSSL/Include/ -I/shim/Cryptlib/OpenSSL/crypto -I/shim/Cryptlib/Include -I/shim/gnu-efi/inc -I/shim/gnu-efi/inc/x86_64 -I/shim/gnu-efi/inc/protocol -I/shim/Cryptlib/OpenSSL/crypto/asn1 -I/shim/Cryptlib/OpenSSL/crypto/evp -I/shim/Cryptlib/OpenSSL/crypto/modes -I/shim/Cryptlib/OpenSSL/crypto/include -isystem /shim/include/system -isystem /usr/lib/gcc/x86_64-linux-gnu/14/include -DL_ENDIAN -D_CRT_SECURE_NO_DEPRECATE -D_CRT_NONSTDC_NO_DEPRECATE -DOPENSSL_SMALL_FOOTPRINT -DPEDANTIC -DMDE_CPU_X64   -c -o crypto/comp/comp_lib.o crypto/comp/comp_lib.c
#14 15.27 gcc -std=gnu11 -ggdb -gdwarf-4 -gstrict-dwarf -ffreestanding -fmacro-prefix-map=/shim/= -fno-stack-protector -fno-strict-aliasing -fpic -fshort-wchar -nostdinc -m64 -mno-mmx -mno-sse -mno-red-zone -maccumulate-outgoing-args -Os -Wall -Wextra -Wno-missing-field-initializers -Wno-empty-body -Wno-implicit-fallthrough -Wno-old-style-declaration -Wno-unused-but-set-variable -Wno-unused-parameter -Werror -Wno-error=unused-but-set-variable -Wno-error=unused-parameter -I/shim/Cryptlib/OpenSSL -I/shim/Cryptlib -I/shim/Cryptlib/OpenSSL/Include/ -I/shim/Cryptlib/OpenSSL/crypto -I/shim/Cryptlib/Include -I/shim/gnu-efi/inc -I/shim/gnu-efi/inc/x86_64 -I/shim/gnu-efi/inc/protocol -I/shim/Cryptlib/OpenSSL/crypto/asn1 -I/shim/Cryptlib/OpenSSL/crypto/evp -I/shim/Cryptlib/OpenSSL/crypto/modes -I/shim/Cryptlib/OpenSSL/crypto/include -isystem /shim/include/system -isystem /usr/lib/gcc/x86_64-linux-gnu/14/include -DL_ENDIAN -D_CRT_SECURE_NO_DEPRECATE -D_CRT_NONSTDC_NO_DEPRECATE -DOPENSSL_SMALL_FOOTPRINT -DPEDANTIC -DMDE_CPU_X64   -c -o crypto/comp/comp_err.o crypto/comp/comp_err.c
#14 15.28 gcc -std=gnu11 -ggdb -gdwarf-4 -gstrict-dwarf -ffreestanding -fmacro-prefix-map=/shim/= -fno-stack-protector -fno-strict-aliasing -fpic -fshort-wchar -nostdinc -m64 -mno-mmx -mno-sse -mno-red-zone -maccumulate-outgoing-args -Os -Wall -Wextra -Wno-missing-field-initializers -Wno-empty-body -Wno-implicit-fallthrough -Wno-old-style-declaration -Wno-unused-but-set-variable -Wno-unused-parameter -Werror -Wno-error=unused-but-set-variable -Wno-error=unused-parameter -I/shim/Cryptlib/OpenSSL -I/shim/Cryptlib -I/shim/Cryptlib/OpenSSL/Include/ -I/shim/Cryptlib/OpenSSL/crypto -I/shim/Cryptlib/Include -I/shim/gnu-efi/inc -I/shim/gnu-efi/inc/x86_64 -I/shim/gnu-efi/inc/protocol -I/shim/Cryptlib/OpenSSL/crypto/asn1 -I/shim/Cryptlib/OpenSSL/crypto/evp -I/shim/Cryptlib/OpenSSL/crypto/modes -I/shim/Cryptlib/OpenSSL/crypto/include -isystem /shim/include/system -isystem /usr/lib/gcc/x86_64-linux-gnu/14/include -DL_ENDIAN -D_CRT_SECURE_NO_DEPRECATE -D_CRT_NONSTDC_NO_DEPRECATE -DOPENSSL_SMALL_FOOTPRINT -DPEDANTIC -DMDE_CPU_X64   -c -o crypto/comp/c_rle.o crypto/comp/c_rle.c
#14 15.31 gcc -std=gnu11 -ggdb -gdwarf-4 -gstrict-dwarf -ffreestanding -fmacro-prefix-map=/shim/= -fno-stack-protector -fno-strict-aliasing -fpic -fshort-wchar -nostdinc -m64 -mno-mmx -mno-sse -mno-red-zone -maccumulate-outgoing-args -Os -Wall -Wextra -Wno-missing-field-initializers -Wno-empty-body -Wno-implicit-fallthrough -Wno-old-style-declaration -Wno-unused-but-set-variable -Wno-unused-parameter -Werror -Wno-error=unused-but-set-variable -Wno-error=unused-parameter -I/shim/Cryptlib/OpenSSL -I/shim/Cryptlib -I/shim/Cryptlib/OpenSSL/Include/ -I/shim/Cryptlib/OpenSSL/crypto -I/shim/Cryptlib/Include -I/shim/gnu-efi/inc -I/shim/gnu-efi/inc/x86_64 -I/shim/gnu-efi/inc/protocol -I/shim/Cryptlib/OpenSSL/crypto/asn1 -I/shim/Cryptlib/OpenSSL/crypto/evp -I/shim/Cryptlib/OpenSSL/crypto/modes -I/shim/Cryptlib/OpenSSL/crypto/include -isystem /shim/include/system -isystem /usr/lib/gcc/x86_64-linux-gnu/14/include -DL_ENDIAN -D_CRT_SECURE_NO_DEPRECATE -D_CRT_NONSTDC_NO_DEPRECATE -DOPENSSL_SMALL_FOOTPRINT -DPEDANTIC -DMDE_CPU_X64   -c -o crypto/comp/c_zlib.o crypto/comp/c_zlib.c
#14 15.31 gcc -std=gnu11 -ggdb -gdwarf-4 -gstrict-dwarf -ffreestanding -fmacro-prefix-map=/shim/= -fno-stack-protector -fno-strict-aliasing -fpic -fshort-wchar -nostdinc -m64 -mno-mmx -mno-sse -mno-red-zone -maccumulate-outgoing-args -Os -Wall -Wextra -Wno-missing-field-initializers -Wno-empty-body -Wno-implicit-fallthrough -Wno-old-style-declaration -Wno-unused-but-set-variable -Wno-unused-parameter -Werror -Wno-error=unused-but-set-variable -Wno-error=unused-parameter -I/shim/Cryptlib/OpenSSL -I/shim/Cryptlib -I/shim/Cryptlib/OpenSSL/Include/ -I/shim/Cryptlib/OpenSSL/crypto -I/shim/Cryptlib/Include -I/shim/gnu-efi/inc -I/shim/gnu-efi/inc/x86_64 -I/shim/gnu-efi/inc/protocol -I/shim/Cryptlib/OpenSSL/crypto/asn1 -I/shim/Cryptlib/OpenSSL/crypto/evp -I/shim/Cryptlib/OpenSSL/crypto/modes -I/shim/Cryptlib/OpenSSL/crypto/include -isystem /shim/include/system -isystem /usr/lib/gcc/x86_64-linux-gnu/14/include -DL_ENDIAN -D_CRT_SECURE_NO_DEPRECATE -D_CRT_NONSTDC_NO_DEPRECATE -DOPENSSL_SMALL_FOOTPRINT -DPEDANTIC -DMDE_CPU_X64   -c -o crypto/ocsp/ocsp_asn.o crypto/ocsp/ocsp_asn.c
#14 15.34 gcc -std=gnu11 -ggdb -gdwarf-4 -gstrict-dwarf -ffreestanding -fmacro-prefix-map=/shim/= -fno-stack-protector -fno-strict-aliasing -fpic -fshort-wchar -nostdinc -m64 -mno-mmx -mno-sse -mno-red-zone -maccumulate-outgoing-args -Os -Wall -Wextra -Wno-missing-field-initializers -Wno-empty-body -Wno-implicit-fallthrough -Wno-old-style-declaration -Wno-unused-but-set-variable -Wno-unused-parameter -Werror -Wno-error=unused-but-set-variable -Wno-error=unused-parameter -I/shim/Cryptlib/OpenSSL -I/shim/Cryptlib -I/shim/Cryptlib/OpenSSL/Include/ -I/shim/Cryptlib/OpenSSL/crypto -I/shim/Cryptlib/Include -I/shim/gnu-efi/inc -I/shim/gnu-efi/inc/x86_64 -I/shim/gnu-efi/inc/protocol -I/shim/Cryptlib/OpenSSL/crypto/asn1 -I/shim/Cryptlib/OpenSSL/crypto/evp -I/shim/Cryptlib/OpenSSL/crypto/modes -I/shim/Cryptlib/OpenSSL/crypto/include -isystem /shim/include/system -isystem /usr/lib/gcc/x86_64-linux-gnu/14/include -DL_ENDIAN -D_CRT_SECURE_NO_DEPRECATE -D_CRT_NONSTDC_NO_DEPRECATE -DOPENSSL_SMALL_FOOTPRINT -DPEDANTIC -DMDE_CPU_X64   -c -o crypto/ocsp/ocsp_ext.o crypto/ocsp/ocsp_ext.c
#14 15.35 gcc -std=gnu11 -ggdb -gdwarf-4 -gstrict-dwarf -ffreestanding -fmacro-prefix-map=/shim/= -fno-stack-protector -fno-strict-aliasing -fpic -fshort-wchar -nostdinc -m64 -mno-mmx -mno-sse -mno-red-zone -maccumulate-outgoing-args -Os -Wall -Wextra -Wno-missing-field-initializers -Wno-empty-body -Wno-implicit-fallthrough -Wno-old-style-declaration -Wno-unused-but-set-variable -Wno-unused-parameter -Werror -Wno-error=unused-but-set-variable -Wno-error=unused-parameter -I/shim/Cryptlib/OpenSSL -I/shim/Cryptlib -I/shim/Cryptlib/OpenSSL/Include/ -I/shim/Cryptlib/OpenSSL/crypto -I/shim/Cryptlib/Include -I/shim/gnu-efi/inc -I/shim/gnu-efi/inc/x86_64 -I/shim/gnu-efi/inc/protocol -I/shim/Cryptlib/OpenSSL/crypto/asn1 -I/shim/Cryptlib/OpenSSL/crypto/evp -I/shim/Cryptlib/OpenSSL/crypto/modes -I/shim/Cryptlib/OpenSSL/crypto/include -isystem /shim/include/system -isystem /usr/lib/gcc/x86_64-linux-gnu/14/include -DL_ENDIAN -D_CRT_SECURE_NO_DEPRECATE -D_CRT_NONSTDC_NO_DEPRECATE -DOPENSSL_SMALL_FOOTPRINT -DPEDANTIC -DMDE_CPU_X64   -c -o crypto/ocsp/ocsp_ht.o crypto/ocsp/ocsp_ht.c
#14 15.36 gcc -std=gnu11 -ggdb -gdwarf-4 -gstrict-dwarf -ffreestanding -fmacro-prefix-map=/shim/= -fno-stack-protector -fno-strict-aliasing -fpic -fshort-wchar -nostdinc -m64 -mno-mmx -mno-sse -mno-red-zone -maccumulate-outgoing-args -Os -Wall -Wextra -Wno-missing-field-initializers -Wno-empty-body -Wno-implicit-fallthrough -Wno-old-style-declaration -Wno-unused-but-set-variable -Wno-unused-parameter -Werror -Wno-error=unused-but-set-variable -Wno-error=unused-parameter -I/shim/Cryptlib/OpenSSL -I/shim/Cryptlib -I/shim/Cryptlib/OpenSSL/Include/ -I/shim/Cryptlib/OpenSSL/crypto -I/shim/Cryptlib/Include -I/shim/gnu-efi/inc -I/shim/gnu-efi/inc/x86_64 -I/shim/gnu-efi/inc/protocol -I/shim/Cryptlib/OpenSSL/crypto/asn1 -I/shim/Cryptlib/OpenSSL/crypto/evp -I/shim/Cryptlib/OpenSSL/crypto/modes -I/shim/Cryptlib/OpenSSL/crypto/include -isystem /shim/include/system -isystem /usr/lib/gcc/x86_64-linux-gnu/14/include -DL_ENDIAN -D_CRT_SECURE_NO_DEPRECATE -D_CRT_NONSTDC_NO_DEPRECATE -DOPENSSL_SMALL_FOOTPRINT -DPEDANTIC -DMDE_CPU_X64   -c -o crypto/ocsp/ocsp_lib.o crypto/ocsp/ocsp_lib.c
#14 15.45 gcc -std=gnu11 -ggdb -gdwarf-4 -gstrict-dwarf -ffreestanding -fmacro-prefix-map=/shim/= -fno-stack-protector -fno-strict-aliasing -fpic -fshort-wchar -nostdinc -m64 -mno-mmx -mno-sse -mno-red-zone -maccumulate-outgoing-args -Os -Wall -Wextra -Wno-missing-field-initializers -Wno-empty-body -Wno-implicit-fallthrough -Wno-old-style-declaration -Wno-unused-but-set-variable -Wno-unused-parameter -Werror -Wno-error=unused-but-set-variable -Wno-error=unused-parameter -I/shim/Cryptlib/OpenSSL -I/shim/Cryptlib -I/shim/Cryptlib/OpenSSL/Include/ -I/shim/Cryptlib/OpenSSL/crypto -I/shim/Cryptlib/Include -I/shim/gnu-efi/inc -I/shim/gnu-efi/inc/x86_64 -I/shim/gnu-efi/inc/protocol -I/shim/Cryptlib/OpenSSL/crypto/asn1 -I/shim/Cryptlib/OpenSSL/crypto/evp -I/shim/Cryptlib/OpenSSL/crypto/modes -I/shim/Cryptlib/OpenSSL/crypto/include -isystem /shim/include/system -isystem /usr/lib/gcc/x86_64-linux-gnu/14/include -DL_ENDIAN -D_CRT_SECURE_NO_DEPRECATE -D_CRT_NONSTDC_NO_DEPRECATE -DOPENSSL_SMALL_FOOTPRINT -DPEDANTIC -DMDE_CPU_X64   -c -o crypto/ocsp/ocsp_cl.o crypto/ocsp/ocsp_cl.c
#14 15.47 gcc -std=gnu11 -ggdb -gdwarf-4 -gstrict-dwarf -ffreestanding -fmacro-prefix-map=/shim/= -fno-stack-protector -fno-strict-aliasing -fpic -fshort-wchar -nostdinc -m64 -mno-mmx -mno-sse -mno-red-zone -maccumulate-outgoing-args -Os -Wall -Wextra -Wno-missing-field-initializers -Wno-empty-body -Wno-implicit-fallthrough -Wno-old-style-declaration -Wno-unused-but-set-variable -Wno-unused-parameter -Werror -Wno-error=unused-but-set-variable -Wno-error=unused-parameter -I/shim/Cryptlib/OpenSSL -I/shim/Cryptlib -I/shim/Cryptlib/OpenSSL/Include/ -I/shim/Cryptlib/OpenSSL/crypto -I/shim/Cryptlib/Include -I/shim/gnu-efi/inc -I/shim/gnu-efi/inc/x86_64 -I/shim/gnu-efi/inc/protocol -I/shim/Cryptlib/OpenSSL/crypto/asn1 -I/shim/Cryptlib/OpenSSL/crypto/evp -I/shim/Cryptlib/OpenSSL/crypto/modes -I/shim/Cryptlib/OpenSSL/crypto/include -isystem /shim/include/system -isystem /usr/lib/gcc/x86_64-linux-gnu/14/include -DL_ENDIAN -D_CRT_SECURE_NO_DEPRECATE -D_CRT_NONSTDC_NO_DEPRECATE -DOPENSSL_SMALL_FOOTPRINT -DPEDANTIC -DMDE_CPU_X64   -c -o crypto/ocsp/ocsp_srv.o crypto/ocsp/ocsp_srv.c
#14 15.48 gcc -std=gnu11 -ggdb -gdwarf-4 -gstrict-dwarf -ffreestanding -fmacro-prefix-map=/shim/= -fno-stack-protector -fno-strict-aliasing -fpic -fshort-wchar -nostdinc -m64 -mno-mmx -mno-sse -mno-red-zone -maccumulate-outgoing-args -Os -Wall -Wextra -Wno-missing-field-initializers -Wno-empty-body -Wno-implicit-fallthrough -Wno-old-style-declaration -Wno-unused-but-set-variable -Wno-unused-parameter -Werror -Wno-error=unused-but-set-variable -Wno-error=unused-parameter -I/shim/Cryptlib/OpenSSL -I/shim/Cryptlib -I/shim/Cryptlib/OpenSSL/Include/ -I/shim/Cryptlib/OpenSSL/crypto -I/shim/Cryptlib/Include -I/shim/gnu-efi/inc -I/shim/gnu-efi/inc/x86_64 -I/shim/gnu-efi/inc/protocol -I/shim/Cryptlib/OpenSSL/crypto/asn1 -I/shim/Cryptlib/OpenSSL/crypto/evp -I/shim/Cryptlib/OpenSSL/crypto/modes -I/shim/Cryptlib/OpenSSL/crypto/include -isystem /shim/include/system -isystem /usr/lib/gcc/x86_64-linux-gnu/14/include -DL_ENDIAN -D_CRT_SECURE_NO_DEPRECATE -D_CRT_NONSTDC_NO_DEPRECATE -DOPENSSL_SMALL_FOOTPRINT -DPEDANTIC -DMDE_CPU_X64   -c -o crypto/ocsp/ocsp_prn.o crypto/ocsp/ocsp_prn.c
#14 15.53 gcc -std=gnu11 -ggdb -gdwarf-4 -gstrict-dwarf -ffreestanding -fmacro-prefix-map=/shim/= -fno-stack-protector -fno-strict-aliasing -fpic -fshort-wchar -nostdinc -m64 -mno-mmx -mno-sse -mno-red-zone -maccumulate-outgoing-args -Os -Wall -Wextra -Wno-missing-field-initializers -Wno-empty-body -Wno-implicit-fallthrough -Wno-old-style-declaration -Wno-unused-but-set-variable -Wno-unused-parameter -Werror -Wno-error=unused-but-set-variable -Wno-error=unused-parameter -I/shim/Cryptlib/OpenSSL -I/shim/Cryptlib -I/shim/Cryptlib/OpenSSL/Include/ -I/shim/Cryptlib/OpenSSL/crypto -I/shim/Cryptlib/Include -I/shim/gnu-efi/inc -I/shim/gnu-efi/inc/x86_64 -I/shim/gnu-efi/inc/protocol -I/shim/Cryptlib/OpenSSL/crypto/asn1 -I/shim/Cryptlib/OpenSSL/crypto/evp -I/shim/Cryptlib/OpenSSL/crypto/modes -I/shim/Cryptlib/OpenSSL/crypto/include -isystem /shim/include/system -isystem /usr/lib/gcc/x86_64-linux-gnu/14/include -DL_ENDIAN -D_CRT_SECURE_NO_DEPRECATE -D_CRT_NONSTDC_NO_DEPRECATE -DOPENSSL_SMALL_FOOTPRINT -DPEDANTIC -DMDE_CPU_X64   -c -o crypto/ocsp/ocsp_vfy.o crypto/ocsp/ocsp_vfy.c
#14 15.56 gcc -std=gnu11 -ggdb -gdwarf-4 -gstrict-dwarf -ffreestanding -fmacro-prefix-map=/shim/= -fno-stack-protector -fno-strict-aliasing -fpic -fshort-wchar -nostdinc -m64 -mno-mmx -mno-sse -mno-red-zone -maccumulate-outgoing-args -Os -Wall -Wextra -Wno-missing-field-initializers -Wno-empty-body -Wno-implicit-fallthrough -Wno-old-style-declaration -Wno-unused-but-set-variable -Wno-unused-parameter -Werror -Wno-error=unused-but-set-variable -Wno-error=unused-parameter -I/shim/Cryptlib/OpenSSL -I/shim/Cryptlib -I/shim/Cryptlib/OpenSSL/Include/ -I/shim/Cryptlib/OpenSSL/crypto -I/shim/Cryptlib/Include -I/shim/gnu-efi/inc -I/shim/gnu-efi/inc/x86_64 -I/shim/gnu-efi/inc/protocol -I/shim/Cryptlib/OpenSSL/crypto/asn1 -I/shim/Cryptlib/OpenSSL/crypto/evp -I/shim/Cryptlib/OpenSSL/crypto/modes -I/shim/Cryptlib/OpenSSL/crypto/include -isystem /shim/include/system -isystem /usr/lib/gcc/x86_64-linux-gnu/14/include -DL_ENDIAN -D_CRT_SECURE_NO_DEPRECATE -D_CRT_NONSTDC_NO_DEPRECATE -DOPENSSL_SMALL_FOOTPRINT -DPEDANTIC -DMDE_CPU_X64   -c -o crypto/ocsp/ocsp_err.o crypto/ocsp/ocsp_err.c
#14 15.57 gcc -std=gnu11 -ggdb -gdwarf-4 -gstrict-dwarf -ffreestanding -fmacro-prefix-map=/shim/= -fno-stack-protector -fno-strict-aliasing -fpic -fshort-wchar -nostdinc -m64 -mno-mmx -mno-sse -mno-red-zone -maccumulate-outgoing-args -Os -Wall -Wextra -Wno-missing-field-initializers -Wno-empty-body -Wno-implicit-fallthrough -Wno-old-style-declaration -Wno-unused-but-set-variable -Wno-unused-parameter -Werror -Wno-error=unused-but-set-variable -Wno-error=unused-parameter -I/shim/Cryptlib/OpenSSL -I/shim/Cryptlib -I/shim/Cryptlib/OpenSSL/Include/ -I/shim/Cryptlib/OpenSSL/crypto -I/shim/Cryptlib/Include -I/shim/gnu-efi/inc -I/shim/gnu-efi/inc/x86_64 -I/shim/gnu-efi/inc/protocol -I/shim/Cryptlib/OpenSSL/crypto/asn1 -I/shim/Cryptlib/OpenSSL/crypto/evp -I/shim/Cryptlib/OpenSSL/crypto/modes -I/shim/Cryptlib/OpenSSL/crypto/include -isystem /shim/include/system -isystem /usr/lib/gcc/x86_64-linux-gnu/14/include -DL_ENDIAN -D_CRT_SECURE_NO_DEPRECATE -D_CRT_NONSTDC_NO_DEPRECATE -DOPENSSL_SMALL_FOOTPRINT -DPEDANTIC -DMDE_CPU_X64   -c -o crypto/cmac/cmac.o crypto/cmac/cmac.c
#14 15.58 gcc -std=gnu11 -ggdb -gdwarf-4 -gstrict-dwarf -ffreestanding -fmacro-prefix-map=/shim/= -fno-stack-protector -fno-strict-aliasing -fpic -fshort-wchar -nostdinc -m64 -mno-mmx -mno-sse -mno-red-zone -maccumulate-outgoing-args -Os -Wall -Wextra -Wno-missing-field-initializers -Wno-empty-body -Wno-implicit-fallthrough -Wno-old-style-declaration -Wno-unused-but-set-variable -Wno-unused-parameter -Werror -Wno-error=unused-but-set-variable -Wno-error=unused-parameter -I/shim/Cryptlib/OpenSSL -I/shim/Cryptlib -I/shim/Cryptlib/OpenSSL/Include/ -I/shim/Cryptlib/OpenSSL/crypto -I/shim/Cryptlib/Include -I/shim/gnu-efi/inc -I/shim/gnu-efi/inc/x86_64 -I/shim/gnu-efi/inc/protocol -I/shim/Cryptlib/OpenSSL/crypto/asn1 -I/shim/Cryptlib/OpenSSL/crypto/evp -I/shim/Cryptlib/OpenSSL/crypto/modes -I/shim/Cryptlib/OpenSSL/crypto/include -isystem /shim/include/system -isystem /usr/lib/gcc/x86_64-linux-gnu/14/include -DL_ENDIAN -D_CRT_SECURE_NO_DEPRECATE -D_CRT_NONSTDC_NO_DEPRECATE -DOPENSSL_SMALL_FOOTPRINT -DPEDANTIC -DMDE_CPU_X64   -c -o crypto/cmac/cm_ameth.o crypto/cmac/cm_ameth.c
#14 15.63 gcc -std=gnu11 -ggdb -gdwarf-4 -gstrict-dwarf -ffreestanding -fmacro-prefix-map=/shim/= -fno-stack-protector -fno-strict-aliasing -fpic -fshort-wchar -nostdinc -m64 -mno-mmx -mno-sse -mno-red-zone -maccumulate-outgoing-args -Os -Wall -Wextra -Wno-missing-field-initializers -Wno-empty-body -Wno-implicit-fallthrough -Wno-old-style-declaration -Wno-unused-but-set-variable -Wno-unused-parameter -Werror -Wno-error=unused-but-set-variable -Wno-error=unused-parameter -I/shim/Cryptlib/OpenSSL -I/shim/Cryptlib -I/shim/Cryptlib/OpenSSL/Include/ -I/shim/Cryptlib/OpenSSL/crypto -I/shim/Cryptlib/Include -I/shim/gnu-efi/inc -I/shim/gnu-efi/inc/x86_64 -I/shim/gnu-efi/inc/protocol -I/shim/Cryptlib/OpenSSL/crypto/asn1 -I/shim/Cryptlib/OpenSSL/crypto/evp -I/shim/Cryptlib/OpenSSL/crypto/modes -I/shim/Cryptlib/OpenSSL/crypto/include -isystem /shim/include/system -isystem /usr/lib/gcc/x86_64-linux-gnu/14/include -DL_ENDIAN -D_CRT_SECURE_NO_DEPRECATE -D_CRT_NONSTDC_NO_DEPRECATE -DOPENSSL_SMALL_FOOTPRINT -DPEDANTIC -DMDE_CPU_X64   -c -o crypto/cmac/cm_pmeth.o crypto/cmac/cm_pmeth.c
#14 15.71 ar rcs libopenssl.a crypto/cryptlib.o crypto/mem.o crypto/mem_clr.o crypto/mem_dbg.o crypto/cversion.o crypto/ex_data.o crypto/cpt_err.o crypto/ebcdic.o crypto/uid.o crypto/o_time.o crypto/o_str.o crypto/o_dir.o crypto/o_fips.o crypto/o_init.o crypto/fips_ers.o crypto/md5/md5_dgst.o crypto/md5/md5_one.o crypto/sha/sha_dgst.o crypto/sha/sha1dgst.o crypto/sha/sha_one.o crypto/sha/sha1_one.o crypto/sha/sha256.o crypto/sha/sha512.o crypto/hmac/hmac.o crypto/hmac/hm_ameth.o crypto/hmac/hm_pmeth.o crypto/rc4/rc4_enc.o crypto/rc4/rc4_skey.o crypto/rc4/rc4_utl.o crypto/aes/aes_misc.o crypto/aes/aes_ecb.o crypto/aes/aes_cfb.o crypto/aes/aes_ofb.o crypto/aes/aes_ctr.o crypto/aes/aes_ige.o crypto/aes/aes_wrap.o crypto/aes/aes_core.o crypto/aes/aes_cbc.o crypto/modes/cbc128.o crypto/modes/ctr128.o crypto/modes/cts128.o crypto/modes/cfb128.o crypto/modes/ofb128.o crypto/modes/gcm128.o crypto/modes/ccm128.o crypto/modes/xts128.o crypto/modes/wrap128.o crypto/bn/bn_add.o crypto/bn/bn_div.o crypto/bn/bn_exp.o crypto/bn/bn_lib.o crypto/bn/bn_ctx.o crypto/bn/bn_mul.o crypto/bn/bn_mod.o crypto/bn/bn_print.o crypto/bn/bn_rand.o crypto/bn/bn_shift.o crypto/bn/bn_word.o crypto/bn/bn_blind.o crypto/bn/bn_kron.o crypto/bn/bn_sqrt.o crypto/bn/bn_gcd.o crypto/bn/bn_prime.o crypto/bn/bn_err.o crypto/bn/bn_sqr.o crypto/bn/bn_asm.o crypto/bn/bn_recp.o crypto/bn/bn_mont.o crypto/bn/bn_mpi.o crypto/bn/bn_exp2.o crypto/bn/bn_gf2m.o crypto/bn/bn_nist.o crypto/bn/bn_depr.o crypto/bn/bn_x931p.o crypto/bn/bn_const.o crypto/rsa/rsa_eay.o crypto/rsa/rsa_gen.o crypto/rsa/rsa_lib.o crypto/rsa/rsa_sign.o crypto/rsa/rsa_saos.o crypto/rsa/rsa_err.o crypto/rsa/rsa_pk1.o crypto/rsa/rsa_ssl.o crypto/rsa/rsa_none.o crypto/rsa/rsa_oaep.o crypto/rsa/rsa_chk.o crypto/rsa/rsa_null.o crypto/rsa/rsa_pss.o crypto/rsa/rsa_x931.o crypto/rsa/rsa_asn1.o crypto/rsa/rsa_depr.o crypto/rsa/rsa_ameth.o crypto/rsa/rsa_prn.o crypto/rsa/rsa_pmeth.o crypto/rsa/rsa_crpt.o crypto/dso/dso_dl.o crypto/dso/dso_dlfcn.o crypto/dso/dso_err.o crypto/dso/dso_lib.o crypto/dso/dso_null.o crypto/dso/dso_openssl.o crypto/dso/dso_win32.o crypto/dso/dso_vms.o crypto/dso/dso_beos.o crypto/dh/dh_asn1.o crypto/dh/dh_gen.o crypto/dh/dh_key.o crypto/dh/dh_lib.o crypto/dh/dh_check.o crypto/dh/dh_err.o crypto/dh/dh_depr.o crypto/dh/dh_ameth.o crypto/dh/dh_pmeth.o crypto/dh/dh_prn.o crypto/dh/dh_rfc5114.o crypto/buffer/buffer.o crypto/buffer/buf_str.o crypto/buffer/buf_err.o crypto/bio/bio_lib.o crypto/bio/bio_cb.o crypto/bio/bio_err.o crypto/bio/bss_mem.o crypto/bio/bss_null.o crypto/bio/bss_fd.o crypto/bio/bss_file.o crypto/bio/bss_sock.o crypto/bio/bss_conn.o crypto/bio/bf_null.o crypto/bio/bf_buff.o crypto/bio/b_dump.o crypto/bio/b_print.o crypto/bio/b_sock.o crypto/bio/bss_acpt.o crypto/bio/bf_nbio.o crypto/bio/bss_log.o crypto/bio/bss_bio.o crypto/bio/bss_dgram.o crypto/stack/stack.o crypto/lhash/lhash.o crypto/lhash/lh_stats.o crypto/rand/md_rand.o crypto/rand/randfile.o crypto/rand/rand_lib.o crypto/rand/rand_err.o crypto/rand/rand_unix.o crypto/err/err.o crypto/err/err_all.o crypto/err/err_prn.o crypto/objects/o_names.o crypto/objects/obj_dat.o crypto/objects/obj_lib.o crypto/objects/obj_err.o crypto/objects/obj_xref.o crypto/evp/encode.o crypto/evp/digest.o crypto/evp/evp_enc.o crypto/evp/evp_key.o crypto/evp/evp_acnf.o crypto/evp/evp_cnf.o crypto/evp/e_des.o crypto/evp/e_bf.o crypto/evp/e_idea.o crypto/evp/e_des3.o crypto/evp/e_camellia.o crypto/evp/e_rc4.o crypto/evp/e_aes.o crypto/evp/names.o crypto/evp/e_seed.o crypto/evp/e_xcbc_d.o crypto/evp/e_rc2.o crypto/evp/e_cast.o crypto/evp/e_rc5.o crypto/evp/m_null.o crypto/evp/m_md2.o crypto/evp/m_md4.o crypto/evp/m_md5.o crypto/evp/m_sha.o crypto/evp/m_sha1.o crypto/evp/m_wp.o crypto/evp/m_dss.o crypto/evp/m_dss1.o crypto/evp/m_mdc2.o crypto/evp/m_ripemd.o crypto/evp/m_ecdsa.o crypto/evp/p_open.o crypto/evp/p_seal.o crypto/evp/p_sign.o crypto/evp/p_verify.o crypto/evp/p_lib.o crypto/evp/p_enc.o crypto/evp/p_dec.o crypto/evp/bio_md.o crypto/evp/bio_b64.o crypto/evp/bio_enc.o crypto/evp/evp_err.o crypto/evp/e_null.o crypto/evp/c_all.o crypto/evp/c_allc.o crypto/evp/c_alld.o crypto/evp/evp_lib.o crypto/evp/bio_ok.o crypto/evp/evp_pkey.o crypto/evp/evp_pbe.o crypto/evp/p5_crpt.o crypto/evp/p5_crpt2.o crypto/evp/e_old.o crypto/evp/pmeth_lib.o crypto/evp/pmeth_fn.o crypto/evp/pmeth_gn.o crypto/evp/m_sigver.o crypto/evp/e_aes_cbc_hmac_sha1.o crypto/evp/e_aes_cbc_hmac_sha256.o crypto/evp/e_rc4_hmac_md5.o crypto/asn1/a_object.o crypto/asn1/a_bitstr.o crypto/asn1/a_utctm.o crypto/asn1/a_gentm.o crypto/asn1/a_time.o crypto/asn1/a_int.o crypto/asn1/a_octet.o crypto/asn1/a_print.o crypto/asn1/a_type.o crypto/asn1/a_set.o crypto/asn1/a_dup.o crypto/asn1/a_d2i_fp.o crypto/asn1/a_i2d_fp.o crypto/asn1/a_enum.o crypto/asn1/a_utf8.o crypto/asn1/a_sign.o crypto/asn1/a_digest.o crypto/asn1/a_verify.o crypto/asn1/a_mbstr.o crypto/asn1/a_strex.o crypto/asn1/x_algor.o crypto/asn1/x_val.o crypto/asn1/x_pubkey.o crypto/asn1/x_sig.o crypto/asn1/x_req.o crypto/asn1/x_attrib.o crypto/asn1/x_bignum.o crypto/asn1/x_long.o crypto/asn1/x_name.o crypto/asn1/x_x509.o crypto/asn1/x_x509a.o crypto/asn1/x_crl.o crypto/asn1/x_info.o crypto/asn1/x_spki.o crypto/asn1/nsseq.o crypto/asn1/x_nx509.o crypto/asn1/d2i_pu.o crypto/asn1/d2i_pr.o crypto/asn1/i2d_pu.o crypto/asn1/i2d_pr.o crypto/asn1/t_req.o crypto/asn1/t_x509.o crypto/asn1/t_x509a.o crypto/asn1/t_crl.o crypto/asn1/t_pkey.o crypto/asn1/t_spki.o crypto/asn1/t_bitst.o crypto/asn1/tasn_new.o crypto/asn1/tasn_fre.o crypto/asn1/tasn_enc.o crypto/asn1/tasn_dec.o crypto/asn1/tasn_utl.o crypto/asn1/tasn_typ.o crypto/asn1/tasn_prn.o crypto/asn1/ameth_lib.o crypto/asn1/f_int.o crypto/asn1/f_string.o crypto/asn1/n_pkey.o crypto/asn1/f_enum.o crypto/asn1/x_pkey.o crypto/asn1/a_bool.o crypto/asn1/x_exten.o crypto/asn1/bio_asn1.o crypto/asn1/bio_ndef.o crypto/asn1/asn_mime.o crypto/asn1/asn1_gen.o crypto/asn1/asn1_par.o crypto/asn1/asn1_lib.o crypto/asn1/asn1_err.o crypto/asn1/a_bytes.o crypto/asn1/a_strnid.o crypto/asn1/evp_asn1.o crypto/asn1/asn_pack.o crypto/asn1/p5_pbe.o crypto/asn1/p5_pbev2.o crypto/asn1/p8_pkey.o crypto/asn1/asn_moid.o crypto/pem/pem_sign.o crypto/pem/pem_seal.o crypto/pem/pem_info.o crypto/pem/pem_lib.o crypto/pem/pem_all.o crypto/pem/pem_err.o crypto/pem/pem_x509.o crypto/pem/pem_xaux.o crypto/pem/pem_oth.o crypto/pem/pem_pk8.o crypto/pem/pem_pkey.o crypto/pem/pvkfmt.o crypto/x509/x509_def.o crypto/x509/x509_d2.o crypto/x509/x509_r2x.o crypto/x509/x509_cmp.o crypto/x509/x509_obj.o crypto/x509/x509_req.o crypto/x509/x509spki.o crypto/x509/x509_vfy.o crypto/x509/x509_set.o crypto/x509/x509cset.o crypto/x509/x509rset.o crypto/x509/x509_err.o crypto/x509/x509name.o crypto/x509/x509_v3.o crypto/x509/x509_ext.o crypto/x509/x509_att.o crypto/x509/x509type.o crypto/x509/x509_lu.o crypto/x509/x_all.o crypto/x509/x509_txt.o crypto/x509/x509_trs.o crypto/x509/x509_vpm.o crypto/x509v3/v3_bcons.o crypto/x509v3/v3_bitst.o crypto/x509v3/v3_conf.o crypto/x509v3/v3_extku.o crypto/x509v3/v3_ia5.o crypto/x509v3/v3_lib.o crypto/x509v3/v3_prn.o crypto/x509v3/v3_utl.o crypto/x509v3/v3err.o crypto/x509v3/v3_genn.o crypto/x509v3/v3_alt.o crypto/x509v3/v3_skey.o crypto/x509v3/v3_akey.o crypto/x509v3/v3_pku.o crypto/x509v3/v3_int.o crypto/x509v3/v3_enum.o crypto/x509v3/v3_sxnet.o crypto/x509v3/v3_cpols.o crypto/x509v3/v3_crld.o crypto/x509v3/v3_purp.o crypto/x509v3/v3_info.o crypto/x509v3/v3_ocsp.o crypto/x509v3/v3_akeya.o crypto/x509v3/v3_pmaps.o crypto/x509v3/v3_pcons.o crypto/x509v3/v3_ncons.o crypto/x509v3/v3_pcia.o crypto/x509v3/v3_pci.o crypto/x509v3/pcy_cache.o crypto/x509v3/pcy_node.o crypto/x509v3/pcy_data.o crypto/x509v3/pcy_map.o crypto/x509v3/pcy_tree.o crypto/x509v3/pcy_lib.o crypto/x509v3/v3_asid.o crypto/x509v3/v3_addr.o crypto/conf/conf_err.o crypto/conf/conf_lib.o crypto/conf/conf_api.o crypto/conf/conf_def.o crypto/conf/conf_mod.o crypto/conf/conf_mall.o crypto/conf/conf_sap.o crypto/txt_db/txt_db.o crypto/pkcs7/pk7_asn1.o crypto/pkcs7/pk7_lib.o crypto/pkcs7/pkcs7err.o crypto/pkcs7/pk7_doit.o crypto/pkcs7/pk7_smime.o crypto/pkcs7/pk7_attr.o crypto/pkcs7/pk7_mime.o crypto/pkcs7/bio_pk7.o crypto/pkcs12/p12_add.o crypto/pkcs12/p12_asn.o crypto/pkcs12/p12_attr.o crypto/pkcs12/p12_crpt.o crypto/pkcs12/p12_crt.o crypto/pkcs12/p12_decr.o crypto/pkcs12/p12_init.o crypto/pkcs12/p12_key.o crypto/pkcs12/p12_kiss.o crypto/pkcs12/p12_mutl.o crypto/pkcs12/p12_utl.o crypto/pkcs12/p12_npas.o crypto/pkcs12/pk12err.o crypto/pkcs12/p12_p8d.o crypto/pkcs12/p12_p8e.o crypto/comp/comp_lib.o crypto/comp/comp_err.o crypto/comp/c_rle.o crypto/comp/c_zlib.o crypto/ocsp/ocsp_asn.o crypto/ocsp/ocsp_ext.o crypto/ocsp/ocsp_ht.o crypto/ocsp/ocsp_lib.o crypto/ocsp/ocsp_cl.o crypto/ocsp/ocsp_srv.o crypto/ocsp/ocsp_prn.o crypto/ocsp/ocsp_vfy.o crypto/ocsp/ocsp_err.o crypto/cmac/cmac.o crypto/cmac/cm_ameth.o crypto/cmac/cm_pmeth.o 
#14 15.80 make: Leaving directory '/shim/Cryptlib/OpenSSL'
#14 15.81 x86_64-linux-gnu-ld -o shimx64.so --hash-style=sysv -nostdlib -znocombreloc -T /shim/elf_x86_64_efi.lds -shared -Bsymbolic -Lgnu-efi/x86_64/gnuefi -Lgnu-efi/x86_64/lib -LCryptlib -LCryptlib/OpenSSL gnu-efi/x86_64/gnuefi/crt0-efi-x86_64.o --build-id=sha1  --no-undefined shim.o globals.o memattrs.o mok.o netboot.o cert.o dp.o loader-proto.o tpm.o version.o errlog.o sbat.o sbat_data.o sbat_var.o pe.o pe-relocate.o httpboot.o csv.o load-options.o utils.o verify.o Cryptlib/libcryptlib.a Cryptlib/OpenSSL/libopenssl.a lib/lib.a gnu-efi/x86_64/lib/libefi.a gnu-efi/x86_64/gnuefi/libgnuefi.a -lefi -lgnuefi --start-group Cryptlib/libcryptlib.a Cryptlib/OpenSSL/libopenssl.a --end-group /usr/lib/gcc/x86_64-linux-gnu/14/libgcc.a lib/lib.a
#14 15.81 x86_64-linux-gnu-ld -o mmx64.so --hash-style=sysv -nostdlib -znocombreloc -T /shim/elf_x86_64_efi.lds -shared -Bsymbolic -Lgnu-efi/x86_64/gnuefi -Lgnu-efi/x86_64/lib -LCryptlib -LCryptlib/OpenSSL gnu-efi/x86_64/gnuefi/crt0-efi-x86_64.o --build-id=sha1  --no-undefined MokManager.o PasswordCrypt.o crypt_blowfish.o errlog.o sbat_data.o globals.o dp.o Cryptlib/libcryptlib.a Cryptlib/OpenSSL/libopenssl.a lib/lib.a gnu-efi/x86_64/lib/libefi.a gnu-efi/x86_64/gnuefi/libgnuefi.a -lefi -lgnuefi --start-group Cryptlib/libcryptlib.a Cryptlib/OpenSSL/libopenssl.a --end-group /usr/lib/gcc/x86_64-linux-gnu/14/libgcc.a lib/lib.a
#14 15.83 x86_64-linux-gnu-ld -o fbx64.so --hash-style=sysv -nostdlib -znocombreloc -T /shim/elf_x86_64_efi.lds -shared -Bsymbolic -Lgnu-efi/x86_64/gnuefi -Lgnu-efi/x86_64/lib -LCryptlib -LCryptlib/OpenSSL gnu-efi/x86_64/gnuefi/crt0-efi-x86_64.o --build-id=sha1  --no-undefined fallback.o tpm.o errlog.o sbat_data.o globals.o utils.o Cryptlib/libcryptlib.a Cryptlib/OpenSSL/libopenssl.a lib/lib.a gnu-efi/x86_64/lib/libefi.a gnu-efi/x86_64/gnuefi/libgnuefi.a -lefi -lgnuefi --start-group Cryptlib/libcryptlib.a Cryptlib/OpenSSL/libopenssl.a --end-group /usr/lib/gcc/x86_64-linux-gnu/14/libgcc.a lib/lib.a
#14 15.84 x86_64-linux-gnu-objcopy -D -j .text -j .sdata -j .data \
#14 15.84 	-j .dynamic -j .rodata -j .rel* \
#14 15.84 	-j .rela* -j .dyn -j .reloc -j .eh_frame -j .sbat \
#14 15.84 	-j .sbatlevel \
#14 15.84 	-j .debug_info -j .debug_abbrev -j .debug_aranges \
#14 15.84 	-j .debug_line -j .debug_str -j .debug_ranges \
#14 15.84 	-j .note.gnu.build-id \
#14 15.84 	--file-alignment 0x1000 \
#14 15.84 	fbx64.so fbx64.efi.debug
#14 15.86 x86_64-linux-gnu-objcopy -D -j .text -j .sdata -j .data -j .data.ident \
#14 15.86 	-j .dynamic -j .rodata -j .rel* \
#14 15.86 	-j .rela* -j .dyn -j .reloc -j .eh_frame \
#14 15.86 	-j .vendor_cert -j .sbat -j .sbatlevel \
#14 15.86 	--file-alignment 0x1000 \
#14 15.86 	--output-target efi-app-x86_64 fbx64.so fbx64.efi
#14 15.87 ./post-process-pe -vv  fbx64.efi
#14 15.87 validate_nx_compat():380: NX Compatibility flag is not set
#14 15.88 x86_64-linux-gnu-objcopy -D -j .text -j .sdata -j .data -j .data.ident \
#14 15.88 	-j .dynamic -j .rodata -j .rel* \
#14 15.88 	-j .rela* -j .dyn -j .reloc -j .eh_frame \
#14 15.88 	-j .vendor_cert -j .sbat -j .sbatlevel \
#14 15.88 	--file-alignment 0x1000 \
#14 15.88 	--output-target efi-app-x86_64 shimx64.so shimx64.efi
#14 15.88 x86_64-linux-gnu-objcopy -D -j .text -j .sdata -j .data \
#14 15.88 	-j .dynamic -j .rodata -j .rel* \
#14 15.88 	-j .rela* -j .dyn -j .reloc -j .eh_frame -j .sbat \
#14 15.88 	-j .sbatlevel \
#14 15.88 	-j .debug_info -j .debug_abbrev -j .debug_aranges \
#14 15.88 	-j .debug_line -j .debug_str -j .debug_ranges \
#14 15.88 	-j .note.gnu.build-id \
#14 15.88 	--file-alignment 0x1000 \
#14 15.88 	shimx64.so shimx64.efi.debug
#14 15.89 ./post-process-pe -vv  shimx64.efi
#14 15.89 x86_64-linux-gnu-objcopy -D -j .text -j .sdata -j .data \
#14 15.89 	-j .dynamic -j .rodata -j .rel* \
#14 15.89 	-j .rela* -j .dyn -j .reloc -j .eh_frame -j .sbat \
#14 15.89 	-j .sbatlevel \
#14 15.89 	-j .debug_info -j .debug_abbrev -j .debug_aranges \
#14 15.89 	-j .debug_line -j .debug_str -j .debug_ranges \
#14 15.89 	-j .note.gnu.build-id \
#14 15.89 	--file-alignment 0x1000 \
#14 15.89 	mmx64.so mmx64.efi.debug
#14 15.89 validate_nx_compat():380: NX Compatibility flag is not set
#14 15.90 x86_64-linux-gnu-objcopy -D -j .text -j .sdata -j .data -j .data.ident \
#14 15.90 	-j .dynamic -j .rodata -j .rel* \
#14 15.90 	-j .rela* -j .dyn -j .reloc -j .eh_frame \
#14 15.90 	-j .vendor_cert -j .sbat -j .sbatlevel \
#14 15.90 	--file-alignment 0x1000 \
#14 15.90 	--output-target efi-app-x86_64 mmx64.so mmx64.efi
#14 15.91 ./post-process-pe -vv  mmx64.efi
#14 15.91 validate_nx_compat():380: NX Compatibility flag is not set
#14 15.91 make[1]: Leaving directory '/shim'
#14 15.91    debian/rules override_dh_auto_test
#14 15.92 make[1]: Entering directory '/shim'
#14 15.97 dh_auto_test -- INSTALL=install RELEASE=16.1 COMMIT_ID=afc49558b34548644c1cd0ad1b6526a9470182ed MAKELEVEL=0 ENABLE_HTTPBOOT=true VENDOR_CERT_FILE=debian/igel-uefi-ca.der VENDOR_DBX_FILE=dbx.esl EFIDIR=igel CROSS_COMPILE=x86_64-linux-gnu- CC=gcc  SBAT_AUTOMATIC_DATE=2025021800
#14 16.09 	make -j4 test INSTALL=install RELEASE=16.1 COMMIT_ID=afc49558b34548644c1cd0ad1b6526a9470182ed MAKELEVEL=0 ENABLE_HTTPBOOT=true VENDOR_CERT_FILE=debian/igel-uefi-ca.der VENDOR_DBX_FILE=dbx.esl EFIDIR=igel CROSS_COMPILE=x86_64-linux-gnu- CC=gcc SBAT_AUTOMATIC_DATE=2025021800
#14 16.15 dd if=/dev/urandom bs=512 count=17 status=none | ( \
#14 16.15 	echo "unsigned char random_bin[] = {" ; \
#14 16.15 	xxd -i - ; \
#14 16.15 	echo "};" ; \
#14 16.15 	echo "unsigned int random_bin_len = 8704;" ; \
#14 16.15 ) > test-random.h
#14 16.15 make -C gnu-efi \
#14 16.15 	COMPILER="gcc" \
#14 16.15 	CC="gcc" \
#14 16.15 	ARCH=x86_64 \
#14 16.15 	TOPDIR=/shim/gnu-efi \
#14 16.15 	CFLAGS_LTO="" \
#14 16.15 	CFLAGS_GCOV="" \
#14 16.15 	-f /shim/gnu-efi/Makefile \
#14 16.15 	clean lib
#14 16.16 make: Entering directory '/shim/gnu-efi'
#14 16.18 mkdir -p /shim/gnu-efi/x86_64/lib
#14 16.18 removed 'x86_64/gnuefi/crt0-efi-x86_64.o'
#14 16.18 removed 'x86_64/gnuefi/reloc_x86_64.o'
#14 16.18 removed 'x86_64/gnuefi/libgnuefi.a'
#14 16.18 removed directory 'x86_64/gnuefi'
#14 16.18 removed directory 'x86_64/inc'
#14 16.18 removed 'x86_64/lib/event.o'
#14 16.18 removed 'x86_64/lib/sread.o'
#14 16.18 removed 'x86_64/lib/init.o'
#14 16.18 removed 'x86_64/lib/hand.o'
#14 16.18 removed 'x86_64/lib/smbios.o'
#14 16.18 removed 'x86_64/lib/cmdline.o'
#14 16.18 removed 'x86_64/lib/dpath.o'
#14 16.18 removed 'x86_64/lib/crc.o'
#14 16.18 removed directory 'x86_64/lib/arm'
#14 16.18 removed 'x86_64/lib/boxdraw.o'
#14 16.18 removed 'x86_64/lib/print.o'
#14 16.18 removed 'x86_64/lib/x86_64/initplat.o'
#14 16.18 removed 'x86_64/lib/x86_64/math.o'
#14 16.18 removed 'x86_64/lib/x86_64/efi_stub.o'
#14 16.18 removed 'x86_64/lib/x86_64/setjmp.o'
#14 16.18 removed 'x86_64/lib/x86_64/callwrap.o'
#14 16.18 removed directory 'x86_64/lib/x86_64'
#14 16.18 removed 'x86_64/lib/lock.o'
#14 16.18 removed 'x86_64/lib/exit.o'
#14 16.18 removed 'x86_64/lib/runtime/rtlock.o'
#14 16.18 removed 'x86_64/lib/runtime/vm.o'
#14 16.18 removed 'x86_64/lib/runtime/efirtlib.o'
#14 16.18 removed 'x86_64/lib/runtime/rtdata.o'
#14 16.18 removed 'x86_64/lib/runtime/rtstr.o'
#14 16.18 removed directory 'x86_64/lib/runtime'
#14 16.18 removed directory 'x86_64/lib/aarch64'
#14 16.18 removed 'x86_64/lib/console.o'
#14 16.18 removed 'x86_64/lib/hw.o'
#14 16.18 removed directory 'x86_64/lib/ia64'
#14 16.18 removed directory 'x86_64/lib/ia32'
#14 16.18 removed 'x86_64/lib/misc.o'
#14 16.18 removed 'x86_64/lib/data.o'
#14 16.18 removed 'x86_64/lib/guid.o'
#14 16.18 removed 'x86_64/lib/str.o'
#14 16.18 removed 'x86_64/lib/pause.o'
#14 16.18 removed 'x86_64/lib/error.o'
#14 16.18 removed 'x86_64/lib/libefi.a'
#14 16.18 removed directory 'x86_64/lib/mips64el'
#14 16.18 removed 'x86_64/lib/debug.o'
#14 16.18 removed directory 'x86_64/lib'
#14 16.18 removed directory 'x86_64/'
#14 16.18 make -C /shim/gnu-efi/x86_64/lib -f /shim/gnu-efi//lib/Makefile SRCDIR=/shim/gnu-efi//lib ARCH=x86_64
#14 16.19 make: Entering directory '/shim/gnu-efi/x86_64/lib'
#14 16.19 make: Entering directory '/shim/gnu-efi/x86_64/lib'
#14 16.21 gcc -I/shim/gnu-efi//lib -I/shim/gnu-efi/inc -I/shim/gnu-efi/inc/x86_64 -I/shim/gnu-efi/inc/protocol -Wno-error=pragmas -mno-red-zone -mno-avx -fpic  -O2 -ggdb -Wall -Wextra -Wno-missing-field-initializers -Werror -fshort-wchar -fno-strict-aliasing -ffreestanding -fno-stack-protector -fno-stack-check -nostdinc   -isystem /shim/gnu-efi/../include/system -isystem /usr/lib/gcc/x86_64-linux-gnu/14/include -fno-merge-all-constants -DCONFIG_x86_64 -DGNU_EFI_USE_MS_ABI -DGNU_EFI_USE_EXTERNAL_STDARG -maccumulate-outgoing-args --std=c11 -c /shim/gnu-efi//lib/boxdraw.c -o boxdraw.o
#14 16.22 make: Leaving directory '/shim/gnu-efi/x86_64/lib'
#14 16.22 gcc -I/shim/gnu-efi//lib -I/shim/gnu-efi/inc -I/shim/gnu-efi/inc/x86_64 -I/shim/gnu-efi/inc/protocol -Wno-error=pragmas -mno-red-zone -mno-avx -fpic  -O2 -ggdb -Wall -Wextra -Wno-missing-field-initializers -Werror -fshort-wchar -fno-strict-aliasing -ffreestanding -fno-stack-protector -fno-stack-check -nostdinc   -isystem /shim/gnu-efi/../include/system -isystem /usr/lib/gcc/x86_64-linux-gnu/14/include -fno-merge-all-constants -DCONFIG_x86_64 -DGNU_EFI_USE_MS_ABI -DGNU_EFI_USE_EXTERNAL_STDARG -maccumulate-outgoing-args --std=c11 -c /shim/gnu-efi//lib/smbios.c -o smbios.o
#14 16.23 gcc -I/shim/gnu-efi//lib -I/shim/gnu-efi/inc -I/shim/gnu-efi/inc/x86_64 -I/shim/gnu-efi/inc/protocol -Wno-error=pragmas -mno-red-zone -mno-avx -fpic  -O2 -ggdb -Wall -Wextra -Wno-missing-field-initializers -Werror -fshort-wchar -fno-strict-aliasing -ffreestanding -fno-stack-protector -fno-stack-check -nostdinc   -isystem /shim/gnu-efi/../include/system -isystem /usr/lib/gcc/x86_64-linux-gnu/14/include -fno-merge-all-constants -DCONFIG_x86_64 -DGNU_EFI_USE_MS_ABI -DGNU_EFI_USE_EXTERNAL_STDARG -maccumulate-outgoing-args --std=c11 -c /shim/gnu-efi//lib/console.c -o console.o
#14 16.24 gcc -I/shim/gnu-efi//lib -I/shim/gnu-efi/inc -I/shim/gnu-efi/inc/x86_64 -I/shim/gnu-efi/inc/protocol -Wno-error=pragmas -mno-red-zone -mno-avx -fpic  -O2 -ggdb -Wall -Wextra -Wno-missing-field-initializers -Werror -fshort-wchar -fno-strict-aliasing -ffreestanding -fno-stack-protector -fno-stack-check -nostdinc   -isystem /shim/gnu-efi/../include/system -isystem /usr/lib/gcc/x86_64-linux-gnu/14/include -fno-merge-all-constants -DCONFIG_x86_64 -DGNU_EFI_USE_MS_ABI -DGNU_EFI_USE_EXTERNAL_STDARG -maccumulate-outgoing-args --std=c11 -c /shim/gnu-efi//lib/crc.c -o crc.o
#14 16.28 gcc -I/shim/gnu-efi//lib -I/shim/gnu-efi/inc -I/shim/gnu-efi/inc/x86_64 -I/shim/gnu-efi/inc/protocol -Wno-error=pragmas -mno-red-zone -mno-avx -fpic  -O2 -ggdb -Wall -Wextra -Wno-missing-field-initializers -Werror -fshort-wchar -fno-strict-aliasing -ffreestanding -fno-stack-protector -fno-stack-check -nostdinc   -isystem /shim/gnu-efi/../include/system -isystem /usr/lib/gcc/x86_64-linux-gnu/14/include -fno-merge-all-constants -DCONFIG_x86_64 -DGNU_EFI_USE_MS_ABI -DGNU_EFI_USE_EXTERNAL_STDARG -maccumulate-outgoing-args --std=c11 -c /shim/gnu-efi//lib/data.c -o data.o
#14 16.29 gcc -I/shim/gnu-efi//lib -I/shim/gnu-efi/inc -I/shim/gnu-efi/inc/x86_64 -I/shim/gnu-efi/inc/protocol -Wno-error=pragmas -mno-red-zone -mno-avx -fpic  -O2 -ggdb -Wall -Wextra -Wno-missing-field-initializers -Werror -fshort-wchar -fno-strict-aliasing -ffreestanding -fno-stack-protector -fno-stack-check -nostdinc   -isystem /shim/gnu-efi/../include/system -isystem /usr/lib/gcc/x86_64-linux-gnu/14/include -fno-merge-all-constants -DCONFIG_x86_64 -DGNU_EFI_USE_MS_ABI -DGNU_EFI_USE_EXTERNAL_STDARG -maccumulate-outgoing-args --std=c11 -c /shim/gnu-efi//lib/debug.c -o debug.o
#14 16.30 gcc -I/shim/gnu-efi//lib -I/shim/gnu-efi/inc -I/shim/gnu-efi/inc/x86_64 -I/shim/gnu-efi/inc/protocol -Wno-error=pragmas -mno-red-zone -mno-avx -fpic  -O2 -ggdb -Wall -Wextra -Wno-missing-field-initializers -Werror -fshort-wchar -fno-strict-aliasing -ffreestanding -fno-stack-protector -fno-stack-check -nostdinc   -isystem /shim/gnu-efi/../include/system -isystem /usr/lib/gcc/x86_64-linux-gnu/14/include -fno-merge-all-constants -DCONFIG_x86_64 -DGNU_EFI_USE_MS_ABI -DGNU_EFI_USE_EXTERNAL_STDARG -maccumulate-outgoing-args --std=c11 -c /shim/gnu-efi//lib/dpath.c -o dpath.o
#14 16.31 gcc -I/shim/gnu-efi//lib -I/shim/gnu-efi/inc -I/shim/gnu-efi/inc/x86_64 -I/shim/gnu-efi/inc/protocol -Wno-error=pragmas -mno-red-zone -mno-avx -fpic  -O2 -ggdb -Wall -Wextra -Wno-missing-field-initializers -Werror -fshort-wchar -fno-strict-aliasing -ffreestanding -fno-stack-protector -fno-stack-check -nostdinc   -isystem /shim/gnu-efi/../include/system -isystem /usr/lib/gcc/x86_64-linux-gnu/14/include -fno-merge-all-constants -DCONFIG_x86_64 -DGNU_EFI_USE_MS_ABI -DGNU_EFI_USE_EXTERNAL_STDARG -maccumulate-outgoing-args --std=c11 -c /shim/gnu-efi//lib/error.c -o error.o
#14 16.33 gcc -I/shim/gnu-efi//lib -I/shim/gnu-efi/inc -I/shim/gnu-efi/inc/x86_64 -I/shim/gnu-efi/inc/protocol -Wno-error=pragmas -mno-red-zone -mno-avx -fpic  -O2 -ggdb -Wall -Wextra -Wno-missing-field-initializers -Werror -fshort-wchar -fno-strict-aliasing -ffreestanding -fno-stack-protector -fno-stack-check -nostdinc   -isystem /shim/gnu-efi/../include/system -isystem /usr/lib/gcc/x86_64-linux-gnu/14/include -fno-merge-all-constants -DCONFIG_x86_64 -DGNU_EFI_USE_MS_ABI -DGNU_EFI_USE_EXTERNAL_STDARG -maccumulate-outgoing-args --std=c11 -c /shim/gnu-efi//lib/event.c -o event.o
#14 16.34 gcc -I/shim/gnu-efi//lib -I/shim/gnu-efi/inc -I/shim/gnu-efi/inc/x86_64 -I/shim/gnu-efi/inc/protocol -Wno-error=pragmas -mno-red-zone -mno-avx -fpic  -O2 -ggdb -Wall -Wextra -Wno-missing-field-initializers -Werror -fshort-wchar -fno-strict-aliasing -ffreestanding -fno-stack-protector -fno-stack-check -nostdinc   -isystem /shim/gnu-efi/../include/system -isystem /usr/lib/gcc/x86_64-linux-gnu/14/include -fno-merge-all-constants -DCONFIG_x86_64 -DGNU_EFI_USE_MS_ABI -DGNU_EFI_USE_EXTERNAL_STDARG -maccumulate-outgoing-args --std=c11 -c /shim/gnu-efi//lib/exit.c -o exit.o
#14 16.35 gcc -I/shim/gnu-efi//lib -I/shim/gnu-efi/inc -I/shim/gnu-efi/inc/x86_64 -I/shim/gnu-efi/inc/protocol -Wno-error=pragmas -mno-red-zone -mno-avx -fpic  -O2 -ggdb -Wall -Wextra -Wno-missing-field-initializers -Werror -fshort-wchar -fno-strict-aliasing -ffreestanding -fno-stack-protector -fno-stack-check -nostdinc   -isystem /shim/gnu-efi/../include/system -isystem /usr/lib/gcc/x86_64-linux-gnu/14/include -fno-merge-all-constants -DCONFIG_x86_64 -DGNU_EFI_USE_MS_ABI -DGNU_EFI_USE_EXTERNAL_STDARG -maccumulate-outgoing-args --std=c11 -c /shim/gnu-efi//lib/guid.c -o guid.o
#14 16.38 gcc -I/shim/gnu-efi//lib -I/shim/gnu-efi/inc -I/shim/gnu-efi/inc/x86_64 -I/shim/gnu-efi/inc/protocol -Wno-error=pragmas -mno-red-zone -mno-avx -fpic  -O2 -ggdb -Wall -Wextra -Wno-missing-field-initializers -Werror -fshort-wchar -fno-strict-aliasing -ffreestanding -fno-stack-protector -fno-stack-check -nostdinc   -isystem /shim/gnu-efi/../include/system -isystem /usr/lib/gcc/x86_64-linux-gnu/14/include -fno-merge-all-constants -DCONFIG_x86_64 -DGNU_EFI_USE_MS_ABI -DGNU_EFI_USE_EXTERNAL_STDARG -maccumulate-outgoing-args --std=c11 -c /shim/gnu-efi//lib/hand.c -o hand.o
#14 16.38 gcc -I/shim/gnu-efi//lib -I/shim/gnu-efi/inc -I/shim/gnu-efi/inc/x86_64 -I/shim/gnu-efi/inc/protocol -Wno-error=pragmas -mno-red-zone -mno-avx -fpic  -O2 -ggdb -Wall -Wextra -Wno-missing-field-initializers -Werror -fshort-wchar -fno-strict-aliasing -ffreestanding -fno-stack-protector -fno-stack-check -nostdinc   -isystem /shim/gnu-efi/../include/system -isystem /usr/lib/gcc/x86_64-linux-gnu/14/include -fno-merge-all-constants -DCONFIG_x86_64 -DGNU_EFI_USE_MS_ABI -DGNU_EFI_USE_EXTERNAL_STDARG -maccumulate-outgoing-args --std=c11 -c /shim/gnu-efi//lib/hw.c -o hw.o
#14 16.39 gcc -I/shim/gnu-efi//lib -I/shim/gnu-efi/inc -I/shim/gnu-efi/inc/x86_64 -I/shim/gnu-efi/inc/protocol -Wno-error=pragmas -mno-red-zone -mno-avx -fpic  -O2 -ggdb -Wall -Wextra -Wno-missing-field-initializers -Werror -fshort-wchar -fno-strict-aliasing -ffreestanding -fno-stack-protector -fno-stack-check -nostdinc   -isystem /shim/gnu-efi/../include/system -isystem /usr/lib/gcc/x86_64-linux-gnu/14/include -fno-merge-all-constants -DCONFIG_x86_64 -DGNU_EFI_USE_MS_ABI -DGNU_EFI_USE_EXTERNAL_STDARG -maccumulate-outgoing-args --std=c11 -c /shim/gnu-efi//lib/init.c -o init.o
#14 16.43 gcc -I/shim/gnu-efi//lib -I/shim/gnu-efi/inc -I/shim/gnu-efi/inc/x86_64 -I/shim/gnu-efi/inc/protocol -Wno-error=pragmas -mno-red-zone -mno-avx -fpic  -O2 -ggdb -Wall -Wextra -Wno-missing-field-initializers -Werror -fshort-wchar -fno-strict-aliasing -ffreestanding -fno-stack-protector -fno-stack-check -nostdinc   -isystem /shim/gnu-efi/../include/system -isystem /usr/lib/gcc/x86_64-linux-gnu/14/include -fno-merge-all-constants -DCONFIG_x86_64 -DGNU_EFI_USE_MS_ABI -DGNU_EFI_USE_EXTERNAL_STDARG -maccumulate-outgoing-args --std=c11 -c /shim/gnu-efi//lib/lock.c -o lock.o
#14 16.46 gcc -I/shim/gnu-efi//lib -I/shim/gnu-efi/inc -I/shim/gnu-efi/inc/x86_64 -I/shim/gnu-efi/inc/protocol -Wno-error=pragmas -mno-red-zone -mno-avx -fpic  -O2 -ggdb -Wall -Wextra -Wno-missing-field-initializers -Werror -fshort-wchar -fno-strict-aliasing -ffreestanding -fno-stack-protector -fno-stack-check -nostdinc   -isystem /shim/gnu-efi/../include/system -isystem /usr/lib/gcc/x86_64-linux-gnu/14/include -fno-merge-all-constants -DCONFIG_x86_64 -DGNU_EFI_USE_MS_ABI -DGNU_EFI_USE_EXTERNAL_STDARG -maccumulate-outgoing-args --std=c11 -c /shim/gnu-efi//lib/misc.c -o misc.o
#14 16.48 gcc -I/shim/gnu-efi//lib -I/shim/gnu-efi/inc -I/shim/gnu-efi/inc/x86_64 -I/shim/gnu-efi/inc/protocol -Wno-error=pragmas -mno-red-zone -mno-avx -fpic  -O2 -ggdb -Wall -Wextra -Wno-missing-field-initializers -Werror -fshort-wchar -fno-strict-aliasing -ffreestanding -fno-stack-protector -fno-stack-check -nostdinc   -isystem /shim/gnu-efi/../include/system -isystem /usr/lib/gcc/x86_64-linux-gnu/14/include -fno-merge-all-constants -DCONFIG_x86_64 -DGNU_EFI_USE_MS_ABI -DGNU_EFI_USE_EXTERNAL_STDARG -maccumulate-outgoing-args --std=c11 -c /shim/gnu-efi//lib/pause.c -o pause.o
#14 16.53 gcc -I/shim/gnu-efi//lib -I/shim/gnu-efi/inc -I/shim/gnu-efi/inc/x86_64 -I/shim/gnu-efi/inc/protocol -Wno-error=pragmas -mno-red-zone -mno-avx -fpic  -O2 -ggdb -Wall -Wextra -Wno-missing-field-initializers -Werror -fshort-wchar -fno-strict-aliasing -ffreestanding -fno-stack-protector -fno-stack-check -nostdinc   -isystem /shim/gnu-efi/../include/system -isystem /usr/lib/gcc/x86_64-linux-gnu/14/include -fno-merge-all-constants -DCONFIG_x86_64 -DGNU_EFI_USE_MS_ABI -DGNU_EFI_USE_EXTERNAL_STDARG -maccumulate-outgoing-args --std=c11 -c /shim/gnu-efi//lib/print.c -o print.o
#14 16.54 gcc -I/shim/gnu-efi//lib -I/shim/gnu-efi/inc -I/shim/gnu-efi/inc/x86_64 -I/shim/gnu-efi/inc/protocol -Wno-error=pragmas -mno-red-zone -mno-avx -fpic  -O2 -ggdb -Wall -Wextra -Wno-missing-field-initializers -Werror -fshort-wchar -fno-strict-aliasing -ffreestanding -fno-stack-protector -fno-stack-check -nostdinc   -isystem /shim/gnu-efi/../include/system -isystem /usr/lib/gcc/x86_64-linux-gnu/14/include -fno-merge-all-constants -DCONFIG_x86_64 -DGNU_EFI_USE_MS_ABI -DGNU_EFI_USE_EXTERNAL_STDARG -maccumulate-outgoing-args --std=c11 -c /shim/gnu-efi//lib/sread.c -o sread.o
#14 16.55 gcc -I/shim/gnu-efi//lib -I/shim/gnu-efi/inc -I/shim/gnu-efi/inc/x86_64 -I/shim/gnu-efi/inc/protocol -Wno-error=pragmas -mno-red-zone -mno-avx -fpic  -O2 -ggdb -Wall -Wextra -Wno-missing-field-initializers -Werror -fshort-wchar -fno-strict-aliasing -ffreestanding -fno-stack-protector -fno-stack-check -nostdinc   -isystem /shim/gnu-efi/../include/system -isystem /usr/lib/gcc/x86_64-linux-gnu/14/include -fno-merge-all-constants -DCONFIG_x86_64 -DGNU_EFI_USE_MS_ABI -DGNU_EFI_USE_EXTERNAL_STDARG -maccumulate-outgoing-args --std=c11 -c /shim/gnu-efi//lib/str.c -o str.o
#14 16.60 gcc -I/shim/gnu-efi//lib -I/shim/gnu-efi/inc -I/shim/gnu-efi/inc/x86_64 -I/shim/gnu-efi/inc/protocol -Wno-error=pragmas -mno-red-zone -mno-avx -fpic  -O2 -ggdb -Wall -Wextra -Wno-missing-field-initializers -Werror -fshort-wchar -fno-strict-aliasing -ffreestanding -fno-stack-protector -fno-stack-check -nostdinc   -isystem /shim/gnu-efi/../include/system -isystem /usr/lib/gcc/x86_64-linux-gnu/14/include -fno-merge-all-constants -DCONFIG_x86_64 -DGNU_EFI_USE_MS_ABI -DGNU_EFI_USE_EXTERNAL_STDARG -maccumulate-outgoing-args --std=c11 -c /shim/gnu-efi//lib/cmdline.c -o cmdline.o
#14 16.63 gcc -I/shim/gnu-efi//lib -I/shim/gnu-efi/inc -I/shim/gnu-efi/inc/x86_64 -I/shim/gnu-efi/inc/protocol -Wno-error=pragmas -mno-red-zone -mno-avx -fpic  -O2 -ggdb -Wall -Wextra -Wno-missing-field-initializers -Werror -fshort-wchar -fno-strict-aliasing -ffreestanding -fno-stack-protector -fno-stack-check -nostdinc   -isystem /shim/gnu-efi/../include/system -isystem /usr/lib/gcc/x86_64-linux-gnu/14/include -fno-merge-all-constants -DCONFIG_x86_64 -DGNU_EFI_USE_MS_ABI -DGNU_EFI_USE_EXTERNAL_STDARG -maccumulate-outgoing-args --std=c11 -c /shim/gnu-efi//lib/runtime/rtlock.c -o runtime/rtlock.o
#14 16.66 gcc -I/shim/gnu-efi//lib -I/shim/gnu-efi/inc -I/shim/gnu-efi/inc/x86_64 -I/shim/gnu-efi/inc/protocol -Wno-error=pragmas -mno-red-zone -mno-avx -fpic  -O2 -ggdb -Wall -Wextra -Wno-missing-field-initializers -Werror -fshort-wchar -fno-strict-aliasing -ffreestanding -fno-stack-protector -fno-stack-check -nostdinc   -isystem /shim/gnu-efi/../include/system -isystem /usr/lib/gcc/x86_64-linux-gnu/14/include -fno-merge-all-constants -DCONFIG_x86_64 -DGNU_EFI_USE_MS_ABI -DGNU_EFI_USE_EXTERNAL_STDARG -maccumulate-outgoing-args --std=c11 -c /shim/gnu-efi//lib/runtime/efirtlib.c -o runtime/efirtlib.o
#14 16.67 gcc -I/shim/gnu-efi//lib -I/shim/gnu-efi/inc -I/shim/gnu-efi/inc/x86_64 -I/shim/gnu-efi/inc/protocol -Wno-error=pragmas -mno-red-zone -mno-avx -fpic  -O2 -ggdb -Wall -Wextra -Wno-missing-field-initializers -Werror -fshort-wchar -fno-strict-aliasing -ffreestanding -fno-stack-protector -fno-stack-check -nostdinc   -isystem /shim/gnu-efi/../include/system -isystem /usr/lib/gcc/x86_64-linux-gnu/14/include -fno-merge-all-constants -DCONFIG_x86_64 -DGNU_EFI_USE_MS_ABI -DGNU_EFI_USE_EXTERNAL_STDARG -maccumulate-outgoing-args --std=c11 -c /shim/gnu-efi//lib/runtime/rtstr.c -o runtime/rtstr.o
#14 16.71 gcc -I/shim/gnu-efi//lib -I/shim/gnu-efi/inc -I/shim/gnu-efi/inc/x86_64 -I/shim/gnu-efi/inc/protocol -Wno-error=pragmas -mno-red-zone -mno-avx -fpic  -O2 -ggdb -Wall -Wextra -Wno-missing-field-initializers -Werror -fshort-wchar -fno-strict-aliasing -ffreestanding -fno-stack-protector -fno-stack-check -nostdinc   -isystem /shim/gnu-efi/../include/system -isystem /usr/lib/gcc/x86_64-linux-gnu/14/include -fno-merge-all-constants -DCONFIG_x86_64 -DGNU_EFI_USE_MS_ABI -DGNU_EFI_USE_EXTERNAL_STDARG -maccumulate-outgoing-args --std=c11 -c /shim/gnu-efi//lib/runtime/vm.c -o runtime/vm.o
#14 16.75 gcc -I/shim/gnu-efi//lib -I/shim/gnu-efi/inc -I/shim/gnu-efi/inc/x86_64 -I/shim/gnu-efi/inc/protocol -Wno-error=pragmas -mno-red-zone -mno-avx -fpic  -O2 -ggdb -Wall -Wextra -Wno-missing-field-initializers -Werror -fshort-wchar -fno-strict-aliasing -ffreestanding -fno-stack-protector -fno-stack-check -nostdinc   -isystem /shim/gnu-efi/../include/system -isystem /usr/lib/gcc/x86_64-linux-gnu/14/include -fno-merge-all-constants -DCONFIG_x86_64 -DGNU_EFI_USE_MS_ABI -DGNU_EFI_USE_EXTERNAL_STDARG -maccumulate-outgoing-args --std=c11 -c /shim/gnu-efi//lib/runtime/rtdata.c -o runtime/rtdata.o
#14 16.76 gcc -I/shim/gnu-efi//lib -I/shim/gnu-efi/inc -I/shim/gnu-efi/inc/x86_64 -I/shim/gnu-efi/inc/protocol -Wno-error=pragmas -mno-red-zone -mno-avx -fpic  -O2 -ggdb -Wall -Wextra -Wno-missing-field-initializers -Werror -fshort-wchar -fno-strict-aliasing -ffreestanding -fno-stack-protector -fno-stack-check -nostdinc   -isystem /shim/gnu-efi/../include/system -isystem /usr/lib/gcc/x86_64-linux-gnu/14/include -fno-merge-all-constants -DCONFIG_x86_64 -DGNU_EFI_USE_MS_ABI -DGNU_EFI_USE_EXTERNAL_STDARG -maccumulate-outgoing-args --std=c11 -c /shim/gnu-efi//lib/x86_64/initplat.c -o x86_64/initplat.o
#14 16.78 gcc -I/shim/gnu-efi//lib -I/shim/gnu-efi/inc -I/shim/gnu-efi/inc/x86_64 -I/shim/gnu-efi/inc/protocol -Wno-error=pragmas -mno-red-zone -mno-avx -fpic  -O2 -ggdb -Wall -Wextra -Wno-missing-field-initializers -Werror -fshort-wchar -fno-strict-aliasing -ffreestanding -fno-stack-protector -fno-stack-check -nostdinc   -isystem /shim/gnu-efi/../include/system -isystem /usr/lib/gcc/x86_64-linux-gnu/14/include -fno-merge-all-constants -DCONFIG_x86_64 -DGNU_EFI_USE_MS_ABI -DGNU_EFI_USE_EXTERNAL_STDARG -maccumulate-outgoing-args --std=c11 -c /shim/gnu-efi//lib/x86_64/math.c -o x86_64/math.o
#14 16.80 gcc -I/shim/gnu-efi//lib -I/shim/gnu-efi/inc -I/shim/gnu-efi/inc/x86_64 -I/shim/gnu-efi/inc/protocol -Wno-error=pragmas -mno-red-zone -mno-avx -fpic  -O2 -ggdb -Wall -Wextra -Wno-missing-field-initializers -Werror -fshort-wchar -fno-strict-aliasing -ffreestanding -fno-stack-protector -fno-stack-check -nostdinc   -isystem /shim/gnu-efi/../include/system -isystem /usr/lib/gcc/x86_64-linux-gnu/14/include -fno-merge-all-constants -DCONFIG_x86_64 -DGNU_EFI_USE_MS_ABI -DGNU_EFI_USE_EXTERNAL_STDARG -maccumulate-outgoing-args --std=c11 -c /shim/gnu-efi//lib/x86_64/setjmp.S -o x86_64/setjmp.o
#14 16.82 gcc -I/shim/gnu-efi//lib -I/shim/gnu-efi/inc -I/shim/gnu-efi/inc/x86_64 -I/shim/gnu-efi/inc/protocol -Wno-error=pragmas -mno-red-zone -mno-avx -fpic  -O2 -ggdb -Wall -Wextra -Wno-missing-field-initializers -Werror -fshort-wchar -fno-strict-aliasing -ffreestanding -fno-stack-protector -fno-stack-check -nostdinc   -isystem /shim/gnu-efi/../include/system -isystem /usr/lib/gcc/x86_64-linux-gnu/14/include -fno-merge-all-constants -DCONFIG_x86_64 -DGNU_EFI_USE_MS_ABI -DGNU_EFI_USE_EXTERNAL_STDARG -maccumulate-outgoing-args --std=c11 -c /shim/gnu-efi//lib/x86_64/callwrap.c -o x86_64/callwrap.o
#14 16.82 gcc -I/shim/gnu-efi//lib -I/shim/gnu-efi/inc -I/shim/gnu-efi/inc/x86_64 -I/shim/gnu-efi/inc/protocol -Wno-error=pragmas -mno-red-zone -mno-avx -fpic  -O2 -ggdb -Wall -Wextra -Wno-missing-field-initializers -Werror -fshort-wchar -fno-strict-aliasing -ffreestanding -fno-stack-protector -fno-stack-check -nostdinc   -isystem /shim/gnu-efi/../include/system -isystem /usr/lib/gcc/x86_64-linux-gnu/14/include -fno-merge-all-constants -DCONFIG_x86_64 -DGNU_EFI_USE_MS_ABI -DGNU_EFI_USE_EXTERNAL_STDARG -maccumulate-outgoing-args --std=c11 -c /shim/gnu-efi//lib/x86_64/efi_stub.S -o x86_64/efi_stub.o
#14 16.82 /shim/gnu-efi//lib/x86_64/setjmp.S: Assembler messages:
#14 16.82 /shim/gnu-efi//lib/x86_64/setjmp.S:49: Warning: setting incorrect section attributes for .note.GNU-stack
#14 16.83 /shim/gnu-efi//lib/x86_64/efi_stub.S: Assembler messages:
#14 16.83 /shim/gnu-efi//lib/x86_64/efi_stub.S:190: Warning: setting incorrect section attributes for .note.GNU-stack
#14 16.88 x86_64-linux-gnu-gcc-ar -rv -U libefi.a boxdraw.o smbios.o console.o crc.o data.o debug.o dpath.o error.o event.o exit.o guid.o hand.o hw.o init.o lock.o misc.o pause.o print.o sread.o str.o cmdline.o runtime/rtlock.o runtime/efirtlib.o runtime/rtstr.o runtime/vm.o runtime/rtdata.o x86_64/initplat.o x86_64/math.o x86_64/setjmp.o x86_64/callwrap.o x86_64/efi_stub.o
#14 16.88 /usr/bin/ar: creating libefi.a
#14 16.89 a - boxdraw.o
#14 16.89 a - smbios.o
#14 16.89 a - console.o
#14 16.89 a - crc.o
#14 16.89 a - data.o
#14 16.89 a - debug.o
#14 16.89 a - dpath.o
#14 16.89 a - error.o
#14 16.89 a - event.o
#14 16.89 a - exit.o
#14 16.89 a - guid.o
#14 16.89 a - hand.o
#14 16.89 a - hw.o
#14 16.89 a - init.o
#14 16.89 a - lock.o
#14 16.89 a - misc.o
#14 16.89 a - pause.o
#14 16.89 a - print.o
#14 16.89 a - sread.o
#14 16.89 a - str.o
#14 16.89 a - cmdline.o
#14 16.89 a - runtime/rtlock.o
#14 16.89 a - runtime/efirtlib.o
#14 16.89 a - runtime/rtstr.o
#14 16.89 a - runtime/vm.o
#14 16.89 a - runtime/rtdata.o
#14 16.89 a - x86_64/initplat.o
#14 16.89 a - x86_64/math.o
#14 16.89 a - x86_64/setjmp.o
#14 16.89 a - x86_64/callwrap.o
#14 16.89 a - x86_64/efi_stub.o
#14 16.89 make: Leaving directory '/shim/gnu-efi/x86_64/lib'
#14 16.89 make: Leaving directory '/shim/gnu-efi'
#14 16.89 mv gnu-efi/x86_64/lib/libefi.a libefi-test.a
#14 16.89 make -C gnu-efi \
#14 16.89 	COMPILER="gcc" \
#14 16.89 	ARCH=x86_64 \
#14 16.89 	TOPDIR=/shim/gnu-efi \
#14 16.89 	CFLAGS_LTO="" \
#14 16.89 	CFLAGS_GCOV="" \
#14 16.89 	-f /shim/gnu-efi/Makefile \
#14 16.89 	clean
#14 16.89 make: Entering directory '/shim/gnu-efi'
#14 16.93 removed 'x86_64/lib/event.o'
#14 16.93 removed 'x86_64/lib/sread.o'
#14 16.93 removed 'x86_64/lib/init.o'
#14 16.93 removed 'x86_64/lib/hand.o'
#14 16.93 removed 'x86_64/lib/smbios.o'
#14 16.93 removed 'x86_64/lib/cmdline.o'
#14 16.93 removed 'x86_64/lib/dpath.o'
#14 16.93 removed 'x86_64/lib/crc.o'
#14 16.93 removed directory 'x86_64/lib/arm'
#14 16.93 removed 'x86_64/lib/boxdraw.o'
#14 16.93 removed 'x86_64/lib/print.o'
#14 16.93 removed 'x86_64/lib/x86_64/initplat.o'
#14 16.93 removed 'x86_64/lib/x86_64/math.o'
#14 16.93 removed 'x86_64/lib/x86_64/efi_stub.o'
#14 16.93 removed 'x86_64/lib/x86_64/setjmp.o'
#14 16.93 removed 'x86_64/lib/x86_64/callwrap.o'
#14 16.93 removed directory 'x86_64/lib/x86_64'
#14 16.93 removed 'x86_64/lib/lock.o'
#14 16.93 removed 'x86_64/lib/exit.o'
#14 16.93 removed 'x86_64/lib/runtime/rtlock.o'
#14 16.93 removed 'x86_64/lib/runtime/vm.o'
#14 16.93 removed 'x86_64/lib/runtime/efirtlib.o'
#14 16.93 removed 'x86_64/lib/runtime/rtdata.o'
#14 16.93 removed 'x86_64/lib/runtime/rtstr.o'
#14 16.93 removed directory 'x86_64/lib/runtime'
#14 16.93 removed directory 'x86_64/lib/aarch64'
#14 16.93 removed 'x86_64/lib/console.o'
#14 16.93 removed 'x86_64/lib/hw.o'
#14 16.93 removed directory 'x86_64/lib/ia64'
#14 16.93 removed directory 'x86_64/lib/ia32'
#14 16.93 removed 'x86_64/lib/misc.o'
#14 16.93 removed 'x86_64/lib/data.o'
#14 16.93 removed 'x86_64/lib/guid.o'
#14 16.93 removed 'x86_64/lib/str.o'
#14 16.93 removed 'x86_64/lib/pause.o'
#14 16.93 removed 'x86_64/lib/error.o'
#14 16.93 removed directory 'x86_64/lib/mips64el'
#14 16.93 removed 'x86_64/lib/debug.o'
#14 16.93 removed directory 'x86_64/lib'
#14 16.93 removed directory 'x86_64/'
#14 16.93 make: Leaving directory '/shim/gnu-efi'
#14 16.94 gcc -O2 -ggdb -std=gnu11 -isystem /shim/include/system -I/shim/gnu-efi/inc -I/shim/gnu-efi/inc/x86_64 -I/shim/gnu-efi/inc/protocol -Iinclude -iquote . -isystem /usr/include -isystem /usr/lib/gcc/x86_64-linux-gnu/14/include -mno-mmx -mno-sse -mno-red-zone -nostdinc -maccumulate-outgoing-args  -m64 -DMDE_CPU_X64 -DPAGE_SIZE=4096   -fshort-wchar -fno-builtin -rdynamic -fno-inline -fno-eliminate-unused-debug-types -fno-eliminate-unused-debug-symbols -gpubnames -grecord-gcc-switches  -Wall -Wextra -Wno-missing-field-initializers -Wsign-compare -Wno-deprecated-declarations -Wno-unused-but-set-variable -Wno-unused-variable -Wno-pointer-sign -Werror -Werror=nonnull -Werror=nonnull-compare  -DEFI_FUNCTION_WRAPPER -DGNU_EFI_USE_MS_ABI -DPAGE_SIZE=4096 -DSHIM_UNIT_TEST "-DDEFAULT_DEBUG_PRINT_STATE=0" -isystem include-fixed -isystem /usr/include/x86_64-linux-gnu -o test-csv csv.c test-csv.c test.c libefi-test.a -lefivar
#14 16.95 gcc -O2 -ggdb -std=gnu11 -isystem /shim/include/system -I/shim/gnu-efi/inc -I/shim/gnu-efi/inc/x86_64 -I/shim/gnu-efi/inc/protocol -Iinclude -iquote . -isystem /usr/include -isystem /usr/lib/gcc/x86_64-linux-gnu/14/include -mno-mmx -mno-sse -mno-red-zone -nostdinc -maccumulate-outgoing-args  -m64 -DMDE_CPU_X64 -DPAGE_SIZE=4096   -fshort-wchar -fno-builtin -rdynamic -fno-inline -fno-eliminate-unused-debug-types -fno-eliminate-unused-debug-symbols -gpubnames -grecord-gcc-switches  -Wall -Wextra -Wno-missing-field-initializers -Wsign-compare -Wno-deprecated-declarations -Wno-unused-but-set-variable -Wno-unused-variable -Wno-pointer-sign -Werror -Werror=nonnull -Werror=nonnull-compare  -DEFI_FUNCTION_WRAPPER -DGNU_EFI_USE_MS_ABI -DPAGE_SIZE=4096 -DSHIM_UNIT_TEST "-DDEFAULT_DEBUG_PRINT_STATE=0" -isystem include-fixed -isystem /usr/include/x86_64-linux-gnu -DHAVE_SHIM_LOCK_GUID -o test-load-options lib/guid.c load-options.c test-load-options.c test.c libefi-test.a -lefivar
#14 16.96 gcc -O2 -ggdb -std=gnu11 -isystem /shim/include/system -I/shim/gnu-efi/inc -I/shim/gnu-efi/inc/x86_64 -I/shim/gnu-efi/inc/protocol -Iinclude -iquote . -isystem /usr/include -isystem /usr/lib/gcc/x86_64-linux-gnu/14/include -mno-mmx -mno-sse -mno-red-zone -nostdinc -maccumulate-outgoing-args  -m64 -DMDE_CPU_X64 -DPAGE_SIZE=4096   -fshort-wchar -fno-builtin -rdynamic -fno-inline -fno-eliminate-unused-debug-types -fno-eliminate-unused-debug-symbols -gpubnames -grecord-gcc-switches  -Wall -Wextra -Wno-missing-field-initializers -Wsign-compare -Wno-deprecated-declarations -Wno-unused-but-set-variable -Wno-unused-variable -Wno-pointer-sign -Werror -Werror=nonnull -Werror=nonnull-compare  -DEFI_FUNCTION_WRAPPER -DGNU_EFI_USE_MS_ABI -DPAGE_SIZE=4096 -DSHIM_UNIT_TEST "-DDEFAULT_DEBUG_PRINT_STATE=0" -isystem include-fixed -isystem /usr/include/x86_64-linux-gnu -DHAVE_SHIM_LOCK_GUID -o test-mock-variables globals.c lib/guid.c lib/variables.c mock-variables.c mok.c test-mock-variables.c test.c tpm.c libefi-test.a -lefivar
#14 16.98 gcc -O2 -ggdb -std=gnu11 -isystem /shim/include/system -I/shim/gnu-efi/inc -I/shim/gnu-efi/inc/x86_64 -I/shim/gnu-efi/inc/protocol -Iinclude -iquote . -isystem /usr/include -isystem /usr/lib/gcc/x86_64-linux-gnu/14/include -mno-mmx -mno-sse -mno-red-zone -nostdinc -maccumulate-outgoing-args  -m64 -DMDE_CPU_X64 -DPAGE_SIZE=4096   -fshort-wchar -fno-builtin -rdynamic -fno-inline -fno-eliminate-unused-debug-types -fno-eliminate-unused-debug-symbols -gpubnames -grecord-gcc-switches  -Wall -Wextra -Wno-missing-field-initializers -Wsign-compare -Wno-deprecated-declarations -Wno-unused-but-set-variable -Wno-unused-variable -Wno-pointer-sign -Werror -Werror=nonnull -Werror=nonnull-compare  -DEFI_FUNCTION_WRAPPER -DGNU_EFI_USE_MS_ABI -DPAGE_SIZE=4096 -DSHIM_UNIT_TEST "-DDEFAULT_DEBUG_PRINT_STATE=0" -isystem include-fixed -isystem /usr/include/x86_64-linux-gnu -DHAVE_START_IMAGE -DHAVE_SHIM_LOCK_GUID -o test-mok-mirror globals.c lib/guid.c lib/variables.c mock-variables.c mok.c test-mok-mirror.c test.c tpm.c libefi-test.a -lefivar
#14 17.51 ./test-csv
#14 17.51 running test_parse_csv_line_size_0
#14 17.51 test_parse_csv_line_size_0: passed
#14 17.51 running test_parse_csv_line_size_1
#14 17.51 test_parse_csv_line_size_1: passed
#14 17.51 running test_parse_csv_line_comma_size_1
#14 17.51 test_parse_csv_line_comma_size_1: passed
#14 17.51 running test_parse_csv_line_comma_size_2
#14 17.51 test_parse_csv_line_comma_size_2: passed
#14 17.51 running test_csv_0
#14 17.51 test_csv_0: passed
#14 17.51 running test_csv_1
#14 17.51 test_csv_1: passed
#14 17.51 running test_csv_2
#14 17.51 test_csv_2: passed
#14 17.51 running test_csv_3
#14 17.51 test_csv_3: passed
#14 17.51 running test_simple_sbat_csv
#14 17.51 test_simple_sbat_csv: passed
#14 17.51 running test_csv_simple_fuzz
#14 17.51 parsed 5 entries
#14 17.51 test_csv_simple_fuzz: passed
#14 17.51 running test_csv_simple_fuzz
#14 17.51 parsed 64 entries
#14 17.51 test_csv_simple_fuzz: passed
#14 17.51 gcc -O2 -ggdb -std=gnu11 -isystem /shim/include/system -I/shim/gnu-efi/inc -I/shim/gnu-efi/inc/x86_64 -I/shim/gnu-efi/inc/protocol -Iinclude -iquote . -isystem /usr/include -isystem /usr/lib/gcc/x86_64-linux-gnu/14/include -mno-mmx -mno-sse -mno-red-zone -nostdinc -maccumulate-outgoing-args  -m64 -DMDE_CPU_X64 -DPAGE_SIZE=4096   -fshort-wchar -fno-builtin -rdynamic -fno-inline -fno-eliminate-unused-debug-types -fno-eliminate-unused-debug-symbols -gpubnames -grecord-gcc-switches  -Wall -Wextra -Wno-missing-field-initializers -Wsign-compare -Wno-deprecated-declarations -Wno-unused-but-set-variable -Wno-unused-variable -Wno-pointer-sign -Werror -Werror=nonnull -Werror=nonnull-compare  -DEFI_FUNCTION_WRAPPER -DGNU_EFI_USE_MS_ABI -DPAGE_SIZE=4096 -DSHIM_UNIT_TEST "-DDEFAULT_DEBUG_PRINT_STATE=0" -isystem include-fixed -isystem /usr/include/x86_64-linux-gnu -DHAVE_SHIM_LOCK_GUID -o test-pe-relocate globals.c pe-relocate.c test-pe-relocate.c test.c libefi-test.a -lefivar
#14 17.77 ./test-load-options
#14 17.77 running test_efi_shell_0
#14 17.77 test_efi_shell_0: passed
#14 17.77 running test_bds_0
#14 17.77 test_bds_0: passed
#14 17.77 running test_bds_1
#14 17.77 test_bds_1: passed
#14 17.77 running test_bds_2
#14 17.77 test_bds_2: passed
#14 17.77 running test_multi_end_dp
#14 17.77 test_multi_end_dp: passed
#14 17.77 gcc -O2 -ggdb -std=gnu11 -isystem /shim/include/system -I/shim/gnu-efi/inc -I/shim/gnu-efi/inc/x86_64 -I/shim/gnu-efi/inc/protocol -Iinclude -iquote . -isystem /usr/include -isystem /usr/lib/gcc/x86_64-linux-gnu/14/include -mno-mmx -mno-sse -mno-red-zone -nostdinc -maccumulate-outgoing-args  -m64 -DMDE_CPU_X64 -DPAGE_SIZE=4096   -fshort-wchar -fno-builtin -rdynamic -fno-inline -fno-eliminate-unused-debug-types -fno-eliminate-unused-debug-symbols -gpubnames -grecord-gcc-switches  -Wall -Wextra -Wno-missing-field-initializers -Wsign-compare -Wno-deprecated-declarations -Wno-unused-but-set-variable -Wno-unused-variable -Wno-pointer-sign -Werror -Werror=nonnull -Werror=nonnull-compare  -DEFI_FUNCTION_WRAPPER -DGNU_EFI_USE_MS_ABI -DPAGE_SIZE=4096 -DSHIM_UNIT_TEST "-DDEFAULT_DEBUG_PRINT_STATE=0" -isystem include-fixed -isystem /usr/include/x86_64-linux-gnu -o test-pe-util test-pe-util.c test.c libefi-test.a -lefivar
#14 18.02 ./test-pe-util
#14 18.03 running test_is_page_aligned
#14 18.03 test_is_page_aligned: passed
#14 18.03 gcc -O2 -ggdb -std=gnu11 -isystem /shim/include/system -I/shim/gnu-efi/inc -I/shim/gnu-efi/inc/x86_64 -I/shim/gnu-efi/inc/protocol -Iinclude -iquote . -isystem /usr/include -isystem /usr/lib/gcc/x86_64-linux-gnu/14/include -mno-mmx -mno-sse -mno-red-zone -nostdinc -maccumulate-outgoing-args  -m64 -DMDE_CPU_X64 -DPAGE_SIZE=4096   -fshort-wchar -fno-builtin -rdynamic -fno-inline -fno-eliminate-unused-debug-types -fno-eliminate-unused-debug-symbols -gpubnames -grecord-gcc-switches  -Wall -Wextra -Wno-missing-field-initializers -Wsign-compare -Wno-deprecated-declarations -Wno-unused-but-set-variable -Wno-unused-variable -Wno-pointer-sign -Werror -Werror=nonnull -Werror=nonnull-compare  -DEFI_FUNCTION_WRAPPER -DGNU_EFI_USE_MS_ABI -DPAGE_SIZE=4096 -DSHIM_UNIT_TEST "-DDEFAULT_DEBUG_PRINT_STATE=0" -isystem include-fixed -isystem /usr/include/x86_64-linux-gnu -DHAVE_GET_VARIABLE -DHAVE_GET_VARIABLE_ATTR -DHAVE_SHIM_LOCK_GUID -o test-sbat csv.c lib/guid.c lib/variables.c mock-variables.c sbat.c sbat_var.S test-sbat.c test.c libefi-test.a -lefivar
#14 18.04 ./test-pe-relocate
#14 18.04 running test_image_address
#14 18.04 test_image_address: passed
#14 18.05 gcc -O2 -ggdb -std=gnu11 -isystem /shim/include/system -I/shim/gnu-efi/inc -I/shim/gnu-efi/inc/x86_64 -I/shim/gnu-efi/inc/protocol -Iinclude -iquote . -isystem /usr/include -isystem /usr/lib/gcc/x86_64-linux-gnu/14/include -mno-mmx -mno-sse -mno-red-zone -nostdinc -maccumulate-outgoing-args  -m64 -DMDE_CPU_X64 -DPAGE_SIZE=4096   -fshort-wchar -fno-builtin -rdynamic -fno-inline -fno-eliminate-unused-debug-types -fno-eliminate-unused-debug-symbols -gpubnames -grecord-gcc-switches  -Wall -Wextra -Wno-missing-field-initializers -Wsign-compare -Wno-deprecated-declarations -Wno-unused-but-set-variable -Wno-unused-variable -Wno-pointer-sign -Werror -Werror=nonnull -Werror=nonnull-compare  -DEFI_FUNCTION_WRAPPER -DGNU_EFI_USE_MS_ABI -DPAGE_SIZE=4096 -DSHIM_UNIT_TEST "-DDEFAULT_DEBUG_PRINT_STATE=0" -isystem include-fixed -isystem /usr/include/x86_64-linux-gnu -o test-str lib/string.c test-str.c test.c libefi-test.a -lefivar
#14 18.88 ./test-mock-variables
#14 18.88 running test_filter_out_true
#14 18.88 test_filter_out_true: passed
#14 18.88 running test_filter_out_false
#14 18.88 test_filter_out_false: passed
#14 18.88 test-mock-variables: setting variable sort policy to MOCK_SORT_DESCENDING
#14 18.88 running test_gnvn_buf_size_0
#14 18.88 test_gnvn_buf_size_0: passed
#14 18.88 running test_gnvn_0
#14 18.88 test_gnvn_0: passed
#14 18.88 running test_gnvn_1
#14 18.88 test_gnvn_1: passed
#14 18.88 running test_install_config_table_0
#14 18.89 test_install_config_table_0: passed
#14 18.89 test-mock-variables: setting variable sort policy to MOCK_SORT_PREPEND
#14 18.89 running test_gnvn_buf_size_0
#14 18.89 test_gnvn_buf_size_0: passed
#14 18.89 running test_gnvn_0
#14 18.89 test_gnvn_0: passed
#14 18.89 running test_gnvn_1
#14 18.89 test_gnvn_1: passed
#14 18.89 running test_install_config_table_0
#14 18.89 test_install_config_table_0: passed
#14 18.89 test-mock-variables: setting variable sort policy to MOCK_SORT_APPEND
#14 18.89 running test_gnvn_buf_size_0
#14 18.89 test_gnvn_buf_size_0: passed
#14 18.89 running test_gnvn_0
#14 18.89 test_gnvn_0: passed
#14 18.89 running test_gnvn_1
#14 18.89 test_gnvn_1: passed
#14 18.89 running test_install_config_table_0
#14 18.89 test_install_config_table_0: passed
#14 18.89 test-mock-variables: setting variable sort policy to MOCK_SORT_ASCENDING
#14 18.89 running test_gnvn_buf_size_0
#14 18.89 test_gnvn_buf_size_0: passed
#14 18.89 running test_gnvn_0
#14 18.89 test_gnvn_0: passed
#14 18.89 running test_gnvn_1
#14 18.89 test_gnvn_1: passed
#14 18.89 running test_install_config_table_0
#14 18.89 test_install_config_table_0: passed
#14 18.89 running test_get_variable_0
#14 18.89 test_get_variable_0: passed
#14 18.89 running test_set_variable_0
#14 18.89 test_set_variable_0: passed
#14 18.93 ./test-mok-mirror
#14 18.93 test-mok-mirror: setting variable sort policy to MOCK_SORT_DESCENDING
#14 18.93 test-mok-mirror: setting delete policy to MOCK_VAR_DELETE_ATTR_ALLOW_ZERO
#14 18.93 running test_mok_mirror_with_enough_space
#14 18.94 test_mok_mirror_with_enough_space: passed
#14 18.94 running test_mok_mirror_setvar_out_of_resources
#14 18.94 test_mok_mirror_setvar_out_of_resources: passed
#14 18.94 test-mok-mirror: setting delete policy to MOCK_VAR_DELETE_ATTR_ALOW_MISMATCH
#14 18.94 running test_mok_mirror_with_enough_space
#14 18.94 test_mok_mirror_with_enough_space: passed
#14 18.94 running test_mok_mirror_setvar_out_of_resources
#14 18.94 test_mok_mirror_setvar_out_of_resources: passed
#14 18.94 test-mok-mirror: setting delete policy to MOCK_VAR_DELETE_ATTR_ALLOW_ZERO|MOCK_VAR_DELETE_ATTR_ALOW_MISMATCH
#14 18.94 running test_mok_mirror_with_enough_space
#14 18.94 test_mok_mirror_with_enough_space: passed
#14 18.94 running test_mok_mirror_setvar_out_of_resources
#14 18.94 test_mok_mirror_setvar_out_of_resources: passed
#14 18.94 test-mok-mirror: setting delete policy to MOCK_VAR_DELETE_ATTR_ALLOW_NONE
#14 18.94 running test_mok_mirror_with_enough_space
#14 18.94 test_mok_mirror_with_enough_space: passed
#14 18.94 running test_mok_mirror_setvar_out_of_resources
#14 18.94 test_mok_mirror_setvar_out_of_resources: passed
#14 18.94 test-mok-mirror: setting variable sort policy to MOCK_SORT_PREPEND
#14 18.94 test-mok-mirror: setting delete policy to MOCK_VAR_DELETE_ATTR_ALLOW_ZERO
#14 18.95 running test_mok_mirror_with_enough_space
#14 18.95 test_mok_mirror_with_enough_space: passed
#14 18.95 running test_mok_mirror_setvar_out_of_resources
#14 18.95 test_mok_mirror_setvar_out_of_resources: passed
#14 18.95 test-mok-mirror: setting delete policy to MOCK_VAR_DELETE_ATTR_ALOW_MISMATCH
#14 18.95 running test_mok_mirror_with_enough_space
#14 18.95 test_mok_mirror_with_enough_space: passed
#14 18.95 running test_mok_mirror_setvar_out_of_resources
#14 18.95 test_mok_mirror_setvar_out_of_resources: passed
#14 18.95 test-mok-mirror: setting delete policy to MOCK_VAR_DELETE_ATTR_ALLOW_ZERO|MOCK_VAR_DELETE_ATTR_ALOW_MISMATCH
#14 18.95 running test_mok_mirror_with_enough_space
#14 18.95 test_mok_mirror_with_enough_space: passed
#14 18.95 running test_mok_mirror_setvar_out_of_resources
#14 18.95 test_mok_mirror_setvar_out_of_resources: passed
#14 18.95 test-mok-mirror: setting delete policy to MOCK_VAR_DELETE_ATTR_ALLOW_NONE
#14 18.95 running test_mok_mirror_with_enough_space
#14 18.95 test_mok_mirror_with_enough_space: passed
#14 18.95 running test_mok_mirror_setvar_out_of_resources
#14 18.95 test_mok_mirror_setvar_out_of_resources: passed
#14 18.95 test-mok-mirror: setting variable sort policy to MOCK_SORT_APPEND
#14 18.95 test-mok-mirror: setting delete policy to MOCK_VAR_DELETE_ATTR_ALLOW_ZERO
#14 18.95 running test_mok_mirror_with_enough_space
#14 18.95 test_mok_mirror_with_enough_space: passed
#14 18.95 running test_mok_mirror_setvar_out_of_resources
#14 18.96 test_mok_mirror_setvar_out_of_resources: passed
#14 18.96 test-mok-mirror: setting delete policy to MOCK_VAR_DELETE_ATTR_ALOW_MISMATCH
#14 18.96 running test_mok_mirror_with_enough_space
#14 18.96 test_mok_mirror_with_enough_space: passed
#14 18.96 running test_mok_mirror_setvar_out_of_resources
#14 18.96 test_mok_mirror_setvar_out_of_resources: passed
#14 18.96 test-mok-mirror: setting delete policy to MOCK_VAR_DELETE_ATTR_ALLOW_ZERO|MOCK_VAR_DELETE_ATTR_ALOW_MISMATCH
#14 18.96 running test_mok_mirror_with_enough_space
#14 18.96 test_mok_mirror_with_enough_space: passed
#14 18.96 running test_mok_mirror_setvar_out_of_resources
#14 18.96 test_mok_mirror_setvar_out_of_resources: passed
#14 18.96 test-mok-mirror: setting delete policy to MOCK_VAR_DELETE_ATTR_ALLOW_NONE
#14 18.96 running test_mok_mirror_with_enough_space
#14 18.96 test_mok_mirror_with_enough_space: passed
#14 18.96 running test_mok_mirror_setvar_out_of_resources
#14 18.96 test_mok_mirror_setvar_out_of_resources: passed
#14 18.96 test-mok-mirror: setting variable sort policy to MOCK_SORT_ASCENDING
#14 18.96 test-mok-mirror: setting delete policy to MOCK_VAR_DELETE_ATTR_ALLOW_ZERO
#14 18.96 running test_mok_mirror_with_enough_space
#14 18.96 test_mok_mirror_with_enough_space: passed
#14 18.96 running test_mok_mirror_setvar_out_of_resources
#14 18.96 test_mok_mirror_setvar_out_of_resources: passed
#14 18.96 test-mok-mirror: setting delete policy to MOCK_VAR_DELETE_ATTR_ALOW_MISMATCH
#14 18.96 running test_mok_mirror_with_enough_space
#14 18.96 test_mok_mirror_with_enough_space: passed
#14 18.96 running test_mok_mirror_setvar_out_of_resources
#14 18.96 test_mok_mirror_setvar_out_of_resources: passed
#14 18.96 test-mok-mirror: setting delete policy to MOCK_VAR_DELETE_ATTR_ALLOW_ZERO|MOCK_VAR_DELETE_ATTR_ALOW_MISMATCH
#14 18.96 running test_mok_mirror_with_enough_space
#14 18.97 test_mok_mirror_with_enough_space: passed
#14 18.97 running test_mok_mirror_setvar_out_of_resources
#14 18.97 test_mok_mirror_setvar_out_of_resources: passed
#14 18.97 test-mok-mirror: setting delete policy to MOCK_VAR_DELETE_ATTR_ALLOW_NONE
#14 18.97 running test_mok_mirror_with_enough_space
#14 18.97 test_mok_mirror_with_enough_space: passed
#14 18.97 running test_mok_mirror_setvar_out_of_resources
#14 18.97 test_mok_mirror_setvar_out_of_resources: passed
#14 19.27 sbat_var.S: Assembler messages:
#14 19.27 sbat_var.S:24: Warning: setting incorrect section attributes for .note.GNU-stack
#14 19.39 ./test-str
#14 19.39 running test_strlen
#14 19.39 test_strlen: passed
#14 19.39 running test_strnlen
#14 19.39 test_strnlen: passed
#14 19.39 running test_strcmp
#14 19.39 testing shim_strcmp
#14 19.39 testing strcmp
#14 19.39 test_strcmp: passed
#14 19.39 running test_strncmp
#14 19.39 testing shim_strncmp
#14 19.39 testing strncmp
#14 19.39 testing gnuefi_strncmp
#14 19.39 testing gnuefi_signed_strncmp
#14 19.39 testing gnuefi_good_strncmp
#14 19.39 test_strncmp: passed
#14 19.39 running test_strcasecmp
#14 19.39 testing shim_strcasecmp
#14 19.39 testing strcasecmp
#14 19.39 test_strcasecmp: passed
#14 19.39 running test_strncasecmp
#14 19.39 testing shim_strncasecmp
#14 19.39 testing strncasecmp
#14 19.39 test_strncasecmp: passed
#14 19.39 running test_strrchr
#14 19.39 test_strrchr: passed
#14 19.39 running test_strcpy
#14 19.39 test_strcpy: passed
#14 19.39 running test_strncpy
#14 19.39 test_strncpy: passed
#14 19.39 running test_strcat
#14 19.39 test_strcat: passed
#14 19.39 running test_stpcpy
#14 19.39 test_stpcpy: passed
#14 19.39 running test_strdup
#14 19.39 test_strdup: passed
#14 19.39 running test_strndup
#14 19.39 test_strndup: passed
#14 19.39 running test_strchr
#14 19.39 test_strchr: passed
#14 19.39 running test_strchrnul
#14 19.39 test_strchrnul: passed
#14 19.39 running test_strntoken_null
#14 19.39 test_strntoken_null: passed
#14 19.39 running test_strntoken_size_0
#14 19.39 test_strntoken_size_0: passed
#14 19.39 running test_strntoken_empty_size_1
#14 19.39 test_strntoken_empty_size_1: passed
#14 19.39 running test_strntoken_size_1
#14 19.39 test_strntoken_size_1: passed
#14 19.39 running test_strntoken_size_2
#14 19.39 test_strntoken_size_2: passed
#14 19.39 running test_strntoken_no_ascii_nul
#14 19.39 test_strntoken_no_ascii_nul: passed
#14 19.39 running test_strntoken_with_ascii_nul
#14 19.39 test_strntoken_with_ascii_nul: passed
#14 19.74 ./test-sbat
#14 19.75 running test_parse_sbat_tiny
#14 19.75 test_parse_sbat_tiny: passed
#14 19.75 running test_parse_sbat_section_null_sbat_base
#14 19.75 test_parse_sbat_section_null_sbat_base: passed
#14 19.75 running test_parse_sbat_section_zero_sbat_size
#14 19.75 test_parse_sbat_section_zero_sbat_size: passed
#14 19.75 running test_parse_sbat_section_null_entries
#14 19.75 test_parse_sbat_section_null_entries: passed
#14 19.75 running test_parse_sbat_section_null_count
#14 19.75 test_parse_sbat_section_null_count: passed
#14 19.75 running test_parse_sbat_section_no_newline
#14 19.75 test_parse_sbat_section_no_newline: passed
#14 19.75 running test_parse_sbat_section_no_commas
#14 19.75 test_parse_sbat_section_no_commas: passed
#14 19.75 running test_parse_sbat_section_too_few_elem
#14 19.75 test_parse_sbat_section_too_few_elem: passed
#14 19.75 running test_parse_sbat_section_too_many_elem
#14 19.75 test_parse_sbat_section_too_many_elem: passed
#14 19.75 running test_parse_sbat_var_null_list
#14 19.75 test_parse_sbat_var_null_list: passed
#14 19.75 running test_parse_sbat_var_data_null_list
#14 19.75 test_parse_sbat_var_data_null_list: passed
#14 19.75 running test_parse_sbat_var_data_null_data
#14 19.75 test_parse_sbat_var_data_null_data: passed
#14 19.75 running test_parse_sbat_var_data_zero_size
#14 19.75 test_parse_sbat_var_data_zero_size: passed
#14 19.75 running test_verify_sbat_null_sbat_section
#14 19.75 test_verify_sbat_null_sbat_section: passed
#14 19.75 running test_parse_and_verify
#14 19.75 test_parse_and_verify: passed
#14 19.75 running test_preserve_sbat_uefi_variable_good
#14 19.75 test_preserve_sbat_uefi_variable_good: passed
#14 19.75 running test_preserve_sbat_uefi_variable_newer
#14 19.75 test_preserve_sbat_uefi_variable_newer: passed
#14 19.75 running test_preserve_sbat_uefi_variable_older
#14 19.75 test_preserve_sbat_uefi_variable_older: passed
#14 19.75 running test_preserve_sbat_uefi_variable_bad_sig
#14 19.75 test_preserve_sbat_uefi_variable_bad_sig: passed
#14 19.75 running test_preserve_sbat_uefi_variable_bad_attr
#14 19.75 test_preserve_sbat_uefi_variable_bad_attr: passed
#14 19.75 running test_preserve_sbat_uefi_variable_bad_short
#14 19.75 test_preserve_sbat_uefi_variable_bad_short: passed
#14 19.75 running test_preserve_sbat_uefi_variable_version_newer
#14 19.75 test_preserve_sbat_uefi_variable_version_newer: passed
#14 19.75 running test_preserve_sbat_uefi_variable_version_newerlonger
#14 19.75 test_preserve_sbat_uefi_variable_version_newerlonger: passed
#14 19.75 running test_preserve_sbat_uefi_variable_version_older
#14 19.75 test_preserve_sbat_uefi_variable_version_older: passed
#14 19.75 running test_preserve_sbat_uefi_variable_version_olderlonger
#14 19.75 test_preserve_sbat_uefi_variable_version_olderlonger: passed
#14 19.75 running test_sbat_var_asciz
#14 19.75 test_sbat_var_asciz: passed
#14 19.75 make -f include/test.mk test-clean
#14 19.75 removed 'test-random.h'
#14 19.75 removed 'libefi-test.a'
#14 19.76 make[1]: Leaving directory '/shim'
#14 19.76    create-stamp debian/debhelper-build-stamp
#14 19.76    dh_prep
#14 19.81    dh_installdirs
#14 19.85    debian/rules override_dh_auto_install
#14 19.86 make[1]: Entering directory '/shim'
#14 19.91 dh_auto_install --destdir=debian/tmp -- INSTALL=install RELEASE=16.1 COMMIT_ID=afc49558b34548644c1cd0ad1b6526a9470182ed MAKELEVEL=0 ENABLE_HTTPBOOT=true VENDOR_CERT_FILE=debian/igel-uefi-ca.der VENDOR_DBX_FILE=dbx.esl EFIDIR=igel CROSS_COMPILE=x86_64-linux-gnu- CC=gcc  SBAT_AUTOMATIC_DATE=2025021800
#14 20.08 	make -j4 install DESTDIR=/shim/debian/tmp AM_UPDATE_INFO_DIR=no "INSTALL=install --strip-program=true" INSTALL=install RELEASE=16.1 COMMIT_ID=afc49558b34548644c1cd0ad1b6526a9470182ed MAKELEVEL=0 ENABLE_HTTPBOOT=true VENDOR_CERT_FILE=debian/igel-uefi-ca.der VENDOR_DBX_FILE=dbx.esl EFIDIR=igel CROSS_COMPILE=x86_64-linux-gnu- CC=gcc SBAT_AUTOMATIC_DATE=2025021800
#14 20.15 mkdir -p gnu-efi/lib gnu-efi/gnuefi
#14 20.15 mkdir -p gnu-efi/lib gnu-efi/gnuefi
#14 20.16 make -C gnu-efi \
#14 20.16 	COMPILER="gcc" \
#14 20.16 	CCC_CC="gcc" \
#14 20.16 	CC="gcc" \
#14 20.16 	ARCH=x86_64 \
#14 20.16 	TOPDIR=/shim/gnu-efi \
#14 20.16 	-f /shim/gnu-efi/Makefile \
#14 20.16 	lib gnuefi inc 
#14 20.16 gcc -I/usr/include -Og -g3 -Wall -Werror -Wextra -o buildid /shim/buildid.c -lelf
#14 20.16 make: Entering directory '/shim/gnu-efi'
#14 20.16 make -C gnu-efi \
#14 20.16 	COMPILER="gcc" \
#14 20.16 	CCC_CC="gcc" \
#14 20.16 	CC="gcc" \
#14 20.16 	ARCH=x86_64 \
#14 20.16 	TOPDIR=/shim/gnu-efi \
#14 20.16 	-f /shim/gnu-efi/Makefile \
#14 20.16 	lib gnuefi inc 
#14 20.16 make: Entering directory '/shim/gnu-efi'
#14 20.17 Making BOOTX64.CSV
#14 20.20 mkdir -p /shim/gnu-efi/x86_64/lib
#14 20.20 mkdir -p /shim/gnu-efi/x86_64/inc
#14 20.20 make -C /shim/gnu-efi/x86_64/lib -f /shim/gnu-efi//lib/Makefile SRCDIR=/shim/gnu-efi//lib ARCH=x86_64
#14 20.20 make: Entering directory '/shim/gnu-efi/x86_64/lib'
#14 20.21 make -C /shim/gnu-efi/x86_64/inc -f /shim/gnu-efi//inc/Makefile SRCDIR=/shim/gnu-efi//inc ARCH=x86_64
#14 20.21 make: Entering directory '/shim/gnu-efi/x86_64/inc'
#14 20.21 mkdir -p /shim/gnu-efi/x86_64/lib
#14 20.22 make -C /shim/gnu-efi/x86_64/lib -f /shim/gnu-efi//lib/Makefile SRCDIR=/shim/gnu-efi//lib ARCH=x86_64
#14 20.22 make: Entering directory '/shim/gnu-efi/x86_64/lib'
#14 20.24 make: Nothing to be done for 'all'.
#14 20.24 make: Leaving directory '/shim/gnu-efi/x86_64/inc'
#14 20.24 mkdir -p /shim/gnu-efi/x86_64/inc
#14 20.25 make -C /shim/gnu-efi/x86_64/inc -f /shim/gnu-efi//inc/Makefile SRCDIR=/shim/gnu-efi//inc ARCH=x86_64
#14 20.25 make: Entering directory '/shim/gnu-efi/x86_64/inc'
#14 20.27 gcc -I/shim/gnu-efi//lib -I/shim/gnu-efi/inc -I/shim/gnu-efi/inc/x86_64 -I/shim/gnu-efi/inc/protocol -Wno-error=pragmas -mno-red-zone -mno-avx -fpic  -Os -Wall -Wextra -Wno-missing-field-initializers -Werror -fshort-wchar -fno-strict-aliasing -ffreestanding -fno-stack-protector -fno-stack-check -nostdinc   -isystem /shim/gnu-efi/../include/system -isystem /usr/lib/gcc/x86_64-linux-gnu/14/include -fno-merge-all-constants -DCONFIG_x86_64 -DGNU_EFI_USE_MS_ABI -DGNU_EFI_USE_EXTERNAL_STDARG -maccumulate-outgoing-args --std=c11 -c /shim/gnu-efi//lib/boxdraw.c -o boxdraw.o
#14 20.27 gcc -I/shim/gnu-efi//lib -I/shim/gnu-efi/inc -I/shim/gnu-efi/inc/x86_64 -I/shim/gnu-efi/inc/protocol -Wno-error=pragmas -mno-red-zone -mno-avx -fpic  -Os -Wall -Wextra -Wno-missing-field-initializers -Werror -fshort-wchar -fno-strict-aliasing -ffreestanding -fno-stack-protector -fno-stack-check -nostdinc   -isystem /shim/gnu-efi/../include/system -isystem /usr/lib/gcc/x86_64-linux-gnu/14/include -fno-merge-all-constants -DCONFIG_x86_64 -DGNU_EFI_USE_MS_ABI -DGNU_EFI_USE_EXTERNAL_STDARG -maccumulate-outgoing-args --std=c11 -c /shim/gnu-efi//lib/boxdraw.c -o boxdraw.o
#14 20.28 gcc -I/shim/gnu-efi//lib -I/shim/gnu-efi/inc -I/shim/gnu-efi/inc/x86_64 -I/shim/gnu-efi/inc/protocol -Wno-error=pragmas -mno-red-zone -mno-avx -fpic  -Os -Wall -Wextra -Wno-missing-field-initializers -Werror -fshort-wchar -fno-strict-aliasing -ffreestanding -fno-stack-protector -fno-stack-check -nostdinc   -isystem /shim/gnu-efi/../include/system -isystem /usr/lib/gcc/x86_64-linux-gnu/14/include -fno-merge-all-constants -DCONFIG_x86_64 -DGNU_EFI_USE_MS_ABI -DGNU_EFI_USE_EXTERNAL_STDARG -maccumulate-outgoing-args --std=c11 -c /shim/gnu-efi//lib/smbios.c -o smbios.o
#14 20.31 make: Nothing to be done for 'all'.
#14 20.31 make: Leaving directory '/shim/gnu-efi/x86_64/inc'
#14 20.31 gcc -I/shim/gnu-efi//lib -I/shim/gnu-efi/inc -I/shim/gnu-efi/inc/x86_64 -I/shim/gnu-efi/inc/protocol -Wno-error=pragmas -mno-red-zone -mno-avx -fpic  -Os -Wall -Wextra -Wno-missing-field-initializers -Werror -fshort-wchar -fno-strict-aliasing -ffreestanding -fno-stack-protector -fno-stack-check -nostdinc   -isystem /shim/gnu-efi/../include/system -isystem /usr/lib/gcc/x86_64-linux-gnu/14/include -fno-merge-all-constants -DCONFIG_x86_64 -DGNU_EFI_USE_MS_ABI -DGNU_EFI_USE_EXTERNAL_STDARG -maccumulate-outgoing-args --std=c11 -c /shim/gnu-efi//lib/console.c -o console.o
#14 20.31 gcc -I/shim/gnu-efi//lib -I/shim/gnu-efi/inc -I/shim/gnu-efi/inc/x86_64 -I/shim/gnu-efi/inc/protocol -Wno-error=pragmas -mno-red-zone -mno-avx -fpic  -Os -Wall -Wextra -Wno-missing-field-initializers -Werror -fshort-wchar -fno-strict-aliasing -ffreestanding -fno-stack-protector -fno-stack-check -nostdinc   -isystem /shim/gnu-efi/../include/system -isystem /usr/lib/gcc/x86_64-linux-gnu/14/include -fno-merge-all-constants -DCONFIG_x86_64 -DGNU_EFI_USE_MS_ABI -DGNU_EFI_USE_EXTERNAL_STDARG -maccumulate-outgoing-args --std=c11 -c /shim/gnu-efi//lib/smbios.c -o smbios.o
#14 20.32 gcc -I/shim/gnu-efi//lib -I/shim/gnu-efi/inc -I/shim/gnu-efi/inc/x86_64 -I/shim/gnu-efi/inc/protocol -Wno-error=pragmas -mno-red-zone -mno-avx -fpic  -Os -Wall -Wextra -Wno-missing-field-initializers -Werror -fshort-wchar -fno-strict-aliasing -ffreestanding -fno-stack-protector -fno-stack-check -nostdinc   -isystem /shim/gnu-efi/../include/system -isystem /usr/lib/gcc/x86_64-linux-gnu/14/include -fno-merge-all-constants -DCONFIG_x86_64 -DGNU_EFI_USE_MS_ABI -DGNU_EFI_USE_EXTERNAL_STDARG -maccumulate-outgoing-args --std=c11 -c /shim/gnu-efi//lib/crc.c -o crc.o
#14 20.34 gcc -I/shim/gnu-efi//lib -I/shim/gnu-efi/inc -I/shim/gnu-efi/inc/x86_64 -I/shim/gnu-efi/inc/protocol -Wno-error=pragmas -mno-red-zone -mno-avx -fpic  -Os -Wall -Wextra -Wno-missing-field-initializers -Werror -fshort-wchar -fno-strict-aliasing -ffreestanding -fno-stack-protector -fno-stack-check -nostdinc   -isystem /shim/gnu-efi/../include/system -isystem /usr/lib/gcc/x86_64-linux-gnu/14/include -fno-merge-all-constants -DCONFIG_x86_64 -DGNU_EFI_USE_MS_ABI -DGNU_EFI_USE_EXTERNAL_STDARG -maccumulate-outgoing-args --std=c11 -c /shim/gnu-efi//lib/data.c -o data.o
#14 20.36 gcc -I/shim/gnu-efi//lib -I/shim/gnu-efi/inc -I/shim/gnu-efi/inc/x86_64 -I/shim/gnu-efi/inc/protocol -Wno-error=pragmas -mno-red-zone -mno-avx -fpic  -Os -Wall -Wextra -Wno-missing-field-initializers -Werror -fshort-wchar -fno-strict-aliasing -ffreestanding -fno-stack-protector -fno-stack-check -nostdinc   -isystem /shim/gnu-efi/../include/system -isystem /usr/lib/gcc/x86_64-linux-gnu/14/include -fno-merge-all-constants -DCONFIG_x86_64 -DGNU_EFI_USE_MS_ABI -DGNU_EFI_USE_EXTERNAL_STDARG -maccumulate-outgoing-args --std=c11 -c /shim/gnu-efi//lib/console.c -o console.o
#14 20.37 gcc -I/shim/gnu-efi//lib -I/shim/gnu-efi/inc -I/shim/gnu-efi/inc/x86_64 -I/shim/gnu-efi/inc/protocol -Wno-error=pragmas -mno-red-zone -mno-avx -fpic  -Os -Wall -Wextra -Wno-missing-field-initializers -Werror -fshort-wchar -fno-strict-aliasing -ffreestanding -fno-stack-protector -fno-stack-check -nostdinc   -isystem /shim/gnu-efi/../include/system -isystem /usr/lib/gcc/x86_64-linux-gnu/14/include -fno-merge-all-constants -DCONFIG_x86_64 -DGNU_EFI_USE_MS_ABI -DGNU_EFI_USE_EXTERNAL_STDARG -maccumulate-outgoing-args --std=c11 -c /shim/gnu-efi//lib/debug.c -o debug.o
#14 20.38 gcc -I/shim/gnu-efi//lib -I/shim/gnu-efi/inc -I/shim/gnu-efi/inc/x86_64 -I/shim/gnu-efi/inc/protocol -Wno-error=pragmas -mno-red-zone -mno-avx -fpic  -Os -Wall -Wextra -Wno-missing-field-initializers -Werror -fshort-wchar -fno-strict-aliasing -ffreestanding -fno-stack-protector -fno-stack-check -nostdinc   -isystem /shim/gnu-efi/../include/system -isystem /usr/lib/gcc/x86_64-linux-gnu/14/include -fno-merge-all-constants -DCONFIG_x86_64 -DGNU_EFI_USE_MS_ABI -DGNU_EFI_USE_EXTERNAL_STDARG -maccumulate-outgoing-args --std=c11 -c /shim/gnu-efi//lib/dpath.c -o dpath.o
#14 20.39 gcc -I/shim/gnu-efi//lib -I/shim/gnu-efi/inc -I/shim/gnu-efi/inc/x86_64 -I/shim/gnu-efi/inc/protocol -Wno-error=pragmas -mno-red-zone -mno-avx -fpic  -Os -Wall -Wextra -Wno-missing-field-initializers -Werror -fshort-wchar -fno-strict-aliasing -ffreestanding -fno-stack-protector -fno-stack-check -nostdinc   -isystem /shim/gnu-efi/../include/system -isystem /usr/lib/gcc/x86_64-linux-gnu/14/include -fno-merge-all-constants -DCONFIG_x86_64 -DGNU_EFI_USE_MS_ABI -DGNU_EFI_USE_EXTERNAL_STDARG -maccumulate-outgoing-args --std=c11 -c /shim/gnu-efi//lib/crc.c -o crc.o
#14 20.41 gcc -I/shim/gnu-efi//lib -I/shim/gnu-efi/inc -I/shim/gnu-efi/inc/x86_64 -I/shim/gnu-efi/inc/protocol -Wno-error=pragmas -mno-red-zone -mno-avx -fpic  -Os -Wall -Wextra -Wno-missing-field-initializers -Werror -fshort-wchar -fno-strict-aliasing -ffreestanding -fno-stack-protector -fno-stack-check -nostdinc   -isystem /shim/gnu-efi/../include/system -isystem /usr/lib/gcc/x86_64-linux-gnu/14/include -fno-merge-all-constants -DCONFIG_x86_64 -DGNU_EFI_USE_MS_ABI -DGNU_EFI_USE_EXTERNAL_STDARG -maccumulate-outgoing-args --std=c11 -c /shim/gnu-efi//lib/error.c -o error.o
#14 20.42 gcc -I/shim/gnu-efi//lib -I/shim/gnu-efi/inc -I/shim/gnu-efi/inc/x86_64 -I/shim/gnu-efi/inc/protocol -Wno-error=pragmas -mno-red-zone -mno-avx -fpic  -Os -Wall -Wextra -Wno-missing-field-initializers -Werror -fshort-wchar -fno-strict-aliasing -ffreestanding -fno-stack-protector -fno-stack-check -nostdinc   -isystem /shim/gnu-efi/../include/system -isystem /usr/lib/gcc/x86_64-linux-gnu/14/include -fno-merge-all-constants -DCONFIG_x86_64 -DGNU_EFI_USE_MS_ABI -DGNU_EFI_USE_EXTERNAL_STDARG -maccumulate-outgoing-args --std=c11 -c /shim/gnu-efi//lib/debug.c -o debug.o
#14 20.46 gcc -I/shim/gnu-efi//lib -I/shim/gnu-efi/inc -I/shim/gnu-efi/inc/x86_64 -I/shim/gnu-efi/inc/protocol -Wno-error=pragmas -mno-red-zone -mno-avx -fpic  -Os -Wall -Wextra -Wno-missing-field-initializers -Werror -fshort-wchar -fno-strict-aliasing -ffreestanding -fno-stack-protector -fno-stack-check -nostdinc   -isystem /shim/gnu-efi/../include/system -isystem /usr/lib/gcc/x86_64-linux-gnu/14/include -fno-merge-all-constants -DCONFIG_x86_64 -DGNU_EFI_USE_MS_ABI -DGNU_EFI_USE_EXTERNAL_STDARG -maccumulate-outgoing-args --std=c11 -c /shim/gnu-efi//lib/event.c -o event.o
#14 20.47 gcc -I/shim/gnu-efi//lib -I/shim/gnu-efi/inc -I/shim/gnu-efi/inc/x86_64 -I/shim/gnu-efi/inc/protocol -Wno-error=pragmas -mno-red-zone -mno-avx -fpic  -Os -Wall -Wextra -Wno-missing-field-initializers -Werror -fshort-wchar -fno-strict-aliasing -ffreestanding -fno-stack-protector -fno-stack-check -nostdinc   -isystem /shim/gnu-efi/../include/system -isystem /usr/lib/gcc/x86_64-linux-gnu/14/include -fno-merge-all-constants -DCONFIG_x86_64 -DGNU_EFI_USE_MS_ABI -DGNU_EFI_USE_EXTERNAL_STDARG -maccumulate-outgoing-args --std=c11 -c /shim/gnu-efi//lib/dpath.c -o dpath.o
#14 20.48 gcc -I/shim/gnu-efi//lib -I/shim/gnu-efi/inc -I/shim/gnu-efi/inc/x86_64 -I/shim/gnu-efi/inc/protocol -Wno-error=pragmas -mno-red-zone -mno-avx -fpic  -Os -Wall -Wextra -Wno-missing-field-initializers -Werror -fshort-wchar -fno-strict-aliasing -ffreestanding -fno-stack-protector -fno-stack-check -nostdinc   -isystem /shim/gnu-efi/../include/system -isystem /usr/lib/gcc/x86_64-linux-gnu/14/include -fno-merge-all-constants -DCONFIG_x86_64 -DGNU_EFI_USE_MS_ABI -DGNU_EFI_USE_EXTERNAL_STDARG -maccumulate-outgoing-args --std=c11 -c /shim/gnu-efi//lib/event.c -o event.o
#14 20.52 gcc -I/shim/gnu-efi//lib -I/shim/gnu-efi/inc -I/shim/gnu-efi/inc/x86_64 -I/shim/gnu-efi/inc/protocol -Wno-error=pragmas -mno-red-zone -mno-avx -fpic  -Os -Wall -Wextra -Wno-missing-field-initializers -Werror -fshort-wchar -fno-strict-aliasing -ffreestanding -fno-stack-protector -fno-stack-check -nostdinc   -isystem /shim/gnu-efi/../include/system -isystem /usr/lib/gcc/x86_64-linux-gnu/14/include -fno-merge-all-constants -DCONFIG_x86_64 -DGNU_EFI_USE_MS_ABI -DGNU_EFI_USE_EXTERNAL_STDARG -maccumulate-outgoing-args --std=c11 -c /shim/gnu-efi//lib/exit.c -o exit.o
#14 20.55 gcc -I/shim/gnu-efi//lib -I/shim/gnu-efi/inc -I/shim/gnu-efi/inc/x86_64 -I/shim/gnu-efi/inc/protocol -Wno-error=pragmas -mno-red-zone -mno-avx -fpic  -Os -Wall -Wextra -Wno-missing-field-initializers -Werror -fshort-wchar -fno-strict-aliasing -ffreestanding -fno-stack-protector -fno-stack-check -nostdinc   -isystem /shim/gnu-efi/../include/system -isystem /usr/lib/gcc/x86_64-linux-gnu/14/include -fno-merge-all-constants -DCONFIG_x86_64 -DGNU_EFI_USE_MS_ABI -DGNU_EFI_USE_EXTERNAL_STDARG -maccumulate-outgoing-args --std=c11 -c /shim/gnu-efi//lib/exit.c -o exit.o
#14 20.58 gcc -I/shim/gnu-efi//lib -I/shim/gnu-efi/inc -I/shim/gnu-efi/inc/x86_64 -I/shim/gnu-efi/inc/protocol -Wno-error=pragmas -mno-red-zone -mno-avx -fpic  -Os -Wall -Wextra -Wno-missing-field-initializers -Werror -fshort-wchar -fno-strict-aliasing -ffreestanding -fno-stack-protector -fno-stack-check -nostdinc   -isystem /shim/gnu-efi/../include/system -isystem /usr/lib/gcc/x86_64-linux-gnu/14/include -fno-merge-all-constants -DCONFIG_x86_64 -DGNU_EFI_USE_MS_ABI -DGNU_EFI_USE_EXTERNAL_STDARG -maccumulate-outgoing-args --std=c11 -c /shim/gnu-efi//lib/guid.c -o guid.o
#14 20.59 gcc -I/shim/gnu-efi//lib -I/shim/gnu-efi/inc -I/shim/gnu-efi/inc/x86_64 -I/shim/gnu-efi/inc/protocol -Wno-error=pragmas -mno-red-zone -mno-avx -fpic  -Os -Wall -Wextra -Wno-missing-field-initializers -Werror -fshort-wchar -fno-strict-aliasing -ffreestanding -fno-stack-protector -fno-stack-check -nostdinc   -isystem /shim/gnu-efi/../include/system -isystem /usr/lib/gcc/x86_64-linux-gnu/14/include -fno-merge-all-constants -DCONFIG_x86_64 -DGNU_EFI_USE_MS_ABI -DGNU_EFI_USE_EXTERNAL_STDARG -maccumulate-outgoing-args --std=c11 -c /shim/gnu-efi//lib/guid.c -o guid.o
#14 20.65 gcc -I/shim/gnu-efi//lib -I/shim/gnu-efi/inc -I/shim/gnu-efi/inc/x86_64 -I/shim/gnu-efi/inc/protocol -Wno-error=pragmas -mno-red-zone -mno-avx -fpic  -Os -Wall -Wextra -Wno-missing-field-initializers -Werror -fshort-wchar -fno-strict-aliasing -ffreestanding -fno-stack-protector -fno-stack-check -nostdinc   -isystem /shim/gnu-efi/../include/system -isystem /usr/lib/gcc/x86_64-linux-gnu/14/include -fno-merge-all-constants -DCONFIG_x86_64 -DGNU_EFI_USE_MS_ABI -DGNU_EFI_USE_EXTERNAL_STDARG -maccumulate-outgoing-args --std=c11 -c /shim/gnu-efi//lib/hand.c -o hand.o
#14 20.65 gcc -I/shim/gnu-efi//lib -I/shim/gnu-efi/inc -I/shim/gnu-efi/inc/x86_64 -I/shim/gnu-efi/inc/protocol -Wno-error=pragmas -mno-red-zone -mno-avx -fpic  -Os -Wall -Wextra -Wno-missing-field-initializers -Werror -fshort-wchar -fno-strict-aliasing -ffreestanding -fno-stack-protector -fno-stack-check -nostdinc   -isystem /shim/gnu-efi/../include/system -isystem /usr/lib/gcc/x86_64-linux-gnu/14/include -fno-merge-all-constants -DCONFIG_x86_64 -DGNU_EFI_USE_MS_ABI -DGNU_EFI_USE_EXTERNAL_STDARG -maccumulate-outgoing-args --std=c11 -c /shim/gnu-efi//lib/hand.c -o hand.o
#14 20.66 gcc -I/shim/gnu-efi//lib -I/shim/gnu-efi/inc -I/shim/gnu-efi/inc/x86_64 -I/shim/gnu-efi/inc/protocol -Wno-error=pragmas -mno-red-zone -mno-avx -fpic  -Os -Wall -Wextra -Wno-missing-field-initializers -Werror -fshort-wchar -fno-strict-aliasing -ffreestanding -fno-stack-protector -fno-stack-check -nostdinc   -isystem /shim/gnu-efi/../include/system -isystem /usr/lib/gcc/x86_64-linux-gnu/14/include -fno-merge-all-constants -DCONFIG_x86_64 -DGNU_EFI_USE_MS_ABI -DGNU_EFI_USE_EXTERNAL_STDARG -maccumulate-outgoing-args --std=c11 -c /shim/gnu-efi//lib/hw.c -o hw.o
#14 20.72 gcc -I/shim/gnu-efi//lib -I/shim/gnu-efi/inc -I/shim/gnu-efi/inc/x86_64 -I/shim/gnu-efi/inc/protocol -Wno-error=pragmas -mno-red-zone -mno-avx -fpic  -Os -Wall -Wextra -Wno-missing-field-initializers -Werror -fshort-wchar -fno-strict-aliasing -ffreestanding -fno-stack-protector -fno-stack-check -nostdinc   -isystem /shim/gnu-efi/../include/system -isystem /usr/lib/gcc/x86_64-linux-gnu/14/include -fno-merge-all-constants -DCONFIG_x86_64 -DGNU_EFI_USE_MS_ABI -DGNU_EFI_USE_EXTERNAL_STDARG -maccumulate-outgoing-args --std=c11 -c /shim/gnu-efi//lib/init.c -o init.o
#14 20.74 gcc -I/shim/gnu-efi//lib -I/shim/gnu-efi/inc -I/shim/gnu-efi/inc/x86_64 -I/shim/gnu-efi/inc/protocol -Wno-error=pragmas -mno-red-zone -mno-avx -fpic  -Os -Wall -Wextra -Wno-missing-field-initializers -Werror -fshort-wchar -fno-strict-aliasing -ffreestanding -fno-stack-protector -fno-stack-check -nostdinc   -isystem /shim/gnu-efi/../include/system -isystem /usr/lib/gcc/x86_64-linux-gnu/14/include -fno-merge-all-constants -DCONFIG_x86_64 -DGNU_EFI_USE_MS_ABI -DGNU_EFI_USE_EXTERNAL_STDARG -maccumulate-outgoing-args --std=c11 -c /shim/gnu-efi//lib/lock.c -o lock.o
#14 20.79 gcc -I/shim/gnu-efi//lib -I/shim/gnu-efi/inc -I/shim/gnu-efi/inc/x86_64 -I/shim/gnu-efi/inc/protocol -Wno-error=pragmas -mno-red-zone -mno-avx -fpic  -Os -Wall -Wextra -Wno-missing-field-initializers -Werror -fshort-wchar -fno-strict-aliasing -ffreestanding -fno-stack-protector -fno-stack-check -nostdinc   -isystem /shim/gnu-efi/../include/system -isystem /usr/lib/gcc/x86_64-linux-gnu/14/include -fno-merge-all-constants -DCONFIG_x86_64 -DGNU_EFI_USE_MS_ABI -DGNU_EFI_USE_EXTERNAL_STDARG -maccumulate-outgoing-args --std=c11 -c /shim/gnu-efi//lib/hw.c -o hw.o
#14 20.80 gcc -I/shim/gnu-efi//lib -I/shim/gnu-efi/inc -I/shim/gnu-efi/inc/x86_64 -I/shim/gnu-efi/inc/protocol -Wno-error=pragmas -mno-red-zone -mno-avx -fpic  -Os -Wall -Wextra -Wno-missing-field-initializers -Werror -fshort-wchar -fno-strict-aliasing -ffreestanding -fno-stack-protector -fno-stack-check -nostdinc   -isystem /shim/gnu-efi/../include/system -isystem /usr/lib/gcc/x86_64-linux-gnu/14/include -fno-merge-all-constants -DCONFIG_x86_64 -DGNU_EFI_USE_MS_ABI -DGNU_EFI_USE_EXTERNAL_STDARG -maccumulate-outgoing-args --std=c11 -c /shim/gnu-efi//lib/misc.c -o misc.o
#14 20.81 gcc -I/shim/gnu-efi//lib -I/shim/gnu-efi/inc -I/shim/gnu-efi/inc/x86_64 -I/shim/gnu-efi/inc/protocol -Wno-error=pragmas -mno-red-zone -mno-avx -fpic  -Os -Wall -Wextra -Wno-missing-field-initializers -Werror -fshort-wchar -fno-strict-aliasing -ffreestanding -fno-stack-protector -fno-stack-check -nostdinc   -isystem /shim/gnu-efi/../include/system -isystem /usr/lib/gcc/x86_64-linux-gnu/14/include -fno-merge-all-constants -DCONFIG_x86_64 -DGNU_EFI_USE_MS_ABI -DGNU_EFI_USE_EXTERNAL_STDARG -maccumulate-outgoing-args --std=c11 -c /shim/gnu-efi//lib/init.c -o init.o
#14 20.81 gcc -I/shim/gnu-efi//lib -I/shim/gnu-efi/inc -I/shim/gnu-efi/inc/x86_64 -I/shim/gnu-efi/inc/protocol -Wno-error=pragmas -mno-red-zone -mno-avx -fpic  -Os -Wall -Wextra -Wno-missing-field-initializers -Werror -fshort-wchar -fno-strict-aliasing -ffreestanding -fno-stack-protector -fno-stack-check -nostdinc   -isystem /shim/gnu-efi/../include/system -isystem /usr/lib/gcc/x86_64-linux-gnu/14/include -fno-merge-all-constants -DCONFIG_x86_64 -DGNU_EFI_USE_MS_ABI -DGNU_EFI_USE_EXTERNAL_STDARG -maccumulate-outgoing-args --std=c11 -c /shim/gnu-efi//lib/pause.c -o pause.o
#14 20.84 gcc -I/shim/gnu-efi//lib -I/shim/gnu-efi/inc -I/shim/gnu-efi/inc/x86_64 -I/shim/gnu-efi/inc/protocol -Wno-error=pragmas -mno-red-zone -mno-avx -fpic  -Os -Wall -Wextra -Wno-missing-field-initializers -Werror -fshort-wchar -fno-strict-aliasing -ffreestanding -fno-stack-protector -fno-stack-check -nostdinc   -isystem /shim/gnu-efi/../include/system -isystem /usr/lib/gcc/x86_64-linux-gnu/14/include -fno-merge-all-constants -DCONFIG_x86_64 -DGNU_EFI_USE_MS_ABI -DGNU_EFI_USE_EXTERNAL_STDARG -maccumulate-outgoing-args --std=c11 -c /shim/gnu-efi//lib/misc.c -o misc.o
#14 20.86 gcc -I/shim/gnu-efi//lib -I/shim/gnu-efi/inc -I/shim/gnu-efi/inc/x86_64 -I/shim/gnu-efi/inc/protocol -Wno-error=pragmas -mno-red-zone -mno-avx -fpic  -Os -Wall -Wextra -Wno-missing-field-initializers -Werror -fshort-wchar -fno-strict-aliasing -ffreestanding -fno-stack-protector -fno-stack-check -nostdinc   -isystem /shim/gnu-efi/../include/system -isystem /usr/lib/gcc/x86_64-linux-gnu/14/include -fno-merge-all-constants -DCONFIG_x86_64 -DGNU_EFI_USE_MS_ABI -DGNU_EFI_USE_EXTERNAL_STDARG -maccumulate-outgoing-args --std=c11 -c /shim/gnu-efi//lib/print.c -o print.o
#14 20.87 gcc -I/shim/gnu-efi//lib -I/shim/gnu-efi/inc -I/shim/gnu-efi/inc/x86_64 -I/shim/gnu-efi/inc/protocol -Wno-error=pragmas -mno-red-zone -mno-avx -fpic  -Os -Wall -Wextra -Wno-missing-field-initializers -Werror -fshort-wchar -fno-strict-aliasing -ffreestanding -fno-stack-protector -fno-stack-check -nostdinc   -isystem /shim/gnu-efi/../include/system -isystem /usr/lib/gcc/x86_64-linux-gnu/14/include -fno-merge-all-constants -DCONFIG_x86_64 -DGNU_EFI_USE_MS_ABI -DGNU_EFI_USE_EXTERNAL_STDARG -maccumulate-outgoing-args --std=c11 -c /shim/gnu-efi//lib/print.c -o print.o
#14 20.97 gcc -I/shim/gnu-efi//lib -I/shim/gnu-efi/inc -I/shim/gnu-efi/inc/x86_64 -I/shim/gnu-efi/inc/protocol -Wno-error=pragmas -mno-red-zone -mno-avx -fpic  -Os -Wall -Wextra -Wno-missing-field-initializers -Werror -fshort-wchar -fno-strict-aliasing -ffreestanding -fno-stack-protector -fno-stack-check -nostdinc   -isystem /shim/gnu-efi/../include/system -isystem /usr/lib/gcc/x86_64-linux-gnu/14/include -fno-merge-all-constants -DCONFIG_x86_64 -DGNU_EFI_USE_MS_ABI -DGNU_EFI_USE_EXTERNAL_STDARG -maccumulate-outgoing-args --std=c11 -c /shim/gnu-efi//lib/sread.c -o sread.o
#14 21.03 gcc -I/shim/gnu-efi//lib -I/shim/gnu-efi/inc -I/shim/gnu-efi/inc/x86_64 -I/shim/gnu-efi/inc/protocol -Wno-error=pragmas -mno-red-zone -mno-avx -fpic  -Os -Wall -Wextra -Wno-missing-field-initializers -Werror -fshort-wchar -fno-strict-aliasing -ffreestanding -fno-stack-protector -fno-stack-check -nostdinc   -isystem /shim/gnu-efi/../include/system -isystem /usr/lib/gcc/x86_64-linux-gnu/14/include -fno-merge-all-constants -DCONFIG_x86_64 -DGNU_EFI_USE_MS_ABI -DGNU_EFI_USE_EXTERNAL_STDARG -maccumulate-outgoing-args --std=c11 -c /shim/gnu-efi//lib/sread.c -o sread.o
#14 21.04 gcc -I/shim/gnu-efi//lib -I/shim/gnu-efi/inc -I/shim/gnu-efi/inc/x86_64 -I/shim/gnu-efi/inc/protocol -Wno-error=pragmas -mno-red-zone -mno-avx -fpic  -Os -Wall -Wextra -Wno-missing-field-initializers -Werror -fshort-wchar -fno-strict-aliasing -ffreestanding -fno-stack-protector -fno-stack-check -nostdinc   -isystem /shim/gnu-efi/../include/system -isystem /usr/lib/gcc/x86_64-linux-gnu/14/include -fno-merge-all-constants -DCONFIG_x86_64 -DGNU_EFI_USE_MS_ABI -DGNU_EFI_USE_EXTERNAL_STDARG -maccumulate-outgoing-args --std=c11 -c /shim/gnu-efi//lib/str.c -o str.o
#14 21.09 gcc -I/shim/gnu-efi//lib -I/shim/gnu-efi/inc -I/shim/gnu-efi/inc/x86_64 -I/shim/gnu-efi/inc/protocol -Wno-error=pragmas -mno-red-zone -mno-avx -fpic  -Os -Wall -Wextra -Wno-missing-field-initializers -Werror -fshort-wchar -fno-strict-aliasing -ffreestanding -fno-stack-protector -fno-stack-check -nostdinc   -isystem /shim/gnu-efi/../include/system -isystem /usr/lib/gcc/x86_64-linux-gnu/14/include -fno-merge-all-constants -DCONFIG_x86_64 -DGNU_EFI_USE_MS_ABI -DGNU_EFI_USE_EXTERNAL_STDARG -maccumulate-outgoing-args --std=c11 -c /shim/gnu-efi//lib/str.c -o str.o
#14 21.13 gcc -I/shim/gnu-efi//lib -I/shim/gnu-efi/inc -I/shim/gnu-efi/inc/x86_64 -I/shim/gnu-efi/inc/protocol -Wno-error=pragmas -mno-red-zone -mno-avx -fpic  -Os -Wall -Wextra -Wno-missing-field-initializers -Werror -fshort-wchar -fno-strict-aliasing -ffreestanding -fno-stack-protector -fno-stack-check -nostdinc   -isystem /shim/gnu-efi/../include/system -isystem /usr/lib/gcc/x86_64-linux-gnu/14/include -fno-merge-all-constants -DCONFIG_x86_64 -DGNU_EFI_USE_MS_ABI -DGNU_EFI_USE_EXTERNAL_STDARG -maccumulate-outgoing-args --std=c11 -c /shim/gnu-efi//lib/cmdline.c -o cmdline.o
#14 21.17 gcc -I/shim/gnu-efi//lib -I/shim/gnu-efi/inc -I/shim/gnu-efi/inc/x86_64 -I/shim/gnu-efi/inc/protocol -Wno-error=pragmas -mno-red-zone -mno-avx -fpic  -Os -Wall -Wextra -Wno-missing-field-initializers -Werror -fshort-wchar -fno-strict-aliasing -ffreestanding -fno-stack-protector -fno-stack-check -nostdinc   -isystem /shim/gnu-efi/../include/system -isystem /usr/lib/gcc/x86_64-linux-gnu/14/include -fno-merge-all-constants -DCONFIG_x86_64 -DGNU_EFI_USE_MS_ABI -DGNU_EFI_USE_EXTERNAL_STDARG -maccumulate-outgoing-args --std=c11 -c /shim/gnu-efi//lib/cmdline.c -o cmdline.o
#14 21.17 gcc -I/shim/gnu-efi//lib -I/shim/gnu-efi/inc -I/shim/gnu-efi/inc/x86_64 -I/shim/gnu-efi/inc/protocol -Wno-error=pragmas -mno-red-zone -mno-avx -fpic  -Os -Wall -Wextra -Wno-missing-field-initializers -Werror -fshort-wchar -fno-strict-aliasing -ffreestanding -fno-stack-protector -fno-stack-check -nostdinc   -isystem /shim/gnu-efi/../include/system -isystem /usr/lib/gcc/x86_64-linux-gnu/14/include -fno-merge-all-constants -DCONFIG_x86_64 -DGNU_EFI_USE_MS_ABI -DGNU_EFI_USE_EXTERNAL_STDARG -maccumulate-outgoing-args --std=c11 -c /shim/gnu-efi//lib/runtime/rtlock.c -o runtime/rtlock.o
#14 21.20 gcc -I/shim/gnu-efi//lib -I/shim/gnu-efi/inc -I/shim/gnu-efi/inc/x86_64 -I/shim/gnu-efi/inc/protocol -Wno-error=pragmas -mno-red-zone -mno-avx -fpic  -Os -Wall -Wextra -Wno-missing-field-initializers -Werror -fshort-wchar -fno-strict-aliasing -ffreestanding -fno-stack-protector -fno-stack-check -nostdinc   -isystem /shim/gnu-efi/../include/system -isystem /usr/lib/gcc/x86_64-linux-gnu/14/include -fno-merge-all-constants -DCONFIG_x86_64 -DGNU_EFI_USE_MS_ABI -DGNU_EFI_USE_EXTERNAL_STDARG -maccumulate-outgoing-args --std=c11 -c /shim/gnu-efi//lib/runtime/rtlock.c -o runtime/rtlock.o
#14 21.22 gcc -I/shim/gnu-efi//lib -I/shim/gnu-efi/inc -I/shim/gnu-efi/inc/x86_64 -I/shim/gnu-efi/inc/protocol -Wno-error=pragmas -mno-red-zone -mno-avx -fpic  -Os -Wall -Wextra -Wno-missing-field-initializers -Werror -fshort-wchar -fno-strict-aliasing -ffreestanding -fno-stack-protector -fno-stack-check -nostdinc   -isystem /shim/gnu-efi/../include/system -isystem /usr/lib/gcc/x86_64-linux-gnu/14/include -fno-merge-all-constants -DCONFIG_x86_64 -DGNU_EFI_USE_MS_ABI -DGNU_EFI_USE_EXTERNAL_STDARG -maccumulate-outgoing-args --std=c11 -c /shim/gnu-efi//lib/runtime/efirtlib.c -o runtime/efirtlib.o
#14 21.22 gcc -I/shim/gnu-efi//lib -I/shim/gnu-efi/inc -I/shim/gnu-efi/inc/x86_64 -I/shim/gnu-efi/inc/protocol -Wno-error=pragmas -mno-red-zone -mno-avx -fpic  -Os -Wall -Wextra -Wno-missing-field-initializers -Werror -fshort-wchar -fno-strict-aliasing -ffreestanding -fno-stack-protector -fno-stack-check -nostdinc   -isystem /shim/gnu-efi/../include/system -isystem /usr/lib/gcc/x86_64-linux-gnu/14/include -fno-merge-all-constants -DCONFIG_x86_64 -DGNU_EFI_USE_MS_ABI -DGNU_EFI_USE_EXTERNAL_STDARG -maccumulate-outgoing-args --std=c11 -c /shim/gnu-efi//lib/runtime/efirtlib.c -o runtime/efirtlib.o
#14 21.24 gcc -I/shim/gnu-efi//lib -I/shim/gnu-efi/inc -I/shim/gnu-efi/inc/x86_64 -I/shim/gnu-efi/inc/protocol -Wno-error=pragmas -mno-red-zone -mno-avx -fpic  -Os -Wall -Wextra -Wno-missing-field-initializers -Werror -fshort-wchar -fno-strict-aliasing -ffreestanding -fno-stack-protector -fno-stack-check -nostdinc   -isystem /shim/gnu-efi/../include/system -isystem /usr/lib/gcc/x86_64-linux-gnu/14/include -fno-merge-all-constants -DCONFIG_x86_64 -DGNU_EFI_USE_MS_ABI -DGNU_EFI_USE_EXTERNAL_STDARG -maccumulate-outgoing-args --std=c11 -c /shim/gnu-efi//lib/runtime/rtstr.c -o runtime/rtstr.o
#14 21.26 gcc -I/shim/gnu-efi//lib -I/shim/gnu-efi/inc -I/shim/gnu-efi/inc/x86_64 -I/shim/gnu-efi/inc/protocol -Wno-error=pragmas -mno-red-zone -mno-avx -fpic  -Os -Wall -Wextra -Wno-missing-field-initializers -Werror -fshort-wchar -fno-strict-aliasing -ffreestanding -fno-stack-protector -fno-stack-check -nostdinc   -isystem /shim/gnu-efi/../include/system -isystem /usr/lib/gcc/x86_64-linux-gnu/14/include -fno-merge-all-constants -DCONFIG_x86_64 -DGNU_EFI_USE_MS_ABI -DGNU_EFI_USE_EXTERNAL_STDARG -maccumulate-outgoing-args --std=c11 -c /shim/gnu-efi//lib/runtime/vm.c -o runtime/vm.o
#14 21.28 gcc -I/shim/gnu-efi//lib -I/shim/gnu-efi/inc -I/shim/gnu-efi/inc/x86_64 -I/shim/gnu-efi/inc/protocol -Wno-error=pragmas -mno-red-zone -mno-avx -fpic  -Os -Wall -Wextra -Wno-missing-field-initializers -Werror -fshort-wchar -fno-strict-aliasing -ffreestanding -fno-stack-protector -fno-stack-check -nostdinc   -isystem /shim/gnu-efi/../include/system -isystem /usr/lib/gcc/x86_64-linux-gnu/14/include -fno-merge-all-constants -DCONFIG_x86_64 -DGNU_EFI_USE_MS_ABI -DGNU_EFI_USE_EXTERNAL_STDARG -maccumulate-outgoing-args --std=c11 -c /shim/gnu-efi//lib/runtime/rtstr.c -o runtime/rtstr.o
#14 21.30 gcc -I/shim/gnu-efi//lib -I/shim/gnu-efi/inc -I/shim/gnu-efi/inc/x86_64 -I/shim/gnu-efi/inc/protocol -Wno-error=pragmas -mno-red-zone -mno-avx -fpic  -Os -Wall -Wextra -Wno-missing-field-initializers -Werror -fshort-wchar -fno-strict-aliasing -ffreestanding -fno-stack-protector -fno-stack-check -nostdinc   -isystem /shim/gnu-efi/../include/system -isystem /usr/lib/gcc/x86_64-linux-gnu/14/include -fno-merge-all-constants -DCONFIG_x86_64 -DGNU_EFI_USE_MS_ABI -DGNU_EFI_USE_EXTERNAL_STDARG -maccumulate-outgoing-args --std=c11 -c /shim/gnu-efi//lib/runtime/rtdata.c -o runtime/rtdata.o
#14 21.30 gcc -I/shim/gnu-efi//lib -I/shim/gnu-efi/inc -I/shim/gnu-efi/inc/x86_64 -I/shim/gnu-efi/inc/protocol -Wno-error=pragmas -mno-red-zone -mno-avx -fpic  -Os -Wall -Wextra -Wno-missing-field-initializers -Werror -fshort-wchar -fno-strict-aliasing -ffreestanding -fno-stack-protector -fno-stack-check -nostdinc   -isystem /shim/gnu-efi/../include/system -isystem /usr/lib/gcc/x86_64-linux-gnu/14/include -fno-merge-all-constants -DCONFIG_x86_64 -DGNU_EFI_USE_MS_ABI -DGNU_EFI_USE_EXTERNAL_STDARG -maccumulate-outgoing-args --std=c11 -c /shim/gnu-efi//lib/runtime/vm.c -o runtime/vm.o
#14 21.31 gcc -I/shim/gnu-efi//lib -I/shim/gnu-efi/inc -I/shim/gnu-efi/inc/x86_64 -I/shim/gnu-efi/inc/protocol -Wno-error=pragmas -mno-red-zone -mno-avx -fpic  -Os -Wall -Wextra -Wno-missing-field-initializers -Werror -fshort-wchar -fno-strict-aliasing -ffreestanding -fno-stack-protector -fno-stack-check -nostdinc   -isystem /shim/gnu-efi/../include/system -isystem /usr/lib/gcc/x86_64-linux-gnu/14/include -fno-merge-all-constants -DCONFIG_x86_64 -DGNU_EFI_USE_MS_ABI -DGNU_EFI_USE_EXTERNAL_STDARG -maccumulate-outgoing-args --std=c11 -c /shim/gnu-efi//lib/x86_64/initplat.c -o x86_64/initplat.o
#14 21.33 gcc -I/shim/gnu-efi//lib -I/shim/gnu-efi/inc -I/shim/gnu-efi/inc/x86_64 -I/shim/gnu-efi/inc/protocol -Wno-error=pragmas -mno-red-zone -mno-avx -fpic  -Os -Wall -Wextra -Wno-missing-field-initializers -Werror -fshort-wchar -fno-strict-aliasing -ffreestanding -fno-stack-protector -fno-stack-check -nostdinc   -isystem /shim/gnu-efi/../include/system -isystem /usr/lib/gcc/x86_64-linux-gnu/14/include -fno-merge-all-constants -DCONFIG_x86_64 -DGNU_EFI_USE_MS_ABI -DGNU_EFI_USE_EXTERNAL_STDARG -maccumulate-outgoing-args --std=c11 -c /shim/gnu-efi//lib/x86_64/math.c -o x86_64/math.o
#14 21.34 gcc -I/shim/gnu-efi//lib -I/shim/gnu-efi/inc -I/shim/gnu-efi/inc/x86_64 -I/shim/gnu-efi/inc/protocol -Wno-error=pragmas -mno-red-zone -mno-avx -fpic  -Os -Wall -Wextra -Wno-missing-field-initializers -Werror -fshort-wchar -fno-strict-aliasing -ffreestanding -fno-stack-protector -fno-stack-check -nostdinc   -isystem /shim/gnu-efi/../include/system -isystem /usr/lib/gcc/x86_64-linux-gnu/14/include -fno-merge-all-constants -DCONFIG_x86_64 -DGNU_EFI_USE_MS_ABI -DGNU_EFI_USE_EXTERNAL_STDARG -maccumulate-outgoing-args --std=c11 -c /shim/gnu-efi//lib/runtime/rtdata.c -o runtime/rtdata.o
#14 21.35 gcc -I/shim/gnu-efi//lib -I/shim/gnu-efi/inc -I/shim/gnu-efi/inc/x86_64 -I/shim/gnu-efi/inc/protocol -Wno-error=pragmas -mno-red-zone -mno-avx -fpic  -Os -Wall -Wextra -Wno-missing-field-initializers -Werror -fshort-wchar -fno-strict-aliasing -ffreestanding -fno-stack-protector -fno-stack-check -nostdinc   -isystem /shim/gnu-efi/../include/system -isystem /usr/lib/gcc/x86_64-linux-gnu/14/include -fno-merge-all-constants -DCONFIG_x86_64 -DGNU_EFI_USE_MS_ABI -DGNU_EFI_USE_EXTERNAL_STDARG -maccumulate-outgoing-args --std=c11 -c /shim/gnu-efi//lib/x86_64/setjmp.S -o x86_64/setjmp.o
#14 21.36 gcc -I/shim/gnu-efi//lib -I/shim/gnu-efi/inc -I/shim/gnu-efi/inc/x86_64 -I/shim/gnu-efi/inc/protocol -Wno-error=pragmas -mno-red-zone -mno-avx -fpic  -Os -Wall -Wextra -Wno-missing-field-initializers -Werror -fshort-wchar -fno-strict-aliasing -ffreestanding -fno-stack-protector -fno-stack-check -nostdinc   -isystem /shim/gnu-efi/../include/system -isystem /usr/lib/gcc/x86_64-linux-gnu/14/include -fno-merge-all-constants -DCONFIG_x86_64 -DGNU_EFI_USE_MS_ABI -DGNU_EFI_USE_EXTERNAL_STDARG -maccumulate-outgoing-args --std=c11 -c /shim/gnu-efi//lib/x86_64/callwrap.c -o x86_64/callwrap.o
#14 21.36 gcc -I/shim/gnu-efi//lib -I/shim/gnu-efi/inc -I/shim/gnu-efi/inc/x86_64 -I/shim/gnu-efi/inc/protocol -Wno-error=pragmas -mno-red-zone -mno-avx -fpic  -Os -Wall -Wextra -Wno-missing-field-initializers -Werror -fshort-wchar -fno-strict-aliasing -ffreestanding -fno-stack-protector -fno-stack-check -nostdinc   -isystem /shim/gnu-efi/../include/system -isystem /usr/lib/gcc/x86_64-linux-gnu/14/include -fno-merge-all-constants -DCONFIG_x86_64 -DGNU_EFI_USE_MS_ABI -DGNU_EFI_USE_EXTERNAL_STDARG -maccumulate-outgoing-args --std=c11 -c /shim/gnu-efi//lib/x86_64/initplat.c -o x86_64/initplat.o
#14 21.37 /shim/gnu-efi//lib/x86_64/setjmp.S: Assembler messages:
#14 21.37 /shim/gnu-efi//lib/x86_64/setjmp.S:49: Warning: setting incorrect section attributes for .note.GNU-stack
#14 21.37 gcc -I/shim/gnu-efi//lib -I/shim/gnu-efi/inc -I/shim/gnu-efi/inc/x86_64 -I/shim/gnu-efi/inc/protocol -Wno-error=pragmas -mno-red-zone -mno-avx -fpic  -Os -Wall -Wextra -Wno-missing-field-initializers -Werror -fshort-wchar -fno-strict-aliasing -ffreestanding -fno-stack-protector -fno-stack-check -nostdinc   -isystem /shim/gnu-efi/../include/system -isystem /usr/lib/gcc/x86_64-linux-gnu/14/include -fno-merge-all-constants -DCONFIG_x86_64 -DGNU_EFI_USE_MS_ABI -DGNU_EFI_USE_EXTERNAL_STDARG -maccumulate-outgoing-args --std=c11 -c /shim/gnu-efi//lib/x86_64/math.c -o x86_64/math.o
#14 21.37 gcc -I/shim/gnu-efi//lib -I/shim/gnu-efi/inc -I/shim/gnu-efi/inc/x86_64 -I/shim/gnu-efi/inc/protocol -Wno-error=pragmas -mno-red-zone -mno-avx -fpic  -Os -Wall -Wextra -Wno-missing-field-initializers -Werror -fshort-wchar -fno-strict-aliasing -ffreestanding -fno-stack-protector -fno-stack-check -nostdinc   -isystem /shim/gnu-efi/../include/system -isystem /usr/lib/gcc/x86_64-linux-gnu/14/include -fno-merge-all-constants -DCONFIG_x86_64 -DGNU_EFI_USE_MS_ABI -DGNU_EFI_USE_EXTERNAL_STDARG -maccumulate-outgoing-args --std=c11 -c /shim/gnu-efi//lib/x86_64/efi_stub.S -o x86_64/efi_stub.o
#14 21.38 gcc -I/shim/gnu-efi//lib -I/shim/gnu-efi/inc -I/shim/gnu-efi/inc/x86_64 -I/shim/gnu-efi/inc/protocol -Wno-error=pragmas -mno-red-zone -mno-avx -fpic  -Os -Wall -Wextra -Wno-missing-field-initializers -Werror -fshort-wchar -fno-strict-aliasing -ffreestanding -fno-stack-protector -fno-stack-check -nostdinc   -isystem /shim/gnu-efi/../include/system -isystem /usr/lib/gcc/x86_64-linux-gnu/14/include -fno-merge-all-constants -DCONFIG_x86_64 -DGNU_EFI_USE_MS_ABI -DGNU_EFI_USE_EXTERNAL_STDARG -maccumulate-outgoing-args --std=c11 -c /shim/gnu-efi//lib/x86_64/callwrap.c -o x86_64/callwrap.o
#14 21.39 /shim/gnu-efi//lib/x86_64/efi_stub.S: Assembler messages:
#14 21.39 /shim/gnu-efi//lib/x86_64/efi_stub.S:190: Warning: setting incorrect section attributes for .note.GNU-stack
#14 21.39 x86_64-linux-gnu-gcc-ar -rv -U libefi.a boxdraw.o smbios.o console.o crc.o data.o debug.o dpath.o error.o event.o exit.o guid.o hand.o hw.o init.o lock.o misc.o pause.o print.o sread.o str.o cmdline.o runtime/rtlock.o runtime/efirtlib.o runtime/rtstr.o runtime/vm.o runtime/rtdata.o x86_64/initplat.o x86_64/math.o x86_64/setjmp.o x86_64/callwrap.o x86_64/efi_stub.o
#14 21.39 /usr/bin/ar: creating libefi.a
#14 21.39 a - boxdraw.o
#14 21.39 a - smbios.o
#14 21.39 a - console.o
#14 21.39 a - crc.o
#14 21.39 a - data.o
#14 21.39 a - debug.o
#14 21.39 a - dpath.o
#14 21.39 a - error.o
#14 21.39 a - event.o
#14 21.39 a - exit.o
#14 21.39 a - guid.o
#14 21.39 a - hand.o
#14 21.39 a - hw.o
#14 21.39 a - init.o
#14 21.39 a - lock.o
#14 21.39 a - misc.o
#14 21.39 a - pause.o
#14 21.39 a - print.o
#14 21.39 a - sread.o
#14 21.39 a - str.o
#14 21.39 a - cmdline.o
#14 21.39 a - runtime/rtlock.o
#14 21.39 a - runtime/efirtlib.o
#14 21.39 a - runtime/rtstr.o
#14 21.39 a - runtime/vm.o
#14 21.39 a - runtime/rtdata.o
#14 21.39 a - x86_64/initplat.o
#14 21.39 a - x86_64/math.o
#14 21.39 a - x86_64/setjmp.o
#14 21.39 a - x86_64/callwrap.o
#14 21.39 a - x86_64/efi_stub.o
#14 21.39 make: Leaving directory '/shim/gnu-efi/x86_64/lib'
#14 21.39 mkdir -p /shim/gnu-efi/x86_64/gnuefi
#14 21.40 make -C /shim/gnu-efi/x86_64/gnuefi -f /shim/gnu-efi//gnuefi/Makefile SRCDIR=/shim/gnu-efi//gnuefi ARCH=x86_64
#14 21.40 make: Entering directory '/shim/gnu-efi/x86_64/gnuefi'
#14 21.40 x86_64-linux-gnu-gcc-ar -rv -U libefi.a boxdraw.o smbios.o console.o crc.o data.o debug.o dpath.o error.o event.o exit.o guid.o hand.o hw.o init.o lock.o misc.o pause.o print.o sread.o str.o cmdline.o runtime/rtlock.o runtime/efirtlib.o runtime/rtstr.o runtime/vm.o runtime/rtdata.o x86_64/initplat.o x86_64/math.o x86_64/setjmp.o x86_64/callwrap.o x86_64/efi_stub.o
#14 21.41 r - boxdraw.o
#14 21.41 r - smbios.o
#14 21.41 r - console.o
#14 21.41 r - crc.o
#14 21.41 r - data.o
#14 21.41 r - debug.o
#14 21.41 r - dpath.o
#14 21.41 r - error.o
#14 21.41 r - event.o
#14 21.41 r - exit.o
#14 21.41 r - guid.o
#14 21.41 r - hand.o
#14 21.41 r - hw.o
#14 21.41 r - init.o
#14 21.41 r - lock.o
#14 21.41 r - misc.o
#14 21.41 r - pause.o
#14 21.41 r - print.o
#14 21.41 r - sread.o
#14 21.41 r - str.o
#14 21.41 r - cmdline.o
#14 21.41 r - runtime/rtlock.o
#14 21.41 r - runtime/efirtlib.o
#14 21.41 r - runtime/rtstr.o
#14 21.41 r - runtime/vm.o
#14 21.41 r - runtime/rtdata.o
#14 21.41 r - x86_64/initplat.o
#14 21.41 r - x86_64/math.o
#14 21.41 r - x86_64/setjmp.o
#14 21.41 r - x86_64/callwrap.o
#14 21.41 r - x86_64/efi_stub.o
#14 21.41 make: Leaving directory '/shim/gnu-efi/x86_64/lib'
#14 21.41 mkdir -p /shim/gnu-efi/x86_64/gnuefi
#14 21.41 make -C /shim/gnu-efi/x86_64/gnuefi -f /shim/gnu-efi//gnuefi/Makefile SRCDIR=/shim/gnu-efi//gnuefi ARCH=x86_64
#14 21.41 make: Entering directory '/shim/gnu-efi/x86_64/gnuefi'
#14 21.43 gcc -I/shim/gnu-efi//gnuefi -I/shim/gnu-efi/inc -I/shim/gnu-efi/inc/x86_64 -I/shim/gnu-efi/inc/protocol -Wno-error=pragmas -mno-red-zone -mno-avx -fpic  -Os -Wall -Wextra -Wno-missing-field-initializers -Werror -fshort-wchar -fno-strict-aliasing -ffreestanding -fno-stack-protector -fno-stack-check -nostdinc   -isystem /shim/gnu-efi/../include/system -isystem /usr/lib/gcc/x86_64-linux-gnu/14/include -fno-merge-all-constants -DCONFIG_x86_64 -DGNU_EFI_USE_MS_ABI -DGNU_EFI_USE_EXTERNAL_STDARG -maccumulate-outgoing-args --std=c11 -c /shim/gnu-efi//gnuefi/crt0-efi-x86_64.S -o crt0-efi-x86_64.o
#14 21.43 gcc -I/shim/gnu-efi//gnuefi -I/shim/gnu-efi/inc -I/shim/gnu-efi/inc/x86_64 -I/shim/gnu-efi/inc/protocol -Wno-error=pragmas -mno-red-zone -mno-avx -fpic  -Os -Wall -Wextra -Wno-missing-field-initializers -Werror -fshort-wchar -fno-strict-aliasing -ffreestanding -fno-stack-protector -fno-stack-check -nostdinc   -isystem /shim/gnu-efi/../include/system -isystem /usr/lib/gcc/x86_64-linux-gnu/14/include -fno-merge-all-constants -DCONFIG_x86_64 -DGNU_EFI_USE_MS_ABI -DGNU_EFI_USE_EXTERNAL_STDARG -maccumulate-outgoing-args --std=c11 -c /shim/gnu-efi//gnuefi/reloc_x86_64.c -o reloc_x86_64.o
#14 21.44 gcc -I/shim/gnu-efi//gnuefi -I/shim/gnu-efi/inc -I/shim/gnu-efi/inc/x86_64 -I/shim/gnu-efi/inc/protocol -Wno-error=pragmas -mno-red-zone -mno-avx -fpic  -Os -Wall -Wextra -Wno-missing-field-initializers -Werror -fshort-wchar -fno-strict-aliasing -ffreestanding -fno-stack-protector -fno-stack-check -nostdinc   -isystem /shim/gnu-efi/../include/system -isystem /usr/lib/gcc/x86_64-linux-gnu/14/include -fno-merge-all-constants -DCONFIG_x86_64 -DGNU_EFI_USE_MS_ABI -DGNU_EFI_USE_EXTERNAL_STDARG -maccumulate-outgoing-args --std=c11 -c /shim/gnu-efi//gnuefi/crt0-efi-x86_64.S -o crt0-efi-x86_64.o
#14 21.44 /shim/gnu-efi//gnuefi/crt0-efi-x86_64.S: Assembler messages:
#14 21.44 /shim/gnu-efi//gnuefi/crt0-efi-x86_64.S:75: Warning: setting incorrect section attributes for .note.GNU-stack
#14 21.45 gcc -I/shim/gnu-efi//gnuefi -I/shim/gnu-efi/inc -I/shim/gnu-efi/inc/x86_64 -I/shim/gnu-efi/inc/protocol -Wno-error=pragmas -mno-red-zone -mno-avx -fpic  -Os -Wall -Wextra -Wno-missing-field-initializers -Werror -fshort-wchar -fno-strict-aliasing -ffreestanding -fno-stack-protector -fno-stack-check -nostdinc   -isystem /shim/gnu-efi/../include/system -isystem /usr/lib/gcc/x86_64-linux-gnu/14/include -fno-merge-all-constants -DCONFIG_x86_64 -DGNU_EFI_USE_MS_ABI -DGNU_EFI_USE_EXTERNAL_STDARG -maccumulate-outgoing-args --std=c11 -c /shim/gnu-efi//gnuefi/reloc_x86_64.c -o reloc_x86_64.o
#14 21.45 /shim/gnu-efi//gnuefi/crt0-efi-x86_64.S: Assembler messages:
#14 21.45 /shim/gnu-efi//gnuefi/crt0-efi-x86_64.S:75: Warning: setting incorrect section attributes for .note.GNU-stack
#14 21.46 x86_64-linux-gnu-gcc-ar -rv -U libgnuefi.a reloc_x86_64.o
#14 21.47 /usr/bin/ar: creating libgnuefi.a
#14 21.47 a - reloc_x86_64.o
#14 21.47 make: Leaving directory '/shim/gnu-efi/x86_64/gnuefi'
#14 21.47 make: Leaving directory '/shim/gnu-efi'
#14 21.49 x86_64-linux-gnu-gcc-ar -rv -U libgnuefi.a reloc_x86_64.o
#14 21.49 r - reloc_x86_64.o
#14 21.49 make: Leaving directory '/shim/gnu-efi/x86_64/gnuefi'
#14 21.49 make: Leaving directory '/shim/gnu-efi'
#14 21.50 x86_64-linux-gnu-ld -o shimx64.so --hash-style=sysv -nostdlib -znocombreloc -T /shim/elf_x86_64_efi.lds -shared -Bsymbolic -Lgnu-efi/x86_64/gnuefi -Lgnu-efi/x86_64/lib -LCryptlib -LCryptlib/OpenSSL gnu-efi/x86_64/gnuefi/crt0-efi-x86_64.o --build-id=sha1  --no-undefined shim.o globals.o memattrs.o mok.o netboot.o cert.o dp.o loader-proto.o tpm.o version.o errlog.o sbat.o sbat_data.o sbat_var.o pe.o pe-relocate.o httpboot.o csv.o load-options.o utils.o verify.o Cryptlib/libcryptlib.a Cryptlib/OpenSSL/libopenssl.a lib/lib.a gnu-efi/x86_64/lib/libefi.a gnu-efi/x86_64/gnuefi/libgnuefi.a -lefi -lgnuefi --start-group Cryptlib/libcryptlib.a Cryptlib/OpenSSL/libopenssl.a --end-group /usr/lib/gcc/x86_64-linux-gnu/14/libgcc.a lib/lib.a
#14 21.51 x86_64-linux-gnu-ld -o mmx64.so --hash-style=sysv -nostdlib -znocombreloc -T /shim/elf_x86_64_efi.lds -shared -Bsymbolic -Lgnu-efi/x86_64/gnuefi -Lgnu-efi/x86_64/lib -LCryptlib -LCryptlib/OpenSSL gnu-efi/x86_64/gnuefi/crt0-efi-x86_64.o --build-id=sha1  --no-undefined MokManager.o PasswordCrypt.o crypt_blowfish.o errlog.o sbat_data.o globals.o dp.o Cryptlib/libcryptlib.a Cryptlib/OpenSSL/libopenssl.a lib/lib.a gnu-efi/x86_64/lib/libefi.a gnu-efi/x86_64/gnuefi/libgnuefi.a -lefi -lgnuefi --start-group Cryptlib/libcryptlib.a Cryptlib/OpenSSL/libopenssl.a --end-group /usr/lib/gcc/x86_64-linux-gnu/14/libgcc.a lib/lib.a
#14 21.54 x86_64-linux-gnu-ld -o fbx64.so --hash-style=sysv -nostdlib -znocombreloc -T /shim/elf_x86_64_efi.lds -shared -Bsymbolic -Lgnu-efi/x86_64/gnuefi -Lgnu-efi/x86_64/lib -LCryptlib -LCryptlib/OpenSSL gnu-efi/x86_64/gnuefi/crt0-efi-x86_64.o --build-id=sha1  --no-undefined fallback.o tpm.o errlog.o sbat_data.o globals.o utils.o Cryptlib/libcryptlib.a Cryptlib/OpenSSL/libopenssl.a lib/lib.a gnu-efi/x86_64/lib/libefi.a gnu-efi/x86_64/gnuefi/libgnuefi.a -lefi -lgnuefi --start-group Cryptlib/libcryptlib.a Cryptlib/OpenSSL/libopenssl.a --end-group /usr/lib/gcc/x86_64-linux-gnu/14/libgcc.a lib/lib.a
#14 21.55 x86_64-linux-gnu-objcopy -D -j .text -j .sdata -j .data \
#14 21.55 	-j .dynamic -j .rodata -j .rel* \
#14 21.55 	-j .rela* -j .dyn -j .reloc -j .eh_frame -j .sbat \
#14 21.55 	-j .sbatlevel \
#14 21.55 	-j .debug_info -j .debug_abbrev -j .debug_aranges \
#14 21.55 	-j .debug_line -j .debug_str -j .debug_ranges \
#14 21.55 	-j .note.gnu.build-id \
#14 21.55 	--file-alignment 0x1000 \
#14 21.55 	fbx64.so fbx64.efi.debug
#14 21.57 x86_64-linux-gnu-objcopy -D -j .text -j .sdata -j .data -j .data.ident \
#14 21.57 	-j .dynamic -j .rodata -j .rel* \
#14 21.57 	-j .rela* -j .dyn -j .reloc -j .eh_frame \
#14 21.57 	-j .vendor_cert -j .sbat -j .sbatlevel \
#14 21.57 	--file-alignment 0x1000 \
#14 21.57 	--output-target efi-app-x86_64 fbx64.so fbx64.efi
#14 21.58 ./post-process-pe -vv  fbx64.efi
#14 21.58 x86_64-linux-gnu-objcopy -D -j .text -j .sdata -j .data -j .data.ident \
#14 21.58 	-j .dynamic -j .rodata -j .rel* \
#14 21.58 	-j .rela* -j .dyn -j .reloc -j .eh_frame \
#14 21.58 	-j .vendor_cert -j .sbat -j .sbatlevel \
#14 21.58 	--file-alignment 0x1000 \
#14 21.58 	--output-target efi-app-x86_64 shimx64.so shimx64.efi
#14 21.58 validate_nx_compat():380: NX Compatibility flag is not set
#14 21.58 x86_64-linux-gnu-objcopy -D -j .text -j .sdata -j .data \
#14 21.58 	-j .dynamic -j .rodata -j .rel* \
#14 21.58 	-j .rela* -j .dyn -j .reloc -j .eh_frame -j .sbat \
#14 21.58 	-j .sbatlevel \
#14 21.58 	-j .debug_info -j .debug_abbrev -j .debug_aranges \
#14 21.58 	-j .debug_line -j .debug_str -j .debug_ranges \
#14 21.58 	-j .note.gnu.build-id \
#14 21.58 	--file-alignment 0x1000 \
#14 21.58 	shimx64.so shimx64.efi.debug
#14 21.59 x86_64-linux-gnu-objcopy -D -j .text -j .sdata -j .data \
#14 21.59 	-j .dynamic -j .rodata -j .rel* \
#14 21.59 	-j .rela* -j .dyn -j .reloc -j .eh_frame -j .sbat \
#14 21.59 	-j .sbatlevel \
#14 21.59 	-j .debug_info -j .debug_abbrev -j .debug_aranges \
#14 21.59 	-j .debug_line -j .debug_str -j .debug_ranges \
#14 21.59 	-j .note.gnu.build-id \
#14 21.59 	--file-alignment 0x1000 \
#14 21.59 	mmx64.so mmx64.efi.debug
#14 21.60 ./post-process-pe -vv  shimx64.efi
#14 21.60 x86_64-linux-gnu-objcopy -D -j .text -j .sdata -j .data -j .data.ident \
#14 21.60 	-j .dynamic -j .rodata -j .rel* \
#14 21.60 	-j .rela* -j .dyn -j .reloc -j .eh_frame \
#14 21.60 	-j .vendor_cert -j .sbat -j .sbatlevel \
#14 21.60 	--file-alignment 0x1000 \
#14 21.60 	--output-target efi-app-x86_64 mmx64.so mmx64.efi
#14 21.60 validate_nx_compat():380: NX Compatibility flag is not set
#14 21.61 ./post-process-pe -vv  mmx64.efi
#14 21.62 validate_nx_compat():380: NX Compatibility flag is not set
#14 21.62 install -d -m 0755 /shim/debian/tmp/
#14 21.62 install -d -m 0755 /shim/debian/tmp//usr/src/debug//shim-16.1-16.1
#14 21.63 install -d -m 0755 /shim/debian/tmp//usr/lib/debug/boot/efi/EFI/igel//
#14 21.63 find /shim -type f -a '(' -iname '*.c' -o -iname '*.h' -o -iname '*.S' ')' | while read file ; do \
#14 21.63 	outfile=$(echo ${file} | sed -e "s,^/shim,,") ; \
#14 21.63 	install -d -m 0755 /shim/debian/tmp//usr/src/debug//shim-16.1-16.1/$(dirname ${outfile}) ; \
#14 21.63 	install -m 0644 ${file} /shim/debian/tmp//usr/src/debug//shim-16.1-16.1/${outfile} ; \
#14 21.63 done
#14 25.39 install -d -m 0755 /shim/debian/tmp/
#14 25.39 install -d -m 0700 /shim/debian/tmp/boot/efi/
#14 25.39 install -d -m 0755 /shim/debian/tmp/boot/efi/EFI/BOOT/
#14 25.39 install -d -m 0755 /shim/debian/tmp/boot/efi/EFI/igel/
#14 25.40 install -m 0644 shimx64.efi /shim/debian/tmp/boot/efi/EFI/BOOT//BOOTX64.EFI
#14 25.40 install -m 0644 shimx64.efi /shim/debian/tmp/boot/efi/EFI/igel//
#14 25.40 install -m 0644 BOOTX64.CSV /shim/debian/tmp/boot/efi/EFI/igel//
#14 25.40 install -m 0644 fbx64.efi /shim/debian/tmp/boot/efi/EFI/BOOT//
#14 25.40 install -m 0644 mmx64.efi /shim/debian/tmp/boot/efi/EFI/BOOT//
#14 25.40 install -m 0644 mmx64.efi /shim/debian/tmp/boot/efi/EFI/igel//
#14 25.41 # Remove the copy of the source that's installed - we have git
#14 25.41 # already...
#14 25.41 rm -rf debian/tmp/usr
#14 25.42 # And remove the extra removable-media copy of shim too, it's
#14 25.43 # not needed for our build and causes debhelper to complain
#14 25.43 rm -f debian/tmp/boot/efi/EFI/BOOT/BOOT*.EFI
#14 25.43 install -m 644 debian/igel-uefi-ca.der debian/shim-unsigned/usr/share/shim
#14 25.43 # Generate the template packages that we'll use for SB signing later
#14 25.43 ./debian/signing-template.generate
#14 25.71 # Log some useful things about the build here
#14 25.71 ./debian/check_nx shim*.efi
#14 25.71 Checking NX bit on shimx64.efi:
#14 25.72   DllCharacteristics 00000000
#14 25.72   NOT tagged as NX-compatible
#14 25.72 sha256sum *.efi
#14 25.72 95c39644188751721a25c4b841469fbf019c649ebb333ebe5765af538c5d157f  fbx64.efi
#14 25.72 8e56e2da39af6b0ea52867c28b8d08e1cb2b6d85e725fdf0b8cb3170b7965b6a  mmx64.efi
#14 25.72 f3e341afc4fb3eee34f740a5c438bf1082800b05e23eec5a01e176a7811afd56  shimx64.efi
#14 25.72 make[1]: Leaving directory '/shim'
#14 25.73    dh_install
#14 25.78    dh_installdocs
#14 25.85    dh_installchangelogs
#14 25.94    dh_lintian
#14 25.99    dh_perl
#14 26.05    dh_link
#14 26.10    dh_strip_nondeterminism
#14 26.27    dh_compress
#14 26.33    dh_fixperms
#14 26.40    dh_missing
#14 26.45    dh_dwz
#14 26.51    dh_strip
#14 26.57    dh_makeshlibs
#14 26.62    dh_shlibdeps
#14 26.67    dh_installdeb
#14 26.72    dh_gencontrol
#14 26.83 dpkg-gencontrol: warning: Depends field of package shim-unsigned: substitution variable ${shlibs:Depends} used, but is not defined
#14 26.88    dh_md5sums
#14 26.95    dh_builddeb
#14 26.99 dpkg-deb: building package 'shim-helpers-amd64-signed-template' in '../shim-helpers-amd64-signed-template_16.1-2_amd64.deb'.
#14 26.99 dpkg-deb: building package 'shim-unsigned' in '../shim-unsigned_16.1-2_amd64.deb'.
#14 27.70  dpkg-genbuildinfo --build=binary -O../shim_16.1-2_amd64.buildinfo
#14 27.84  dpkg-genchanges --build=binary -O../shim_16.1-2_amd64.changes
#14 27.91 dpkg-genchanges: info: binary-only upload (no source code included)
#14 27.91  dpkg-source -i --after-build .
#14 28.01 dpkg-source: info: using options from shim/debian/source/local-options: --extend-diff-ignore=(^|/)\.origin$
#14 28.01 dpkg-buildpackage: info: binary-only upload (no source included)
#14 28.01 Now running lintian shim_16.1-2_amd64.changes ...
#14 28.58 running with root privileges is not recommended!
#14 30.80 Finished running lintian.
#14 DONE 30.9s

#15 [12/17] RUN mkdir -p /build/output
#15 sha256:567911ce9bbb5562dd69d5be7672b70f46806442c627bcfef17500b434f36ab3
#15 DONE 0.4s

#16 [13/17] RUN cp /shim/shim*.efi /build/output/
#16 sha256:0a657bc773b7085e304f6ddcc5c04535d694cef56c7ea6e29977029cbbbf14fb
#16 DONE 0.4s

#17 [14/17] RUN objdump -s -j .sbatlevel /build/output/shim*.efi
#17 sha256:e5f17912e356f3647ae7b1e985350602ad9debaf32798bfeef90eed38e4a8fa3
#17 0.415 
#17 0.415 /build/output/shimx64.efi:     file format pei-x86-64
#17 0.415 
#17 0.415 Contents of section .sbatlevel:
#17 0.415  8c000 00000000 08000000 29000000 73626174  ........)...sbat
#17 0.415  8c010 2c312c32 30323530 32313830 300a7368  ,1,2025021800.sh
#17 0.415  8c020 696d2c34 0a677275 622c350a 00736261  im,4.grub,5..sba
#17 0.415  8c030 742c312c 32303235 30353130 30300a73  t,1,2025051000.s
#17 0.415  8c040 68696d2c 340a6772 75622c35 0a677275  him,4.grub,5.gru
#17 0.415  8c050 622e7072 6f786d6f 782c320a 00        b.proxmox,2..   
#17 DONE 0.4s

#18 [15/17] RUN objdump -j .sbat -s /build/output/shim*.efi
#18 sha256:a7a7fd1970dd80b919d67ab40f9e390dbf5955261c5958582f3c2d0121106f00
#18 0.225 
#18 0.225 /build/output/shimx64.efi:     file format pei-x86-64
#18 0.225 
#18 0.225 Contents of section .sbat:
#18 0.225  dc000 73626174 2c312c53 42415420 56657273  sbat,1,SBAT Vers
#18 0.225  dc010 696f6e2c 73626174 2c312c68 74747073  ion,sbat,1,https
#18 0.225  dc020 3a2f2f67 69746875 622e636f 6d2f7268  ://github.com/rh
#18 0.225  dc030 626f6f74 2f736869 6d2f626c 6f622f6d  boot/shim/blob/m
#18 0.225  dc040 61696e2f 53424154 2e6d640a 7368696d  ain/SBAT.md.shim
#18 0.225  dc050 2c342c55 45464920 7368696d 2c736869  ,4,UEFI shim,shi
#18 0.225  dc060 6d2c312c 68747470 733a2f2f 67697468  m,1,https://gith
#18 0.225  dc070 75622e63 6f6d2f72 68626f6f 742f7368  ub.com/rhboot/sh
#18 0.225  dc080 696d0a73 68696d2e 6967656c 2c312c49  im.shim.igel,1,I
#18 0.225  dc090 67656c2c 7368696d 2c31362e 312c6874  gel,shim,16.1,ht
#18 0.225  dc0a0 7470733a 2f2f7777 772e6967 656c2e63  tps://www.igel.c
#18 0.225  dc0b0 6f6d0a                               om.             
#18 DONE 0.2s

#19 [16/17] RUN sha256sum /build/output/*
#19 sha256:fd89339286b17e398e6ebe31cc5d80c1d3ef795016916398ca72f2f649cdbc35
#19 0.325 f3e341afc4fb3eee34f740a5c438bf1082800b05e23eec5a01e176a7811afd56  /build/output/shimx64.efi
#19 DONE 0.3s

#20 exporting to image
#20 sha256:e8c613e07b0b7ff33893b694f7759a10d42e180f2b4dc349fb57dc6b71dcab00
#20 exporting layers
#20 exporting layers 4.8s done
#20 writing image sha256:4da2b03cc9c43eddc6c3a91287eca565a182ae48c9028eb07c4c869f5aeef1fa done
#20 naming to docker.io/library/shim:amd64 done
#20 DONE 4.8s
